city_id,design,level,outcome,gap,normalized_pct,population,low_share,high_share,buffer,definition
bogota_2018,A,fine,avg_pm10,7.26357281014485,26.4722907614749,4255038,0.189282210875673,0.211380015877649,3 km,"Quintiles, ties by geo order"
bogota_2018,A,fine,avg_pm25,2.95573469232712,21.8832415944058,4251366,0.189178019488324,0.21151107667512,3 km,"Quintiles, ties by geo order"
bogota_2018,A,fine,hrs_d_pm10_it1,16.5432112658347,165.943746251546,4255038,0.189282210875673,0.211380015877649,3 km,"Quintiles, ties by geo order"
bogota_2018,A,fine,hrs_d_pm10_it2,94.4261144579143,188.934980265156,4255038,0.189282210875673,0.211380015877649,3 km,"Quintiles, ties by geo order"
bogota_2018,A,fine,hrs_d_pm25_it1,10.7971991709707,295.134509227141,4251366,0.189178019488324,0.21151107667512,3 km,"Quintiles, ties by geo order"
bogota_2018,A,fine,hrs_d_pm25_it2,89.3318544714033,186.63060900568,4251366,0.189178019488324,0.21151107667512,3 km,"Quintiles, ties by geo order"
bogota_2018,A,localidad,avg_pm10,6.10326494207128,21.5653111014616,4255038,0.189282210875673,0.211380015877649,3 km,"Quintiles, ties by geo order"
bogota_2018,A,localidad,avg_pm25,2.35587011419399,16.8714799460459,4251366,0.189178019488324,0.21151107667512,3 km,"Quintiles, ties by geo order"
bogota_2018,A,localidad,hrs_d_pm10_it1,17.6993381866658,186.238046382931,4255038,0.189282210875673,0.211380015877649,3 km,"Quintiles, ties by geo order"
bogota_2018,A,localidad,hrs_d_pm10_it2,91.874805472841,171.960964740991,4255038,0.189282210875673,0.211380015877649,3 km,"Quintiles, ties by geo order"
bogota_2018,A,localidad,hrs_d_pm25_it1,9.31120781210649,226.354484574581,4251366,0.189178019488324,0.21151107667512,3 km,"Quintiles, ties by geo order"
bogota_2018,A,localidad,hrs_d_pm25_it2,75.7363671994571,135.428870747868,4251366,0.189178019488324,0.21151107667512,3 km,"Quintiles, ties by geo order"
bogota_2018,A,municipio,avg_pm10,1.11820761117047,3.49710707245625,4255038,0.189282210875673,0.211380015877649,3 km,"Quintiles, ties by geo order"
bogota_2018,A,municipio,avg_pm25,0.348631515298621,2.24672351057624,4251366,0.189178019488324,0.21151107667512,3 km,"Quintiles, ties by geo order"
bogota_2018,A,municipio,hrs_d_pm10_it1,12.3251085924771,95.0992519311069,4255038,0.189282210875673,0.211380015877649,3 km,"Quintiles, ties by geo order"
bogota_2018,A,municipio,hrs_d_pm10_it2,27.476133622564,28.0997284893197,4255038,0.189282210875673,0.211380015877649,3 km,"Quintiles, ties by geo order"
bogota_2018,A,municipio,hrs_d_pm25_it1,3.12260836216807,37.8433713317771,4251366,0.189178019488324,0.21151107667512,3 km,"Quintiles, ties by geo order"
bogota_2018,A,municipio,hrs_d_pm25_it2,13.8335630961942,13.6008842952025,4251366,0.189178019488324,0.21151107667512,3 km,"Quintiles, ties by geo order"
bogota_2018,A,seccion,avg_pm10,7.2650778915219,26.4791318596903,4255038,0.189282210875673,0.211380015877649,3 km,"Quintiles, ties by geo order"
bogota_2018,A,seccion,avg_pm25,2.9554053644014,21.8805261456908,4251366,0.189178019488324,0.21151107667512,3 km,"Quintiles, ties by geo order"
bogota_2018,A,seccion,hrs_d_pm10_it1,16.520299054091,165.544034844358,4255038,0.189282210875673,0.211380015877649,3 km,"Quintiles, ties by geo order"
bogota_2018,A,seccion,hrs_d_pm10_it2,94.2860382730632,188.430721199375,4255038,0.189282210875673,0.211380015877649,3 km,"Quintiles, ties by geo order"
bogota_2018,A,seccion,hrs_d_pm25_it1,10.7619149233842,292.898894980055,4251366,0.189178019488324,0.21151107667512,3 km,"Quintiles, ties by geo order"
bogota_2018,A,seccion,hrs_d_pm25_it2,89.0732556570008,185.580472429451,4251366,0.189178019488324,0.21151107667512,3 km,"Quintiles, ties by geo order"
bogota_2018,A,sector,avg_pm10,7.23803925656207,26.3637562260242,4255038,0.189282210875673,0.211380015877649,3 km,"Quintiles, ties by geo order"
bogota_2018,A,sector,avg_pm25,2.93602646970202,21.7159461080913,4251366,0.189178019488324,0.21151107667512,3 km,"Quintiles, ties by geo order"
bogota_2018,A,sector,hrs_d_pm10_it1,16.7035919757953,169.018287013405,4255038,0.189282210875673,0.211380015877649,3 km,"Quintiles, ties by geo order"
bogota_2018,A,sector,hrs_d_pm10_it2,93.4484184361521,185.488742652994,4255038,0.189282210875673,0.211380015877649,3 km,"Quintiles, ties by geo order"
bogota_2018,A,sector,hrs_d_pm25_it1,10.8179879022683,295.822669947595,4251366,0.189178019488324,0.21151107667512,3 km,"Quintiles, ties by geo order"
bogota_2018,A,sector,hrs_d_pm25_it2,88.3468613599069,182.501595554382,4251366,0.189178019488324,0.21151107667512,3 km,"Quintiles, ties by geo order"
bogota_2018,A_common,fine,avg_pm10,7.26357281014485,26.4722907614749,4255038,0.189282210875673,0.211380015877649,3 km,"Quintiles, ties by geo order"
bogota_2018,A_common,fine,avg_pm25,2.95573469232712,21.8832415944058,4251366,0.189178019488324,0.21151107667512,3 km,"Quintiles, ties by geo order"
bogota_2018,A_common,fine,hrs_d_pm10_it1,16.5432112658347,165.943746251546,4255038,0.189282210875673,0.211380015877649,3 km,"Quintiles, ties by geo order"
bogota_2018,A_common,fine,hrs_d_pm10_it2,94.4261144579143,188.934980265156,4255038,0.189282210875673,0.211380015877649,3 km,"Quintiles, ties by geo order"
bogota_2018,A_common,fine,hrs_d_pm25_it1,10.7971991709707,295.134509227141,4251366,0.189178019488324,0.21151107667512,3 km,"Quintiles, ties by geo order"
bogota_2018,A_common,fine,hrs_d_pm25_it2,89.3318544714033,186.63060900568,4251366,0.189178019488324,0.21151107667512,3 km,"Quintiles, ties by geo order"
bogota_2018,A_common,localidad,avg_pm10,4.29989545144875,15.3353211921162,2951799,0.164862173881081,0.254530880998334,3 km,"Quintiles, ties by geo order"
bogota_2018,A_common,localidad,avg_pm25,2.10697322523158,15.0934729027823,2951799,0.164862173881081,0.254530880998334,3 km,"Quintiles, ties by geo order"
bogota_2018,A_common,localidad,hrs_d_pm10_it1,1.31669007885629,81.2504968001477,2951799,0.164862173881081,0.254530880998334,3 km,"Quintiles, ties by geo order"
bogota_2018,A_common,localidad,hrs_d_pm10_it2,40.3239180334699,109.723725964699,2951799,0.164862173881081,0.254530880998334,3 km,"Quintiles, ties by geo order"
bogota_2018,A_common,localidad,hrs_d_pm25_it1,2.62565374799528,170.298993578287,2951799,0.164862173881081,0.254530880998334,3 km,"Quintiles, ties by geo order"
bogota_2018,A_common,localidad,hrs_d_pm25_it2,52.5349780204696,113.915703294016,2951799,0.164862173881081,0.254530880998334,3 km,"Quintiles, ties by geo order"
bogota_2018,A_common,municipio,avg_pm10,0.672184879529983,2.28086828300531,126498,0.172643045739854,0.234264573352938,3 km,"Quintiles, ties by geo order"
bogota_2018,A_common,municipio,avg_pm25,0.397227854916951,3.02617856283669,126498,0.172643045739854,0.234264573352938,3 km,"Quintiles, ties by geo order"
bogota_2018,A_common,municipio,hrs_d_pm10_it1,-0.100527806697645,-33.1492066497674,126498,0.172643045739854,0.234264573352938,3 km,"Quintiles, ties by geo order"
bogota_2018,A_common,municipio,hrs_d_pm10_it2,2.65094499672245,9.96737619027837,126498,0.172643045739854,0.234264573352938,3 km,"Quintiles, ties by geo order"
bogota_2018,A_common,municipio,hrs_d_pm25_it1,0.15327712423513,7.50524023462473,126498,0.172643045739854,0.234264573352938,3 km,"Quintiles, ties by geo order"
bogota_2018,A_common,municipio,hrs_d_pm25_it2,1.97690637434277,6.38777544853597,126498,0.172643045739854,0.234264573352938,3 km,"Quintiles, ties by geo order"
bogota_2018,A_common,seccion,avg_pm10,7.248112154245,26.3931443609381,4154476,0.18941931545639,0.211523426781139,3 km,"Quintiles, ties by geo order"
bogota_2018,A_common,seccion,avg_pm25,2.95239054280399,21.8636789266936,4150804,0.189312721101743,0.211657789671591,3 km,"Quintiles, ties by geo order"
bogota_2018,A_common,seccion,hrs_d_pm10_it1,16.5701879500854,167.664868275637,4154476,0.18941931545639,0.211523426781139,3 km,"Quintiles, ties by geo order"
bogota_2018,A_common,seccion,hrs_d_pm10_it2,94.9280726672458,189.030049952625,4154476,0.18941931545639,0.211523426781139,3 km,"Quintiles, ties by geo order"
bogota_2018,A_common,seccion,hrs_d_pm25_it1,10.7795470575618,294.876966016067,4150804,0.189312721101743,0.211657789671591,3 km,"Quintiles, ties by geo order"
bogota_2018,A_common,seccion,hrs_d_pm25_it2,88.7496637384987,184.173702470473,4150804,0.189312721101743,0.211657789671591,3 km,"Quintiles, ties by geo order"
bogota_2018,A_common,sector,avg_pm10,7.11142702507102,25.9863114575379,3973908,0.187730314843726,0.214803412660786,3 km,"Quintiles, ties by geo order"
bogota_2018,A_common,sector,avg_pm25,2.89882528112156,21.500033389256,3971949,0.187685441076912,0.214880654308502,3 km,"Quintiles, ties by geo order"
bogota_2018,A_common,sector,hrs_d_pm10_it1,15.6923341814815,179.697719200903,3973908,0.187730314843726,0.214803412660786,3 km,"Quintiles, ties by geo order"
bogota_2018,A_common,sector,hrs_d_pm10_it2,92.7919468626457,190.651524300612,3973908,0.187730314843726,0.214803412660786,3 km,"Quintiles, ties by geo order"
bogota_2018,A_common,sector,hrs_d_pm25_it1,10.2236212445174,306.518789288852,3971949,0.187685441076912,0.214880654308502,3 km,"Quintiles, ties by geo order"
bogota_2018,A_common,sector,hrs_d_pm25_it2,85.8299018031446,180.815381282891,3971949,0.187685441076912,0.214880654308502,3 km,"Quintiles, ties by geo order"
bogota_2018,B_common,fine,avg_pm10,7.26357281014485,26.4722907614749,4255038,0.189282210875673,0.211380015877649,3 km,"Quintiles, ties by geo order"
bogota_2018,B_common,fine,avg_pm25,2.95573469232712,21.8832415944058,4251366,0.189178019488324,0.21151107667512,3 km,"Quintiles, ties by geo order"
bogota_2018,B_common,fine,hrs_d_pm10_it1,16.5432112658347,165.943746251546,4255038,0.189282210875673,0.211380015877649,3 km,"Quintiles, ties by geo order"
bogota_2018,B_common,fine,hrs_d_pm10_it2,94.4261144579143,188.934980265156,4255038,0.189282210875673,0.211380015877649,3 km,"Quintiles, ties by geo order"
bogota_2018,B_common,fine,hrs_d_pm25_it1,10.7971991709707,295.134509227141,4251366,0.189178019488324,0.21151107667512,3 km,"Quintiles, ties by geo order"
bogota_2018,B_common,fine,hrs_d_pm25_it2,89.3318544714033,186.63060900568,4251366,0.189178019488324,0.21151107667512,3 km,"Quintiles, ties by geo order"
bogota_2018,B_common,localidad,avg_pm10,4.62793393745671,15.9482806396908,2951799,0.164862173881081,0.254530880998334,3 km,"Quintiles, ties by geo order"
bogota_2018,B_common,localidad,avg_pm25,2.15503646640696,15.7557844126408,2951799,0.164862173881081,0.254530880998334,3 km,"Quintiles, ties by geo order"
bogota_2018,B_common,localidad,hrs_d_pm10_it1,2.93360932250454,133.251863461262,2951799,0.164862173881081,0.254530880998334,3 km,"Quintiles, ties by geo order"
bogota_2018,B_common,localidad,hrs_d_pm10_it2,55.0321048606214,169.412080824356,2951799,0.164862173881081,0.254530880998334,3 km,"Quintiles, ties by geo order"
bogota_2018,B_common,localidad,hrs_d_pm25_it1,1.00399627091143,105.588519383521,2951799,0.164862173881081,0.254530880998334,3 km,"Quintiles, ties by geo order"
bogota_2018,B_common,localidad,hrs_d_pm25_it2,45.5499718949542,136.383490795899,2951799,0.164862173881081,0.254530880998334,3 km,"Quintiles, ties by geo order"
bogota_2018,B_common,municipio,avg_pm10,0.208925739246631,0.78735809742716,126498,0.172643045739854,0.234264573352938,3 km,"Quintiles, ties by geo order"
bogota_2018,B_common,municipio,avg_pm25,0.330475376541006,2.70504156929134,126498,0.172643045739854,0.234264573352938,3 km,"Quintiles, ties by geo order"
bogota_2018,B_common,municipio,hrs_d_pm10_it1,0,,126498,0.172643045739854,0.234264573352938,3 km,"Quintiles, ties by geo order"
bogota_2018,B_common,municipio,hrs_d_pm10_it2,1.65466094815624,12.2312188602628,126498,0.172643045739854,0.234264573352938,3 km,"Quintiles, ties by geo order"
bogota_2018,B_common,municipio,hrs_d_pm25_it1,-0.0181647962523312,-4.66339402357777,126498,0.172643045739854,0.234264573352938,3 km,"Quintiles, ties by geo order"
bogota_2018,B_common,municipio,hrs_d_pm25_it2,2.38604581832697,11.4058906676444,126498,0.172643045739854,0.234264573352938,3 km,"Quintiles, ties by geo order"
bogota_2018,B_common,seccion,avg_pm10,7.16453473431252,26.0630944347258,4154476,0.18941931545639,0.211523426781139,3 km,"Quintiles, ties by geo order"
bogota_2018,B_common,seccion,avg_pm25,2.92816588378103,21.6854929695306,4150804,0.189312721101743,0.211657789671591,3 km,"Quintiles, ties by geo order"
bogota_2018,B_common,seccion,hrs_d_pm10_it1,16.3443980994437,166.260962588087,4154476,0.18941931545639,0.211523426781139,3 km,"Quintiles, ties by geo order"
bogota_2018,B_common,seccion,hrs_d_pm10_it2,94.0105989393769,187.238539594324,4154476,0.18941931545639,0.211523426781139,3 km,"Quintiles, ties by geo order"
bogota_2018,B_common,seccion,hrs_d_pm25_it1,10.5411579881291,287.933488182109,4150804,0.189312721101743,0.211657789671591,3 km,"Quintiles, ties by geo order"
bogota_2018,B_common,seccion,hrs_d_pm25_it2,88.0100207475155,184.156718566352,4150804,0.189312721101743,0.211657789671591,3 km,"Quintiles, ties by geo order"
bogota_2018,B_common,sector,avg_pm10,6.93878359187032,25.4164081339889,3973908,0.187730314843726,0.214803412660786,3 km,"Quintiles, ties by geo order"
bogota_2018,B_common,sector,avg_pm25,2.89577389476527,21.5663926368569,3971949,0.187685441076912,0.214880654308502,3 km,"Quintiles, ties by geo order"
bogota_2018,B_common,sector,hrs_d_pm10_it1,14.7202715556292,176.408490705356,3973908,0.187730314843726,0.214803412660786,3 km,"Quintiles, ties by geo order"
bogota_2018,B_common,sector,hrs_d_pm10_it2,89.83879461008,182.988614964089,3973908,0.187730314843726,0.214803412660786,3 km,"Quintiles, ties by geo order"
bogota_2018,B_common,sector,hrs_d_pm25_it1,10.0607737622416,330.522025661101,3971949,0.187685441076912,0.214880654308502,3 km,"Quintiles, ties by geo order"
bogota_2018,B_common,sector,hrs_d_pm25_it2,85.1577755400514,189.719222085599,3971949,0.187685441076912,0.214880654308502,3 km,"Quintiles, ties by geo order"
bogota_2018,B_native,fine,avg_pm10,7.26357281014485,26.4722907614749,4255038,0.189282210875673,0.211380015877649,3 km,"Quintiles, ties by geo order"
bogota_2018,B_native,fine,avg_pm25,2.95573469232712,21.8832415944058,4251366,0.189178019488324,0.21151107667512,3 km,"Quintiles, ties by geo order"
bogota_2018,B_native,fine,hrs_d_pm10_it1,16.5432112658347,165.943746251546,4255038,0.189282210875673,0.211380015877649,3 km,"Quintiles, ties by geo order"
bogota_2018,B_native,fine,hrs_d_pm10_it2,94.4261144579143,188.934980265156,4255038,0.189282210875673,0.211380015877649,3 km,"Quintiles, ties by geo order"
bogota_2018,B_native,fine,hrs_d_pm25_it1,10.7971991709707,295.134509227141,4251366,0.189178019488324,0.21151107667512,3 km,"Quintiles, ties by geo order"
bogota_2018,B_native,fine,hrs_d_pm25_it2,89.3318544714033,186.63060900568,4251366,0.189178019488324,0.21151107667512,3 km,"Quintiles, ties by geo order"
bogota_2018,B_native,localidad,avg_pm10,4.03054547611045,14.0441259584684,3401841,0.169062575234998,0.255673619078611,3 km,"Quintiles, ties by geo order"
bogota_2018,B_native,localidad,avg_pm25,1.85075092327186,13.6154074274276,3401841,0.169062575234998,0.255673619078611,3 km,"Quintiles, ties by geo order"
bogota_2018,B_native,localidad,hrs_d_pm10_it1,2.49795088071973,126.785860524346,3401841,0.169062575234998,0.255673619078611,3 km,"Quintiles, ties by geo order"
bogota_2018,B_native,localidad,hrs_d_pm10_it2,47.044427795468,159.511432800887,3401841,0.169062575234998,0.255673619078611,3 km,"Quintiles, ties by geo order"
bogota_2018,B_native,localidad,hrs_d_pm25_it1,0.856141736272293,91.4779434480363,3401841,0.169062575234998,0.255673619078611,3 km,"Quintiles, ties by geo order"
bogota_2018,B_native,localidad,hrs_d_pm25_it2,38.8239074936796,122.537113855862,3401841,0.169062575234998,0.255673619078611,3 km,"Quintiles, ties by geo order"
bogota_2018,B_native,municipio,avg_pm10,-1.14391113504525,-4.30813569991266,224520,0.218390343844646,0.21640833778728,3 km,"Quintiles, ties by geo order"
bogota_2018,B_native,municipio,avg_pm25,-0.537291212397429,-4.35174329067598,224520,0.218390343844646,0.21640833778728,3 km,"Quintiles, ties by geo order"
bogota_2018,B_native,municipio,hrs_d_pm10_it1,0,,224520,0.218390343844646,0.21640833778728,3 km,"Quintiles, ties by geo order"
bogota_2018,B_native,municipio,hrs_d_pm10_it2,-0.55686948874345,-5.00217684320934,224520,0.218390343844646,0.21640833778728,3 km,"Quintiles, ties by geo order"
bogota_2018,B_native,municipio,hrs_d_pm25_it1,0.0471088727060631,7.67580787069817,224520,0.218390343844646,0.21640833778728,3 km,"Quintiles, ties by geo order"
bogota_2018,B_native,municipio,hrs_d_pm25_it2,-2.86183191753742,-15.3969741258269,224520,0.218390343844646,0.21640833778728,3 km,"Quintiles, ties by geo order"
bogota_2018,B_native,seccion,avg_pm10,7.19112395126819,26.2181376256492,4234229,0.189771975015995,0.211219799401497,3 km,"Quintiles, ties by geo order"
bogota_2018,B_native,seccion,avg_pm25,2.92724196944617,21.716162058268,4228451,0.189753883869057,0.211361087074203,3 km,"Quintiles, ties by geo order"
bogota_2018,B_native,seccion,hrs_d_pm10_it1,16.6757608171278,171.011572497241,4234229,0.189771975015995,0.211219799401497,3 km,"Quintiles, ties by geo order"
bogota_2018,B_native,seccion,hrs_d_pm10_it2,94.3529387263109,189.645021640818,4234229,0.189771975015995,0.211219799401497,3 km,"Quintiles, ties by geo order"
bogota_2018,B_native,seccion,hrs_d_pm25_it1,10.6703543499074,294.29885007932,4228451,0.189753883869057,0.211361087074203,3 km,"Quintiles, ties by geo order"
bogota_2018,B_native,seccion,hrs_d_pm25_it2,88.0025969391258,185.915274965206,4228451,0.189753883869057,0.211361087074203,3 km,"Quintiles, ties by geo order"
bogota_2018,B_native,sector,avg_pm10,6.87588189082237,25.2903733463281,4100522,0.187985090678699,0.215481833776285,3 km,"Quintiles, ties by geo order"
bogota_2018,B_native,sector,avg_pm25,2.86342113999754,21.3920988684599,4096457,0.188029802338948,0.215569210173572,3 km,"Quintiles, ties by geo order"
bogota_2018,B_native,sector,hrs_d_pm10_it1,14.3271601387769,176.973269459656,4100522,0.187985090678699,0.215481833776285,3 km,"Quintiles, ties by geo order"
bogota_2018,B_native,sector,hrs_d_pm10_it2,88.3815360990415,184.077788713746,4100522,0.187985090678699,0.215481833776285,3 km,"Quintiles, ties by geo order"
bogota_2018,B_native,sector,hrs_d_pm25_it1,9.83355753556159,332.328978534865,4096457,0.188029802338948,0.215569210173572,3 km,"Quintiles, ties by geo order"
bogota_2018,B_native,sector,hrs_d_pm25_it2,83.8021950555827,190.389552542008,4096457,0.188029802338948,0.215569210173572,3 km,"Quintiles, ties by geo order"
bogota_2018,C,fine,avg_pm10,12.110118920928,47.3338722377121,4255038,0.161580695636561,0.224280488211856,3 km,"Quintiles, ties by geo order"
bogota_2018,C,fine,avg_pm25,4.01533353014047,30.8868197293629,4251366,0.16108869478657,0.224470205576278,3 km,"Quintiles, ties by geo order"
bogota_2018,C,fine,hrs_d_pm10_it1,43.7380987295329,3643.16311538179,4255038,0.161580695636561,0.224280488211856,3 km,"Quintiles, ties by geo order"
bogota_2018,C,fine,hrs_d_pm10_it2,184.699407515423,756.698468659759,4255038,0.161580695636561,0.224280488211856,3 km,"Quintiles, ties by geo order"
bogota_2018,C,fine,hrs_d_pm25_it1,24.2799117230536,2871.28548075069,4251366,0.16108869478657,0.224470205576278,3 km,"Quintiles, ties by geo order"
bogota_2018,C,fine,hrs_d_pm25_it2,150.558601933373,473.773393594936,4251366,0.16108869478657,0.224470205576278,3 km,"Quintiles, ties by geo order"
bogota_2018,C,localidad,avg_pm10,14.809580249594,55.0497962543342,4255038,0.124621918770173,0.322864801677447,3 km,"Quintiles, ties by geo order"
bogota_2018,C,localidad,avg_pm25,5.292727580804,39.5220509393184,4251366,0.123979445665229,0.323143667235425,3 km,"Quintiles, ties by geo order"
bogota_2018,C,localidad,hrs_d_pm10_it1,25.0115317352494,1587.7975805176,4255038,0.124621918770173,0.322864801677447,3 km,"Quintiles, ties by geo order"
bogota_2018,C,localidad,hrs_d_pm10_it2,217.1998788493,774.479906499912,4255038,0.124621918770173,0.322864801677447,3 km,"Quintiles, ties by geo order"
bogota_2018,C,localidad,hrs_d_pm25_it1,24.6046216352005,5435.2244738226,4251366,0.123979445665229,0.323143667235425,3 km,"Quintiles, ties by geo order"
bogota_2018,C,localidad,hrs_d_pm25_it2,174.181150932284,612.200035262584,4251366,0.123979445665229,0.323143667235425,3 km,"Quintiles, ties by geo order"
bogota_2018,C,municipio,avg_pm10,8.59824297354807,27.1010194660607,4255038,0.118514570257657,0.881485429742343,3 km,"Quintiles, ties by geo order"
bogota_2018,C,municipio,avg_pm25,0.962210987852824,6.16090387379797,4251366,0.117753211556003,0.882246788443997,3 km,"Quintiles, ties by geo order"
bogota_2018,C,municipio,hrs_d_pm10_it1,132.571453803802,2311.76130102632,4255038,0.118514570257657,0.881485429742343,3 km,"Quintiles, ties by geo order"
bogota_2018,C,municipio,hrs_d_pm10_it2,249.898618176708,287.316286743216,4255038,0.118514570257657,0.881485429742343,3 km,"Quintiles, ties by geo order"
bogota_2018,C,municipio,hrs_d_pm25_it1,33.1566329743129,518.209571580356,4251366,0.117753211556003,0.882246788443997,3 km,"Quintiles, ties by geo order"
bogota_2018,C,municipio,hrs_d_pm25_it2,101.575105876887,103.036519980295,4251366,0.117753211556003,0.882246788443997,3 km,"Quintiles, ties by geo order"
bogota_2018,C,seccion,avg_pm10,12.493764171349,48.3441471979042,4255038,0.159343112799463,0.227686568251564,3 km,"Quintiles, ties by geo order"
bogota_2018,C,seccion,avg_pm25,4.11771884418877,31.3572193877844,4251366,0.158714869526642,0.227883226238343,3 km,"Quintiles, ties by geo order"
bogota_2018,C,seccion,hrs_d_pm10_it1,43.6641187004528,4262.60702843781,4255038,0.159343112799463,0.227686568251564,3 km,"Quintiles, ties by geo order"
bogota_2018,C,seccion,hrs_d_pm10_it2,191.386926731864,773.112988771471,4255038,0.159343112799463,0.227686568251564,3 km,"Quintiles, ties by geo order"
bogota_2018,C,seccion,hrs_d_pm25_it1,25.1616290971272,2667.23895373146,4251366,0.158714869526642,0.227883226238343,3 km,"Quintiles, ties by geo order"
bogota_2018,C,seccion,hrs_d_pm25_it2,154.648508097902,460.11835158724,4251366,0.158714869526642,0.227883226238343,3 km,"Quintiles, ties by geo order"
bogota_2018,C,sector,avg_pm10,13.0334627743655,50.4233295845954,4255038,0.149439088440573,0.226923707849378,3 km,"Quintiles, ties by geo order"
bogota_2018,C,sector,avg_pm25,4.10508186375614,31.0447327653642,4251366,0.149205220157474,0.227119706936547,3 km,"Quintiles, ties by geo order"
bogota_2018,C,sector,hrs_d_pm10_it1,45.1505077999504,3606.76999862585,4255038,0.149439088440573,0.226923707849378,3 km,"Quintiles, ties by geo order"
bogota_2018,C,sector,hrs_d_pm10_it2,189.2880336463,675.786631592433,4255038,0.149439088440573,0.226923707849378,3 km,"Quintiles, ties by geo order"
bogota_2018,C,sector,hrs_d_pm25_it1,27.6513366395289,3407.81463379588,4251366,0.149205220157474,0.227119706936547,3 km,"Quintiles, ties by geo order"
bogota_2018,C,sector,hrs_d_pm25_it2,159.655418585076,442.697675716499,4251366,0.149205220157474,0.227119706936547,3 km,"Quintiles, ties by geo order"
bogota_2018,baseline_common,fine,avg_pm10,7.26357281014485,26.4722907614749,4255038,0.189282210875673,0.211380015877649,3 km,"Quintiles, ties by geo order"
bogota_2018,baseline_common,fine,avg_pm25,2.95573469232712,21.8832415944058,4251366,0.189178019488324,0.21151107667512,3 km,"Quintiles, ties by geo order"
bogota_2018,baseline_common,fine,hrs_d_pm10_it1,16.5432112658347,165.943746251546,4255038,0.189282210875673,0.211380015877649,3 km,"Quintiles, ties by geo order"
bogota_2018,baseline_common,fine,hrs_d_pm10_it2,94.4261144579143,188.934980265156,4255038,0.189282210875673,0.211380015877649,3 km,"Quintiles, ties by geo order"
bogota_2018,baseline_common,fine,hrs_d_pm25_it1,10.7971991709707,295.134509227141,4251366,0.189178019488324,0.21151107667512,3 km,"Quintiles, ties by geo order"
bogota_2018,baseline_common,fine,hrs_d_pm25_it2,89.3318544714033,186.63060900568,4251366,0.189178019488324,0.21151107667512,3 km,"Quintiles, ties by geo order"
bogota_2018,baseline_common,localidad,avg_pm10,5.81036182916679,21.5351707338354,2951799,0.164862173881081,0.254530880998334,3 km,"Quintiles, ties by geo order"
bogota_2018,baseline_common,localidad,avg_pm25,2.92418676290659,21.8365819818748,2951799,0.164862173881081,0.254530880998334,3 km,"Quintiles, ties by geo order"
bogota_2018,baseline_common,localidad,hrs_d_pm10_it1,1.35844937326106,95.4018418770116,2951799,0.164862173881081,0.254530880998334,3 km,"Quintiles, ties by geo order"
bogota_2018,baseline_common,localidad,hrs_d_pm10_it2,44.2037423032153,138.659118177673,2951799,0.164862173881081,0.254530880998334,3 km,"Quintiles, ties by geo order"
bogota_2018,baseline_common,localidad,hrs_d_pm25_it1,3.71175974232131,387.383912886545,2951799,0.164862173881081,0.254530880998334,3 km,"Quintiles, ties by geo order"
bogota_2018,baseline_common,localidad,hrs_d_pm25_it2,66.3484958913866,179.783425291565,2951799,0.164862173881081,0.254530880998334,3 km,"Quintiles, ties by geo order"
bogota_2018,baseline_common,municipio,avg_pm10,0.992931396210007,3.39302907836681,126498,0.172643045739854,0.234264573352938,3 km,"Quintiles, ties by geo order"
bogota_2018,baseline_common,municipio,avg_pm25,0.604596909042853,4.64347947572099,126498,0.172643045739854,0.234264573352938,3 km,"Quintiles, ties by geo order"
bogota_2018,baseline_common,municipio,hrs_d_pm10_it1,0.0332813997759864,15.2530312552054,126498,0.172643045739854,0.234264573352938,3 km,"Quintiles, ties by geo order"
bogota_2018,baseline_common,municipio,hrs_d_pm10_it2,6.42546944573855,26.9754037625718,126498,0.172643045739854,0.234264573352938,3 km,"Quintiles, ties by geo order"
bogota_2018,baseline_common,municipio,hrs_d_pm25_it1,0.19211264339792,9.63619850110689,126498,0.172643045739854,0.234264573352938,3 km,"Quintiles, ties by geo order"
bogota_2018,baseline_common,municipio,hrs_d_pm25_it2,5.93031216010937,21.1873466520885,126498,0.172643045739854,0.234264573352938,3 km,"Quintiles, ties by geo order"
bogota_2018,baseline_common,seccion,avg_pm10,7.24640392754843,26.3853106273369,4154476,0.18941931545639,0.211523426781139,3 km,"Quintiles, ties by geo order"
bogota_2018,baseline_common,seccion,avg_pm25,2.95249468374409,21.8644607152365,4150804,0.189312721101743,0.211657789671591,3 km,"Quintiles, ties by geo order"
bogota_2018,baseline_common,seccion,hrs_d_pm10_it1,16.5934021179415,168.073456784899,4154476,0.18941931545639,0.211523426781139,3 km,"Quintiles, ties by geo order"
bogota_2018,baseline_common,seccion,hrs_d_pm10_it2,95.0691688842017,189.532631534914,4154476,0.18941931545639,0.211523426781139,3 km,"Quintiles, ties by geo order"
bogota_2018,baseline_common,seccion,hrs_d_pm25_it1,10.8157881578196,297.19484208715,4150804,0.189312721101743,0.211657789671591,3 km,"Quintiles, ties by geo order"
bogota_2018,baseline_common,seccion,hrs_d_pm25_it2,89.0127529980209,185.234313996654,4150804,0.189312721101743,0.211657789671591,3 km,"Quintiles, ties by geo order"
bogota_2018,baseline_common,sector,avg_pm10,7.13599115287401,26.0912014955444,3973908,0.187730314843726,0.214803412660786,3 km,"Quintiles, ties by geo order"
bogota_2018,baseline_common,sector,avg_pm25,2.9188110267729,21.6702511447262,3971949,0.187685441076912,0.214880654308502,3 km,"Quintiles, ties by geo order"
bogota_2018,baseline_common,sector,hrs_d_pm10_it1,15.5165565069673,175.810636364076,3973908,0.187730314843726,0.214803412660786,3 km,"Quintiles, ties by geo order"
bogota_2018,baseline_common,sector,hrs_d_pm10_it2,93.7963759775512,194.31891084969,3973908,0.187730314843726,0.214803412660786,3 km,"Quintiles, ties by geo order"
bogota_2018,baseline_common,sector,hrs_d_pm25_it1,10.1944546737593,305.401495459655,3971949,0.187685441076912,0.214880654308502,3 km,"Quintiles, ties by geo order"
bogota_2018,baseline_common,sector,hrs_d_pm25_it2,86.836725997363,185.122246613065,3971949,0.187685441076912,0.214880654308502,3 km,"Quintiles, ties by geo order"
santiago_2017,A,comuna,avg_pm10,2.11623971149942,3.19490706064778,1429271,0.232059560433256,0.151263126446979,3 km,"Quintiles, ties by geo order"
santiago_2017,A,comuna,avg_pm25,1.63309268943028,7.12595901567501,1429271,0.232059560433256,0.151263126446979,3 km,"Quintiles, ties by geo order"
santiago_2017,A,comuna,hrs_d_pm10_it1,101.169843458167,24.703910201879,1429271,0.232059560433256,0.151263126446979,3 km,"Quintiles, ties by geo order"
santiago_2017,A,comuna,hrs_d_pm10_it2,148.340735774914,10.3686684549723,1429271,0.232059560433256,0.151263126446979,3 km,"Quintiles, ties by geo order"
santiago_2017,A,comuna,hrs_d_pm25_it1,103.113852367071,61.1102317626805,1429271,0.232059560433256,0.151263126446979,3 km,"Quintiles, ties by geo order"
santiago_2017,A,comuna,hrs_d_pm25_it2,182.88357209175,23.9471291512126,1429271,0.232059560433256,0.151263126446979,3 km,"Quintiles, ties by geo order"
santiago_2017,A,distrito,avg_pm10,2.11871532580192,3.1992226692301,1429271,0.232059560433256,0.151263126446979,3 km,"Quintiles, ties by geo order"
santiago_2017,A,distrito,avg_pm25,1.60965111913272,7.02018926645756,1429271,0.232059560433256,0.151263126446979,3 km,"Quintiles, ties by geo order"
santiago_2017,A,distrito,hrs_d_pm10_it1,100.830310891601,24.6205915075909,1429271,0.232059560433256,0.151263126446979,3 km,"Quintiles, ties by geo order"
santiago_2017,A,distrito,hrs_d_pm10_it2,148.053084012325,10.3517308658724,1429271,0.232059560433256,0.151263126446979,3 km,"Quintiles, ties by geo order"
santiago_2017,A,distrito,hrs_d_pm25_it1,103.177581427307,61.169077207555,1429271,0.232059560433256,0.151263126446979,3 km,"Quintiles, ties by geo order"
santiago_2017,A,distrito,hrs_d_pm25_it2,181.169306585753,23.6948089899786,1429271,0.232059560433256,0.151263126446979,3 km,"Quintiles, ties by geo order"
santiago_2017,A,fine,avg_pm10,2.11075338689301,3.18699342166413,1429271,0.232059560433256,0.151263126446979,3 km,"Quintiles, ties by geo order"
santiago_2017,A,fine,avg_pm25,1.60978824265762,7.0207905975308,1429271,0.232059560433256,0.151263126446979,3 km,"Quintiles, ties by geo order"
santiago_2017,A,fine,hrs_d_pm10_it1,100.636798366031,24.56716595927,1429271,0.232059560433256,0.151263126446979,3 km,"Quintiles, ties by geo order"
santiago_2017,A,fine,hrs_d_pm10_it2,147.117806715191,10.282587131837,1429271,0.232059560433256,0.151263126446979,3 km,"Quintiles, ties by geo order"
santiago_2017,A,fine,hrs_d_pm25_it1,103.167650571705,61.1564977447753,1429271,0.232059560433256,0.151263126446979,3 km,"Quintiles, ties by geo order"
santiago_2017,A,fine,hrs_d_pm25_it2,180.381224717218,23.5773520580416,1429271,0.232059560433256,0.151263126446979,3 km,"Quintiles, ties by geo order"
santiago_2017,A_common,comuna,avg_pm10,1.3857677158036,2.06705720636049,971812,0.228674887735488,0.154828300123892,3 km,"Quintiles, ties by geo order"
santiago_2017,A_common,comuna,avg_pm25,1.67531310434739,7.16576688786408,971812,0.228674887735488,0.154828300123892,3 km,"Quintiles, ties by geo order"
santiago_2017,A_common,comuna,hrs_d_pm10_it1,93.9017402109513,21.1651141706058,971812,0.228674887735488,0.154828300123892,3 km,"Quintiles, ties by geo order"
santiago_2017,A_common,comuna,hrs_d_pm10_it2,109.846134742367,7.29374608431064,971812,0.228674887735488,0.154828300123892,3 km,"Quintiles, ties by geo order"
santiago_2017,A_common,comuna,hrs_d_pm25_it1,117.734913573621,62.1841246667857,971812,0.228674887735488,0.154828300123892,3 km,"Quintiles, ties by geo order"
santiago_2017,A_common,comuna,hrs_d_pm25_it2,185.789432844025,22.4257236811614,971812,0.228674887735488,0.154828300123892,3 km,"Quintiles, ties by geo order"
santiago_2017,A_common,distrito,avg_pm10,2.06657730495215,3.09638614068388,1251147,0.231038399164926,0.15435596296838,3 km,"Quintiles, ties by geo order"
santiago_2017,A_common,distrito,avg_pm25,1.7087074207141,7.43312499168238,1251147,0.231038399164926,0.15435596296838,3 km,"Quintiles, ties by geo order"
santiago_2017,A_common,distrito,hrs_d_pm10_it1,105.052353086106,24.9625662540484,1251147,0.231038399164926,0.15435596296838,3 km,"Quintiles, ties by geo order"
santiago_2017,A_common,distrito,hrs_d_pm10_it2,146.679684214883,10.0357432130873,1251147,0.231038399164926,0.15435596296838,3 km,"Quintiles, ties by geo order"
santiago_2017,A_common,distrito,hrs_d_pm25_it1,112.937466458652,65.725438342318,1251147,0.231038399164926,0.15435596296838,3 km,"Quintiles, ties by geo order"
santiago_2017,A_common,distrito,hrs_d_pm25_it2,190.639528467801,24.629344085063,1251147,0.231038399164926,0.15435596296838,3 km,"Quintiles, ties by geo order"
santiago_2017,A_common,fine,avg_pm10,2.11075338689301,3.18699342166413,1429271,0.232059560433256,0.151263126446979,3 km,"Quintiles, ties by geo order"
santiago_2017,A_common,fine,avg_pm25,1.60978824265762,7.0207905975308,1429271,0.232059560433256,0.151263126446979,3 km,"Quintiles, ties by geo order"
santiago_2017,A_common,fine,hrs_d_pm10_it1,100.636798366031,24.56716595927,1429271,0.232059560433256,0.151263126446979,3 km,"Quintiles, ties by geo order"
santiago_2017,A_common,fine,hrs_d_pm10_it2,147.117806715191,10.282587131837,1429271,0.232059560433256,0.151263126446979,3 km,"Quintiles, ties by geo order"
santiago_2017,A_common,fine,hrs_d_pm25_it1,103.167650571705,61.1564977447753,1429271,0.232059560433256,0.151263126446979,3 km,"Quintiles, ties by geo order"
santiago_2017,A_common,fine,hrs_d_pm25_it2,180.381224717218,23.5773520580416,1429271,0.232059560433256,0.151263126446979,3 km,"Quintiles, ties by geo order"
santiago_2017,B_common,comuna,avg_pm10,1.26735311733445,1.89241054124485,971812,0.228674887735488,0.154828300123892,3 km,"Quintiles, ties by geo order"
santiago_2017,B_common,comuna,avg_pm25,1.65304596429335,7.05933235847727,971812,0.228674887735488,0.154828300123892,3 km,"Quintiles, ties by geo order"
santiago_2017,B_common,comuna,hrs_d_pm10_it1,91.5025753408614,20.6063747581962,971812,0.228674887735488,0.154828300123892,3 km,"Quintiles, ties by geo order"
santiago_2017,B_common,comuna,hrs_d_pm10_it2,109.558797809126,7.26504640278183,971812,0.228674887735488,0.154828300123892,3 km,"Quintiles, ties by geo order"
santiago_2017,B_common,comuna,hrs_d_pm25_it1,119.695706792145,62.5599523123411,971812,0.228674887735488,0.154828300123892,3 km,"Quintiles, ties by geo order"
santiago_2017,B_common,comuna,hrs_d_pm25_it2,188.518422672942,22.5304418162328,971812,0.228674887735488,0.154828300123892,3 km,"Quintiles, ties by geo order"
santiago_2017,B_common,distrito,avg_pm10,2.0762404700979,3.11084516681994,1251147,0.231038399164926,0.15435596296838,3 km,"Quintiles, ties by geo order"
santiago_2017,B_common,distrito,avg_pm25,1.71756778957913,7.47063151413603,1251147,0.231038399164926,0.15435596296838,3 km,"Quintiles, ties by geo order"
santiago_2017,B_common,distrito,hrs_d_pm10_it1,105.322784098293,25.0247242992621,1251147,0.231038399164926,0.15435596296838,3 km,"Quintiles, ties by geo order"
santiago_2017,B_common,distrito,hrs_d_pm10_it2,147.377988682852,10.1155756255775,1251147,0.231038399164926,0.15435596296838,3 km,"Quintiles, ties by geo order"
santiago_2017,B_common,distrito,hrs_d_pm25_it1,112.886951542958,65.6936294548401,1251147,0.231038399164926,0.15435596296838,3 km,"Quintiles, ties by geo order"
santiago_2017,B_common,distrito,hrs_d_pm25_it2,191.559738523984,24.8997055111799,1251147,0.231038399164926,0.15435596296838,3 km,"Quintiles, ties by geo order"
santiago_2017,B_common,fine,avg_pm10,2.11075338689301,3.18699342166413,1429271,0.232059560433256,0.151263126446979,3 km,"Quintiles, ties by geo order"
santiago_2017,B_common,fine,avg_pm25,1.60978824265762,7.02079059753078,1429271,0.232059560433256,0.151263126446979,3 km,"Quintiles, ties by geo order"
santiago_2017,B_common,fine,hrs_d_pm10_it1,100.636798366031,24.56716595927,1429271,0.232059560433256,0.151263126446979,3 km,"Quintiles, ties by geo order"
santiago_2017,B_common,fine,hrs_d_pm10_it2,147.117806715191,10.282587131837,1429271,0.232059560433256,0.151263126446979,3 km,"Quintiles, ties by geo order"
santiago_2017,B_common,fine,hrs_d_pm25_it1,103.167650571705,61.1564977447753,1429271,0.232059560433256,0.151263126446979,3 km,"Quintiles, ties by geo order"
santiago_2017,B_common,fine,hrs_d_pm25_it2,180.381224717218,23.5773520580416,1429271,0.232059560433256,0.151263126446979,3 km,"Quintiles, ties by geo order"
santiago_2017,B_native,comuna,avg_pm10,5.76871526784354,9.30675359708817,1449393,0.201051750629401,0.206945252253875,3 km,"Quintiles, ties by geo order"
santiago_2017,B_native,comuna,avg_pm25,2.82823987301662,12.8271187456593,1449393,0.201051750629401,0.206945252253875,3 km,"Quintiles, ties by geo order"
santiago_2017,B_native,comuna,hrs_d_pm10_it1,192.684614329569,60.7891853195501,1449393,0.201051750629401,0.206945252253875,3 km,"Quintiles, ties by geo order"
santiago_2017,B_native,comuna,hrs_d_pm10_it2,369.551119796135,30.7534676330672,1449393,0.201051750629401,0.206945252253875,3 km,"Quintiles, ties by geo order"
santiago_2017,B_native,comuna,hrs_d_pm25_it1,145.273853046845,104.379534972511,1449393,0.201051750629401,0.206945252253875,3 km,"Quintiles, ties by geo order"
santiago_2017,B_native,comuna,hrs_d_pm25_it2,316.285830788715,47.1075576844445,1449393,0.201051750629401,0.206945252253875,3 km,"Quintiles, ties by geo order"
santiago_2017,B_native,distrito,avg_pm10,2.76287367237545,4.17990341512231,1404378,0.225069746179447,0.160208291499867,3 km,"Quintiles, ties by geo order"
santiago_2017,B_native,distrito,avg_pm25,1.87279442983022,8.2107794580967,1404378,0.225069746179447,0.160208291499867,3 km,"Quintiles, ties by geo order"
santiago_2017,B_native,distrito,hrs_d_pm10_it1,119.017255369942,29.420301954544,1404378,0.225069746179447,0.160208291499867,3 km,"Quintiles, ties by geo order"
santiago_2017,B_native,distrito,hrs_d_pm10_it2,185.098152689189,13.0629516760141,1404378,0.225069746179447,0.160208291499867,3 km,"Quintiles, ties by geo order"
santiago_2017,B_native,distrito,hrs_d_pm25_it1,114.562298039593,69.1606910790528,1404378,0.225069746179447,0.160208291499867,3 km,"Quintiles, ties by geo order"
santiago_2017,B_native,distrito,hrs_d_pm25_it2,207.029680679061,27.7032428609763,1404378,0.225069746179447,0.160208291499867,3 km,"Quintiles, ties by geo order"
santiago_2017,B_native,fine,avg_pm10,2.11075338689301,3.18699342166413,1429271,0.232059560433256,0.151263126446979,3 km,"Quintiles, ties by geo order"
santiago_2017,B_native,fine,avg_pm25,1.60978824265762,7.02079059753078,1429271,0.232059560433256,0.151263126446979,3 km,"Quintiles, ties by geo order"
santiago_2017,B_native,fine,hrs_d_pm10_it1,100.636798366031,24.56716595927,1429271,0.232059560433256,0.151263126446979,3 km,"Quintiles, ties by geo order"
santiago_2017,B_native,fine,hrs_d_pm10_it2,147.117806715191,10.282587131837,1429271,0.232059560433256,0.151263126446979,3 km,"Quintiles, ties by geo order"
santiago_2017,B_native,fine,hrs_d_pm25_it1,103.167650571705,61.1564977447753,1429271,0.232059560433256,0.151263126446979,3 km,"Quintiles, ties by geo order"
santiago_2017,B_native,fine,hrs_d_pm25_it2,180.381224717218,23.5773520580416,1429271,0.232059560433256,0.151263126446979,3 km,"Quintiles, ties by geo order"
santiago_2017,C,comuna,avg_pm10,5.23696395938677,7.99430252525162,1429271,0.276166661186017,0.191615166053184,3 km,"Quintiles, ties by geo order"
santiago_2017,C,comuna,avg_pm25,3.86794780405772,17.6642050020484,1429271,0.276166661186017,0.191615166053184,3 km,"Quintiles, ties by geo order"
santiago_2017,C,comuna,hrs_d_pm10_it1,216.77665049868,56.7880132403543,1429271,0.276166661186017,0.191615166053184,3 km,"Quintiles, ties by geo order"
santiago_2017,C,comuna,hrs_d_pm10_it2,312.228100147763,21.9919982032608,1429271,0.276166661186017,0.191615166053184,3 km,"Quintiles, ties by geo order"
santiago_2017,C,comuna,hrs_d_pm25_it1,215.172879682498,165.234993621286,1429271,0.276166661186017,0.191615166053184,3 km,"Quintiles, ties by geo order"
santiago_2017,C,comuna,hrs_d_pm25_it2,386.918560118534,56.5197606954973,1429271,0.276166661186017,0.191615166053184,3 km,"Quintiles, ties by geo order"
santiago_2017,C,distrito,avg_pm10,4.31288722600655,6.66766677234081,1429271,0.267455227175252,0.120824532226569,3 km,"Quintiles, ties by geo order"
santiago_2017,C,distrito,avg_pm25,3.31722007867185,15.2440500335794,1429271,0.267455227175252,0.120824532226569,3 km,"Quintiles, ties by geo order"
santiago_2017,C,distrito,hrs_d_pm10_it1,187.623964829286,51.7435267557593,1429271,0.267455227175252,0.120824532226569,3 km,"Quintiles, ties by geo order"
santiago_2017,C,distrito,hrs_d_pm10_it2,273.68426564936,20.0016028766967,1429271,0.267455227175252,0.120824532226569,3 km,"Quintiles, ties by geo order"
santiago_2017,C,distrito,hrs_d_pm25_it1,190.853182826933,152.633609040352,1429271,0.267455227175252,0.120824532226569,3 km,"Quintiles, ties by geo order"
santiago_2017,C,distrito,hrs_d_pm25_it2,352.226151452969,52.947141686536,1429271,0.267455227175252,0.120824532226569,3 km,"Quintiles, ties by geo order"
santiago_2017,C,fine,avg_pm10,4.47563713657111,6.97506574874542,1429271,0.259781385055738,0.112527995040829,3 km,"Quintiles, ties by geo order"
santiago_2017,C,fine,avg_pm25,2.87665198622982,13.1292296733283,1429271,0.259781385055738,0.112527995040829,3 km,"Quintiles, ties by geo order"
santiago_2017,C,fine,hrs_d_pm10_it1,176.367679079235,50.1354947254839,1429271,0.259781385055738,0.112527995040829,3 km,"Quintiles, ties by geo order"
santiago_2017,C,fine,hrs_d_pm10_it2,273.878609166152,20.5928922506452,1429271,0.259781385055738,0.112527995040829,3 km,"Quintiles, ties by geo order"
santiago_2017,C,fine,hrs_d_pm25_it1,171.489317705255,138.339234666043,1429271,0.259781385055738,0.112527995040829,3 km,"Quintiles, ties by geo order"
santiago_2017,C,fine,hrs_d_pm25_it2,304.963130116322,45.4752645356371,1429271,0.259781385055738,0.112527995040829,3 km,"Quintiles, ties by geo order"
santiago_2017,baseline_common,comuna,avg_pm10,1.42299688254629,2.12332767886174,971812,0.228674887735488,0.154828300123892,3 km,"Quintiles, ties by geo order"
santiago_2017,baseline_common,comuna,avg_pm25,1.65465106255662,7.07227000656581,971812,0.228674887735488,0.154828300123892,3 km,"Quintiles, ties by geo order"
santiago_2017,baseline_common,comuna,hrs_d_pm10_it1,94.0172013568851,21.1852069919734,971812,0.228674887735488,0.154828300123892,3 km,"Quintiles, ties by geo order"
santiago_2017,baseline_common,comuna,hrs_d_pm10_it2,111.145099708963,7.38329567100131,971812,0.228674887735488,0.154828300123892,3 km,"Quintiles, ties by geo order"
santiago_2017,baseline_common,comuna,hrs_d_pm25_it1,117.904169605492,62.2103489339655,971812,0.228674887735488,0.154828300123892,3 km,"Quintiles, ties by geo order"
santiago_2017,baseline_common,comuna,hrs_d_pm25_it2,183.560768023031,22.1059611997694,971812,0.228674887735488,0.154828300123892,3 km,"Quintiles, ties by geo order"
santiago_2017,baseline_common,distrito,avg_pm10,2.0577270551945,3.08290710398094,1251147,0.231038399164926,0.15435596296838,3 km,"Quintiles, ties by geo order"
santiago_2017,baseline_common,distrito,avg_pm25,1.70867791347992,7.43297115975217,1251147,0.231038399164926,0.15435596296838,3 km,"Quintiles, ties by geo order"
santiago_2017,baseline_common,distrito,hrs_d_pm10_it1,104.827602099813,24.9021822382175,1251147,0.231038399164926,0.15435596296838,3 km,"Quintiles, ties by geo order"
santiago_2017,baseline_common,distrito,hrs_d_pm10_it2,145.826306181398,9.97434003152446,1251147,0.231038399164926,0.15435596296838,3 km,"Quintiles, ties by geo order"
santiago_2017,baseline_common,distrito,hrs_d_pm25_it1,112.914561545671,65.701969622632,1251147,0.231038399164926,0.15435596296838,3 km,"Quintiles, ties by geo order"
santiago_2017,baseline_common,distrito,hrs_d_pm25_it2,190.008847193084,24.5374216158381,1251147,0.231038399164926,0.15435596296838,3 km,"Quintiles, ties by geo order"
santiago_2017,baseline_common,fine,avg_pm10,2.11075338689301,3.18699342166413,1429271,0.232059560433256,0.151263126446979,3 km,"Quintiles, ties by geo order"
santiago_2017,baseline_common,fine,avg_pm25,1.60978824265762,7.02079059753078,1429271,0.232059560433256,0.151263126446979,3 km,"Quintiles, ties by geo order"
santiago_2017,baseline_common,fine,hrs_d_pm10_it1,100.636798366031,24.56716595927,1429271,0.232059560433256,0.151263126446979,3 km,"Quintiles, ties by geo order"
santiago_2017,baseline_common,fine,hrs_d_pm10_it2,147.117806715191,10.282587131837,1429271,0.232059560433256,0.151263126446979,3 km,"Quintiles, ties by geo order"
santiago_2017,baseline_common,fine,hrs_d_pm25_it1,103.167650571705,61.1564977447753,1429271,0.232059560433256,0.151263126446979,3 km,"Quintiles, ties by geo order"
santiago_2017,baseline_common,fine,hrs_d_pm25_it2,180.381224717218,23.5773520580416,1429271,0.232059560433256,0.151263126446979,3 km,"Quintiles, ties by geo order"
sao_paulo_2010,A,fine,avg_pm10,0.749609008952369,2.91258295450589,3211384.78869041,0.173717048593196,0.244566582650363,3 km,"Quintiles, ties by geo order"
sao_paulo_2010,A,fine,avg_pm25,0.0843515353114075,0.596894637416456,2856619.31561217,0.165250160675303,0.273530291731775,3 km,"Quintiles, ties by geo order"
sao_paulo_2010,A,fine,hrs_d_pm10_it1,3.27278655684133,136.630340033373,3211384.78869041,0.173717048593196,0.244566582650363,3 km,"Quintiles, ties by geo order"
sao_paulo_2010,A,fine,hrs_d_pm10_it2,20.4896481120026,39.9291869760471,3211384.78869041,0.173717048593196,0.244566582650363,3 km,"Quintiles, ties by geo order"
sao_paulo_2010,A,fine,hrs_d_pm25_it1,4.1896427144703,30.3563810340055,2856619.31561217,0.165250160675303,0.273530291731775,3 km,"Quintiles, ties by geo order"
sao_paulo_2010,A,fine,hrs_d_pm25_it2,19.4067667991784,15.903628543319,2856619.31561217,0.165250160675303,0.273530291731775,3 km,"Quintiles, ties by geo order"
sao_paulo_2010,A,municipio,avg_pm10,0.205815415178414,0.788705744488882,3211384.78869041,0.173717048593196,0.244566582650363,3 km,"Quintiles, ties by geo order"
sao_paulo_2010,A,municipio,avg_pm25,0.187747777394366,1.33996638958571,2856619.31561217,0.165250160675303,0.273530291731775,3 km,"Quintiles, ties by geo order"
sao_paulo_2010,A,municipio,hrs_d_pm10_it1,0.729647018460887,17.5014826897857,3211384.78869041,0.173717048593196,0.244566582650363,3 km,"Quintiles, ties by geo order"
sao_paulo_2010,A,municipio,hrs_d_pm10_it2,5.66039478655495,9.21808391615915,3211384.78869041,0.173717048593196,0.244566582650363,3 km,"Quintiles, ties by geo order"
sao_paulo_2010,A,municipio,hrs_d_pm25_it1,1.63780716717098,10.5054614551929,2856619.31561217,0.165250160675303,0.273530291731775,3 km,"Quintiles, ties by geo order"
sao_paulo_2010,A,municipio,hrs_d_pm25_it2,17.3518481905146,14.0835452355341,2856619.31561217,0.165250160675303,0.273530291731775,3 km,"Quintiles, ties by geo order"
sao_paulo_2010,A_common,fine,avg_pm10,0.749609008952369,2.91258295450589,3211384.78869041,0.173717048593196,0.244566582650363,3 km,"Quintiles, ties by geo order"
sao_paulo_2010,A_common,fine,avg_pm25,0.0843515353114075,0.596894637416456,2856619.31561217,0.165250160675303,0.273530291731775,3 km,"Quintiles, ties by geo order"
sao_paulo_2010,A_common,fine,hrs_d_pm10_it1,3.27278655684133,136.630340033373,3211384.78869041,0.173717048593196,0.244566582650363,3 km,"Quintiles, ties by geo order"
sao_paulo_2010,A_common,fine,hrs_d_pm10_it2,20.4896481120026,39.9291869760471,3211384.78869041,0.173717048593196,0.244566582650363,3 km,"Quintiles, ties by geo order"
sao_paulo_2010,A_common,fine,hrs_d_pm25_it1,4.1896427144703,30.3563810340055,2856619.31561217,0.165250160675303,0.273530291731775,3 km,"Quintiles, ties by geo order"
sao_paulo_2010,A_common,fine,hrs_d_pm25_it2,19.4067667991784,15.903628543319,2856619.31561217,0.165250160675303,0.273530291731775,3 km,"Quintiles, ties by geo order"
sao_paulo_2010,A_common,municipio,avg_pm10,-0.106215337165445,-0.387608122184246,746182.288595823,0.220535041528155,0.159221515834393,3 km,"Quintiles, ties by geo order"
sao_paulo_2010,A_common,municipio,avg_pm25,-0.13283686380192,-0.901144115181496,498064.977619388,0.230830328827437,0.153014425697861,3 km,"Quintiles, ties by geo order"
sao_paulo_2010,A_common,municipio,hrs_d_pm10_it1,0.044323891733888,0.802157100255974,746182.288595823,0.220535041528155,0.159221515834393,3 km,"Quintiles, ties by geo order"
sao_paulo_2010,A_common,municipio,hrs_d_pm10_it2,-4.51534917203679,-4.85980269580216,746182.288595823,0.220535041528155,0.159221515834393,3 km,"Quintiles, ties by geo order"
sao_paulo_2010,A_common,municipio,hrs_d_pm25_it1,1.28595794429166,6.5286520612815,498064.977619388,0.230830328827437,0.153014425697861,3 km,"Quintiles, ties by geo order"
sao_paulo_2010,A_common,municipio,hrs_d_pm25_it2,13.18929277285,8.03726847229038,498064.977619388,0.230830328827437,0.153014425697861,3 km,"Quintiles, ties by geo order"
sao_paulo_2010,B_common,fine,avg_pm10,0.749609008952369,2.91258295450589,3211384.78869041,0.173717048593196,0.244566582650363,3 km,"Quintiles, ties by geo order"
sao_paulo_2010,B_common,fine,avg_pm25,0.0843515353114039,0.596894637416434,2856619.31561217,0.165250160675303,0.273530291731775,3 km,"Quintiles, ties by geo order"
sao_paulo_2010,B_common,fine,hrs_d_pm10_it1,3.27278655684133,136.630340033373,3211384.78869041,0.173717048593196,0.244566582650363,3 km,"Quintiles, ties by geo order"
sao_paulo_2010,B_common,fine,hrs_d_pm10_it2,20.4896481120026,39.9291869760471,3211384.78869041,0.173717048593196,0.244566582650363,3 km,"Quintiles, ties by geo order"
sao_paulo_2010,B_common,fine,hrs_d_pm25_it1,4.18964271447029,30.3563810340054,2856619.31561217,0.165250160675303,0.273530291731775,3 km,"Quintiles, ties by geo order"
sao_paulo_2010,B_common,fine,hrs_d_pm25_it2,19.4067667991784,15.903628543319,2856619.31561217,0.165250160675303,0.273530291731775,3 km,"Quintiles, ties by geo order"
sao_paulo_2010,B_common,municipio,avg_pm10,-0.0827963297436867,-0.300177356208953,746182.288595823,0.220535041528155,0.159221515834393,3 km,"Quintiles, ties by geo order"
sao_paulo_2010,B_common,municipio,avg_pm25,-0.147598864544062,-0.978699015074813,498064.977619388,0.230830328827437,0.153014425697861,3 km,"Quintiles, ties by geo order"
sao_paulo_2010,B_common,municipio,hrs_d_pm10_it1,0.194008098703064,3.25907043642393,746182.288595823,0.220535041528155,0.159221515834393,3 km,"Quintiles, ties by geo order"
sao_paulo_2010,B_common,municipio,hrs_d_pm10_it2,-3.64225487200794,-3.6899251531192,746182.288595823,0.220535041528155,0.159221515834393,3 km,"Quintiles, ties by geo order"
sao_paulo_2010,B_common,municipio,hrs_d_pm25_it1,1.16589309836367,5.18999224888679,498064.977619388,0.230830328827437,0.153014425697861,3 km,"Quintiles, ties by geo order"
sao_paulo_2010,B_common,municipio,hrs_d_pm25_it2,12.9561385586754,7.52918643230107,498064.977619388,0.230830328827437,0.153014425697861,3 km,"Quintiles, ties by geo order"
sao_paulo_2010,B_native,fine,avg_pm10,0.749609008952369,2.91258295450589,3211384.78869041,0.173717048593196,0.244566582650363,3 km,"Quintiles, ties by geo order"
sao_paulo_2010,B_native,fine,avg_pm25,0.0843515353114039,0.596894637416434,2856619.31561217,0.165250160675303,0.273530291731775,3 km,"Quintiles, ties by geo order"
sao_paulo_2010,B_native,fine,hrs_d_pm10_it1,3.27278655684133,136.630340033373,3211384.78869041,0.173717048593196,0.244566582650363,3 km,"Quintiles, ties by geo order"
sao_paulo_2010,B_native,fine,hrs_d_pm10_it2,20.4896481120026,39.9291869760471,3211384.78869041,0.173717048593196,0.244566582650363,3 km,"Quintiles, ties by geo order"
sao_paulo_2010,B_native,fine,hrs_d_pm25_it1,4.18964271447029,30.3563810340054,2856619.31561217,0.165250160675303,0.273530291731775,3 km,"Quintiles, ties by geo order"
sao_paulo_2010,B_native,fine,hrs_d_pm25_it2,19.4067667991784,15.903628543319,2856619.31561217,0.165250160675303,0.273530291731775,3 km,"Quintiles, ties by geo order"
sao_paulo_2010,B_native,municipio,avg_pm10,0.111435935065444,0.3993099785917,1134538.04332875,0.232770756347798,0.154983458542515,3 km,"Quintiles, ties by geo order"
sao_paulo_2010,B_native,municipio,avg_pm25,0.316488534828668,2.1078626189216,848104.879456181,0.23915711350574,0.155253368574914,3 km,"Quintiles, ties by geo order"
sao_paulo_2010,B_native,municipio,hrs_d_pm10_it1,1.09837161375664,18.4453330330666,1134538.04332875,0.232770756347798,0.154983458542515,3 km,"Quintiles, ties by geo order"
sao_paulo_2010,B_native,municipio,hrs_d_pm10_it2,0.341527568630639,0.315800111039688,1134538.04332875,0.232770756347798,0.154983458542515,3 km,"Quintiles, ties by geo order"
sao_paulo_2010,B_native,municipio,hrs_d_pm25_it1,4.2254039384562,19.690960110606,848104.879456181,0.23915711350574,0.155253368574914,3 km,"Quintiles, ties by geo order"
sao_paulo_2010,B_native,municipio,hrs_d_pm25_it2,37.5330246712913,23.0811296557781,848104.879456181,0.23915711350574,0.155253368574914,3 km,"Quintiles, ties by geo order"
sao_paulo_2010,C,fine,avg_pm10,1.78086300164554,7.03284670369238,3211384.78869041,0.145789029926822,0.269171253990665,3 km,"Quintiles, ties by geo order"
sao_paulo_2010,C,fine,avg_pm25,-0.052482322747581,-0.373483299262734,2856619.31561217,0.154714503688634,0.372010835710907,3 km,"Quintiles, ties by geo order"
sao_paulo_2010,C,fine,hrs_d_pm10_it1,6.56221513811938,581.521424491254,3211384.78869041,0.145789029926822,0.269171253990665,3 km,"Quintiles, ties by geo order"
sao_paulo_2010,C,fine,hrs_d_pm10_it2,44.894336527446,107.913551927206,3211384.78869041,0.145789029926822,0.269171253990665,3 km,"Quintiles, ties by geo order"
sao_paulo_2010,C,fine,hrs_d_pm25_it1,4.54700981086373,32.9876259908232,2856619.31561217,0.154714503688634,0.372010835710907,3 km,"Quintiles, ties by geo order"
sao_paulo_2010,C,fine,hrs_d_pm25_it2,12.9041499374532,10.7715359928503,2856619.31561217,0.154714503688634,0.372010835710907,3 km,"Quintiles, ties by geo order"
sao_paulo_2010,C,municipio,avg_pm10,0.815943406317064,3.15404024024388,3211384.78869041,0.141640022081979,0.711739168686704,3 km,"Quintiles, ties by geo order"
sao_paulo_2010,C,municipio,avg_pm25,-1.1040438765758,-7.939757914728,2856619.31561217,0.105507268599046,0.72966298530998,3 km,"Quintiles, ties by geo order"
sao_paulo_2010,C,municipio,hrs_d_pm10_it1,3.47807029499131,94.5267560737929,3211384.78869041,0.141640022081979,0.711739168686704,3 km,"Quintiles, ties by geo order"
sao_paulo_2010,C,municipio,hrs_d_pm10_it2,24.6004528487535,45.2722936094835,3211384.78869041,0.141640022081979,0.711739168686704,3 km,"Quintiles, ties by geo order"
sao_paulo_2010,C,municipio,hrs_d_pm25_it1,-5.24944825322026,-35.4475536623813,2856619.31561217,0.105507268599046,0.72966298530998,3 km,"Quintiles, ties by geo order"
sao_paulo_2010,C,municipio,hrs_d_pm25_it2,-22.7999229711564,-19.8398490863761,2856619.31561217,0.105507268599046,0.72966298530998,3 km,"Quintiles, ties by geo order"
sao_paulo_2010,baseline_common,fine,avg_pm10,0.749609008952369,2.91258295450589,3211384.78869041,0.173717048593196,0.244566582650363,3 km,"Quintiles, ties by geo order"
sao_paulo_2010,baseline_common,fine,avg_pm25,0.0843515353114039,0.596894637416434,2856619.31561217,0.165250160675303,0.273530291731775,3 km,"Quintiles, ties by geo order"
sao_paulo_2010,baseline_common,fine,hrs_d_pm10_it1,3.27278655684133,136.630340033373,3211384.78869041,0.173717048593196,0.244566582650363,3 km,"Quintiles, ties by geo order"
sao_paulo_2010,baseline_common,fine,hrs_d_pm10_it2,20.4896481120026,39.9291869760471,3211384.78869041,0.173717048593196,0.244566582650363,3 km,"Quintiles, ties by geo order"
sao_paulo_2010,baseline_common,fine,hrs_d_pm25_it1,4.18964271447029,30.3563810340054,2856619.31561217,0.165250160675303,0.273530291731775,3 km,"Quintiles, ties by geo order"
sao_paulo_2010,baseline_common,fine,hrs_d_pm25_it2,19.4067667991784,15.903628543319,2856619.31561217,0.165250160675303,0.273530291731775,3 km,"Quintiles, ties by geo order"
sao_paulo_2010,baseline_common,municipio,avg_pm10,-0.108034990118771,-0.394181732106313,746182.288595823,0.220535041528155,0.159221515834393,3 km,"Quintiles, ties by geo order"
sao_paulo_2010,baseline_common,municipio,avg_pm25,-0.46781757330292,-3.12351880341927,498064.977619388,0.230830328827437,0.153014425697861,3 km,"Quintiles, ties by geo order"
sao_paulo_2010,baseline_common,municipio,hrs_d_pm10_it1,0.323157070572138,6.02698436739015,746182.288595823,0.220535041528155,0.159221515834393,3 km,"Quintiles, ties by geo order"
sao_paulo_2010,baseline_common,municipio,hrs_d_pm10_it2,-3.65598510283201,-3.95226116144387,746182.288595823,0.220535041528155,0.159221515834393,3 km,"Quintiles, ties by geo order"
sao_paulo_2010,baseline_common,municipio,hrs_d_pm25_it1,-0.927017616552785,-4.35070459916032,498064.977619388,0.230830328827437,0.153014425697861,3 km,"Quintiles, ties by geo order"
sao_paulo_2010,baseline_common,municipio,hrs_d_pm25_it2,-1.97671158978326,-1.1313951647662,498064.977619388,0.230830328827437,0.153014425697861,3 km,"Quintiles, ties by geo order"
bogota_2018,A,fine,avg_pm10,5.98216001315996,20.8372910068954,4255038.00000007,0.185980597988121,0.21689889514888,3 km,"Quintiles, split ties"
bogota_2018,A,fine,avg_pm25,2.0711607418475,14.4963843198611,4251366.00000007,0.185847372030097,0.217051657845577,3 km,"Quintiles, split ties"
bogota_2018,A,fine,hrs_d_pm10_it1,21.1179047141352,259.377805864676,4255038.00000007,0.185980597988121,0.21689889514888,3 km,"Quintiles, split ties"
bogota_2018,A,fine,hrs_d_pm10_it2,86.1034186602067,138.930985763809,4255038.00000007,0.185980597988121,0.21689889514888,3 km,"Quintiles, split ties"
bogota_2018,A,fine,hrs_d_pm25_it1,10.7627218472537,265.631482965514,4251366.00000007,0.185847372030097,0.217051657845577,3 km,"Quintiles, split ties"
bogota_2018,A,fine,hrs_d_pm25_it2,70.5960085417605,107.318829359704,4251366.00000007,0.185847372030097,0.217051657845577,3 km,"Quintiles, split ties"
bogota_2018,A,localidad,avg_pm10,4.93602763341605,16.7374327366812,4255038.00000007,0.185980597988121,0.21689889514888,3 km,"Quintiles, split ties"
bogota_2018,A,localidad,avg_pm25,1.59653474531551,10.9122745285237,4251366.00000007,0.185847372030097,0.217051657845577,3 km,"Quintiles, split ties"
bogota_2018,A,localidad,hrs_d_pm10_it1,22.3752412654956,280.25719464654,4255038.00000007,0.185980597988121,0.21689889514888,3 km,"Quintiles, split ties"
bogota_2018,A,localidad,hrs_d_pm10_it2,85.7167788148334,134.308069665393,4255038.00000007,0.185980597988121,0.21689889514888,3 km,"Quintiles, split ties"
bogota_2018,A,localidad,hrs_d_pm25_it1,9.11892027222349,188.908698739615,4251366.00000007,0.185847372030097,0.217051657845577,3 km,"Quintiles, split ties"
bogota_2018,A,localidad,hrs_d_pm25_it2,58.8233198746435,81.0024431966191,4251366.00000007,0.185847372030097,0.217051657845577,3 km,"Quintiles, split ties"
bogota_2018,A,municipio,avg_pm10,1.21699583825582,3.8079782266714,4255038.00000007,0.185980597988121,0.21689889514888,3 km,"Quintiles, split ties"
bogota_2018,A,municipio,avg_pm25,0.210772816617759,1.35247937640077,4251366.00000007,0.185847372030097,0.217051657845577,3 km,"Quintiles, split ties"
bogota_2018,A,municipio,hrs_d_pm10_it1,17.9513517045834,169.783448665691,4255038.00000007,0.185980597988121,0.21689889514888,3 km,"Quintiles, split ties"
bogota_2018,A,municipio,hrs_d_pm10_it2,35.7566535197474,37.791004808511,4255038.00000007,0.185980597988121,0.21689889514888,3 km,"Quintiles, split ties"
bogota_2018,A,municipio,hrs_d_pm25_it1,4.30263114102812,56.0155441681863,4251366.00000007,0.185847372030097,0.217051657845577,3 km,"Quintiles, split ties"
bogota_2018,A,municipio,hrs_d_pm25_it2,14.8190911910825,14.6381072251566,4251366.00000007,0.185847372030097,0.217051657845577,3 km,"Quintiles, split ties"
bogota_2018,A,seccion,avg_pm10,5.98335132541202,20.8422300957103,4255038.00000007,0.185980597988121,0.21689889514888,3 km,"Quintiles, split ties"
bogota_2018,A,seccion,avg_pm25,2.07065614973642,14.4926079369522,4251366.00000007,0.185847372030097,0.217051657845577,3 km,"Quintiles, split ties"
bogota_2018,A,seccion,hrs_d_pm10_it1,21.0954752423607,258.740786084522,4255038.00000007,0.185980597988121,0.21689889514888,3 km,"Quintiles, split ties"
bogota_2018,A,seccion,hrs_d_pm10_it2,85.9665224429907,138.570167765322,4255038.00000007,0.185980597988121,0.21689889514888,3 km,"Quintiles, split ties"
bogota_2018,A,seccion,hrs_d_pm25_it1,10.7257641347168,263.519935456339,4251366.00000007,0.185847372030097,0.217051657845577,3 km,"Quintiles, split ties"
bogota_2018,A,seccion,hrs_d_pm25_it2,70.3412719006856,106.716440005713,4251366.00000007,0.185847372030097,0.217051657845577,3 km,"Quintiles, split ties"
bogota_2018,A,sector,avg_pm10,5.94656864539722,20.6972078859349,4255038.00000007,0.185980597988121,0.21689889514888,3 km,"Quintiles, split ties"
bogota_2018,A,sector,avg_pm25,2.0509896420773,14.3424075764149,4251366.00000007,0.185847372030097,0.217051657845577,3 km,"Quintiles, split ties"
bogota_2018,A,sector,hrs_d_pm10_it1,21.1035971237632,258.645355778786,4255038.00000007,0.185980597988121,0.21689889514888,3 km,"Quintiles, split ties"
bogota_2018,A,sector,hrs_d_pm10_it2,84.9158227819395,135.707934671081,4255038.00000007,0.185980597988121,0.21689889514888,3 km,"Quintiles, split ties"
bogota_2018,A,sector,hrs_d_pm25_it1,10.7368149400888,263.629630818357,4251366.00000007,0.185847372030097,0.217051657845577,3 km,"Quintiles, split ties"
bogota_2018,A,sector,hrs_d_pm25_it2,69.5696804400869,104.871264317246,4251366.00000007,0.185847372030097,0.217051657845577,3 km,"Quintiles, split ties"
bogota_2018,A_common,fine,avg_pm10,5.98216001315996,20.8372910068954,4255038.00000007,0.185980597988121,0.21689889514888,3 km,"Quintiles, split ties"
bogota_2018,A_common,fine,avg_pm25,2.0711607418475,14.4963843198611,4251366.00000007,0.185847372030097,0.217051657845577,3 km,"Quintiles, split ties"
bogota_2018,A_common,fine,hrs_d_pm10_it1,21.1179047141352,259.377805864676,4255038.00000007,0.185980597988121,0.21689889514888,3 km,"Quintiles, split ties"
bogota_2018,A_common,fine,hrs_d_pm10_it2,86.1034186602067,138.930985763809,4255038.00000007,0.185980597988121,0.21689889514888,3 km,"Quintiles, split ties"
bogota_2018,A_common,fine,hrs_d_pm25_it1,10.7627218472537,265.631482965514,4251366.00000007,0.185847372030097,0.217051657845577,3 km,"Quintiles, split ties"
bogota_2018,A_common,fine,hrs_d_pm25_it2,70.5960085417605,107.318829359704,4251366.00000007,0.185847372030097,0.217051657845577,3 km,"Quintiles, split ties"
bogota_2018,A_common,localidad,avg_pm10,3.05567014957164,10.4666360453031,2951799.00000001,0.157234610224132,0.25794006831571,3 km,"Quintiles, split ties"
bogota_2018,A_common,localidad,avg_pm25,1.35654088259348,9.2688053328033,2951799.00000001,0.157234610224132,0.25794006831571,3 km,"Quintiles, split ties"
bogota_2018,A_common,localidad,hrs_d_pm10_it1,1.03057586938309,54.5122192161878,2951799.00000001,0.157234610224132,0.25794006831571,3 km,"Quintiles, split ties"
bogota_2018,A_common,localidad,hrs_d_pm10_it2,28.821938166034,60.5984788315045,2951799.00000001,0.157234610224132,0.25794006831571,3 km,"Quintiles, split ties"
bogota_2018,A_common,localidad,hrs_d_pm25_it1,1.76138604333541,74.2290932363563,2951799.00000001,0.157234610224132,0.25794006831571,3 km,"Quintiles, split ties"
bogota_2018,A_common,localidad,hrs_d_pm25_it2,34.6388459715546,54.8499182840129,2951799.00000001,0.157234610224132,0.25794006831571,3 km,"Quintiles, split ties"
bogota_2018,A_common,municipio,avg_pm10,-0.374010470576323,-1.2688750505732,126498,0.199184836027455,0.168653751057779,3 km,"Quintiles, split ties"
bogota_2018,A_common,municipio,avg_pm25,-0.433462289785972,-3.29817511623345,126498,0.199184836027455,0.168653751057779,3 km,"Quintiles, split ties"
bogota_2018,A_common,municipio,hrs_d_pm10_it1,0.167033511288517,56.0120937200707,126498,0.199184836027455,0.168653751057779,3 km,"Quintiles, split ties"
bogota_2018,A_common,municipio,hrs_d_pm10_it2,0.581611599902352,2.20007373660172,126498,0.199184836027455,0.168653751057779,3 km,"Quintiles, split ties"
bogota_2018,A_common,municipio,hrs_d_pm25_it1,0.0231504002903429,1.13873642509588,126498,0.199184836027455,0.168653751057779,3 km,"Quintiles, split ties"
bogota_2018,A_common,municipio,hrs_d_pm25_it2,0.378595317854746,1.22636749402074,126498,0.199184836027455,0.168653751057779,3 km,"Quintiles, split ties"
bogota_2018,A_common,seccion,avg_pm10,5.9533230022887,20.7192500157767,4154476.00000005,0.185943462543812,0.217334402749342,3 km,"Quintiles, split ties"
bogota_2018,A_common,seccion,avg_pm25,2.06281365311292,14.4377904755786,4150804.00000005,0.185806976053577,0.217491251716124,3 km,"Quintiles, split ties"
bogota_2018,A_common,seccion,hrs_d_pm10_it1,20.9122466532756,258.759303866805,4154476.00000005,0.185943462543812,0.217334402749342,3 km,"Quintiles, split ties"
bogota_2018,A_common,seccion,hrs_d_pm10_it2,86.0055498246788,137.713676377815,4154476.00000005,0.185943462543812,0.217334402749342,3 km,"Quintiles, split ties"
bogota_2018,A_common,seccion,hrs_d_pm25_it1,10.696230742519,264.210823225223,4150804.00000005,0.185806976053577,0.217491251716124,3 km,"Quintiles, split ties"
bogota_2018,A_common,seccion,hrs_d_pm25_it2,69.8809244309531,105.673131181567,4150804.00000005,0.185806976053577,0.217491251716124,3 km,"Quintiles, split ties"
bogota_2018,A_common,sector,avg_pm10,5.76226669054898,20.1073403917645,3973908.00000005,0.184387647376943,0.220477175948163,3 km,"Quintiles, split ties"
bogota_2018,A_common,sector,avg_pm25,2.00189550588584,14.0352521230652,3971949.00000005,0.184304696684905,0.220566325655848,3 km,"Quintiles, split ties"
bogota_2018,A_common,sector,hrs_d_pm10_it1,19.1066119171466,259.348666043263,3973908.00000005,0.184387647376943,0.220477175948163,3 km,"Quintiles, split ties"
bogota_2018,A_common,sector,hrs_d_pm10_it2,81.8765875745991,132.033410656121,3973908.00000005,0.184387647376943,0.220477175948163,3 km,"Quintiles, split ties"
bogota_2018,A_common,sector,hrs_d_pm25_it1,9.94612402523729,262.13768214746,3971949.00000005,0.184304696684905,0.220566325655848,3 km,"Quintiles, split ties"
bogota_2018,A_common,sector,hrs_d_pm25_it2,66.3987644984072,101.321616642945,3971949.00000005,0.184304696684905,0.220566325655848,3 km,"Quintiles, split ties"
bogota_2018,B_common,fine,avg_pm10,5.98216001315997,20.8372910068955,4255038.00000007,0.185980597988121,0.21689889514888,3 km,"Quintiles, split ties"
bogota_2018,B_common,fine,avg_pm25,2.0711607418475,14.496384319861,4251366.00000007,0.185847372030097,0.217051657845577,3 km,"Quintiles, split ties"
bogota_2018,B_common,fine,hrs_d_pm10_it1,21.1179047141352,259.377805864676,4255038.00000007,0.185980597988121,0.21689889514888,3 km,"Quintiles, split ties"
bogota_2018,B_common,fine,hrs_d_pm10_it2,86.1034186602067,138.930985763809,4255038.00000007,0.185980597988121,0.21689889514888,3 km,"Quintiles, split ties"
bogota_2018,B_common,fine,hrs_d_pm25_it1,10.7627218472537,265.631482965514,4251366.00000007,0.185847372030097,0.217051657845577,3 km,"Quintiles, split ties"
bogota_2018,B_common,fine,hrs_d_pm25_it2,70.5960085417605,107.318829359704,4251366.00000007,0.185847372030097,0.217051657845577,3 km,"Quintiles, split ties"
bogota_2018,B_common,localidad,avg_pm10,3.27043587838112,10.8063204161883,2951799.00000001,0.157234610224132,0.25794006831571,3 km,"Quintiles, split ties"
bogota_2018,B_common,localidad,avg_pm25,1.42720764700536,9.96450409306981,2951799.00000001,0.157234610224132,0.25794006831571,3 km,"Quintiles, split ties"
bogota_2018,B_common,localidad,hrs_d_pm10_it1,1.95090898099149,62.3901875540322,2951799.00000001,0.157234610224132,0.25794006831571,3 km,"Quintiles, split ties"
bogota_2018,B_common,localidad,hrs_d_pm10_it2,37.6077229441905,76.8453825377921,2951799.00000001,0.157234610224132,0.25794006831571,3 km,"Quintiles, split ties"
bogota_2018,B_common,localidad,hrs_d_pm25_it1,0.751356479189068,63.57358586394,2951799.00000001,0.157234610224132,0.25794006831571,3 km,"Quintiles, split ties"
bogota_2018,B_common,localidad,hrs_d_pm25_it2,30.8436307234334,65.3116037714832,2951799.00000001,0.157234610224132,0.25794006831571,3 km,"Quintiles, split ties"
bogota_2018,B_common,municipio,avg_pm10,-0.404358328657001,-1.52209896622424,126498,0.199184836027455,0.168653751057779,3 km,"Quintiles, split ties"
bogota_2018,B_common,municipio,avg_pm25,-0.527643631041501,-4.31000440204713,126498,0.199184836027455,0.168653751057779,3 km,"Quintiles, split ties"
bogota_2018,B_common,municipio,hrs_d_pm10_it1,0,,126498,0.199184836027455,0.168653751057779,3 km,"Quintiles, split ties"
bogota_2018,B_common,municipio,hrs_d_pm10_it2,-0.730925985838711,-5.41455781082998,126498,0.199184836027455,0.168653751057779,3 km,"Quintiles, split ties"
bogota_2018,B_common,municipio,hrs_d_pm25_it1,-0.0926599004770243,-23.3923281399063,126498,0.199184836027455,0.168653751057779,3 km,"Quintiles, split ties"
bogota_2018,B_common,municipio,hrs_d_pm25_it2,-1.92512072317734,-9.18377649804921,126498,0.199184836027455,0.168653751057779,3 km,"Quintiles, split ties"
bogota_2018,B_common,seccion,avg_pm10,5.89459813246407,20.5107695018963,4154476.00000005,0.185943462543812,0.217334402749342,3 km,"Quintiles, split ties"
bogota_2018,B_common,seccion,avg_pm25,2.03580884110621,14.2449120367503,4150804.00000005,0.185806976053577,0.217491251716124,3 km,"Quintiles, split ties"
bogota_2018,B_common,seccion,hrs_d_pm10_it1,20.8091533891053,262.563458606885,4154476.00000005,0.185943462543812,0.217334402749342,3 km,"Quintiles, split ties"
bogota_2018,B_common,seccion,hrs_d_pm10_it2,85.7364292330413,138.663027067432,4154476.00000005,0.185943462543812,0.217334402749342,3 km,"Quintiles, split ties"
bogota_2018,B_common,seccion,hrs_d_pm25_it1,10.474630754329,258.678729894747,4150804.00000005,0.185806976053577,0.217491251716124,3 km,"Quintiles, split ties"
bogota_2018,B_common,seccion,hrs_d_pm25_it2,69.2425268921927,105.408007943752,4150804.00000005,0.185806976053577,0.217491251716124,3 km,"Quintiles, split ties"
bogota_2018,B_common,sector,avg_pm10,5.61273338428626,19.6433733501163,3973908.00000005,0.184387647376943,0.220477175948163,3 km,"Quintiles, split ties"
bogota_2018,B_common,sector,avg_pm25,1.98233836007267,13.9364599246139,3971949.00000005,0.184304696684905,0.220566325655848,3 km,"Quintiles, split ties"
bogota_2018,B_common,sector,hrs_d_pm10_it1,18.4588334387015,273.764627737313,3973908.00000005,0.184387647376943,0.220477175948163,3 km,"Quintiles, split ties"
bogota_2018,B_common,sector,hrs_d_pm10_it2,80.3452138874919,131.438326035649,3973908.00000005,0.184387647376943,0.220477175948163,3 km,"Quintiles, split ties"
bogota_2018,B_common,sector,hrs_d_pm25_it1,9.76808030697849,275.945552832344,3971949.00000005,0.184304696684905,0.220566325655848,3 km,"Quintiles, split ties"
bogota_2018,B_common,sector,hrs_d_pm25_it2,65.3461325953205,102.978641177207,3971949.00000005,0.184304696684905,0.220566325655848,3 km,"Quintiles, split ties"
bogota_2018,B_native,fine,avg_pm10,5.98216001315997,20.8372910068955,4255038.00000007,0.185980597988121,0.21689889514888,3 km,"Quintiles, split ties"
bogota_2018,B_native,fine,avg_pm25,2.0711607418475,14.496384319861,4251366.00000007,0.185847372030097,0.217051657845577,3 km,"Quintiles, split ties"
bogota_2018,B_native,fine,hrs_d_pm10_it1,21.1179047141352,259.377805864676,4255038.00000007,0.185980597988121,0.21689889514888,3 km,"Quintiles, split ties"
bogota_2018,B_native,fine,hrs_d_pm10_it2,86.1034186602067,138.930985763809,4255038.00000007,0.185980597988121,0.21689889514888,3 km,"Quintiles, split ties"
bogota_2018,B_native,fine,hrs_d_pm25_it1,10.7627218472537,265.631482965514,4251366.00000007,0.185847372030097,0.217051657845577,3 km,"Quintiles, split ties"
bogota_2018,B_native,fine,hrs_d_pm25_it2,70.5960085417605,107.318829359704,4251366.00000007,0.185847372030097,0.217051657845577,3 km,"Quintiles, split ties"
bogota_2018,B_native,localidad,avg_pm10,2.71094534800896,9.06046037524892,3401841.00000001,0.161171421010751,0.253119696526302,3 km,"Quintiles, split ties"
bogota_2018,B_native,localidad,avg_pm25,1.15099109542332,8.09587132321503,3401841.00000001,0.161171421010751,0.253119696526302,3 km,"Quintiles, split ties"
bogota_2018,B_native,localidad,hrs_d_pm10_it1,1.58254366965574,55.7701316506714,3401841.00000001,0.161171421010751,0.253119696526302,3 km,"Quintiles, split ties"
bogota_2018,B_native,localidad,hrs_d_pm10_it2,30.9903880606261,69.2782033966148,3401841.00000001,0.161171421010751,0.253119696526302,3 km,"Quintiles, split ties"
bogota_2018,B_native,localidad,hrs_d_pm25_it1,0.624910558493208,54.431193110561,3401841.00000001,0.161171421010751,0.253119696526302,3 km,"Quintiles, split ties"
bogota_2018,B_native,localidad,hrs_d_pm25_it2,25.2744950214485,56.8255320846364,3401841.00000001,0.161171421010751,0.253119696526302,3 km,"Quintiles, split ties"
bogota_2018,B_native,municipio,avg_pm10,-1.39371484877541,-5.23701020808927,224520,0.229408591061347,0.156225507898912,3 km,"Quintiles, split ties"
bogota_2018,B_native,municipio,avg_pm25,-0.969620469670192,-7.82743765143318,224520,0.229408591061347,0.156225507898912,3 km,"Quintiles, split ties"
bogota_2018,B_native,municipio,hrs_d_pm10_it1,0,,224520,0.229408591061347,0.156225507898912,3 km,"Quintiles, split ties"
bogota_2018,B_native,municipio,hrs_d_pm10_it2,-1.43533974606036,-12.8973020503404,224520,0.229408591061347,0.156225507898912,3 km,"Quintiles, split ties"
bogota_2018,B_native,municipio,hrs_d_pm25_it1,-0.026063415180228,-4.21019125997958,224520,0.229408591061347,0.156225507898912,3 km,"Quintiles, split ties"
bogota_2018,B_native,municipio,hrs_d_pm25_it2,-4.60831960050729,-24.6209506976831,224520,0.229408591061347,0.156225507898912,3 km,"Quintiles, split ties"
bogota_2018,B_native,seccion,avg_pm10,5.90182667874426,20.5667847885791,4234229.00000006,0.186254334115812,0.216927728587206,3 km,"Quintiles, split ties"
bogota_2018,B_native,seccion,avg_pm25,2.03336457740096,14.2477303118495,4228451.00000006,0.186151061912202,0.217122744862668,3 km,"Quintiles, split ties"
bogota_2018,B_native,seccion,hrs_d_pm10_it1,20.9516074243189,262.766861030212,4234229.00000006,0.186254334115812,0.216927728587206,3 km,"Quintiles, split ties"
bogota_2018,B_native,seccion,hrs_d_pm10_it2,85.7513777447366,139.186479251726,4234229.00000006,0.186254334115812,0.216927728587206,3 km,"Quintiles, split ties"
bogota_2018,B_native,seccion,hrs_d_pm25_it1,10.5631906715502,261.332515689815,4228451.00000006,0.186151061912202,0.217122744862668,3 km,"Quintiles, split ties"
bogota_2018,B_native,seccion,hrs_d_pm25_it2,69.2151389290078,106.065137484159,4228451.00000006,0.186151061912202,0.217122744862668,3 km,"Quintiles, split ties"
bogota_2018,B_native,sector,avg_pm10,5.537176647296,19.44346567351,4100522.00000005,0.184599003464955,0.220688020364364,3 km,"Quintiles, split ties"
bogota_2018,B_native,sector,avg_pm25,1.95053364437099,13.7493696339322,4096457.00000005,0.184549242829975,0.220819229129594,3 km,"Quintiles, split ties"
bogota_2018,B_native,sector,hrs_d_pm10_it1,17.9531110935714,272.588558558898,4100522.00000005,0.184599003464955,0.220688020364364,3 km,"Quintiles, split ties"
bogota_2018,B_native,sector,hrs_d_pm10_it2,78.7105794166838,130.708448306382,4100522.00000005,0.184599003464955,0.220688020364364,3 km,"Quintiles, split ties"
bogota_2018,B_native,sector,hrs_d_pm25_it1,9.53731347435442,275.274817742241,4096457.00000005,0.184549242829975,0.220819229129594,3 km,"Quintiles, split ties"
bogota_2018,B_native,sector,hrs_d_pm25_it2,64.1607973238635,102.675788572698,4096457.00000005,0.184549242829975,0.220819229129594,3 km,"Quintiles, split ties"
bogota_2018,C,fine,avg_pm10,12.1101189209291,47.3338722377172,4255038.00000006,0.161580695636558,0.224280488211858,3 km,"Quintiles, split ties"
bogota_2018,C,fine,avg_pm25,4.01533353014012,30.8868197293609,4251366.00000006,0.161088694786567,0.22447020557628,3 km,"Quintiles, split ties"
bogota_2018,C,fine,hrs_d_pm10_it1,43.7380987295328,3643.16311538186,4255038.00000006,0.161580695636558,0.224280488211858,3 km,"Quintiles, split ties"
bogota_2018,C,fine,hrs_d_pm10_it2,184.699407515422,756.698468659773,4255038.00000006,0.161580695636558,0.224280488211858,3 km,"Quintiles, split ties"
bogota_2018,C,fine,hrs_d_pm25_it1,24.2799117230537,2871.28548075076,4251366.00000006,0.161088694786567,0.22447020557628,3 km,"Quintiles, split ties"
bogota_2018,C,fine,hrs_d_pm25_it2,150.558601933373,473.773393594954,4251366.00000006,0.161088694786567,0.22447020557628,3 km,"Quintiles, split ties"
bogota_2018,C,localidad,avg_pm10,14.8095802495952,55.0497962543399,4255038.00000004,0.124621918770172,0.322864801677449,3 km,"Quintiles, split ties"
bogota_2018,C,localidad,avg_pm25,5.29272758080353,39.5220509393148,4251366.00000004,0.123979445665228,0.323143667235427,3 km,"Quintiles, split ties"
bogota_2018,C,localidad,hrs_d_pm10_it1,25.0115317352494,1587.79758051762,4255038.00000004,0.124621918770172,0.322864801677449,3 km,"Quintiles, split ties"
bogota_2018,C,localidad,hrs_d_pm10_it2,217.199878849302,774.479906499932,4255038.00000004,0.124621918770172,0.322864801677449,3 km,"Quintiles, split ties"
bogota_2018,C,localidad,hrs_d_pm25_it1,24.6046216352005,5435.22447382264,4251366.00000004,0.123979445665228,0.323143667235427,3 km,"Quintiles, split ties"
bogota_2018,C,localidad,hrs_d_pm25_it2,174.181150932285,612.200035262593,4251366.00000004,0.123979445665228,0.323143667235427,3 km,"Quintiles, split ties"
bogota_2018,C,municipio,avg_pm10,8.59824297354887,27.1010194660625,4255037.99999995,0.118514570257658,0.881485429742342,3 km,"Quintiles, split ties"
bogota_2018,C,municipio,avg_pm25,0.962210987853531,6.16090387380295,4251365.99999995,0.117753211556005,0.882246788443995,3 km,"Quintiles, split ties"
bogota_2018,C,municipio,hrs_d_pm10_it1,132.571453803802,2311.76130102627,4255037.99999995,0.118514570257658,0.881485429742342,3 km,"Quintiles, split ties"
bogota_2018,C,municipio,hrs_d_pm10_it2,249.898618176712,287.316286743224,4255037.99999995,0.118514570257658,0.881485429742342,3 km,"Quintiles, split ties"
bogota_2018,C,municipio,hrs_d_pm25_it1,33.1566329743126,518.209571580344,4251365.99999995,0.117753211556005,0.882246788443995,3 km,"Quintiles, split ties"
bogota_2018,C,municipio,hrs_d_pm25_it2,101.575105876891,103.036519980304,4251365.99999995,0.117753211556005,0.882246788443995,3 km,"Quintiles, split ties"
bogota_2018,C,seccion,avg_pm10,12.4937641713499,48.3441471979083,4255038.00000006,0.159343112799461,0.227686568251567,3 km,"Quintiles, split ties"
bogota_2018,C,seccion,avg_pm25,4.11771884418847,31.3572193877827,4251366.00000006,0.158714869526639,0.227883226238346,3 km,"Quintiles, split ties"
bogota_2018,C,seccion,hrs_d_pm10_it1,43.6641187004526,4262.60702843792,4255038.00000006,0.159343112799461,0.227686568251567,3 km,"Quintiles, split ties"
bogota_2018,C,seccion,hrs_d_pm10_it2,191.386926731865,773.112988771495,4255038.00000006,0.159343112799461,0.227686568251567,3 km,"Quintiles, split ties"
bogota_2018,C,seccion,hrs_d_pm25_it1,25.1616290971271,2667.23895373152,4251366.00000006,0.158714869526639,0.227883226238346,3 km,"Quintiles, split ties"
bogota_2018,C,seccion,hrs_d_pm25_it2,154.648508097903,460.118351587258,4251366.00000006,0.158714869526639,0.227883226238346,3 km,"Quintiles, split ties"
bogota_2018,C,sector,avg_pm10,13.0334627743667,50.423329584601,4255038.00000006,0.149439088440571,0.22692370784938,3 km,"Quintiles, split ties"
bogota_2018,C,sector,avg_pm25,4.10508186375579,31.0447327653625,4251366.00000006,0.149205220157472,0.227119706936549,3 km,"Quintiles, split ties"
bogota_2018,C,sector,hrs_d_pm10_it1,45.1505077999503,3606.76999862592,4255038.00000006,0.149439088440571,0.22692370784938,3 km,"Quintiles, split ties"
bogota_2018,C,sector,hrs_d_pm10_it2,189.288033646301,675.786631592452,4255038.00000006,0.149439088440571,0.22692370784938,3 km,"Quintiles, split ties"
bogota_2018,C,sector,hrs_d_pm25_it1,27.6513366395289,3407.81463379597,4251366.00000006,0.149205220157472,0.227119706936549,3 km,"Quintiles, split ties"
bogota_2018,C,sector,hrs_d_pm25_it2,159.655418585077,442.697675716512,4251366.00000006,0.149205220157472,0.227119706936549,3 km,"Quintiles, split ties"
bogota_2018,baseline_common,fine,avg_pm10,5.98216001315997,20.8372910068955,4255038.00000007,0.185980597988121,0.21689889514888,3 km,"Quintiles, split ties"
bogota_2018,baseline_common,fine,avg_pm25,2.0711607418475,14.4963843198611,4251366.00000007,0.185847372030097,0.217051657845577,3 km,"Quintiles, split ties"
bogota_2018,baseline_common,fine,hrs_d_pm10_it1,21.1179047141352,259.377805864676,4255038.00000007,0.185980597988121,0.21689889514888,3 km,"Quintiles, split ties"
bogota_2018,baseline_common,fine,hrs_d_pm10_it2,86.1034186602067,138.930985763809,4255038.00000007,0.185980597988121,0.21689889514888,3 km,"Quintiles, split ties"
bogota_2018,baseline_common,fine,hrs_d_pm25_it1,10.7627218472537,265.631482965514,4251366.00000007,0.185847372030097,0.217051657845577,3 km,"Quintiles, split ties"
bogota_2018,baseline_common,fine,hrs_d_pm25_it2,70.5960085417605,107.318829359704,4251366.00000007,0.185847372030097,0.217051657845577,3 km,"Quintiles, split ties"
bogota_2018,baseline_common,localidad,avg_pm10,4.45100116909875,15.7588052183861,2951799.00000001,0.157234610224132,0.25794006831571,3 km,"Quintiles, split ties"
bogota_2018,baseline_common,localidad,avg_pm25,2.04187757874019,14.3816113221895,2951799.00000001,0.157234610224132,0.25794006831571,3 km,"Quintiles, split ties"
bogota_2018,baseline_common,localidad,hrs_d_pm10_it1,0.963333956247228,53.2247946692833,2951799.00000001,0.157234610224132,0.25794006831571,3 km,"Quintiles, split ties"
bogota_2018,baseline_common,localidad,hrs_d_pm10_it2,30.9017261114561,69.3771871718684,2951799.00000001,0.157234610224132,0.25794006831571,3 km,"Quintiles, split ties"
bogota_2018,baseline_common,localidad,hrs_d_pm25_it1,2.77731220047759,149.582939127544,2951799.00000001,0.157234610224132,0.25794006831571,3 km,"Quintiles, split ties"
bogota_2018,baseline_common,localidad,hrs_d_pm25_it2,46.1090046933176,81.9161093905873,2951799.00000001,0.157234610224132,0.25794006831571,3 km,"Quintiles, split ties"
bogota_2018,baseline_common,municipio,avg_pm10,-0.00452643876167969,-0.0154710177100448,126498,0.199184836027455,0.168653751057779,3 km,"Quintiles, split ties"
bogota_2018,baseline_common,municipio,avg_pm25,-0.173072334249092,-1.32807779315226,126498,0.199184836027455,0.168653751057779,3 km,"Quintiles, split ties"
bogota_2018,baseline_common,municipio,hrs_d_pm10_it1,0.405610146711668,192.018467844997,126498,0.199184836027455,0.168653751057779,3 km,"Quintiles, split ties"
bogota_2018,baseline_common,municipio,hrs_d_pm10_it2,5.33658293944548,22.6808879060318,126498,0.199184836027455,0.168653751057779,3 km,"Quintiles, split ties"
bogota_2018,baseline_common,municipio,hrs_d_pm25_it1,0.163260767698934,8.22906046390475,126498,0.199184836027455,0.168653751057779,3 km,"Quintiles, split ties"
bogota_2018,baseline_common,municipio,hrs_d_pm25_it2,5.99344146294198,21.6129604692107,126498,0.199184836027455,0.168653751057779,3 km,"Quintiles, split ties"
bogota_2018,baseline_common,seccion,avg_pm10,5.9518702478444,20.7131616305566,4154476.00000005,0.185943462543812,0.217334402749342,3 km,"Quintiles, split ties"
bogota_2018,baseline_common,seccion,avg_pm25,2.06301399327281,14.4391927963115,4150804.00000005,0.185806976053577,0.217491251716124,3 km,"Quintiles, split ties"
bogota_2018,baseline_common,seccion,hrs_d_pm10_it1,20.9349227461155,259.403563057418,4154476.00000005,0.185943462543812,0.217334402749342,3 km,"Quintiles, split ties"
bogota_2018,baseline_common,seccion,hrs_d_pm10_it2,86.142495961339,138.067055831104,4154476.00000005,0.185943462543812,0.217334402749342,3 km,"Quintiles, split ties"
bogota_2018,baseline_common,seccion,hrs_d_pm25_it1,10.7341457605316,266.390178337137,4150804.00000005,0.185806976053577,0.217491251716124,3 km,"Quintiles, split ties"
bogota_2018,baseline_common,seccion,hrs_d_pm25_it2,70.1386239808825,106.277050000635,4150804.00000005,0.185806976053577,0.217491251716124,3 km,"Quintiles, split ties"
bogota_2018,baseline_common,sector,avg_pm10,5.79752530272401,20.2461697054779,3973908.00000005,0.184387647376943,0.220477175948163,3 km,"Quintiles, split ties"
bogota_2018,baseline_common,sector,avg_pm25,2.0224320298248,14.1922693219885,3971949.00000005,0.184304696684905,0.220566325655848,3 km,"Quintiles, split ties"
bogota_2018,baseline_common,sector,hrs_d_pm10_it1,19.1169644538228,260.073908719287,3973908.00000005,0.184387647376943,0.220477175948163,3 km,"Quintiles, split ties"
bogota_2018,baseline_common,sector,hrs_d_pm10_it2,83.1071763989934,135.351299579404,3973908.00000005,0.184387647376943,0.220477175948163,3 km,"Quintiles, split ties"
bogota_2018,baseline_common,sector,hrs_d_pm25_it1,9.96615964414869,264.063368073937,3971949.00000005,0.184304696684905,0.220566325655848,3 km,"Quintiles, split ties"
bogota_2018,baseline_common,sector,hrs_d_pm25_it2,67.4505063381865,103.835272081613,3971949.00000005,0.184304696684905,0.220566325655848,3 km,"Quintiles, split ties"
santiago_2017,A,comuna,avg_pm10,2.13623755737736,3.22431333660855,1429271,0.226448648630133,0.151919255998614,3 km,"Quintiles, split ties"
santiago_2017,A,comuna,avg_pm25,1.47098716337531,6.39258555928608,1429271,0.226448648630133,0.151919255998614,3 km,"Quintiles, split ties"
santiago_2017,A,comuna,hrs_d_pm10_it1,93.6388863270298,22.6245118190783,1429271,0.226448648630133,0.151919255998614,3 km,"Quintiles, split ties"
santiago_2017,A,comuna,hrs_d_pm10_it2,138.488045752612,9.63231956219524,1429271,0.226448648630133,0.151919255998614,3 km,"Quintiles, split ties"
santiago_2017,A,comuna,hrs_d_pm25_it1,94.6262636696909,54.713266228387,1429271,0.226448648630133,0.151919255998614,3 km,"Quintiles, split ties"
santiago_2017,A,comuna,hrs_d_pm25_it2,161.635187913329,20.8425293627943,1429271,0.226448648630133,0.151919255998614,3 km,"Quintiles, split ties"
santiago_2017,A,distrito,avg_pm10,2.13929281478154,3.22952233281151,1429271,0.226448648630133,0.151919255998614,3 km,"Quintiles, split ties"
santiago_2017,A,distrito,avg_pm25,1.44710730475055,6.28548121791273,1429271,0.226448648630133,0.151919255998614,3 km,"Quintiles, split ties"
santiago_2017,A,distrito,hrs_d_pm10_it1,93.3026414045416,22.5423050084122,1429271,0.226448648630133,0.151919255998614,3 km,"Quintiles, split ties"
santiago_2017,A,distrito,hrs_d_pm10_it2,138.21302918943,9.61604651487442,1429271,0.226448648630133,0.151919255998614,3 km,"Quintiles, split ties"
santiago_2017,A,distrito,hrs_d_pm25_it1,94.7006797903009,54.7762240310049,1429271,0.226448648630133,0.151919255998614,3 km,"Quintiles, split ties"
santiago_2017,A,distrito,hrs_d_pm25_it2,159.877095281828,20.5899248624159,1429271,0.226448648630133,0.151919255998614,3 km,"Quintiles, split ties"
santiago_2017,A,fine,avg_pm10,2.13118428299552,3.21705308272537,1429271,0.226448648630133,0.151919255998614,3 km,"Quintiles, split ties"
santiago_2017,A,fine,avg_pm25,1.44731375384266,6.2863910261235,1429271,0.226448648630133,0.151919255998614,3 km,"Quintiles, split ties"
santiago_2017,A,fine,hrs_d_pm10_it1,93.1084905350727,22.4893757041463,1429271,0.226448648630133,0.151919255998614,3 km,"Quintiles, split ties"
santiago_2017,A,fine,hrs_d_pm10_it2,137.274175552289,9.54713359234454,1429271,0.226448648630133,0.151919255998614,3 km,"Quintiles, split ties"
santiago_2017,A,fine,hrs_d_pm25_it1,94.6935923342322,54.7664574881834,1429271,0.226448648630133,0.151919255998614,3 km,"Quintiles, split ties"
santiago_2017,A,fine,hrs_d_pm25_it2,159.09330288801,20.4765706890901,1429271,0.226448648630133,0.151919255998614,3 km,"Quintiles, split ties"
santiago_2017,A_common,comuna,avg_pm10,1.28754184784988,1.91744712872413,971812,0.218714251819859,0.162770390595627,3 km,"Quintiles, split ties"
santiago_2017,A_common,comuna,avg_pm25,1.64518263332692,7.02700038746302,971812,0.218714251819859,0.162770390595627,3 km,"Quintiles, split ties"
santiago_2017,A_common,comuna,hrs_d_pm10_it1,91.0154559331584,20.3744369155933,971812,0.218714251819859,0.162770390595627,3 km,"Quintiles, split ties"
santiago_2017,A_common,comuna,hrs_d_pm10_it2,103.900203587152,6.86989013816051,971812,0.218714251819859,0.162770390595627,3 km,"Quintiles, split ties"
santiago_2017,A_common,comuna,hrs_d_pm25_it1,115.577191735424,60.3523548116995,971812,0.218714251819859,0.162770390595627,3 km,"Quintiles, split ties"
santiago_2017,A_common,comuna,hrs_d_pm25_it2,183.049302104456,22.0191245104045,971812,0.218714251819859,0.162770390595627,3 km,"Quintiles, split ties"
santiago_2017,A_common,distrito,avg_pm10,2.05730381404496,3.08079865358368,1251147,0.226112465010739,0.154813051401099,3 km,"Quintiles, split ties"
santiago_2017,A_common,distrito,avg_pm25,1.52284436923749,6.59465365128102,1251147,0.226112465010739,0.154813051401099,3 km,"Quintiles, split ties"
santiago_2017,A_common,distrito,hrs_d_pm10_it1,95.6688728524209,22.4453152356906,1251147,0.226112465010739,0.154813051401099,3 km,"Quintiles, split ties"
santiago_2017,A_common,distrito,hrs_d_pm10_it2,133.567210323647,9.08156941903922,1251147,0.226112465010739,0.154813051401099,3 km,"Quintiles, split ties"
santiago_2017,A_common,distrito,hrs_d_pm25_it1,102.889521173181,58.2180552002565,1251147,0.226112465010739,0.154813051401099,3 km,"Quintiles, split ties"
santiago_2017,A_common,distrito,hrs_d_pm25_it2,165.818973548031,21.0491817014507,1251147,0.226112465010739,0.154813051401099,3 km,"Quintiles, split ties"
santiago_2017,A_common,fine,avg_pm10,2.13118428299552,3.21705308272537,1429271,0.226448648630133,0.151919255998614,3 km,"Quintiles, split ties"
santiago_2017,A_common,fine,avg_pm25,1.44731375384266,6.2863910261235,1429271,0.226448648630133,0.151919255998614,3 km,"Quintiles, split ties"
santiago_2017,A_common,fine,hrs_d_pm10_it1,93.1084905350727,22.4893757041463,1429271,0.226448648630133,0.151919255998614,3 km,"Quintiles, split ties"
santiago_2017,A_common,fine,hrs_d_pm10_it2,137.274175552289,9.54713359234454,1429271,0.226448648630133,0.151919255998614,3 km,"Quintiles, split ties"
santiago_2017,A_common,fine,hrs_d_pm25_it1,94.6935923342322,54.7664574881834,1429271,0.226448648630133,0.151919255998614,3 km,"Quintiles, split ties"
santiago_2017,A_common,fine,hrs_d_pm25_it2,159.09330288801,20.4765706890901,1429271,0.226448648630133,0.151919255998614,3 km,"Quintiles, split ties"
santiago_2017,B_common,comuna,avg_pm10,1.17173659506298,1.74690941982953,971812,0.218714251819859,0.162770390595627,3 km,"Quintiles, split ties"
santiago_2017,B_common,comuna,avg_pm25,1.6215538118976,6.91469972647949,971812,0.218714251819859,0.162770390595627,3 km,"Quintiles, split ties"
santiago_2017,B_common,comuna,hrs_d_pm10_it1,88.5920105611044,19.8144386347169,971812,0.218714251819859,0.162770390595627,3 km,"Quintiles, split ties"
santiago_2017,B_common,comuna,hrs_d_pm10_it2,103.503775878038,6.83436493898215,971812,0.218714251819859,0.162770390595627,3 km,"Quintiles, split ties"
santiago_2017,B_common,comuna,hrs_d_pm25_it1,117.429635580495,60.652465641828,971812,0.218714251819859,0.162770390595627,3 km,"Quintiles, split ties"
santiago_2017,B_common,comuna,hrs_d_pm25_it2,185.427645236998,22.0762877266327,971812,0.218714251819859,0.162770390595627,3 km,"Quintiles, split ties"
santiago_2017,B_common,distrito,avg_pm10,2.06684831682662,3.09505696697316,1251147,0.226112465010739,0.154813051401099,3 km,"Quintiles, split ties"
santiago_2017,B_common,distrito,avg_pm25,1.53098560999271,6.62884239386605,1251147,0.226112465010739,0.154813051401099,3 km,"Quintiles, split ties"
santiago_2017,B_common,distrito,hrs_d_pm10_it1,95.9371397838544,22.5061365338372,1251147,0.226112465010739,0.154813051401099,3 km,"Quintiles, split ties"
santiago_2017,B_common,distrito,hrs_d_pm10_it2,133.895827860763,9.13154115767858,1251147,0.226112465010739,0.154813051401099,3 km,"Quintiles, split ties"
santiago_2017,B_common,distrito,hrs_d_pm25_it1,102.845942251681,58.1917768423847,1251147,0.226112465010739,0.154813051401099,3 km,"Quintiles, split ties"
santiago_2017,B_common,distrito,hrs_d_pm25_it2,166.285575732048,21.2292464834233,1251147,0.226112465010739,0.154813051401099,3 km,"Quintiles, split ties"
santiago_2017,B_common,fine,avg_pm10,2.13118428299552,3.21705308272537,1429271,0.226448648630133,0.151919255998614,3 km,"Quintiles, split ties"
santiago_2017,B_common,fine,avg_pm25,1.44731375384266,6.2863910261235,1429271,0.226448648630133,0.151919255998614,3 km,"Quintiles, split ties"
santiago_2017,B_common,fine,hrs_d_pm10_it1,93.1084905350727,22.4893757041463,1429271,0.226448648630133,0.151919255998614,3 km,"Quintiles, split ties"
santiago_2017,B_common,fine,hrs_d_pm10_it2,137.274175552289,9.54713359234454,1429271,0.226448648630133,0.151919255998614,3 km,"Quintiles, split ties"
santiago_2017,B_common,fine,hrs_d_pm25_it1,94.6935923342322,54.7664574881834,1429271,0.226448648630133,0.151919255998614,3 km,"Quintiles, split ties"
santiago_2017,B_common,fine,hrs_d_pm25_it2,159.09330288801,20.4765706890901,1429271,0.226448648630133,0.151919255998614,3 km,"Quintiles, split ties"
santiago_2017,B_native,comuna,avg_pm10,5.6800838997942,9.15005865330047,1449393,0.192281600048419,0.217853446956905,3 km,"Quintiles, split ties"
santiago_2017,B_native,comuna,avg_pm25,2.7987384875371,12.6758237552827,1449393,0.192281600048419,0.217853446956905,3 km,"Quintiles, split ties"
santiago_2017,B_native,comuna,hrs_d_pm10_it1,190.176538807123,59.518462799219,1449393,0.192281600048419,0.217853446956905,3 km,"Quintiles, split ties"
santiago_2017,B_native,comuna,hrs_d_pm10_it2,364.048439189854,30.1538070552752,1449393,0.192281600048419,0.217853446956905,3 km,"Quintiles, split ties"
santiago_2017,B_native,comuna,hrs_d_pm25_it1,143.760424984501,102.193317313613,1449393,0.192281600048419,0.217853446956905,3 km,"Quintiles, split ties"
santiago_2017,B_native,comuna,hrs_d_pm25_it2,313.088454162049,46.4128613355721,1449393,0.192281600048419,0.217853446956905,3 km,"Quintiles, split ties"
santiago_2017,B_native,distrito,avg_pm10,2.78121005035062,4.20692329020627,1404378,0.221111155027649,0.160352617285156,3 km,"Quintiles, split ties"
santiago_2017,B_native,distrito,avg_pm25,1.67371035706881,7.30465949011672,1404378,0.221111155027649,0.160352617285156,3 km,"Quintiles, split ties"
santiago_2017,B_native,distrito,hrs_d_pm10_it1,109.286998157134,26.677504978814,1404378,0.221111155027649,0.160352617285156,3 km,"Quintiles, split ties"
santiago_2017,B_native,distrito,hrs_d_pm10_it2,172.228849170786,12.0857014434237,1404378,0.221111155027649,0.160352617285156,3 km,"Quintiles, split ties"
santiago_2017,B_native,distrito,hrs_d_pm25_it1,103.616060027043,60.698249840409,1404378,0.221111155027649,0.160352617285156,3 km,"Quintiles, split ties"
santiago_2017,B_native,distrito,hrs_d_pm25_it2,180.031390685601,23.6482445322675,1404378,0.221111155027649,0.160352617285156,3 km,"Quintiles, split ties"
santiago_2017,B_native,fine,avg_pm10,2.13118428299552,3.21705308272537,1429271,0.226448648630133,0.151919255998614,3 km,"Quintiles, split ties"
santiago_2017,B_native,fine,avg_pm25,1.44731375384266,6.2863910261235,1429271,0.226448648630133,0.151919255998614,3 km,"Quintiles, split ties"
santiago_2017,B_native,fine,hrs_d_pm10_it1,93.1084905350727,22.4893757041463,1429271,0.226448648630133,0.151919255998614,3 km,"Quintiles, split ties"
santiago_2017,B_native,fine,hrs_d_pm10_it2,137.274175552289,9.54713359234454,1429271,0.226448648630133,0.151919255998614,3 km,"Quintiles, split ties"
santiago_2017,B_native,fine,hrs_d_pm25_it1,94.6935923342322,54.7664574881834,1429271,0.226448648630133,0.151919255998614,3 km,"Quintiles, split ties"
santiago_2017,B_native,fine,hrs_d_pm25_it2,159.09330288801,20.4765706890901,1429271,0.226448648630133,0.151919255998614,3 km,"Quintiles, split ties"
santiago_2017,C,comuna,avg_pm10,5.23696395938706,7.99430252525208,1429271,0.276166661186017,0.191615166053184,3 km,"Quintiles, split ties"
santiago_2017,C,comuna,avg_pm25,3.86794780405777,17.6642050020486,1429271,0.276166661186017,0.191615166053184,3 km,"Quintiles, split ties"
santiago_2017,C,comuna,hrs_d_pm10_it1,216.77665049868,56.7880132403544,1429271,0.276166661186017,0.191615166053184,3 km,"Quintiles, split ties"
santiago_2017,C,comuna,hrs_d_pm10_it2,312.228100147765,21.991998203261,1429271,0.276166661186017,0.191615166053184,3 km,"Quintiles, split ties"
santiago_2017,C,comuna,hrs_d_pm25_it1,215.172879682498,165.234993621286,1429271,0.276166661186017,0.191615166053184,3 km,"Quintiles, split ties"
santiago_2017,C,comuna,hrs_d_pm25_it2,386.918560118536,56.5197606954975,1429271,0.276166661186017,0.191615166053184,3 km,"Quintiles, split ties"
santiago_2017,C,distrito,avg_pm10,4.31288722600661,6.66766677234092,1429271,0.267455227175253,0.120824532226569,3 km,"Quintiles, split ties"
santiago_2017,C,distrito,avg_pm25,3.31722007867178,15.2440500335791,1429271,0.267455227175253,0.120824532226569,3 km,"Quintiles, split ties"
santiago_2017,C,distrito,hrs_d_pm10_it1,187.623964829284,51.7435267557588,1429271,0.267455227175253,0.120824532226569,3 km,"Quintiles, split ties"
santiago_2017,C,distrito,hrs_d_pm10_it2,273.684265649355,20.0016028766963,1429271,0.267455227175253,0.120824532226569,3 km,"Quintiles, split ties"
santiago_2017,C,distrito,hrs_d_pm25_it1,190.853182826933,152.633609040351,1429271,0.267455227175253,0.120824532226569,3 km,"Quintiles, split ties"
santiago_2017,C,distrito,hrs_d_pm25_it2,352.226151452968,52.9471416865357,1429271,0.267455227175253,0.120824532226569,3 km,"Quintiles, split ties"
santiago_2017,C,fine,avg_pm10,4.47563713657111,6.97506574874542,1429271,0.259781385055738,0.112527995040829,3 km,"Quintiles, split ties"
santiago_2017,C,fine,avg_pm25,2.87665198622979,13.1292296733281,1429271,0.259781385055738,0.112527995040829,3 km,"Quintiles, split ties"
santiago_2017,C,fine,hrs_d_pm10_it1,176.367679079234,50.1354947254837,1429271,0.259781385055738,0.112527995040829,3 km,"Quintiles, split ties"
santiago_2017,C,fine,hrs_d_pm10_it2,273.878609166149,20.592892250645,1429271,0.259781385055738,0.112527995040829,3 km,"Quintiles, split ties"
santiago_2017,C,fine,hrs_d_pm25_it1,171.489317705255,138.339234666043,1429271,0.259781385055738,0.112527995040829,3 km,"Quintiles, split ties"
santiago_2017,C,fine,hrs_d_pm25_it2,304.963130116322,45.4752645356372,1429271,0.259781385055738,0.112527995040829,3 km,"Quintiles, split ties"
santiago_2017,baseline_common,comuna,avg_pm10,1.32517312548107,1.97416960954604,971812,0.218714251819859,0.162770390595627,3 km,"Quintiles, split ties"
santiago_2017,baseline_common,comuna,avg_pm25,1.62475319633353,6.9347045516627,971812,0.218714251819859,0.162770390595627,3 km,"Quintiles, split ties"
santiago_2017,baseline_common,comuna,hrs_d_pm10_it1,91.1560799686842,20.4001802700352,971812,0.218714251819859,0.162770390595627,3 km,"Quintiles, split ties"
santiago_2017,baseline_common,comuna,hrs_d_pm10_it2,105.225539800678,6.96053487539277,971812,0.218714251819859,0.162770390595627,3 km,"Quintiles, split ties"
santiago_2017,baseline_common,comuna,hrs_d_pm25_it1,115.778660599126,60.401740719208,971812,0.218714251819859,0.162770390595627,3 km,"Quintiles, split ties"
santiago_2017,baseline_common,comuna,hrs_d_pm25_it2,180.848340725099,21.7042326733693,971812,0.218714251819859,0.162770390595627,3 km,"Quintiles, split ties"
santiago_2017,baseline_common,distrito,avg_pm10,2.04834053321265,3.06713911173153,1251147,0.226112465010739,0.154813051401099,3 km,"Quintiles, split ties"
santiago_2017,baseline_common,distrito,avg_pm25,1.52284814594184,6.59464960605096,1251147,0.226112465010739,0.154813051401099,3 km,"Quintiles, split ties"
santiago_2017,baseline_common,distrito,hrs_d_pm10_it1,95.4423785532143,22.3854546227581,1251147,0.226112465010739,0.154813051401099,3 km,"Quintiles, split ties"
santiago_2017,baseline_common,distrito,hrs_d_pm10_it2,132.718287084793,9.02105390208869,1251147,0.226112465010739,0.154813051401099,3 km,"Quintiles, split ties"
santiago_2017,baseline_common,distrito,hrs_d_pm25_it1,102.866913546643,58.1960011214573,1251147,0.226112465010739,0.154813051401099,3 km,"Quintiles, split ties"
santiago_2017,baseline_common,distrito,hrs_d_pm25_it2,165.197635780392,20.9615882706674,1251147,0.226112465010739,0.154813051401099,3 km,"Quintiles, split ties"
santiago_2017,baseline_common,fine,avg_pm10,2.13118428299552,3.21705308272537,1429271,0.226448648630133,0.151919255998614,3 km,"Quintiles, split ties"
santiago_2017,baseline_common,fine,avg_pm25,1.44731375384266,6.2863910261235,1429271,0.226448648630133,0.151919255998614,3 km,"Quintiles, split ties"
santiago_2017,baseline_common,fine,hrs_d_pm10_it1,93.1084905350727,22.4893757041463,1429271,0.226448648630133,0.151919255998614,3 km,"Quintiles, split ties"
santiago_2017,baseline_common,fine,hrs_d_pm10_it2,137.274175552289,9.54713359234454,1429271,0.226448648630133,0.151919255998614,3 km,"Quintiles, split ties"
santiago_2017,baseline_common,fine,hrs_d_pm25_it1,94.6935923342322,54.7664574881834,1429271,0.226448648630133,0.151919255998614,3 km,"Quintiles, split ties"
santiago_2017,baseline_common,fine,hrs_d_pm25_it2,159.09330288801,20.4765706890901,1429271,0.226448648630133,0.151919255998614,3 km,"Quintiles, split ties"
sao_paulo_2010,A,fine,avg_pm10,0.808342663326084,3.14812128612967,3211384.78869041,0.177639117623211,0.248433310736543,3 km,"Quintiles, split ties"
sao_paulo_2010,A,fine,avg_pm25,-0.0959952436945279,-0.677209349939079,2856619.31561217,0.17044401578573,0.274908241710174,3 km,"Quintiles, split ties"
sao_paulo_2010,A,fine,hrs_d_pm10_it1,3.2444834841774,130.404454980131,3211384.78869041,0.177639117623211,0.248433310736543,3 km,"Quintiles, split ties"
sao_paulo_2010,A,fine,hrs_d_pm10_it2,21.239699633287,41.8873939102317,3211384.78869041,0.177639117623211,0.248433310736543,3 km,"Quintiles, split ties"
sao_paulo_2010,A,fine,hrs_d_pm25_it1,2.88345954692827,19.7361346090549,2856619.31561217,0.17044401578573,0.274908241710174,3 km,"Quintiles, split ties"
sao_paulo_2010,A,fine,hrs_d_pm25_it2,6.4211378974627,5.02051967801729,2856619.31561217,0.17044401578573,0.274908241710174,3 km,"Quintiles, split ties"
sao_paulo_2010,A,municipio,avg_pm10,0.164489931233497,0.630522656782939,3211384.78869041,0.177639117623211,0.248433310736543,3 km,"Quintiles, split ties"
sao_paulo_2010,A,municipio,avg_pm25,0.088440513270065,0.628908378572035,2856619.31561217,0.17044401578573,0.274908241710174,3 km,"Quintiles, split ties"
sao_paulo_2010,A,municipio,hrs_d_pm10_it1,0.51800667859194,12.2855227890558,3211384.78869041,0.177639117623211,0.248433310736543,3 km,"Quintiles, split ties"
sao_paulo_2010,A,municipio,hrs_d_pm10_it2,4.81292933330384,7.90235280676424,3211384.78869041,0.177639117623211,0.248433310736543,3 km,"Quintiles, split ties"
sao_paulo_2010,A,municipio,hrs_d_pm25_it1,0.836678925870036,5.22119140176005,2856619.31561217,0.17044401578573,0.274908241710174,3 km,"Quintiles, split ties"
sao_paulo_2010,A,municipio,hrs_d_pm25_it2,9.97039159465979,7.85637129749819,2856619.31561217,0.17044401578573,0.274908241710174,3 km,"Quintiles, split ties"
sao_paulo_2010,A_common,fine,avg_pm10,0.808342663326084,3.14812128612967,3211384.78869041,0.177639117623211,0.248433310736543,3 km,"Quintiles, split ties"
sao_paulo_2010,A_common,fine,avg_pm25,-0.0959952436945279,-0.677209349939079,2856619.31561217,0.17044401578573,0.274908241710174,3 km,"Quintiles, split ties"
sao_paulo_2010,A_common,fine,hrs_d_pm10_it1,3.2444834841774,130.404454980131,3211384.78869041,0.177639117623211,0.248433310736543,3 km,"Quintiles, split ties"
sao_paulo_2010,A_common,fine,hrs_d_pm10_it2,21.239699633287,41.8873939102317,3211384.78869041,0.177639117623211,0.248433310736543,3 km,"Quintiles, split ties"
sao_paulo_2010,A_common,fine,hrs_d_pm25_it1,2.88345954692827,19.7361346090549,2856619.31561217,0.17044401578573,0.274908241710174,3 km,"Quintiles, split ties"
sao_paulo_2010,A_common,fine,hrs_d_pm25_it2,6.4211378974627,5.02051967801729,2856619.31561217,0.17044401578573,0.274908241710174,3 km,"Quintiles, split ties"
sao_paulo_2010,A_common,municipio,avg_pm10,-0.0555004055184973,-0.202865985691647,746182.288595823,0.20006862517351,0.160208737518278,3 km,"Quintiles, split ties"
sao_paulo_2010,A_common,municipio,avg_pm25,-0.673448778619191,-4.41298361099824,498064.977619388,0.210346910314201,0.143137329428732,3 km,"Quintiles, split ties"
sao_paulo_2010,A_common,municipio,hrs_d_pm10_it1,0.0101928004413718,0.183801411943318,746182.288595823,0.20006862517351,0.160208737518278,3 km,"Quintiles, split ties"
sao_paulo_2010,A_common,municipio,hrs_d_pm10_it2,0.10038547998839,0.113117431941845,746182.288595823,0.20006862517351,0.160208737518278,3 km,"Quintiles, split ties"
sao_paulo_2010,A_common,municipio,hrs_d_pm25_it1,-3.45526405578067,-14.2901805346465,498064.977619388,0.210346910314201,0.143137329428732,3 km,"Quintiles, split ties"
sao_paulo_2010,A_common,municipio,hrs_d_pm25_it2,-26.6380176683684,-13.20961796921,498064.977619388,0.210346910314201,0.143137329428732,3 km,"Quintiles, split ties"
sao_paulo_2010,B_common,fine,avg_pm10,0.808342663326084,3.14812128612967,3211384.78869041,0.177639117623211,0.248433310736543,3 km,"Quintiles, split ties"
sao_paulo_2010,B_common,fine,avg_pm25,-0.0959952436945297,-0.67720934993909,2856619.31561217,0.17044401578573,0.274908241710174,3 km,"Quintiles, split ties"
sao_paulo_2010,B_common,fine,hrs_d_pm10_it1,3.2444834841774,130.404454980131,3211384.78869041,0.177639117623211,0.248433310736543,3 km,"Quintiles, split ties"
sao_paulo_2010,B_common,fine,hrs_d_pm10_it2,21.239699633287,41.8873939102317,3211384.78869041,0.177639117623211,0.248433310736543,3 km,"Quintiles, split ties"
sao_paulo_2010,B_common,fine,hrs_d_pm25_it1,2.88345954692827,19.7361346090549,2856619.31561217,0.17044401578573,0.274908241710174,3 km,"Quintiles, split ties"
sao_paulo_2010,B_common,fine,hrs_d_pm25_it2,6.4211378974627,5.02051967801729,2856619.31561217,0.17044401578573,0.274908241710174,3 km,"Quintiles, split ties"
sao_paulo_2010,B_common,municipio,avg_pm10,-0.0577612061425512,-0.20956705361137,746182.288595823,0.20006862517351,0.160208737518278,3 km,"Quintiles, split ties"
sao_paulo_2010,B_common,municipio,avg_pm25,-0.759358414686062,-4.84610004417879,498064.977619388,0.210346910314201,0.143137329428732,3 km,"Quintiles, split ties"
sao_paulo_2010,B_common,municipio,hrs_d_pm10_it1,0.0751701324414089,1.24255456580185,746182.288595823,0.20006862517351,0.160208737518278,3 km,"Quintiles, split ties"
sao_paulo_2010,B_common,municipio,hrs_d_pm10_it2,0.344536708281737,0.362177947960451,746182.288595823,0.20006862517351,0.160208737518278,3 km,"Quintiles, split ties"
sao_paulo_2010,B_common,municipio,hrs_d_pm25_it1,-4.15399909842665,-15.102906522611,498064.977619388,0.210346910314201,0.143137329428732,3 km,"Quintiles, split ties"
sao_paulo_2010,B_common,municipio,hrs_d_pm25_it2,-28.5211577782962,-13.5030047537314,498064.977619388,0.210346910314201,0.143137329428732,3 km,"Quintiles, split ties"
sao_paulo_2010,B_native,fine,avg_pm10,0.808342663326084,3.14812128612967,3211384.78869041,0.177639117623211,0.248433310736543,3 km,"Quintiles, split ties"
sao_paulo_2010,B_native,fine,avg_pm25,-0.0959952436945297,-0.67720934993909,2856619.31561217,0.17044401578573,0.274908241710174,3 km,"Quintiles, split ties"
sao_paulo_2010,B_native,fine,hrs_d_pm10_it1,3.2444834841774,130.404454980131,3211384.78869041,0.177639117623211,0.248433310736543,3 km,"Quintiles, split ties"
sao_paulo_2010,B_native,fine,hrs_d_pm10_it2,21.239699633287,41.8873939102317,3211384.78869041,0.177639117623211,0.248433310736543,3 km,"Quintiles, split ties"
sao_paulo_2010,B_native,fine,hrs_d_pm25_it1,2.88345954692827,19.7361346090549,2856619.31561217,0.17044401578573,0.274908241710174,3 km,"Quintiles, split ties"
sao_paulo_2010,B_native,fine,hrs_d_pm25_it2,6.4211378974627,5.02051967801729,2856619.31561217,0.17044401578573,0.274908241710174,3 km,"Quintiles, split ties"
sao_paulo_2010,B_native,municipio,avg_pm10,0.0248391319875267,0.0887525080903284,1134538.04332875,0.214802808248514,0.142899683031229,3 km,"Quintiles, split ties"
sao_paulo_2010,B_native,municipio,avg_pm25,-0.766635939450884,-4.79240590220192,848104.879456181,0.222738249661054,0.131476913716074,3 km,"Quintiles, split ties"
sao_paulo_2010,B_native,municipio,hrs_d_pm10_it1,0.847400959676139,13.7579582994819,1134538.04332875,0.214802808248514,0.142899683031229,3 km,"Quintiles, split ties"
sao_paulo_2010,B_native,municipio,hrs_d_pm10_it2,4.3568315889045,4.16264911808466,1134538.04332875,0.214802808248514,0.142899683031229,3 km,"Quintiles, split ties"
sao_paulo_2010,B_native,municipio,hrs_d_pm25_it1,-4.62495543398142,-15.7220969488427,848104.879456181,0.222738249661054,0.131476913716074,3 km,"Quintiles, split ties"
sao_paulo_2010,B_native,municipio,hrs_d_pm25_it2,-30.2266903541476,-13.5327421629414,848104.879456181,0.222738249661054,0.131476913716074,3 km,"Quintiles, split ties"
sao_paulo_2010,C,fine,avg_pm10,1.78086300164549,7.0328467036922,3211384.78869041,0.145789029926822,0.269171253990664,3 km,"Quintiles, split ties"
sao_paulo_2010,C,fine,avg_pm25,-0.0524823227475828,-0.373483299262756,2856619.31561217,0.154714503688634,0.372010835710907,3 km,"Quintiles, split ties"
sao_paulo_2010,C,fine,hrs_d_pm10_it1,6.56221513811938,581.521424491254,3211384.78869041,0.145789029926822,0.269171253990664,3 km,"Quintiles, split ties"
sao_paulo_2010,C,fine,hrs_d_pm10_it2,44.8943365274458,107.913551927206,3211384.78869041,0.145789029926822,0.269171253990664,3 km,"Quintiles, split ties"
sao_paulo_2010,C,fine,hrs_d_pm25_it1,4.5470098108637,32.987625990823,2856619.31561217,0.154714503688634,0.372010835710907,3 km,"Quintiles, split ties"
sao_paulo_2010,C,fine,hrs_d_pm25_it2,12.904149937453,10.7715359928501,2856619.31561217,0.154714503688634,0.372010835710907,3 km,"Quintiles, split ties"
sao_paulo_2010,C,municipio,avg_pm10,0.81594340631705,3.15404024024382,3211384.78869041,0.141640022081979,0.711739168686704,3 km,"Quintiles, split ties"
sao_paulo_2010,C,municipio,avg_pm25,-1.1040438765758,-7.939757914728,2856619.31561217,0.105507268599046,0.72966298530998,3 km,"Quintiles, split ties"
sao_paulo_2010,C,municipio,hrs_d_pm10_it1,3.47807029499131,94.5267560737928,3211384.78869041,0.141640022081979,0.711739168686704,3 km,"Quintiles, split ties"
sao_paulo_2010,C,municipio,hrs_d_pm10_it2,24.6004528487534,45.2722936094834,3211384.78869041,0.141640022081979,0.711739168686704,3 km,"Quintiles, split ties"
sao_paulo_2010,C,municipio,hrs_d_pm25_it1,-5.24944825322028,-35.4475536623814,2856619.31561217,0.105507268599046,0.72966298530998,3 km,"Quintiles, split ties"
sao_paulo_2010,C,municipio,hrs_d_pm25_it2,-22.7999229711567,-19.8398490863763,2856619.31561217,0.105507268599046,0.72966298530998,3 km,"Quintiles, split ties"
sao_paulo_2010,baseline_common,fine,avg_pm10,0.808342663326084,3.14812128612967,3211384.78869041,0.177639117623211,0.248433310736543,3 km,"Quintiles, split ties"
sao_paulo_2010,baseline_common,fine,avg_pm25,-0.0959952436945279,-0.677209349939079,2856619.31561217,0.17044401578573,0.274908241710174,3 km,"Quintiles, split ties"
sao_paulo_2010,baseline_common,fine,hrs_d_pm10_it1,3.2444834841774,130.404454980131,3211384.78869041,0.177639117623211,0.248433310736543,3 km,"Quintiles, split ties"
sao_paulo_2010,baseline_common,fine,hrs_d_pm10_it2,21.239699633287,41.8873939102317,3211384.78869041,0.177639117623211,0.248433310736543,3 km,"Quintiles, split ties"
sao_paulo_2010,baseline_common,fine,hrs_d_pm25_it1,2.88345954692827,19.7361346090549,2856619.31561217,0.17044401578573,0.274908241710174,3 km,"Quintiles, split ties"
sao_paulo_2010,baseline_common,fine,hrs_d_pm25_it2,6.4211378974627,5.02051967801729,2856619.31561217,0.17044401578573,0.274908241710174,3 km,"Quintiles, split ties"
sao_paulo_2010,baseline_common,municipio,avg_pm10,-0.0577537623887459,-0.211078767116335,746182.288595823,0.20006862517351,0.160208737518278,3 km,"Quintiles, split ties"
sao_paulo_2010,baseline_common,municipio,avg_pm25,-1.0285644821128,-6.62928566114839,498064.977619388,0.210346910314201,0.143137329428732,3 km,"Quintiles, split ties"
sao_paulo_2010,baseline_common,municipio,hrs_d_pm10_it1,0.295969454333057,5.51207853584828,746182.288595823,0.20006862517351,0.160208737518278,3 km,"Quintiles, split ties"
sao_paulo_2010,baseline_common,municipio,hrs_d_pm10_it2,0.937708754335873,1.0620230784564,746182.288595823,0.20006862517351,0.160208737518278,3 km,"Quintiles, split ties"
sao_paulo_2010,baseline_common,municipio,hrs_d_pm25_it1,-5.8008524046392,-22.3873120114627,498064.977619388,0.210346910314201,0.143137329428732,3 km,"Quintiles, split ties"
sao_paulo_2010,baseline_common,municipio,hrs_d_pm25_it2,-42.7420298870197,-20.0545062286016,498064.977619388,0.210346910314201,0.143137329428732,3 km,"Quintiles, split ties"
bogota_2018,A,fine,avg_pm10,6.02579953929293,22.3124164169872,4255038,0.0220566772846682,0.0888997936093638,3 km,Six levels: none - graduate
bogota_2018,A,fine,avg_pm25,2.07755051353548,15.2347901006297,4251366,0.0220451497236418,0.0889709331071472,3 km,Six levels: none - graduate
bogota_2018,A,fine,hrs_d_pm10_it1,20.9415184732329,445.836909119122,4255038,0.0220566772846682,0.0888997936093638,3 km,Six levels: none - graduate
bogota_2018,A,fine,hrs_d_pm10_it2,87.1186620670891,198.137384205995,4255038,0.0220566772846682,0.0888997936093638,3 km,Six levels: none - graduate
bogota_2018,A,fine,hrs_d_pm25_it1,10.7588876522529,429.901336935912,4251366,0.0220451497236418,0.0889709331071472,3 km,Six levels: none - graduate
bogota_2018,A,fine,hrs_d_pm25_it2,69.9402772300498,138.857595333546,4251366,0.0220451497236418,0.0889709331071472,3 km,Six levels: none - graduate
bogota_2018,A,localidad,avg_pm10,4.95360205079289,17.5753134940881,4255038,0.0220566772846682,0.0888997936093638,3 km,Six levels: none - graduate
bogota_2018,A,localidad,avg_pm25,1.61767073790987,11.4455205371565,4251366,0.0220451497236418,0.0889709331071472,3 km,Six levels: none - graduate
bogota_2018,A,localidad,hrs_d_pm10_it1,22.3626329536859,469.095767444003,4255038,0.0220566772846682,0.0888997936093638,3 km,Six levels: none - graduate
bogota_2018,A,localidad,hrs_d_pm10_it2,85.5654656619795,177.719967411583,4255038,0.0220566772846682,0.0888997936093638,3 km,Six levels: none - graduate
bogota_2018,A,localidad,hrs_d_pm25_it1,8.98158304405394,272.04908904038,4251366,0.0220451497236418,0.0889709331071472,3 km,Six levels: none - graduate
bogota_2018,A,localidad,hrs_d_pm25_it2,58.1225529202918,98.5085231286272,4251366,0.0220451497236418,0.0889709331071472,3 km,Six levels: none - graduate
bogota_2018,A,municipio,avg_pm10,1.20352470126848,3.78392879099856,4255038,0.0220566772846682,0.0888997936093638,3 km,Six levels: none - graduate
bogota_2018,A,municipio,avg_pm25,0.20829225541187,1.33773783459727,4251366,0.0220451497236418,0.0889709331071472,3 km,Six levels: none - graduate
bogota_2018,A,municipio,hrs_d_pm10_it1,18.1197913931251,222.881373935987,4255038,0.0220566772846682,0.0888997936093638,3 km,Six levels: none - graduate
bogota_2018,A,municipio,hrs_d_pm10_it2,36.3287991887787,40.3381178966016,4255038,0.0220566772846682,0.0888997936093638,3 km,Six levels: none - graduate
bogota_2018,A,municipio,hrs_d_pm25_it1,4.2651974846732,60.2152704714529,4251366,0.0220451497236418,0.0889709331071472,3 km,Six levels: none - graduate
bogota_2018,A,municipio,hrs_d_pm25_it2,14.7861901242923,14.8700177019449,4251366,0.0220451497236418,0.0889709331071472,3 km,Six levels: none - graduate
bogota_2018,A,seccion,avg_pm10,6.02939222488556,22.3261567474536,4255038,0.0220566772846682,0.0888997936093638,3 km,Six levels: none - graduate
bogota_2018,A,seccion,avg_pm25,2.07793774973606,15.2365798925096,4251366,0.0220451497236418,0.0889709331071472,3 km,Six levels: none - graduate
bogota_2018,A,seccion,hrs_d_pm10_it1,20.9492216733941,444.721028739572,4255038,0.0220566772846682,0.0888997936093638,3 km,Six levels: none - graduate
bogota_2018,A,seccion,hrs_d_pm10_it2,87.0159896614258,197.404264389056,4255038,0.0220566772846682,0.0888997936093638,3 km,Six levels: none - graduate
bogota_2018,A,seccion,hrs_d_pm25_it1,10.7243523663976,425.233607811229,4251366,0.0220451497236418,0.0889709331071472,3 km,Six levels: none - graduate
bogota_2018,A,seccion,hrs_d_pm25_it2,69.7293019548416,137.928028192416,4251366,0.0220451497236418,0.0889709331071472,3 km,Six levels: none - graduate
bogota_2018,A,sector,avg_pm10,5.99988843763437,22.1910070955546,4255038,0.0220566772846682,0.0888997936093638,3 km,Six levels: none - graduate
bogota_2018,A,sector,avg_pm25,2.06095433079764,15.0944043294625,4251366,0.0220451497236418,0.0889709331071472,3 km,Six levels: none - graduate
bogota_2018,A,sector,hrs_d_pm10_it1,20.9986845082581,442.679652900034,4255038,0.0220566772846682,0.0888997936093638,3 km,Six levels: none - graduate
bogota_2018,A,sector,hrs_d_pm10_it2,86.1640692936519,192.783424936531,4255038,0.0220566772846682,0.0888997936093638,3 km,Six levels: none - graduate
bogota_2018,A,sector,hrs_d_pm25_it1,10.722322254696,423.099608240457,4251366,0.0220451497236418,0.0889709331071472,3 km,Six levels: none - graduate
bogota_2018,A,sector,hrs_d_pm25_it2,69.0304305360613,135.249807336911,4251366,0.0220451497236418,0.0889709331071472,3 km,Six levels: none - graduate
bogota_2018,A_common,fine,avg_pm10,6.02579953929293,22.3124164169872,4255038,0.0220566772846682,0.0888997936093638,3 km,Six levels: none - graduate
bogota_2018,A_common,fine,avg_pm25,2.07755051353548,15.2347901006297,4251366,0.0220451497236418,0.0889709331071472,3 km,Six levels: none - graduate
bogota_2018,A_common,fine,hrs_d_pm10_it1,20.9415184732329,445.836909119122,4255038,0.0220566772846682,0.0888997936093638,3 km,Six levels: none - graduate
bogota_2018,A_common,fine,hrs_d_pm10_it2,87.1186620670891,198.137384205995,4255038,0.0220566772846682,0.0888997936093638,3 km,Six levels: none - graduate
bogota_2018,A_common,fine,hrs_d_pm25_it1,10.7588876522529,429.901336935912,4251366,0.0220451497236418,0.0889709331071472,3 km,Six levels: none - graduate
bogota_2018,A_common,fine,hrs_d_pm25_it2,69.9402772300498,138.857595333546,4251366,0.0220451497236418,0.0889709331071472,3 km,Six levels: none - graduate
bogota_2018,A_common,localidad,avg_pm10,2.6703477626555,9.44280601840064,2951799,0.0198983738391401,0.108662209046077,3 km,Six levels: none - graduate
bogota_2018,A_common,localidad,avg_pm25,1.20329745334441,8.47199148499049,2951799,0.0198983738391401,0.108662209046077,3 km,Six levels: none - graduate
bogota_2018,A_common,localidad,hrs_d_pm10_it1,0.870465734240652,52.4136810105327,2951799,0.0198983738391401,0.108662209046077,3 km,Six levels: none - graduate
bogota_2018,A_common,localidad,hrs_d_pm10_it2,24.4588849820298,60.4410740540825,2951799,0.0198983738391401,0.108662209046077,3 km,Six levels: none - graduate
bogota_2018,A_common,localidad,hrs_d_pm25_it1,1.49705862333321,78.6489158211472,2951799,0.0198983738391401,0.108662209046077,3 km,Six levels: none - graduate
bogota_2018,A_common,localidad,hrs_d_pm25_it2,29.6098837173658,54.9724940378671,2951799,0.0198983738391401,0.108662209046077,3 km,Six levels: none - graduate
bogota_2018,A_common,municipio,avg_pm10,-0.447733251170043,-1.51710084441226,126498,0.0192018846147765,0.0565621590855191,3 km,Six levels: none - graduate
bogota_2018,A_common,municipio,avg_pm25,-0.528093221402926,-3.98367479773152,126498,0.0192018846147765,0.0565621590855191,3 km,Six levels: none - graduate
bogota_2018,A_common,municipio,hrs_d_pm10_it1,0.174573176394399,66.5078750674104,126498,0.0192018846147765,0.0565621590855191,3 km,Six levels: none - graduate
bogota_2018,A_common,municipio,hrs_d_pm10_it2,1.43035021780051,5.6530288061309,126498,0.0192018846147765,0.0565621590855191,3 km,Six levels: none - graduate
bogota_2018,A_common,municipio,hrs_d_pm25_it1,0.0775033658687281,3.93949679465784,126498,0.0192018846147765,0.0565621590855191,3 km,Six levels: none - graduate
bogota_2018,A_common,municipio,hrs_d_pm25_it2,0.53471530248509,1.76319768998794,126498,0.0192018846147765,0.0565621590855191,3 km,Six levels: none - graduate
bogota_2018,A_common,seccion,avg_pm10,6.00415371156816,22.2070452746437,4154476,0.0220995379441354,0.0890754935159091,3 km,Six levels: none - graduate
bogota_2018,A_common,seccion,avg_pm25,2.07268919276119,15.1973857625039,4150804,0.0220877690201706,0.0891485119509377,3 km,Six levels: none - graduate
bogota_2018,A_common,seccion,hrs_d_pm10_it1,20.8029850524791,442.294337674012,4154476,0.0220995379441354,0.0890754935159091,3 km,Six levels: none - graduate
bogota_2018,A_common,seccion,hrs_d_pm10_it2,87.1419424796495,195.829687133441,4154476,0.0220995379441354,0.0890754935159091,3 km,Six levels: none - graduate
bogota_2018,A_common,seccion,hrs_d_pm25_it1,10.7099643815596,424.579516673835,4150804,0.0220877690201706,0.0891485119509377,3 km,Six levels: none - graduate
bogota_2018,A_common,seccion,hrs_d_pm25_it2,69.3992619558329,136.516108917947,4150804,0.0220877690201706,0.0891485119509377,3 km,Six levels: none - graduate
bogota_2018,A_common,sector,avg_pm10,5.76440216964418,21.3515909343695,3973908,0.0220523474624979,0.09105469980684,3 km,Six levels: none - graduate
bogota_2018,A_common,sector,avg_pm25,1.99827849588857,14.662777287038,3971949,0.0220468591112323,0.0910955805323784,3 km,Six levels: none - graduate
bogota_2018,A_common,sector,hrs_d_pm10_it1,18.75826301833,433.233799083498,3973908,0.0220523474624979,0.09105469980684,3 km,Six levels: none - graduate
bogota_2018,A_common,sector,hrs_d_pm10_it2,82.3903754483852,184.886392838221,3973908,0.0220523474624979,0.09105469980684,3 km,Six levels: none - graduate
bogota_2018,A_common,sector,hrs_d_pm25_it1,9.85850733962635,412.851263477983,3971949,0.0220468591112323,0.0910955805323784,3 km,Six levels: none - graduate
bogota_2018,A_common,sector,hrs_d_pm25_it2,65.5115353115499,129.130741140865,3971949,0.0220468591112323,0.0910955805323784,3 km,Six levels: none - graduate
bogota_2018,B_common,fine,avg_pm10,6.02579953929293,22.3124164169871,4255038,0.0220566772846682,0.0888997936093638,3 km,Six levels: none - graduate
bogota_2018,B_common,fine,avg_pm25,2.07755051353548,15.2347901006296,4251366,0.0220451497236418,0.0889709331071472,3 km,Six levels: none - graduate
bogota_2018,B_common,fine,hrs_d_pm10_it1,20.9415184732329,445.836909119122,4255038,0.0220566772846682,0.0888997936093638,3 km,Six levels: none - graduate
bogota_2018,B_common,fine,hrs_d_pm10_it2,87.1186620670891,198.137384205995,4255038,0.0220566772846682,0.0888997936093638,3 km,Six levels: none - graduate
bogota_2018,B_common,fine,hrs_d_pm25_it1,10.7588876522529,429.901336935912,4251366,0.0220451497236418,0.0889709331071472,3 km,Six levels: none - graduate
bogota_2018,B_common,fine,hrs_d_pm25_it2,69.9402772300498,138.857595333546,4251366,0.0220451497236418,0.0889709331071472,3 km,Six levels: none - graduate
bogota_2018,B_common,localidad,avg_pm10,2.9094650410777,9.95649318108109,2951799,0.0198983738391401,0.108662209046077,3 km,Six levels: none - graduate
bogota_2018,B_common,localidad,avg_pm25,1.28927785441824,9.28233124250051,2951799,0.0198983738391401,0.108662209046077,3 km,Six levels: none - graduate
bogota_2018,B_common,localidad,hrs_d_pm10_it1,1.65553205366506,62.1938972310797,2951799,0.0198983738391401,0.108662209046077,3 km,Six levels: none - graduate
bogota_2018,B_common,localidad,hrs_d_pm10_it2,32.2103550864328,80.8435034870405,2951799,0.0198983738391401,0.108662209046077,3 km,Six levels: none - graduate
bogota_2018,B_common,localidad,hrs_d_pm25_it1,0.657836916874181,65.1994862078643,2951799,0.0198983738391401,0.108662209046077,3 km,Six levels: none - graduate
bogota_2018,B_common,localidad,hrs_d_pm25_it2,26.5443607300406,66.3180973141085,2951799,0.0198983738391401,0.108662209046077,3 km,Six levels: none - graduate
bogota_2018,B_common,municipio,avg_pm10,-0.632964882075921,-2.36323840816927,126498,0.0192018846147765,0.0565621590855191,3 km,Six levels: none - graduate
bogota_2018,B_common,municipio,avg_pm25,-0.665877848065678,-5.36081973304474,126498,0.0192018846147765,0.0565621590855191,3 km,Six levels: none - graduate
bogota_2018,B_common,municipio,hrs_d_pm10_it1,0,,126498,0.0192018846147765,0.0565621590855191,3 km,Six levels: none - graduate
bogota_2018,B_common,municipio,hrs_d_pm10_it2,-0.510897238383508,-3.84284695832178,126498,0.0192018846147765,0.0565621590855191,3 km,Six levels: none - graduate
bogota_2018,B_common,municipio,hrs_d_pm25_it1,-0.12041241704664,-27.1954180545679,126498,0.0192018846147765,0.0565621590855191,3 km,Six levels: none - graduate
bogota_2018,B_common,municipio,hrs_d_pm25_it2,-2.18456980481884,-10.2731494929207,126498,0.0192018846147765,0.0565621590855191,3 km,Six levels: none - graduate
bogota_2018,B_common,seccion,avg_pm10,5.95223295132355,22.0046723799968,4154476,0.0220995379441354,0.0890754935159091,3 km,Six levels: none - graduate
bogota_2018,B_common,seccion,avg_pm25,2.05149618104662,15.0371802059884,4150804,0.0220877690201706,0.0891485119509377,3 km,Six levels: none - graduate
bogota_2018,B_common,seccion,hrs_d_pm10_it1,20.6921231944799,452.398981315032,4154476,0.0220995379441354,0.0890754935159091,3 km,Six levels: none - graduate
bogota_2018,B_common,seccion,hrs_d_pm10_it2,86.8513946956976,197.795298105486,4154476,0.0220995379441354,0.0890754935159091,3 km,Six levels: none - graduate
bogota_2018,B_common,seccion,hrs_d_pm25_it1,10.5146904405692,413.472596714539,4150804,0.0220877690201706,0.0891485119509377,3 km,Six levels: none - graduate
bogota_2018,B_common,seccion,hrs_d_pm25_it2,68.9052647620893,136.824290389859,4150804,0.0220877690201706,0.0891485119509377,3 km,Six levels: none - graduate
bogota_2018,B_common,sector,avg_pm10,5.63774361404142,20.9107196604557,3973908,0.0220523474624979,0.09105469980684,3 km,Six levels: none - graduate
bogota_2018,B_common,sector,avg_pm25,1.98488905986498,14.6048788418442,3971949,0.0220468591112323,0.0910955805323784,3 km,Six levels: none - graduate
bogota_2018,B_common,sector,hrs_d_pm10_it1,18.1850936844844,460.646672678383,3973908,0.0220523474624979,0.09105469980684,3 km,Six levels: none - graduate
bogota_2018,B_common,sector,hrs_d_pm10_it2,80.8988291613327,183.493264871949,3973908,0.0220523474624979,0.09105469980684,3 km,Six levels: none - graduate
bogota_2018,B_common,sector,hrs_d_pm25_it1,9.70273083187835,435.082895492914,3971949,0.0220468591112323,0.0910955805323784,3 km,Six levels: none - graduate
bogota_2018,B_common,sector,hrs_d_pm25_it2,64.5385454310751,131.662341656103,3971949,0.0220468591112323,0.0910955805323784,3 km,Six levels: none - graduate
bogota_2018,B_native,fine,avg_pm10,6.02579953929293,22.3124164169871,4255038,0.0220566772846682,0.0888997936093638,3 km,Six levels: none - graduate
bogota_2018,B_native,fine,avg_pm25,2.07755051353548,15.2347901006296,4251366,0.0220451497236418,0.0889709331071472,3 km,Six levels: none - graduate
bogota_2018,B_native,fine,hrs_d_pm10_it1,20.9415184732329,445.836909119122,4255038,0.0220566772846682,0.0888997936093638,3 km,Six levels: none - graduate
bogota_2018,B_native,fine,hrs_d_pm10_it2,87.1186620670891,198.137384205995,4255038,0.0220566772846682,0.0888997936093638,3 km,Six levels: none - graduate
bogota_2018,B_native,fine,hrs_d_pm25_it1,10.7588876522529,429.901336935912,4251366,0.0220451497236418,0.0889709331071472,3 km,Six levels: none - graduate
bogota_2018,B_native,fine,hrs_d_pm25_it2,69.9402772300498,138.857595333546,4251366,0.0220451497236418,0.0889709331071472,3 km,Six levels: none - graduate
bogota_2018,B_native,localidad,avg_pm10,2.50411714176252,8.65298816153335,3401841,0.0200353279297886,0.106063158154658,3 km,Six levels: none - graduate
bogota_2018,B_native,localidad,avg_pm25,1.09353390303415,7.92325849606459,3401841,0.0200353279297886,0.106063158154658,3 km,Six levels: none - graduate
bogota_2018,B_native,localidad,hrs_d_pm10_it1,1.37944321309742,56.4957593543653,3401841,0.0200353279297886,0.106063158154658,3 km,Six levels: none - graduate
bogota_2018,B_native,localidad,hrs_d_pm10_it2,27.26414293905,73.9986823387216,3401841,0.0200353279297886,0.106063158154658,3 km,Six levels: none - graduate
bogota_2018,B_native,localidad,hrs_d_pm25_it1,0.560714920984543,56.2618852746978,3401841,0.0200353279297886,0.106063158154658,3 km,Six levels: none - graduate
bogota_2018,B_native,localidad,hrs_d_pm25_it2,22.4732067097018,59.0169542921364,3401841,0.0200353279297886,0.106063158154658,3 km,Six levels: none - graduate
bogota_2018,B_native,municipio,avg_pm10,-1.75950571109727,-6.50915075228813,224520,0.0221093889185819,0.0534072688401924,3 km,Six levels: none - graduate
bogota_2018,B_native,municipio,avg_pm25,-1.18462201089806,-9.34946916023461,224520,0.0221093889185819,0.0534072688401924,3 km,Six levels: none - graduate
bogota_2018,B_native,municipio,hrs_d_pm10_it1,0,,224520,0.0221093889185819,0.0534072688401924,3 km,Six levels: none - graduate
bogota_2018,B_native,municipio,hrs_d_pm10_it2,-1.41706272989727,-12.7612589984441,224520,0.0221093889185819,0.0534072688401924,3 km,Six levels: none - graduate
bogota_2018,B_native,municipio,hrs_d_pm25_it1,-0.043902151701071,-6.69333377047098,224520,0.0221093889185819,0.0534072688401924,3 km,Six levels: none - graduate
bogota_2018,B_native,municipio,hrs_d_pm25_it2,-5.36460813243561,-27.3458524947544,224520,0.0221093889185819,0.0534072688401924,3 km,Six levels: none - graduate
bogota_2018,B_native,seccion,avg_pm10,5.96831421552282,22.1052022805401,4234229,0.0221010720015379,0.0889014269185724,3 km,Six levels: none - graduate
bogota_2018,B_native,seccion,avg_pm25,2.0557754779334,15.0951871874729,4228451,0.0220922508029536,0.0889999671274422,3 km,Six levels: none - graduate
bogota_2018,B_native,seccion,hrs_d_pm10_it1,20.7714467299148,452.627110887636,4234229,0.0221010720015379,0.0889014269185724,3 km,Six levels: none - graduate
bogota_2018,B_native,seccion,hrs_d_pm10_it2,86.8294039552971,199.028988303263,4234229,0.0221010720015379,0.0889014269185724,3 km,Six levels: none - graduate
bogota_2018,B_native,seccion,hrs_d_pm25_it1,10.5688059985127,417.845553635265,4228451,0.0220922508029536,0.0889999671274422,3 km,Six levels: none - graduate
bogota_2018,B_native,seccion,hrs_d_pm25_it2,68.8872398850655,137.970364163626,4228451,0.0220922508029536,0.0889999671274422,3 km,Six levels: none - graduate
bogota_2018,B_native,sector,avg_pm10,5.55667686128298,20.673895004635,4100522,0.0220637762704358,0.0912795980609298,3 km,Six levels: none - graduate
bogota_2018,B_native,sector,avg_pm25,1.95330403015042,14.4104673079188,4096457,0.0220612592784448,0.0913484506245275,3 km,Six levels: none - graduate
bogota_2018,B_native,sector,hrs_d_pm10_it1,17.700048039764,459.12528645827,4100522,0.0220637762704358,0.0912795980609298,3 km,Six levels: none - graduate
bogota_2018,B_native,sector,hrs_d_pm10_it2,79.2491164581168,182.600140057144,4100522,0.0220637762704358,0.0912795980609298,3 km,Six levels: none - graduate
bogota_2018,B_native,sector,hrs_d_pm25_it1,9.46896969755094,434.286614953346,4096457,0.0220612592784448,0.0913484506245275,3 km,Six levels: none - graduate
bogota_2018,B_native,sector,hrs_d_pm25_it2,63.2996254214076,131.200570790112,4096457,0.0220612592784448,0.0913484506245275,3 km,Six levels: none - graduate
bogota_2018,C,fine,avg_pm10,13.8009170936648,65.952784571193,4255038,6.11040371437341e-06,0.00312923174834161,3 km,Six levels: none - graduate
bogota_2018,C,fine,avg_pm25,3.86647613210088,31.6394408966504,4251366,6.11568140687017e-06,0.00313193453586447,3 km,Six levels: none - graduate
bogota_2018,C,fine,hrs_d_pm10_it1,17.257439556313,146358.476237139,4255038,6.11040371437341e-06,0.00312923174834161,3 km,Six levels: none - graduate
bogota_2018,C,fine,hrs_d_pm10_it2,146.494549235969,5207.50439991703,4255038,6.11040371437341e-06,0.00312923174834161,3 km,Six levels: none - graduate
bogota_2018,C,fine,hrs_d_pm25_it1,43.2731014760681,5137.59559655681,4251366,6.11568140687017e-06,0.00313193453586447,3 km,Six levels: none - graduate
bogota_2018,C,fine,hrs_d_pm25_it2,186.012614460268,649.457455078551,4251366,6.11568140687017e-06,0.00313193453586447,3 km,Six levels: none - graduate
bogota_2018,C,localidad,avg_pm10,,,4255038,0,0,3 km,Six levels: none - graduate
bogota_2018,C,localidad,avg_pm25,,,4251366,0,0,3 km,Six levels: none - graduate
bogota_2018,C,localidad,hrs_d_pm10_it1,,,4255038,0,0,3 km,Six levels: none - graduate
bogota_2018,C,localidad,hrs_d_pm10_it2,,,4255038,0,0,3 km,Six levels: none - graduate
bogota_2018,C,localidad,hrs_d_pm25_it1,,,4251366,0,0,3 km,Six levels: none - graduate
bogota_2018,C,localidad,hrs_d_pm25_it2,,,4251366,0,0,3 km,Six levels: none - graduate
bogota_2018,C,municipio,avg_pm10,,,4255038,0,0,3 km,Six levels: none - graduate
bogota_2018,C,municipio,avg_pm25,,,4251366,0,0,3 km,Six levels: none - graduate
bogota_2018,C,municipio,hrs_d_pm10_it1,,,4255038,0,0,3 km,Six levels: none - graduate
bogota_2018,C,municipio,hrs_d_pm10_it2,,,4255038,0,0,3 km,Six levels: none - graduate
bogota_2018,C,municipio,hrs_d_pm25_it1,,,4251366,0,0,3 km,Six levels: none - graduate
bogota_2018,C,municipio,hrs_d_pm25_it2,,,4251366,0,0,3 km,Six levels: none - graduate
bogota_2018,C,seccion,avg_pm10,,,4255038,0,0.000320091148422176,3 km,Six levels: none - graduate
bogota_2018,C,seccion,avg_pm25,,,4251366,0,0.000320367618313737,3 km,Six levels: none - graduate
bogota_2018,C,seccion,hrs_d_pm10_it1,,,4255038,0,0.000320091148422176,3 km,Six levels: none - graduate
bogota_2018,C,seccion,hrs_d_pm10_it2,,,4255038,0,0.000320091148422176,3 km,Six levels: none - graduate
bogota_2018,C,seccion,hrs_d_pm25_it1,,,4251366,0,0.000320367618313737,3 km,Six levels: none - graduate
bogota_2018,C,seccion,hrs_d_pm25_it2,,,4251366,0,0.000320367618313737,3 km,Six levels: none - graduate
bogota_2018,C,sector,avg_pm10,,,4255038,0,0.000194827872277521,3 km,Six levels: none - graduate
bogota_2018,C,sector,avg_pm25,,,4251366,0,0.000194996149472899,3 km,Six levels: none - graduate
bogota_2018,C,sector,hrs_d_pm10_it1,,,4255038,0,0.000194827872277521,3 km,Six levels: none - graduate
bogota_2018,C,sector,hrs_d_pm10_it2,,,4255038,0,0.000194827872277521,3 km,Six levels: none - graduate
bogota_2018,C,sector,hrs_d_pm25_it1,,,4251366,0,0.000194996149472899,3 km,Six levels: none - graduate
bogota_2018,C,sector,hrs_d_pm25_it2,,,4251366,0,0.000194996149472899,3 km,Six levels: none - graduate
bogota_2018,baseline_common,fine,avg_pm10,6.02579953929293,22.3124164169872,4255038,0.0220566772846682,0.0888997936093638,3 km,Six levels: none - graduate
bogota_2018,baseline_common,fine,avg_pm25,2.07755051353548,15.2347901006297,4251366,0.0220451497236418,0.0889709331071472,3 km,Six levels: none - graduate
bogota_2018,baseline_common,fine,hrs_d_pm10_it1,20.9415184732329,445.836909119122,4255038,0.0220566772846682,0.0888997936093638,3 km,Six levels: none - graduate
bogota_2018,baseline_common,fine,hrs_d_pm10_it2,87.1186620670891,198.137384205995,4255038,0.0220566772846682,0.0888997936093638,3 km,Six levels: none - graduate
bogota_2018,baseline_common,fine,hrs_d_pm25_it1,10.7588876522529,429.901336935912,4251366,0.0220451497236418,0.0889709331071472,3 km,Six levels: none - graduate
bogota_2018,baseline_common,fine,hrs_d_pm25_it2,69.9402772300498,138.857595333546,4251366,0.0220451497236418,0.0889709331071472,3 km,Six levels: none - graduate
bogota_2018,baseline_common,localidad,avg_pm10,3.85260795487808,14.3298761685137,2951799,0.0198983738391401,0.108662209046077,3 km,Six levels: none - graduate
bogota_2018,baseline_common,localidad,avg_pm25,1.75685344224006,12.9287731510713,2951799,0.0198983738391401,0.108662209046077,3 km,Six levels: none - graduate
bogota_2018,baseline_common,localidad,hrs_d_pm10_it1,0.860845592438444,59.6100117937575,2951799,0.0198983738391401,0.108662209046077,3 km,Six levels: none - graduate
bogota_2018,baseline_common,localidad,hrs_d_pm10_it2,27.0343069160515,77.3329292941405,2951799,0.0198983738391401,0.108662209046077,3 km,Six levels: none - graduate
bogota_2018,baseline_common,localidad,hrs_d_pm25_it1,2.2223747105508,172.272200560315,2951799,0.0198983738391401,0.108662209046077,3 km,Six levels: none - graduate
bogota_2018,baseline_common,localidad,hrs_d_pm25_it2,38.3830263259927,85.7060125700478,2951799,0.0198983738391401,0.108662209046077,3 km,Six levels: none - graduate
bogota_2018,baseline_common,municipio,avg_pm10,-0.0738055571545786,-0.25264823531882,126498,0.0192018846147765,0.0565621590855191,3 km,Six levels: none - graduate
bogota_2018,baseline_common,municipio,avg_pm25,-0.263688237916297,-2.01092098636571,126498,0.0192018846147765,0.0565621590855191,3 km,Six levels: none - graduate
bogota_2018,baseline_common,municipio,hrs_d_pm10_it1,0.393799647227955,243.109273159277,126498,0.0192018846147765,0.0565621590855191,3 km,Six levels: none - graduate
bogota_2018,baseline_common,municipio,hrs_d_pm10_it2,5.70038916550797,26.5483853929633,126498,0.0192018846147765,0.0565621590855191,3 km,Six levels: none - graduate
bogota_2018,baseline_common,municipio,hrs_d_pm25_it1,0.219319318541764,11.4508882382248,126498,0.0192018846147765,0.0565621590855191,3 km,Six levels: none - graduate
bogota_2018,baseline_common,municipio,hrs_d_pm25_it2,5.77899564975852,22.3149522245608,126498,0.0192018846147765,0.0565621590855191,3 km,Six levels: none - graduate
bogota_2018,baseline_common,seccion,avg_pm10,5.99990724572065,22.1901036241952,4154476,0.0220995379441354,0.0890754935159091,3 km,Six levels: none - graduate
bogota_2018,baseline_common,seccion,avg_pm25,2.07195111977404,15.1923219284551,4150804,0.0220877690201706,0.0891485119509377,3 km,Six levels: none - graduate
bogota_2018,baseline_common,seccion,hrs_d_pm10_it1,20.7948424302264,443.365573224837,4154476,0.0220995379441354,0.0890754935159091,3 km,Six levels: none - graduate
bogota_2018,baseline_common,seccion,hrs_d_pm10_it2,87.2468924410545,196.545812709758,4154476,0.0220995379441354,0.0890754935159091,3 km,Six levels: none - graduate
bogota_2018,baseline_common,seccion,hrs_d_pm25_it1,10.7454043835933,429.366894832867,4150804,0.0220877690201706,0.0891485119509377,3 km,Six levels: none - graduate
bogota_2018,baseline_common,seccion,hrs_d_pm25_it2,69.6158350758917,137.449423923249,4150804,0.0220877690201706,0.0891485119509377,3 km,Six levels: none - graduate
bogota_2018,baseline_common,sector,avg_pm10,5.79036783522233,21.4719170158401,3973908,0.0220523474624979,0.09105469980684,3 km,Six levels: none - graduate
bogota_2018,baseline_common,sector,avg_pm25,2.01538226795659,14.8068030835042,3971949,0.0220468591112323,0.0910955805323784,3 km,Six levels: none - graduate
bogota_2018,baseline_common,sector,hrs_d_pm10_it1,18.6943628482901,436.421512354318,3973908,0.0220523474624979,0.09105469980684,3 km,Six levels: none - graduate
bogota_2018,baseline_common,sector,hrs_d_pm10_it2,83.3782595865153,190.2418561522,3973908,0.0220523474624979,0.09105469980684,3 km,Six levels: none - graduate
bogota_2018,baseline_common,sector,hrs_d_pm25_it1,9.89771109117552,420.284274101138,3971949,0.0220468591112323,0.0910955805323784,3 km,Six levels: none - graduate
bogota_2018,baseline_common,sector,hrs_d_pm25_it2,66.4691366821962,132.818386001459,3971949,0.0220468591112323,0.0910955805323784,3 km,Six levels: none - graduate
santiago_2017,A,comuna,avg_pm10,4.54240102639981,7.09784731431959,1429271,0.0199696208766567,0.0204999611690155,3 km,Six levels: none - graduate
santiago_2017,A,comuna,avg_pm25,2.26746044808276,10.1916470386029,1429271,0.0199696208766567,0.0204999611690155,3 km,Six levels: none - graduate
santiago_2017,A,comuna,hrs_d_pm10_it1,155.355229282377,43.8500485708248,1429271,0.0199696208766567,0.0204999611690155,3 km,Six levels: none - graduate
santiago_2017,A,comuna,hrs_d_pm10_it2,277.137649590422,21.1910358088096,1429271,0.0199696208766567,0.0204999611690155,3 km,Six levels: none - graduate
santiago_2017,A,comuna,hrs_d_pm25_it1,124.49103990602,88.0741089146163,1429271,0.0199696208766567,0.0204999611690155,3 km,Six levels: none - graduate
santiago_2017,A,comuna,hrs_d_pm25_it2,246.886249666984,35.6526000589631,1429271,0.0199696208766567,0.0204999611690155,3 km,Six levels: none - graduate
santiago_2017,A,distrito,avg_pm10,4.53746461690571,7.09220177687611,1429271,0.0199696208766567,0.0204999611690155,3 km,Six levels: none - graduate
santiago_2017,A,distrito,avg_pm25,2.23543528821697,10.0436798171692,1429271,0.0199696208766567,0.0204999611690155,3 km,Six levels: none - graduate
santiago_2017,A,distrito,hrs_d_pm10_it1,154.591089498216,43.6514225899016,1429271,0.0199696208766567,0.0204999611690155,3 km,Six levels: none - graduate
santiago_2017,A,distrito,hrs_d_pm10_it2,276.083628650782,21.1231098062403,1429271,0.0199696208766567,0.0204999611690155,3 km,Six levels: none - graduate
santiago_2017,A,distrito,hrs_d_pm25_it1,124.085640171744,87.8669626531408,1429271,0.0199696208766567,0.0204999611690155,3 km,Six levels: none - graduate
santiago_2017,A,distrito,hrs_d_pm25_it2,244.264120081467,35.2358953044311,1429271,0.0199696208766567,0.0204999611690155,3 km,Six levels: none - graduate
santiago_2017,A,fine,avg_pm10,4.53278021974071,7.08457850608741,1429271,0.0199696208766567,0.0204999611690155,3 km,Six levels: none - graduate
santiago_2017,A,fine,avg_pm25,2.23738907957875,10.052703301909,1429271,0.0199696208766567,0.0204999611690155,3 km,Six levels: none - graduate
santiago_2017,A,fine,hrs_d_pm10_it1,154.541796067014,43.631980951442,1429271,0.0199696208766567,0.0204999611690155,3 km,Six levels: none - graduate
santiago_2017,A,fine,hrs_d_pm10_it2,275.284083292139,21.0539918284912,1429271,0.0199696208766567,0.0204999611690155,3 km,Six levels: none - graduate
santiago_2017,A,fine,hrs_d_pm25_it1,124.232687452035,87.988615255571,1429271,0.0199696208766567,0.0204999611690155,3 km,Six levels: none - graduate
santiago_2017,A,fine,hrs_d_pm25_it2,243.56465693931,35.1086901895415,1429271,0.0199696208766567,0.0204999611690155,3 km,Six levels: none - graduate
santiago_2017,A_common,comuna,avg_pm10,3.09151768920219,4.71386301077337,971812,0.0196272530077834,0.0216842352224504,3 km,Six levels: none - graduate
santiago_2017,A_common,comuna,avg_pm25,2.37278142303602,10.4583301879906,971812,0.0196272530077834,0.0216842352224504,3 km,Six levels: none - graduate
santiago_2017,A_common,comuna,hrs_d_pm10_it1,140.242140767854,35.2298198618354,971812,0.0196272530077834,0.0216842352224504,3 km,Six levels: none - graduate
santiago_2017,A_common,comuna,hrs_d_pm10_it2,209.311421151083,14.781187968572,971812,0.0196272530077834,0.0216842352224504,3 km,Six levels: none - graduate
santiago_2017,A_common,comuna,hrs_d_pm25_it1,142.160803862001,89.2678086658737,971812,0.0196272530077834,0.0216842352224504,3 km,Six levels: none - graduate
santiago_2017,A_common,comuna,hrs_d_pm25_it2,258.328396416931,34.357972360802,971812,0.0196272530077834,0.0216842352224504,3 km,Six levels: none - graduate
santiago_2017,A_common,distrito,avg_pm10,4.16630410427769,6.43244884504599,1251147,0.0201223357447206,0.0206330670976312,3 km,Six levels: none - graduate
santiago_2017,A_common,distrito,avg_pm25,2.22898856181954,9.95589439367719,1251147,0.0201223357447206,0.0206330670976312,3 km,Six levels: none - graduate
santiago_2017,A_common,distrito,hrs_d_pm10_it1,149.43293633222,40.1212053973774,1251147,0.0201223357447206,0.0206330670976312,3 km,Six levels: none - graduate
santiago_2017,A_common,distrito,hrs_d_pm10_it2,253.199811210686,18.6690753871793,1251147,0.0201223357447206,0.0206330670976312,3 km,Six levels: none - graduate
santiago_2017,A_common,distrito,hrs_d_pm25_it1,129.221767949558,88.2056486859503,1251147,0.0201223357447206,0.0206330670976312,3 km,Six levels: none - graduate
santiago_2017,A_common,distrito,hrs_d_pm25_it2,239.737285262496,33.6435570025972,1251147,0.0201223357447206,0.0206330670976312,3 km,Six levels: none - graduate
santiago_2017,A_common,fine,avg_pm10,4.53278021974071,7.08457850608741,1429271,0.0199696208766567,0.0204999611690155,3 km,Six levels: none - graduate
santiago_2017,A_common,fine,avg_pm25,2.23738907957875,10.052703301909,1429271,0.0199696208766567,0.0204999611690155,3 km,Six levels: none - graduate
santiago_2017,A_common,fine,hrs_d_pm10_it1,154.541796067014,43.631980951442,1429271,0.0199696208766567,0.0204999611690155,3 km,Six levels: none - graduate
santiago_2017,A_common,fine,hrs_d_pm10_it2,275.284083292139,21.0539918284912,1429271,0.0199696208766567,0.0204999611690155,3 km,Six levels: none - graduate
santiago_2017,A_common,fine,hrs_d_pm25_it1,124.232687452035,87.988615255571,1429271,0.0199696208766567,0.0204999611690155,3 km,Six levels: none - graduate
santiago_2017,A_common,fine,hrs_d_pm25_it2,243.56465693931,35.1086901895415,1429271,0.0199696208766567,0.0204999611690155,3 km,Six levels: none - graduate
santiago_2017,B_common,comuna,avg_pm10,2.95170430259449,4.50438152934658,971812,0.0196272530077834,0.0216842352224504,3 km,Six levels: none - graduate
santiago_2017,B_common,comuna,avg_pm25,2.35471326215322,10.3636755544784,971812,0.0196272530077834,0.0216842352224504,3 km,Six levels: none - graduate
santiago_2017,B_common,comuna,hrs_d_pm10_it1,137.596325989752,34.5276611114332,971812,0.0196272530077834,0.0216842352224504,3 km,Six levels: none - graduate
santiago_2017,B_common,comuna,hrs_d_pm10_it2,208.570015867439,14.7110528077965,971812,0.0196272530077834,0.0216842352224504,3 km,Six levels: none - graduate
santiago_2017,B_common,comuna,hrs_d_pm25_it1,144.294164531419,89.7631877247606,971812,0.0196272530077834,0.0216842352224504,3 km,Six levels: none - graduate
santiago_2017,B_common,comuna,hrs_d_pm25_it2,261.951420430926,34.5263937990051,971812,0.0196272530077834,0.0216842352224504,3 km,Six levels: none - graduate
santiago_2017,B_common,distrito,avg_pm10,4.1760428856464,6.44748969085707,1251147,0.0201223357447206,0.0206330670976312,3 km,Six levels: none - graduate
santiago_2017,B_common,distrito,avg_pm25,2.23700571712663,9.99086109522591,1251147,0.0201223357447206,0.0206330670976312,3 km,Six levels: none - graduate
santiago_2017,B_common,distrito,hrs_d_pm10_it1,149.745191961317,40.2011573058428,1251147,0.0201223357447206,0.0206330670976312,3 km,Six levels: none - graduate
santiago_2017,B_common,distrito,hrs_d_pm10_it2,254.335686620924,18.822176262129,1251147,0.0201223357447206,0.0206330670976312,3 km,Six levels: none - graduate
santiago_2017,B_common,distrito,hrs_d_pm25_it1,129.172888330419,88.1536578461786,1251147,0.0201223357447206,0.0206330670976312,3 km,Six levels: none - graduate
santiago_2017,B_common,distrito,hrs_d_pm25_it2,241.133340155728,34.0857327380693,1251147,0.0201223357447206,0.0206330670976312,3 km,Six levels: none - graduate
santiago_2017,B_common,fine,avg_pm10,4.53278021974071,7.08457850608741,1429271,0.0199696208766567,0.0204999611690155,3 km,Six levels: none - graduate
santiago_2017,B_common,fine,avg_pm25,2.23738907957875,10.052703301909,1429271,0.0199696208766567,0.0204999611690155,3 km,Six levels: none - graduate
santiago_2017,B_common,fine,hrs_d_pm10_it1,154.541796067014,43.631980951442,1429271,0.0199696208766567,0.0204999611690155,3 km,Six levels: none - graduate
santiago_2017,B_common,fine,hrs_d_pm10_it2,275.284083292139,21.0539918284912,1429271,0.0199696208766567,0.0204999611690155,3 km,Six levels: none - graduate
santiago_2017,B_common,fine,hrs_d_pm25_it1,124.232687452035,87.988615255571,1429271,0.0199696208766567,0.0204999611690155,3 km,Six levels: none - graduate
santiago_2017,B_common,fine,hrs_d_pm25_it2,243.56465693931,35.1086901895415,1429271,0.0199696208766567,0.0204999611690155,3 km,Six levels: none - graduate
santiago_2017,B_native,comuna,avg_pm10,8.74103011854025,14.8329035154036,1449393,0.0174859406661961,0.0381111265198604,3 km,Six levels: none - graduate
santiago_2017,B_native,comuna,avg_pm25,3.71708463756662,17.6716567150571,1449393,0.0174859406661961,0.0381111265198604,3 km,Six levels: none - graduate
santiago_2017,B_native,comuna,hrs_d_pm10_it1,265.998572115199,112.495694302671,1449393,0.0174859406661961,0.0381111265198604,3 km,Six levels: none - graduate
santiago_2017,B_native,comuna,hrs_d_pm10_it2,545.921794575807,53.7013168235632,1449393,0.0174859406661961,0.0381111265198604,3 km,Six levels: none - graduate
santiago_2017,B_native,comuna,hrs_d_pm25_it1,173.249862932431,169.744891209775,1449393,0.0174859406661961,0.0381111265198604,3 km,Six levels: none - graduate
santiago_2017,B_native,comuna,hrs_d_pm25_it2,415.3366152833,74.7324873960358,1449393,0.0174859406661961,0.0381111265198604,3 km,Six levels: none - graduate
santiago_2017,B_native,distrito,avg_pm10,5.2993930676752,8.32995504206979,1404378,0.0196514043939737,0.0221635485602879,3 km,Six levels: none - graduate
santiago_2017,B_native,distrito,avg_pm25,2.44700927570323,11.0653909148633,1404378,0.0196514043939737,0.0221635485602879,3 km,Six levels: none - graduate
santiago_2017,B_native,distrito,hrs_d_pm10_it1,171.939914831417,49.8042355738502,1404378,0.0196514043939737,0.0221635485602879,3 km,Six levels: none - graduate
santiago_2017,B_native,distrito,hrs_d_pm10_it2,316.564885571753,24.6907903151528,1404378,0.0196514043939737,0.0221635485602879,3 km,Six levels: none - graduate
santiago_2017,B_native,distrito,hrs_d_pm25_it1,131.691866739499,95.4916253852272,1404378,0.0196514043939737,0.0221635485602879,3 km,Six levels: none - graduate
santiago_2017,B_native,distrito,hrs_d_pm25_it2,263.493023607769,39.0701046813877,1404378,0.0196514043939737,0.0221635485602879,3 km,Six levels: none - graduate
santiago_2017,B_native,fine,avg_pm10,4.53278021974071,7.08457850608741,1429271,0.0199696208766567,0.0204999611690155,3 km,Six levels: none - graduate
santiago_2017,B_native,fine,avg_pm25,2.23738907957875,10.052703301909,1429271,0.0199696208766567,0.0204999611690155,3 km,Six levels: none - graduate
santiago_2017,B_native,fine,hrs_d_pm10_it1,154.541796067014,43.631980951442,1429271,0.0199696208766567,0.0204999611690155,3 km,Six levels: none - graduate
santiago_2017,B_native,fine,hrs_d_pm10_it2,275.284083292139,21.0539918284912,1429271,0.0199696208766567,0.0204999611690155,3 km,Six levels: none - graduate
santiago_2017,B_native,fine,hrs_d_pm25_it1,124.232687452035,87.988615255571,1429271,0.0199696208766567,0.0204999611690155,3 km,Six levels: none - graduate
santiago_2017,B_native,fine,hrs_d_pm25_it2,243.56465693931,35.1086901895415,1429271,0.0199696208766567,0.0204999611690155,3 km,Six levels: none - graduate
santiago_2017,C,comuna,avg_pm10,,,1429271,0,0,3 km,Six levels: none - graduate
santiago_2017,C,comuna,avg_pm25,,,1429271,0,0,3 km,Six levels: none - graduate
santiago_2017,C,comuna,hrs_d_pm10_it1,,,1429271,0,0,3 km,Six levels: none - graduate
santiago_2017,C,comuna,hrs_d_pm10_it2,,,1429271,0,0,3 km,Six levels: none - graduate
santiago_2017,C,comuna,hrs_d_pm25_it1,,,1429271,0,0,3 km,Six levels: none - graduate
santiago_2017,C,comuna,hrs_d_pm25_it2,,,1429271,0,0,3 km,Six levels: none - graduate
santiago_2017,C,distrito,avg_pm10,,,1429271,0,0,3 km,Six levels: none - graduate
santiago_2017,C,distrito,avg_pm25,,,1429271,0,0,3 km,Six levels: none - graduate
santiago_2017,C,distrito,hrs_d_pm10_it1,,,1429271,0,0,3 km,Six levels: none - graduate
santiago_2017,C,distrito,hrs_d_pm10_it2,,,1429271,0,0,3 km,Six levels: none - graduate
santiago_2017,C,distrito,hrs_d_pm25_it1,,,1429271,0,0,3 km,Six levels: none - graduate
santiago_2017,C,distrito,hrs_d_pm25_it2,,,1429271,0,0,3 km,Six levels: none - graduate
santiago_2017,C,fine,avg_pm10,,,1429271,0,0,3 km,Six levels: none - graduate
santiago_2017,C,fine,avg_pm25,,,1429271,0,0,3 km,Six levels: none - graduate
santiago_2017,C,fine,hrs_d_pm10_it1,,,1429271,0,0,3 km,Six levels: none - graduate
santiago_2017,C,fine,hrs_d_pm10_it2,,,1429271,0,0,3 km,Six levels: none - graduate
santiago_2017,C,fine,hrs_d_pm25_it1,,,1429271,0,0,3 km,Six levels: none - graduate
santiago_2017,C,fine,hrs_d_pm25_it2,,,1429271,0,0,3 km,Six levels: none - graduate
santiago_2017,baseline_common,comuna,avg_pm10,3.13037214007711,4.77502651413659,971812,0.0196272530077834,0.0216842352224504,3 km,Six levels: none - graduate
santiago_2017,baseline_common,comuna,avg_pm25,2.36229005950207,10.4036468842218,971812,0.0196272530077834,0.0216842352224504,3 km,Six levels: none - graduate
santiago_2017,baseline_common,comuna,hrs_d_pm10_it1,140.785961967636,35.3548516386928,971812,0.0196272530077834,0.0216842352224504,3 km,Six levels: none - graduate
santiago_2017,baseline_common,comuna,hrs_d_pm10_it2,210.850674677765,14.8979646104209,971812,0.0196272530077834,0.0216842352224504,3 km,Six levels: none - graduate
santiago_2017,baseline_common,comuna,hrs_d_pm25_it1,142.742646699945,89.4958593181254,971812,0.0196272530077834,0.0216842352224504,3 km,Six levels: none - graduate
santiago_2017,baseline_common,comuna,hrs_d_pm25_it2,257.197179040802,34.1131593417393,971812,0.0196272530077834,0.0216842352224504,3 km,Six levels: none - graduate
santiago_2017,baseline_common,distrito,avg_pm10,4.16253660076353,6.42637072887666,1251147,0.0201223357447206,0.0206330670976312,3 km,Six levels: none - graduate
santiago_2017,baseline_common,distrito,avg_pm25,2.2294589970537,9.95804137865328,1251147,0.0201223357447206,0.0206330670976312,3 km,Six levels: none - graduate
santiago_2017,baseline_common,distrito,hrs_d_pm10_it1,149.324725331689,40.0850215360595,1251147,0.0201223357447206,0.0206330670976312,3 km,Six levels: none - graduate
santiago_2017,baseline_common,distrito,hrs_d_pm10_it2,252.664985135673,18.6263038177536,1251147,0.0201223357447206,0.0206330670976312,3 km,Six levels: none - graduate
santiago_2017,baseline_common,distrito,hrs_d_pm25_it1,129.276001013296,88.2419657984772,1251147,0.0201223357447206,0.0206330670976312,3 km,Six levels: none - graduate
santiago_2017,baseline_common,distrito,hrs_d_pm25_it2,239.184373974679,33.5550481908112,1251147,0.0201223357447206,0.0206330670976312,3 km,Six levels: none - graduate
santiago_2017,baseline_common,fine,avg_pm10,4.53278021974071,7.08457850608741,1429271,0.0199696208766567,0.0204999611690155,3 km,Six levels: none - graduate
santiago_2017,baseline_common,fine,avg_pm25,2.23738907957875,10.052703301909,1429271,0.0199696208766567,0.0204999611690155,3 km,Six levels: none - graduate
santiago_2017,baseline_common,fine,hrs_d_pm10_it1,154.541796067014,43.631980951442,1429271,0.0199696208766567,0.0204999611690155,3 km,Six levels: none - graduate
santiago_2017,baseline_common,fine,hrs_d_pm10_it2,275.284083292139,21.0539918284912,1429271,0.0199696208766567,0.0204999611690155,3 km,Six levels: none - graduate
santiago_2017,baseline_common,fine,hrs_d_pm25_it1,124.232687452035,87.988615255571,1429271,0.0199696208766567,0.0204999611690155,3 km,Six levels: none - graduate
santiago_2017,baseline_common,fine,hrs_d_pm25_it2,243.56465693931,35.1086901895415,1429271,0.0199696208766567,0.0204999611690155,3 km,Six levels: none - graduate
sao_paulo_2010,A,fine,avg_pm10,1.09446190237115,4.30758865621053,3211384.78869041,0.0493805358607496,0.0478585370539718,3 km,Six levels: none - graduate
sao_paulo_2010,A,fine,avg_pm25,0.0302348934830317,0.215069048277639,2856619.31561217,0.0462863988605498,0.0549808324163014,3 km,Six levels: none - graduate
sao_paulo_2010,A,fine,hrs_d_pm10_it1,4.23482247051088,250.328800251665,3211384.78869041,0.0493805358607496,0.0478585370539718,3 km,Six levels: none - graduate
sao_paulo_2010,A,fine,hrs_d_pm10_it2,29.2124470116709,66.1449197039228,3211384.78869041,0.0493805358607496,0.0478585370539718,3 km,Six levels: none - graduate
sao_paulo_2010,A,fine,hrs_d_pm25_it1,4.97625531511378,38.3485320589339,2856619.31561217,0.0462863988605498,0.0549808324163014,3 km,Six levels: none - graduate
sao_paulo_2010,A,fine,hrs_d_pm25_it2,18.8701075347867,15.9077352877771,2856619.31561217,0.0462863988605498,0.0549808324163014,3 km,Six levels: none - graduate
sao_paulo_2010,A,municipio,avg_pm10,0.26118153442696,1.00387632546233,3211384.78869041,0.0493805358607496,0.0478585370539718,3 km,Six levels: none - graduate
sao_paulo_2010,A,municipio,avg_pm25,0.176052491248887,1.25715791950514,2856619.31561217,0.0462863988605498,0.0549808324163014,3 km,Six levels: none - graduate
sao_paulo_2010,A,municipio,hrs_d_pm10_it1,0.860321758340747,21.6514237985298,3211384.78869041,0.0493805358607496,0.0478585370539718,3 km,Six levels: none - graduate
sao_paulo_2010,A,municipio,hrs_d_pm10_it2,7.76264153651754,13.2282629148264,3211384.78869041,0.0493805358607496,0.0478585370539718,3 km,Six levels: none - graduate
sao_paulo_2010,A,municipio,hrs_d_pm25_it1,1.47050777220217,9.4055065151925,2856619.31561217,0.0462863988605498,0.0549808324163014,3 km,Six levels: none - graduate
sao_paulo_2010,A,municipio,hrs_d_pm25_it2,16.2793401714014,13.2321892969716,2856619.31561217,0.0462863988605498,0.0549808324163014,3 km,Six levels: none - graduate
sao_paulo_2010,A_common,fine,avg_pm10,1.09446190237115,4.30758865621053,3211384.78869041,0.0493805358607496,0.0478585370539718,3 km,Six levels: none - graduate
sao_paulo_2010,A_common,fine,avg_pm25,0.0302348934830317,0.215069048277639,2856619.31561217,0.0462863988605498,0.0549808324163014,3 km,Six levels: none - graduate
sao_paulo_2010,A_common,fine,hrs_d_pm10_it1,4.23482247051088,250.328800251665,3211384.78869041,0.0493805358607496,0.0478585370539718,3 km,Six levels: none - graduate
sao_paulo_2010,A_common,fine,hrs_d_pm10_it2,29.2124470116709,66.1449197039228,3211384.78869041,0.0493805358607496,0.0478585370539718,3 km,Six levels: none - graduate
sao_paulo_2010,A_common,fine,hrs_d_pm25_it1,4.97625531511378,38.3485320589339,2856619.31561217,0.0462863988605498,0.0549808324163014,3 km,Six levels: none - graduate
sao_paulo_2010,A_common,fine,hrs_d_pm25_it2,18.8701075347867,15.9077352877771,2856619.31561217,0.0462863988605498,0.0549808324163014,3 km,Six levels: none - graduate
sao_paulo_2010,A_common,municipio,avg_pm10,-0.156372744680247,-0.570039625942687,746182.288595823,0.0592794752316355,0.0205622487967079,3 km,Six levels: none - graduate
sao_paulo_2010,A_common,municipio,avg_pm25,-1.01690321552061,-6.52106008223973,498064.977619388,0.0610956460409648,0.017842737905707,3 km,Six levels: none - graduate
sao_paulo_2010,A_common,municipio,hrs_d_pm10_it1,0.0163818745126543,0.301004769078239,746182.288595823,0.0592794752316355,0.0205622487967079,3 km,Six levels: none - graduate
sao_paulo_2010,A_common,municipio,hrs_d_pm10_it2,-1.24443083767562,-1.39998937659009,746182.288595823,0.0592794752316355,0.0205622487967079,3 km,Six levels: none - graduate
sao_paulo_2010,A_common,municipio,hrs_d_pm25_it1,-5.54917219851693,-21.2063617525488,498064.977619388,0.0610956460409648,0.017842737905707,3 km,Six levels: none - graduate
sao_paulo_2010,A_common,municipio,hrs_d_pm25_it2,-42.9789568454395,-19.8158862800886,498064.977619388,0.0610956460409648,0.017842737905707,3 km,Six levels: none - graduate
sao_paulo_2010,B_common,fine,avg_pm10,1.09446190237115,4.30758865621053,3211384.78869041,0.0493805358607496,0.0478585370539718,3 km,Six levels: none - graduate
sao_paulo_2010,B_common,fine,avg_pm25,0.0302348934830299,0.215069048277639,2856619.31561217,0.0462863988605498,0.0549808324163014,3 km,Six levels: none - graduate
sao_paulo_2010,B_common,fine,hrs_d_pm10_it1,4.23482247051088,250.328800251665,3211384.78869041,0.0493805358607496,0.0478585370539718,3 km,Six levels: none - graduate
sao_paulo_2010,B_common,fine,hrs_d_pm10_it2,29.2124470116709,66.1449197039228,3211384.78869041,0.0493805358607496,0.0478585370539718,3 km,Six levels: none - graduate
sao_paulo_2010,B_common,fine,hrs_d_pm25_it1,4.97625531511378,38.3485320589339,2856619.31561217,0.0462863988605498,0.0549808324163014,3 km,Six levels: none - graduate
sao_paulo_2010,B_common,fine,hrs_d_pm25_it2,18.8701075347868,15.9077352877771,2856619.31561217,0.0462863988605498,0.0549808324163014,3 km,Six levels: none - graduate
sao_paulo_2010,B_common,municipio,avg_pm10,-0.175655081339013,-0.635317549029058,746182.288595823,0.0592794752316355,0.0205622487967079,3 km,Six levels: none - graduate
sao_paulo_2010,B_common,municipio,avg_pm25,-1.1520233211019,-7.17605675782398,498064.977619388,0.0610956460409648,0.017842737905707,3 km,Six levels: none - graduate
sao_paulo_2010,B_common,municipio,hrs_d_pm10_it1,0.0658466764607244,1.10832276707038,746182.288595823,0.0592794752316355,0.0205622487967079,3 km,Six levels: none - graduate
sao_paulo_2010,B_common,municipio,hrs_d_pm10_it2,-1.37911201211611,-1.44428306572265,746182.288595823,0.0592794752316355,0.0205622487967079,3 km,Six levels: none - graduate
sao_paulo_2010,B_common,municipio,hrs_d_pm25_it1,-6.64815430411206,-22.23065755984,498064.977619388,0.0610956460409648,0.017842737905707,3 km,Six levels: none - graduate
sao_paulo_2010,B_common,municipio,hrs_d_pm25_it2,-45.9479677856941,-20.1908858740722,498064.977619388,0.0610956460409648,0.017842737905707,3 km,Six levels: none - graduate
sao_paulo_2010,B_native,fine,avg_pm10,1.09446190237115,4.30758865621053,3211384.78869041,0.0493805358607496,0.0478585370539718,3 km,Six levels: none - graduate
sao_paulo_2010,B_native,fine,avg_pm25,0.0302348934830299,0.215069048277639,2856619.31561217,0.0462863988605498,0.0549808324163014,3 km,Six levels: none - graduate
sao_paulo_2010,B_native,fine,hrs_d_pm10_it1,4.23482247051088,250.328800251665,3211384.78869041,0.0493805358607496,0.0478585370539718,3 km,Six levels: none - graduate
sao_paulo_2010,B_native,fine,hrs_d_pm10_it2,29.2124470116709,66.1449197039228,3211384.78869041,0.0493805358607496,0.0478585370539718,3 km,Six levels: none - graduate
sao_paulo_2010,B_native,fine,hrs_d_pm25_it1,4.97625531511378,38.3485320589339,2856619.31561217,0.0462863988605498,0.0549808324163014,3 km,Six levels: none - graduate
sao_paulo_2010,B_native,fine,hrs_d_pm25_it2,18.8701075347868,15.9077352877771,2856619.31561217,0.0462863988605498,0.0549808324163014,3 km,Six levels: none - graduate
sao_paulo_2010,B_native,municipio,avg_pm10,-0.165716756241554,-0.588741829040107,1134538.04332875,0.0621367369920434,0.0185842654248201,3 km,Six levels: none - graduate
sao_paulo_2010,B_native,municipio,avg_pm25,-1.37327577221107,-8.31611519806004,848104.879456181,0.0641337854946019,0.0170901575565069,3 km,Six levels: none - graduate
sao_paulo_2010,B_native,municipio,hrs_d_pm10_it1,1.0589968067301,18.2086897404307,1134538.04332875,0.0621367369920434,0.0185842654248201,3 km,Six levels: none - graduate
sao_paulo_2010,B_native,municipio,hrs_d_pm10_it2,1.76127675793529,1.66089640309814,1134538.04332875,0.0621367369920434,0.0185842654248201,3 km,Six levels: none - graduate
sao_paulo_2010,B_native,municipio,hrs_d_pm25_it1,-8.58167218187011,-26.2388851641081,848104.879456181,0.0641337854946019,0.0170901575565069,3 km,Six levels: none - graduate
sao_paulo_2010,B_native,municipio,hrs_d_pm25_it2,-57.4331028198773,-23.4239440609521,848104.879456181,0.0641337854946019,0.0170901575565069,3 km,Six levels: none - graduate
sao_paulo_2010,C,fine,avg_pm10,,,3211384.78869041,0,0,3 km,Six levels: none - graduate
sao_paulo_2010,C,fine,avg_pm25,,,2856619.31561217,0,0,3 km,Six levels: none - graduate
sao_paulo_2010,C,fine,hrs_d_pm10_it1,,,3211384.78869041,0,0,3 km,Six levels: none - graduate
sao_paulo_2010,C,fine,hrs_d_pm10_it2,,,3211384.78869041,0,0,3 km,Six levels: none - graduate
sao_paulo_2010,C,fine,hrs_d_pm25_it1,,,2856619.31561217,0,0,3 km,Six levels: none - graduate
sao_paulo_2010,C,fine,hrs_d_pm25_it2,,,2856619.31561217,0,0,3 km,Six levels: none - graduate
sao_paulo_2010,C,municipio,avg_pm10,,,3211384.78869041,0,0,3 km,Six levels: none - graduate
sao_paulo_2010,C,municipio,avg_pm25,,,2856619.31561217,0,0,3 km,Six levels: none - graduate
sao_paulo_2010,C,municipio,hrs_d_pm10_it1,,,3211384.78869041,0,0,3 km,Six levels: none - graduate
sao_paulo_2010,C,municipio,hrs_d_pm10_it2,,,3211384.78869041,0,0,3 km,Six levels: none - graduate
sao_paulo_2010,C,municipio,hrs_d_pm25_it1,,,2856619.31561217,0,0,3 km,Six levels: none - graduate
sao_paulo_2010,C,municipio,hrs_d_pm25_it2,,,2856619.31561217,0,0,3 km,Six levels: none - graduate
sao_paulo_2010,baseline_common,fine,avg_pm10,1.09446190237115,4.30758865621053,3211384.78869041,0.0493805358607496,0.0478585370539718,3 km,Six levels: none - graduate
sao_paulo_2010,baseline_common,fine,avg_pm25,0.0302348934830334,0.215069048277661,2856619.31561217,0.0462863988605498,0.0549808324163014,3 km,Six levels: none - graduate
sao_paulo_2010,baseline_common,fine,hrs_d_pm10_it1,4.23482247051088,250.328800251665,3211384.78869041,0.0493805358607496,0.0478585370539718,3 km,Six levels: none - graduate
sao_paulo_2010,baseline_common,fine,hrs_d_pm10_it2,29.2124470116709,66.1449197039228,3211384.78869041,0.0493805358607496,0.0478585370539718,3 km,Six levels: none - graduate
sao_paulo_2010,baseline_common,fine,hrs_d_pm25_it1,4.97625531511378,38.3485320589339,2856619.31561217,0.0462863988605498,0.0549808324163014,3 km,Six levels: none - graduate
sao_paulo_2010,baseline_common,fine,hrs_d_pm25_it2,18.8701075347868,15.9077352877771,2856619.31561217,0.0462863988605498,0.0549808324163014,3 km,Six levels: none - graduate
sao_paulo_2010,baseline_common,municipio,avg_pm10,-0.176310478011356,-0.642574055462708,746182.288595823,0.0592794752316355,0.0205622487967079,3 km,Six levels: none - graduate
sao_paulo_2010,baseline_common,municipio,avg_pm25,-1.45598976712351,-9.1665629499427,498064.977619388,0.0610956460409648,0.017842737905707,3 km,Six levels: none - graduate
sao_paulo_2010,baseline_common,municipio,hrs_d_pm10_it1,0.280437520401822,5.2970840454537,746182.288595823,0.0592794752316355,0.0205622487967079,3 km,Six levels: none - graduate
sao_paulo_2010,baseline_common,municipio,hrs_d_pm10_it2,-1.04962047619682,-1.18293581467162,746182.288595823,0.0592794752316355,0.0205622487967079,3 km,Six levels: none - graduate
sao_paulo_2010,baseline_common,municipio,hrs_d_pm25_it1,-8.76768419967236,-30.7950394068339,498064.977619388,0.0610956460409648,0.017842737905707,3 km,Six levels: none - graduate
sao_paulo_2010,baseline_common,municipio,hrs_d_pm25_it2,-62.3814014010548,-27.2075706997051,498064.977619388,0.0610956460409648,0.017842737905707,3 km,Six levels: none - graduate
bogota_2018,A,fine,avg_pm10,5.72502570824696,19.7329745523827,4255038,0.29484249024333,0.291820895606573,3 km,Three groups: below secondary - bachelor's+
bogota_2018,A,fine,avg_pm25,1.99070895812587,13.8210613399803,4251366,0.294647179283082,0.292021434992894,3 km,Three groups: below secondary - bachelor's+
bogota_2018,A,fine,hrs_d_pm10_it1,20.8527134768801,238.153902232862,4255038,0.29484249024333,0.291820895606573,3 km,Three groups: below secondary - bachelor's+
bogota_2018,A,fine,hrs_d_pm10_it2,83.3473020705243,127.859637353631,4255038,0.29484249024333,0.291820895606573,3 km,Three groups: below secondary - bachelor's+
bogota_2018,A,fine,hrs_d_pm25_it1,10.3432222926657,238.983377517998,4251366,0.294647179283082,0.292021434992894,3 km,Three groups: below secondary - bachelor's+
bogota_2018,A,fine,hrs_d_pm25_it2,68.1422105620728,99.4337259619038,4251366,0.294647179283082,0.292021434992894,3 km,Three groups: below secondary - bachelor's+
bogota_2018,A,localidad,avg_pm10,4.73267494837269,15.9221636908608,4255038,0.29484249024333,0.291820895606573,3 km,Three groups: below secondary - bachelor's+
bogota_2018,A,localidad,avg_pm25,1.53345302740086,10.4180036281478,4251366,0.294647179283082,0.292021434992894,3 km,Three groups: below secondary - bachelor's+
bogota_2018,A,localidad,hrs_d_pm10_it1,21.9079474115555,256.011762794918,4255038,0.29484249024333,0.291820895606573,3 km,Three groups: below secondary - bachelor's+
bogota_2018,A,localidad,hrs_d_pm10_it2,83.0278210893051,124.636339105651,4255038,0.29484249024333,0.291820895606573,3 km,Three groups: below secondary - bachelor's+
bogota_2018,A,localidad,hrs_d_pm25_it1,8.80928852214149,172.756797019925,4251366,0.294647179283082,0.292021434992894,3 km,Three groups: below secondary - bachelor's+
bogota_2018,A,localidad,hrs_d_pm25_it2,56.8914306328862,75.8072197653332,4251366,0.294647179283082,0.292021434992894,3 km,Three groups: below secondary - bachelor's+
bogota_2018,A,municipio,avg_pm10,1.21451993101441,3.79699217051974,4255038,0.29484249024333,0.291820895606573,3 km,Three groups: below secondary - bachelor's+
bogota_2018,A,municipio,avg_pm25,0.220812800824758,1.41668155479315,4251366,0.294647179283082,0.292021434992894,3 km,Three groups: below secondary - bachelor's+
bogota_2018,A,municipio,hrs_d_pm10_it1,17.7228752696483,160.988811388046,4255038,0.29484249024333,0.291820895606573,3 km,Three groups: below secondary - bachelor's+
bogota_2018,A,municipio,hrs_d_pm10_it2,35.5356360688837,37.2376735258946,4255038,0.29484249024333,0.291820895606573,3 km,Three groups: below secondary - bachelor's+
bogota_2018,A,municipio,hrs_d_pm25_it1,4.24481597516012,54.5062354933116,4251366,0.294647179283082,0.292021434992894,3 km,Three groups: below secondary - bachelor's+
bogota_2018,A,municipio,hrs_d_pm25_it2,14.8157478547519,14.5885438561024,4251366,0.294647179283082,0.292021434992894,3 km,Three groups: below secondary - bachelor's+
bogota_2018,A,seccion,avg_pm10,5.72469609746509,19.73264579971,4255038,0.29484249024333,0.291820895606573,3 km,Three groups: below secondary - bachelor's+
bogota_2018,A,seccion,avg_pm25,1.99006010010242,13.8164445655443,4251366,0.294647179283082,0.292021434992894,3 km,Three groups: below secondary - bachelor's+
bogota_2018,A,seccion,hrs_d_pm10_it1,20.8189890260353,237.470564852593,4255038,0.29484249024333,0.291820895606573,3 km,Three groups: below secondary - bachelor's+
bogota_2018,A,seccion,hrs_d_pm10_it2,83.2026225133522,127.5322372377,4255038,0.29484249024333,0.291820895606573,3 km,Three groups: below secondary - bachelor's+
bogota_2018,A,seccion,hrs_d_pm25_it1,10.3019692406721,237.029112712645,4251366,0.294647179283082,0.292021434992894,3 km,Three groups: below secondary - bachelor's+
bogota_2018,A,seccion,hrs_d_pm25_it2,67.8906720835045,98.8891772955517,4251366,0.294647179283082,0.292021434992894,3 km,Three groups: below secondary - bachelor's+
bogota_2018,A,sector,avg_pm10,5.69056031619908,19.6001246395794,4255038,0.29484249024333,0.291820895606573,3 km,Three groups: below secondary - bachelor's+
bogota_2018,A,sector,avg_pm25,1.97148921741895,13.6762194736629,4251366,0.294647179283082,0.292021434992894,3 km,Three groups: below secondary - bachelor's+
bogota_2018,A,sector,hrs_d_pm10_it1,20.8408802663599,237.682884382528,4255038,0.29484249024333,0.291820895606573,3 km,Three groups: below secondary - bachelor's+
bogota_2018,A,sector,hrs_d_pm10_it2,82.2264366666595,125.039551811255,4255038,0.29484249024333,0.291820895606573,3 km,Three groups: below secondary - bachelor's+
bogota_2018,A,sector,hrs_d_pm25_it1,10.313849381594,237.260919741817,4251366,0.294647179283082,0.292021434992894,3 km,Three groups: below secondary - bachelor's+
bogota_2018,A,sector,hrs_d_pm25_it2,67.1588621723425,97.2379567888892,4251366,0.294647179283082,0.292021434992894,3 km,Three groups: below secondary - bachelor's+
bogota_2018,A_common,fine,avg_pm10,5.72502570824696,19.7329745523827,4255038,0.29484249024333,0.291820895606573,3 km,Three groups: below secondary - bachelor's+
bogota_2018,A_common,fine,avg_pm25,1.99070895812587,13.8210613399803,4251366,0.294647179283082,0.292021434992894,3 km,Three groups: below secondary - bachelor's+
bogota_2018,A_common,fine,hrs_d_pm10_it1,20.8527134768801,238.153902232862,4255038,0.29484249024333,0.291820895606573,3 km,Three groups: below secondary - bachelor's+
bogota_2018,A_common,fine,hrs_d_pm10_it2,83.3473020705243,127.859637353631,4255038,0.29484249024333,0.291820895606573,3 km,Three groups: below secondary - bachelor's+
bogota_2018,A_common,fine,hrs_d_pm25_it1,10.3432222926657,238.983377517998,4251366,0.294647179283082,0.292021434992894,3 km,Three groups: below secondary - bachelor's+
bogota_2018,A_common,fine,hrs_d_pm25_it2,68.1422105620728,99.4337259619038,4251366,0.294647179283082,0.292021434992894,3 km,Three groups: below secondary - bachelor's+
bogota_2018,A_common,localidad,avg_pm10,3.00752468076543,10.2425809378044,2951799,0.251483925565393,0.34531721163941,3 km,Three groups: below secondary - bachelor's+
bogota_2018,A_common,localidad,avg_pm25,1.34004663653385,9.10656001925303,2951799,0.251483925565393,0.34531721163941,3 km,Three groups: below secondary - bachelor's+
bogota_2018,A_common,localidad,hrs_d_pm10_it1,1.03353894648957,53.4718925279733,2951799,0.251483925565393,0.34531721163941,3 km,Three groups: below secondary - bachelor's+
bogota_2018,A_common,localidad,hrs_d_pm10_it2,28.6046210366218,58.5333438713232,2951799,0.251483925565393,0.34531721163941,3 km,Three groups: below secondary - bachelor's+
bogota_2018,A_common,localidad,hrs_d_pm25_it1,1.73786638675279,70.6630764324693,2951799,0.251483925565393,0.34531721163941,3 km,Three groups: below secondary - bachelor's+
bogota_2018,A_common,localidad,hrs_d_pm25_it2,34.3474652463259,52.9538919247618,2951799,0.251483925565393,0.34531721163941,3 km,Three groups: below secondary - bachelor's+
bogota_2018,A_common,municipio,avg_pm10,-0.295588477113462,-1.00299545973328,126498,0.308115543328748,0.234264573352938,3 km,Three groups: below secondary - bachelor's+
bogota_2018,A_common,municipio,avg_pm25,-0.3700397234861,-2.81905275461051,126498,0.308115543328748,0.234264573352938,3 km,Three groups: below secondary - bachelor's+
bogota_2018,A_common,municipio,hrs_d_pm10_it1,0.147020355292084,48.480199652199,126498,0.308115543328748,0.234264573352938,3 km,Three groups: below secondary - bachelor's+
bogota_2018,A_common,municipio,hrs_d_pm10_it2,0.711725812746177,2.67604153565753,126498,0.308115543328748,0.234264573352938,3 km,Three groups: below secondary - bachelor's+
bogota_2018,A_common,municipio,hrs_d_pm25_it1,0.0313488945775986,1.53500390921921,126498,0.308115543328748,0.234264573352938,3 km,Three groups: below secondary - bachelor's+
bogota_2018,A_common,municipio,hrs_d_pm25_it2,0.48999129700729,1.58325878131687,126498,0.308115543328748,0.234264573352938,3 km,Three groups: below secondary - bachelor's+
bogota_2018,A_common,seccion,avg_pm10,5.69271337300042,19.6058912506182,4154476,0.2947818208602,0.292408477025743,3 km,Three groups: below secondary - bachelor's+
bogota_2018,A_common,seccion,avg_pm25,1.98156426396983,13.7576532077966,4150804,0.294581724408091,0.292614394705219,3 km,Three groups: below secondary - bachelor's+
bogota_2018,A_common,seccion,hrs_d_pm10_it1,20.6251466043725,237.504248271406,4154476,0.2947818208602,0.292408477025743,3 km,Three groups: below secondary - bachelor's+
bogota_2018,A_common,seccion,hrs_d_pm10_it2,83.1859610716412,126.704131730165,4154476,0.2947818208602,0.292408477025743,3 km,Three groups: below secondary - bachelor's+
bogota_2018,A_common,seccion,hrs_d_pm25_it1,10.2639997805834,237.566300901787,4150804,0.294581724408091,0.292614394705219,3 km,Three groups: below secondary - bachelor's+
bogota_2018,A_common,seccion,hrs_d_pm25_it2,67.4034739156525,97.8896830054212,4150804,0.294581724408091,0.292614394705219,3 km,Three groups: below secondary - bachelor's+
bogota_2018,A_common,sector,avg_pm10,5.51196775823817,19.0355422356468,3973908,0.29252614806382,0.296232323445837,3 km,Three groups: below secondary - bachelor's+
bogota_2018,A_common,sector,avg_pm25,1.92451290636304,13.3854860553316,3971949,0.292397258877191,0.296349726544827,3 km,Three groups: below secondary - bachelor's+
bogota_2018,A_common,sector,hrs_d_pm10_it1,18.8935511303359,238.747270581281,3973908,0.29252614806382,0.296232323445837,3 km,Three groups: below secondary - bachelor's+
bogota_2018,A_common,sector,hrs_d_pm10_it2,79.2530581954821,121.644346565309,3973908,0.29252614806382,0.296232323445837,3 km,Three groups: below secondary - bachelor's+
bogota_2018,A_common,sector,hrs_d_pm25_it1,9.55947533319996,236.195492842869,3971949,0.292397258877191,0.296349726544827,3 km,Three groups: below secondary - bachelor's+
bogota_2018,A_common,sector,hrs_d_pm25_it2,64.1195096498727,94.0229719811247,3971949,0.292397258877191,0.296349726544827,3 km,Three groups: below secondary - bachelor's+
bogota_2018,B_common,fine,avg_pm10,5.72502570824696,19.7329745523827,4255038,0.29484249024333,0.291820895606573,3 km,Three groups: below secondary - bachelor's+
bogota_2018,B_common,fine,avg_pm25,1.99070895812588,13.8210613399803,4251366,0.294647179283082,0.292021434992894,3 km,Three groups: below secondary - bachelor's+
bogota_2018,B_common,fine,hrs_d_pm10_it1,20.8527134768801,238.153902232862,4255038,0.29484249024333,0.291820895606573,3 km,Three groups: below secondary - bachelor's+
bogota_2018,B_common,fine,hrs_d_pm10_it2,83.3473020705243,127.859637353631,4255038,0.29484249024333,0.291820895606573,3 km,Three groups: below secondary - bachelor's+
bogota_2018,B_common,fine,hrs_d_pm25_it1,10.3432222926657,238.983377517998,4251366,0.294647179283082,0.292021434992894,3 km,Three groups: below secondary - bachelor's+
bogota_2018,B_common,fine,hrs_d_pm25_it2,68.1422105620728,99.4337259619038,4251366,0.294647179283082,0.292021434992894,3 km,Three groups: below secondary - bachelor's+
bogota_2018,B_common,localidad,avg_pm10,3.18259155132721,10.4497722245683,2951799,0.251483925565393,0.34531721163941,3 km,Three groups: below secondary - bachelor's+
bogota_2018,B_common,localidad,avg_pm25,1.40337816125832,9.74383396947174,2951799,0.251483925565393,0.34531721163941,3 km,Three groups: below secondary - bachelor's+
bogota_2018,B_common,localidad,hrs_d_pm10_it1,1.94225115848088,60.4571627293096,2951799,0.251483925565393,0.34531721163941,3 km,Three groups: below secondary - bachelor's+
bogota_2018,B_common,localidad,hrs_d_pm10_it2,37.1139895382805,73.3261207443989,2951799,0.251483925565393,0.34531721163941,3 km,Three groups: below secondary - bachelor's+
bogota_2018,B_common,localidad,hrs_d_pm25_it1,0.742867228714563,61.2059787656594,2951799,0.251483925565393,0.34531721163941,3 km,Three groups: below secondary - bachelor's+
bogota_2018,B_common,localidad,hrs_d_pm25_it2,30.4375490279038,62.6913714090851,2951799,0.251483925565393,0.34531721163941,3 km,Three groups: below secondary - bachelor's+
bogota_2018,B_common,municipio,avg_pm10,-0.353897626673934,-1.33369953853817,126498,0.308115543328748,0.234264573352938,3 km,Three groups: below secondary - bachelor's+
bogota_2018,B_common,municipio,avg_pm25,-0.461036455648712,-3.77372375074295,126498,0.308115543328748,0.234264573352938,3 km,Three groups: below secondary - bachelor's+
bogota_2018,B_common,municipio,hrs_d_pm10_it1,0,,126498,0.308115543328748,0.234264573352938,3 km,Three groups: below secondary - bachelor's+
bogota_2018,B_common,municipio,hrs_d_pm10_it2,-0.560761248230049,-4.14513533004965,126498,0.308115543328748,0.234264573352938,3 km,Three groups: below secondary - bachelor's+
bogota_2018,B_common,municipio,hrs_d_pm25_it1,-0.0864091900662633,-22.1835739272602,126498,0.308115543328748,0.234264573352938,3 km,Three groups: below secondary - bachelor's+
bogota_2018,B_common,municipio,hrs_d_pm25_it2,-1.60183683674823,-7.65717727925542,126498,0.308115543328748,0.234264573352938,3 km,Three groups: below secondary - bachelor's+
bogota_2018,B_common,seccion,avg_pm10,5.63504952914421,19.4042844058999,4154476,0.2947818208602,0.292408477025743,3 km,Three groups: below secondary - bachelor's+
bogota_2018,B_common,seccion,avg_pm25,1.95487260207309,13.5687627551329,4150804,0.294581724408091,0.292614394705219,3 km,Three groups: below secondary - bachelor's+
bogota_2018,B_common,seccion,hrs_d_pm10_it1,20.5266239510924,240.838514133791,4154476,0.2947818208602,0.292408477025743,3 km,Three groups: below secondary - bachelor's+
bogota_2018,B_common,seccion,hrs_d_pm10_it2,82.946500627799,127.558500856713,4154476,0.2947818208602,0.292408477025743,3 km,Three groups: below secondary - bachelor's+
bogota_2018,B_common,seccion,hrs_d_pm25_it1,10.0576839435627,232.930457337001,4150804,0.294581724408091,0.292614394705219,3 km,Three groups: below secondary - bachelor's+
bogota_2018,B_common,seccion,hrs_d_pm25_it2,66.7651999216671,97.5761153006289,4150804,0.294581724408091,0.292614394705219,3 km,Three groups: below secondary - bachelor's+
bogota_2018,B_common,sector,avg_pm10,5.36528481854779,18.5886587005632,3973908,0.29252614806382,0.296232323445837,3 km,Three groups: below secondary - bachelor's+
bogota_2018,B_common,sector,avg_pm25,1.90475728527319,13.2845813677807,3971949,0.292397258877191,0.296349726544827,3 km,Three groups: below secondary - bachelor's+
bogota_2018,B_common,sector,hrs_d_pm10_it1,18.2256861052698,251.547134763664,3973908,0.29252614806382,0.296232323445837,3 km,Three groups: below secondary - bachelor's+
bogota_2018,B_common,sector,hrs_d_pm10_it2,77.795326910312,121.188997154129,3973908,0.29252614806382,0.296232323445837,3 km,Three groups: below secondary - bachelor's+
bogota_2018,B_common,sector,hrs_d_pm25_it1,9.37372976623476,248.276507784192,3971949,0.292397258877191,0.296349726544827,3 km,Three groups: below secondary - bachelor's+
bogota_2018,B_common,sector,hrs_d_pm25_it2,63.1238835544018,95.5644273280309,3971949,0.292397258877191,0.296349726544827,3 km,Three groups: below secondary - bachelor's+
bogota_2018,B_native,fine,avg_pm10,5.72502570824696,19.7329745523827,4255038,0.29484249024333,0.291820895606573,3 km,Three groups: below secondary - bachelor's+
bogota_2018,B_native,fine,avg_pm25,1.99070895812588,13.8210613399803,4251366,0.294647179283082,0.292021434992894,3 km,Three groups: below secondary - bachelor's+
bogota_2018,B_native,fine,hrs_d_pm10_it1,20.8527134768801,238.153902232862,4255038,0.29484249024333,0.291820895606573,3 km,Three groups: below secondary - bachelor's+
bogota_2018,B_native,fine,hrs_d_pm10_it2,83.3473020705243,127.859637353631,4255038,0.29484249024333,0.291820895606573,3 km,Three groups: below secondary - bachelor's+
bogota_2018,B_native,fine,hrs_d_pm25_it1,10.3432222926657,238.983377517998,4251366,0.294647179283082,0.292021434992894,3 km,Three groups: below secondary - bachelor's+
bogota_2018,B_native,fine,hrs_d_pm25_it2,68.1422105620728,99.4337259619038,4251366,0.294647179283082,0.292021434992894,3 km,Three groups: below secondary - bachelor's+
bogota_2018,B_native,localidad,avg_pm10,2.65939655320327,8.83514153124285,3401841,0.256857683824729,0.33919662911935,3 km,Three groups: below secondary - bachelor's+
bogota_2018,B_native,localidad,avg_pm25,1.14404464075628,8.00420178542305,3401841,0.256857683824729,0.33919662911935,3 km,Three groups: below secondary - bachelor's+
bogota_2018,B_native,localidad,hrs_d_pm10_it1,1.58994792165021,54.63575248782,3401841,0.256857683824729,0.33919662911935,3 km,Three groups: below secondary - bachelor's+
bogota_2018,B_native,localidad,hrs_d_pm10_it2,30.7931536590428,66.6847957035078,3401841,0.256857683824729,0.33919662911935,3 km,Three groups: below secondary - bachelor's+
bogota_2018,B_native,localidad,hrs_d_pm25_it1,0.622186792165634,52.9162496755006,3401841,0.256857683824729,0.33919662911935,3 km,Three groups: below secondary - bachelor's+
bogota_2018,B_native,localidad,hrs_d_pm25_it2,25.1246670977779,55.0395509111802,3401841,0.256857683824729,0.33919662911935,3 km,Three groups: below secondary - bachelor's+
bogota_2018,B_native,municipio,avg_pm10,-1.30843537777035,-4.92775792568727,224520,0.350552289328345,0.21640833778728,3 km,Three groups: below secondary - bachelor's+
bogota_2018,B_native,municipio,avg_pm25,-0.898124386086018,-7.27428009459291,224520,0.350552289328345,0.21640833778728,3 km,Three groups: below secondary - bachelor's+
bogota_2018,B_native,municipio,hrs_d_pm10_it1,0,,224520,0.350552289328345,0.21640833778728,3 km,Three groups: below secondary - bachelor's+
bogota_2018,B_native,municipio,hrs_d_pm10_it2,-1.30650688026101,-11.7359248334508,224520,0.350552289328345,0.21640833778728,3 km,Three groups: below secondary - bachelor's+
bogota_2018,B_native,municipio,hrs_d_pm25_it1,-0.022086930087748,-3.59879194870388,224520,0.350552289328345,0.21640833778728,3 km,Three groups: below secondary - bachelor's+
bogota_2018,B_native,municipio,hrs_d_pm25_it2,-4.27076143414828,-22.9771716837038,224520,0.350552289328345,0.21640833778728,3 km,Three groups: below secondary - bachelor's+
bogota_2018,B_native,seccion,avg_pm10,5.64033807134622,19.4505475356806,4234229,0.295175343610372,0.291865650157325,3 km,Three groups: below secondary - bachelor's+
bogota_2018,B_native,seccion,avg_pm25,1.95187497855797,13.5660808809772,4228451,0.295012050512114,0.292117136984678,3 km,Three groups: below secondary - bachelor's+
bogota_2018,B_native,seccion,hrs_d_pm10_it1,20.6452000890269,240.708129587742,4234229,0.295175343610372,0.291865650157325,3 km,Three groups: below secondary - bachelor's+
bogota_2018,B_native,seccion,hrs_d_pm10_it2,82.9307690051835,127.949786745904,4234229,0.295175343610372,0.291865650157325,3 km,Three groups: below secondary - bachelor's+
bogota_2018,B_native,seccion,hrs_d_pm25_it1,10.1408127906626,235.186631488044,4228451,0.295012050512114,0.292117136984678,3 km,Three groups: below secondary - bachelor's+
bogota_2018,B_native,seccion,hrs_d_pm25_it2,66.7317781818742,98.1483275884001,4228451,0.295012050512114,0.292117136984678,3 km,Three groups: below secondary - bachelor's+
bogota_2018,B_native,sector,avg_pm10,5.29560913956709,18.4087333666722,4100522,0.292707855243796,0.296434941697667,3 km,Three groups: below secondary - bachelor's+
bogota_2018,B_native,sector,avg_pm25,1.87493625231958,13.11125171194,4096457,0.292615545579998,0.296602649557898,3 km,Three groups: below secondary - bachelor's+
bogota_2018,B_native,sector,hrs_d_pm10_it1,17.7326526206559,250.518309595552,4100522,0.292707855243796,0.296434941697667,3 km,Three groups: below secondary - bachelor's+
bogota_2018,B_native,sector,hrs_d_pm10_it2,76.2535853142865,120.559615417017,4100522,0.292707855243796,0.296434941697667,3 km,Three groups: below secondary - bachelor's+
bogota_2018,B_native,sector,hrs_d_pm25_it1,9.15644336873957,247.727514205552,4096457,0.292615545579998,0.296602649557898,3 km,Three groups: below secondary - bachelor's+
bogota_2018,B_native,sector,hrs_d_pm25_it2,62.0043457397842,95.3088716349981,4096457,0.292615545579998,0.296602649557898,3 km,Three groups: below secondary - bachelor's+
bogota_2018,C,fine,avg_pm10,13.075203763217,52.0205360198622,4255038,0.119666851388871,0.214229579148294,3 km,Three groups: below secondary - bachelor's+
bogota_2018,C,fine,avg_pm25,4.31599079934558,33.6679436351448,4251366,0.119244496945217,0.214410615317524,3 km,Three groups: below secondary - bachelor's+
bogota_2018,C,fine,hrs_d_pm10_it1,48.8933294505627,5093.98535971413,4255038,0.119666851388871,0.214229579148294,3 km,Three groups: below secondary - bachelor's+
bogota_2018,C,fine,hrs_d_pm10_it2,206.62027720189,976.88349847421,4255038,0.119666851388871,0.214229579148294,3 km,Three groups: below secondary - bachelor's+
bogota_2018,C,fine,hrs_d_pm25_it1,27.0270034063899,3783.95814739072,4251366,0.119244496945217,0.214410615317524,3 km,Three groups: below secondary - bachelor's+
bogota_2018,C,fine,hrs_d_pm25_it2,163.987349034274,563.085765470994,4251366,0.119244496945217,0.214410615317524,3 km,Three groups: below secondary - bachelor's+
bogota_2018,C,localidad,avg_pm10,-6.33294691532549,-28.855780989303,4255038,8.03753103967579e-05,0.0951361656464643,3 km,Three groups: below secondary - bachelor's+
bogota_2018,C,localidad,avg_pm25,-4.6439068326556,-40.3280547821844,4251366,8.04447323519076e-05,0.0952183368827807,3 km,Three groups: below secondary - bachelor's+
bogota_2018,C,localidad,hrs_d_pm10_it1,-0.0786273986680105,-100,4255038,8.03753103967579e-05,0.0951361656464643,3 km,Three groups: below secondary - bachelor's+
bogota_2018,C,localidad,hrs_d_pm10_it2,-2.27767684190417,-98.983436986245,4255038,8.03753103967579e-05,0.0951361656464643,3 km,Three groups: below secondary - bachelor's+
bogota_2018,C,localidad,hrs_d_pm25_it1,-0.063798146281694,-100,4251366,8.04447323519076e-05,0.0952183368827807,3 km,Three groups: below secondary - bachelor's+
bogota_2018,C,localidad,hrs_d_pm25_it2,-14.5893875788461,-99.8399222198703,4251366,8.04447323519076e-05,0.0952183368827807,3 km,Three groups: below secondary - bachelor's+
bogota_2018,C,municipio,avg_pm10,,,4255038,7.84951861769507e-05,0,3 km,Three groups: below secondary - bachelor's+
bogota_2018,C,municipio,avg_pm25,,,4251366,7.85629842267168e-05,0,3 km,Three groups: below secondary - bachelor's+
bogota_2018,C,municipio,hrs_d_pm10_it1,,,4255038,7.84951861769507e-05,0,3 km,Three groups: below secondary - bachelor's+
bogota_2018,C,municipio,hrs_d_pm10_it2,,,4255038,7.84951861769507e-05,0,3 km,Three groups: below secondary - bachelor's+
bogota_2018,C,municipio,hrs_d_pm25_it1,,,4251366,7.85629842267168e-05,0,3 km,Three groups: below secondary - bachelor's+
bogota_2018,C,municipio,hrs_d_pm25_it2,,,4251366,7.85629842267168e-05,0,3 km,Three groups: below secondary - bachelor's+
bogota_2018,C,seccion,avg_pm10,15.2772136261814,62.3059647799522,4255038,0.0886039090602716,0.191320500545471,3 km,Three groups: below secondary - bachelor's+
bogota_2018,C,seccion,avg_pm25,4.7755596071171,37.9305081934172,4251366,0.0883174960706747,0.191485748345355,3 km,Three groups: below secondary - bachelor's+
bogota_2018,C,seccion,hrs_d_pm10_it1,56.7940191525625,6286.93839822812,4255038,0.0886039090602716,0.191320500545471,3 km,Three groups: below secondary - bachelor's+
bogota_2018,C,seccion,hrs_d_pm10_it2,252.329447201898,1418.7295960475,4255038,0.0886039090602716,0.191320500545471,3 km,Three groups: below secondary - bachelor's+
bogota_2018,C,seccion,hrs_d_pm25_it1,34.533294883767,11175.0010199221,4251366,0.0883174960706747,0.191485748345355,3 km,Three groups: below secondary - bachelor's+
bogota_2018,C,seccion,hrs_d_pm25_it2,191.647071492009,805.378042640531,4251366,0.0883174960706747,0.191485748345355,3 km,Three groups: below secondary - bachelor's+
bogota_2018,C,sector,avg_pm10,17.039372384344,70.4429115862387,4255038,0.0668868292128061,0.190295362814621,3 km,Three groups: below secondary - bachelor's+
bogota_2018,C,sector,avg_pm25,5.45413580655995,43.545999341605,4251366,0.0665816586951112,0.190459725180095,3 km,Three groups: below secondary - bachelor's+
bogota_2018,C,sector,hrs_d_pm10_it1,55.9168755709001,6820.10164414709,4255038,0.0668868292128061,0.190295362814621,3 km,Three groups: below secondary - bachelor's+
bogota_2018,C,sector,hrs_d_pm10_it2,272.71537700064,1765.08476277741,4255038,0.0668868292128061,0.190295362814621,3 km,Three groups: below secondary - bachelor's+
bogota_2018,C,sector,hrs_d_pm25_it1,41.0172806282397,13701.3734954124,4251366,0.0665816586951112,0.190459725180095,3 km,Three groups: below secondary - bachelor's+
bogota_2018,C,sector,hrs_d_pm25_it2,220.577341931671,950.441043640953,4251366,0.0665816586951112,0.190459725180095,3 km,Three groups: below secondary - bachelor's+
bogota_2018,baseline_common,fine,avg_pm10,5.72502570824696,19.7329745523827,4255038,0.29484249024333,0.291820895606573,3 km,Three groups: below secondary - bachelor's+
bogota_2018,baseline_common,fine,avg_pm25,1.99070895812587,13.8210613399803,4251366,0.294647179283082,0.292021434992894,3 km,Three groups: below secondary - bachelor's+
bogota_2018,baseline_common,fine,hrs_d_pm10_it1,20.8527134768801,238.153902232862,4255038,0.29484249024333,0.291820895606573,3 km,Three groups: below secondary - bachelor's+
bogota_2018,baseline_common,fine,hrs_d_pm10_it2,83.3473020705243,127.859637353631,4255038,0.29484249024333,0.291820895606573,3 km,Three groups: below secondary - bachelor's+
bogota_2018,baseline_common,fine,hrs_d_pm25_it1,10.3432222926657,238.983377517998,4251366,0.294647179283082,0.292021434992894,3 km,Three groups: below secondary - bachelor's+
bogota_2018,baseline_common,fine,hrs_d_pm25_it2,68.1422105620728,99.4337259619038,4251366,0.294647179283082,0.292021434992894,3 km,Three groups: below secondary - bachelor's+
bogota_2018,baseline_common,localidad,avg_pm10,4.353323001667,15.2775414910514,2951799,0.251483925565393,0.34531721163941,3 km,Three groups: below secondary - bachelor's+
bogota_2018,baseline_common,localidad,avg_pm25,2.00809665017736,14.032791294498,2951799,0.251483925565393,0.34531721163941,3 km,Three groups: below secondary - bachelor's+
bogota_2018,baseline_common,localidad,hrs_d_pm10_it1,0.958171129305728,51.0395321016951,2951799,0.251483925565393,0.34531721163941,3 km,Three groups: below secondary - bachelor's+
bogota_2018,baseline_common,localidad,hrs_d_pm10_it2,30.7172301835122,66.3342296811133,2951799,0.251483925565393,0.34531721163941,3 km,Three groups: below secondary - bachelor's+
bogota_2018,baseline_common,localidad,hrs_d_pm25_it1,2.72937420875919,139.177275786552,2951799,0.251483925565393,0.34531721163941,3 km,Three groups: below secondary - bachelor's+
bogota_2018,baseline_common,localidad,hrs_d_pm25_it2,45.7691552587799,78.3625773628067,2951799,0.251483925565393,0.34531721163941,3 km,Three groups: below secondary - bachelor's+
bogota_2018,baseline_common,municipio,avg_pm10,0.0409544128376815,0.139948755952424,126498,0.308115543328748,0.234264573352938,3 km,Three groups: below secondary - bachelor's+
bogota_2018,baseline_common,municipio,avg_pm25,-0.143462233512093,-1.10183152922352,126498,0.308115543328748,0.234264573352938,3 km,Three groups: below secondary - bachelor's+
bogota_2018,baseline_common,municipio,hrs_d_pm10_it1,0.349743928472521,160.289384106939,126498,0.308115543328748,0.234264573352938,3 km,Three groups: below secondary - bachelor's+
bogota_2018,baseline_common,municipio,hrs_d_pm10_it2,5.06932584509672,21.2820421340914,126498,0.308115543328748,0.234264573352938,3 km,Three groups: below secondary - bachelor's+
bogota_2018,baseline_common,municipio,hrs_d_pm25_it1,0.150509704644612,7.54943227393097,126498,0.308115543328748,0.234264573352938,3 km,Three groups: below secondary - bachelor's+
bogota_2018,baseline_common,municipio,hrs_d_pm25_it2,5.53234230809638,19.7655116821863,126498,0.308115543328748,0.234264573352938,3 km,Three groups: below secondary - bachelor's+
bogota_2018,baseline_common,seccion,avg_pm10,5.69291132827527,19.605614842779,4154476,0.2947818208602,0.292408477025743,3 km,Three groups: below secondary - bachelor's+
bogota_2018,baseline_common,seccion,avg_pm25,1.98197552904247,13.7604554835036,4150804,0.294581724408091,0.292614394705219,3 km,Three groups: below secondary - bachelor's+
bogota_2018,baseline_common,seccion,hrs_d_pm10_it1,20.6594584602246,238.200995747064,4154476,0.2947818208602,0.292408477025743,3 km,Three groups: below secondary - bachelor's+
bogota_2018,baseline_common,seccion,hrs_d_pm10_it2,83.3309536242772,127.025748443371,4154476,0.2947818208602,0.292408477025743,3 km,Three groups: below secondary - bachelor's+
bogota_2018,baseline_common,seccion,hrs_d_pm25_it1,10.3063303773164,239.583680433467,4150804,0.294581724408091,0.292614394705219,3 km,Three groups: below secondary - bachelor's+
bogota_2018,baseline_common,seccion,hrs_d_pm25_it2,67.6582302616309,98.4363800646769,4150804,0.294581724408091,0.292614394705219,3 km,Three groups: below secondary - bachelor's+
bogota_2018,baseline_common,sector,avg_pm10,5.54615115105664,19.1674400649805,3973908,0.29252614806382,0.296232323445837,3 km,Three groups: below secondary - bachelor's+
bogota_2018,baseline_common,sector,avg_pm25,1.94415757788531,13.5337836026781,3971949,0.292397258877191,0.296349726544827,3 km,Three groups: below secondary - bachelor's+
bogota_2018,baseline_common,sector,hrs_d_pm10_it1,18.9014845572263,239.186615386607,3973908,0.29252614806382,0.296232323445837,3 km,Three groups: below secondary - bachelor's+
bogota_2018,baseline_common,sector,hrs_d_pm10_it2,80.416047100444,124.554614660767,3973908,0.29252614806382,0.296232323445837,3 km,Three groups: below secondary - bachelor's+
bogota_2018,baseline_common,sector,hrs_d_pm25_it1,9.58216002072953,237.800376131477,3971949,0.292397258877191,0.296349726544827,3 km,Three groups: below secondary - bachelor's+
bogota_2018,baseline_common,sector,hrs_d_pm25_it2,65.1278762012701,96.2823752156535,3971949,0.292397258877191,0.296349726544827,3 km,Three groups: below secondary - bachelor's+
santiago_2017,A,comuna,avg_pm10,2.16834107534235,3.27708726756981,1429271,0.366039750334261,0.139947567676109,3 km,Three groups: below secondary - bachelor's+
santiago_2017,A,comuna,avg_pm25,1.44755154607487,6.30129621446753,1429271,0.366039750334261,0.139947567676109,3 km,Three groups: below secondary - bachelor's+
santiago_2017,A,comuna,hrs_d_pm10_it1,92.8054668313272,22.5613255022293,1429271,0.366039750334261,0.139947567676109,3 km,Three groups: below secondary - bachelor's+
santiago_2017,A,comuna,hrs_d_pm10_it2,139.181261911191,9.71272165178665,1429271,0.366039750334261,0.139947567676109,3 km,Three groups: below secondary - bachelor's+
santiago_2017,A,comuna,hrs_d_pm25_it1,92.3818142656062,53.9791292851177,1429271,0.366039750334261,0.139947567676109,3 km,Three groups: below secondary - bachelor's+
santiago_2017,A,comuna,hrs_d_pm25_it2,159.395521484266,20.6595929160286,1429271,0.366039750334261,0.139947567676109,3 km,Three groups: below secondary - bachelor's+
santiago_2017,A,distrito,avg_pm10,2.17600149995597,3.28930664827067,1429271,0.366039750334261,0.139947567676109,3 km,Three groups: below secondary - bachelor's+
santiago_2017,A,distrito,avg_pm25,1.42454544602325,6.197835236497,1429271,0.366039750334261,0.139947567676109,3 km,Three groups: below secondary - bachelor's+
santiago_2017,A,distrito,hrs_d_pm10_it1,92.5410907134152,22.4966218409499,1429271,0.366039750334261,0.139947567676109,3 km,Three groups: below secondary - bachelor's+
santiago_2017,A,distrito,hrs_d_pm10_it2,139.173922642237,9.71534637968004,1429271,0.366039750334261,0.139947567676109,3 km,Three groups: below secondary - bachelor's+
santiago_2017,A,distrito,hrs_d_pm25_it1,92.4196626403185,54.0210630440748,1429271,0.366039750334261,0.139947567676109,3 km,Three groups: below secondary - bachelor's+
santiago_2017,A,distrito,hrs_d_pm25_it2,157.637194681277,20.4057964010599,1429271,0.366039750334261,0.139947567676109,3 km,Three groups: below secondary - bachelor's+
santiago_2017,A,fine,avg_pm10,2.16842822574841,3.27762847265718,1429271,0.366039750334261,0.139947567676109,3 km,Three groups: below secondary - bachelor's+
santiago_2017,A,fine,avg_pm25,1.42450359927201,6.1976563060044,1429271,0.366039750334261,0.139947567676109,3 km,Three groups: below secondary - bachelor's+
santiago_2017,A,fine,hrs_d_pm10_it1,92.3536412194797,22.4449786260008,1429271,0.366039750334261,0.139947567676109,3 km,Three groups: below secondary - bachelor's+
santiago_2017,A,fine,hrs_d_pm10_it2,138.279585241116,9.64929419639955,1429271,0.366039750334261,0.139947567676109,3 km,Three groups: below secondary - bachelor's+
santiago_2017,A,fine,hrs_d_pm25_it1,92.3846313884504,53.9942630610283,1429271,0.366039750334261,0.139947567676109,3 km,Three groups: below secondary - bachelor's+
santiago_2017,A,fine,hrs_d_pm25_it2,156.862924284093,20.2930689635412,1429271,0.366039750334261,0.139947567676109,3 km,Three groups: below secondary - bachelor's+
santiago_2017,A_common,comuna,avg_pm10,1.26757870858111,1.88916756125106,971812,0.354331907817561,0.150277008310249,3 km,Three groups: below secondary - bachelor's+
santiago_2017,A_common,comuna,avg_pm25,1.61539609198133,6.91237546230288,971812,0.354331907817561,0.150277008310249,3 km,Three groups: below secondary - bachelor's+
santiago_2017,A_common,comuna,hrs_d_pm10_it1,89.0744646004981,20.0408739783264,971812,0.354331907817561,0.150277008310249,3 km,Three groups: below secondary - bachelor's+
santiago_2017,A_common,comuna,hrs_d_pm10_it2,102.422053545279,6.78728494948626,971812,0.354331907817561,0.150277008310249,3 km,Three groups: below secondary - bachelor's+
santiago_2017,A_common,comuna,hrs_d_pm25_it1,112.472733349266,59.4049851574619,971812,0.354331907817561,0.150277008310249,3 km,Three groups: below secondary - bachelor's+
santiago_2017,A_common,comuna,hrs_d_pm25_it2,180.472213453009,21.8298001936823,971812,0.354331907817561,0.150277008310249,3 km,Three groups: below secondary - bachelor's+
santiago_2017,A_common,distrito,avg_pm10,2.08538369471498,3.12659928275589,1251147,0.36506901267397,0.142727433307197,3 km,Three groups: below secondary - bachelor's+
santiago_2017,A_common,distrito,avg_pm25,1.49335471042414,6.47716938730842,1251147,0.36506901267397,0.142727433307197,3 km,Three groups: below secondary - bachelor's+
santiago_2017,A_common,distrito,hrs_d_pm10_it1,94.416767325628,22.2745849023151,1251147,0.36506901267397,0.142727433307197,3 km,Three groups: below secondary - bachelor's+
santiago_2017,A_common,distrito,hrs_d_pm10_it2,133.645723530409,9.11327092543421,1251147,0.36506901267397,0.142727433307197,3 km,Three groups: below secondary - bachelor's+
santiago_2017,A_common,distrito,hrs_d_pm25_it1,100.232415468668,57.3007649306768,1251147,0.36506901267397,0.142727433307197,3 km,Three groups: below secondary - bachelor's+
santiago_2017,A_common,distrito,hrs_d_pm25_it2,162.438563621557,20.7158617955193,1251147,0.36506901267397,0.142727433307197,3 km,Three groups: below secondary - bachelor's+
santiago_2017,A_common,fine,avg_pm10,2.16842822574841,3.27762847265718,1429271,0.366039750334261,0.139947567676109,3 km,Three groups: below secondary - bachelor's+
santiago_2017,A_common,fine,avg_pm25,1.42450359927201,6.1976563060044,1429271,0.366039750334261,0.139947567676109,3 km,Three groups: below secondary - bachelor's+
santiago_2017,A_common,fine,hrs_d_pm10_it1,92.3536412194797,22.4449786260008,1429271,0.366039750334261,0.139947567676109,3 km,Three groups: below secondary - bachelor's+
santiago_2017,A_common,fine,hrs_d_pm10_it2,138.279585241116,9.64929419639955,1429271,0.366039750334261,0.139947567676109,3 km,Three groups: below secondary - bachelor's+
santiago_2017,A_common,fine,hrs_d_pm25_it1,92.3846313884504,53.9942630610283,1429271,0.366039750334261,0.139947567676109,3 km,Three groups: below secondary - bachelor's+
santiago_2017,A_common,fine,hrs_d_pm25_it2,156.862924284093,20.2930689635412,1429271,0.366039750334261,0.139947567676109,3 km,Three groups: below secondary - bachelor's+
santiago_2017,B_common,comuna,avg_pm10,1.16048707296962,1.73142995550191,971812,0.354331907817561,0.150277008310249,3 km,Three groups: below secondary - bachelor's+
santiago_2017,B_common,comuna,avg_pm25,1.59482979229945,6.81323745930302,971812,0.354331907817561,0.150277008310249,3 km,Three groups: below secondary - bachelor's+
santiago_2017,B_common,comuna,hrs_d_pm10_it1,86.9361306935441,19.5422373614486,971812,0.354331907817561,0.150277008310249,3 km,Three groups: below secondary - bachelor's+
santiago_2017,B_common,comuna,hrs_d_pm10_it2,102.308031203494,6.77057830830923,971812,0.354331907817561,0.150277008310249,3 km,Three groups: below secondary - bachelor's+
santiago_2017,B_common,comuna,hrs_d_pm25_it1,114.390163242336,59.7682628816012,971812,0.354331907817561,0.150277008310249,3 km,Three groups: below secondary - bachelor's+
santiago_2017,B_common,comuna,hrs_d_pm25_it2,183.080284204392,21.9199755834143,971812,0.354331907817561,0.150277008310249,3 km,Three groups: below secondary - bachelor's+
santiago_2017,B_common,distrito,avg_pm10,2.09319557788194,3.13829034311968,1251147,0.36506901267397,0.142727433307197,3 km,Three groups: below secondary - bachelor's+
santiago_2017,B_common,distrito,avg_pm25,1.50142088694723,6.51118012120939,1251147,0.36506901267397,0.142727433307197,3 km,Three groups: below secondary - bachelor's+
santiago_2017,B_common,distrito,hrs_d_pm10_it1,94.6265716234586,22.3221228307335,1251147,0.36506901267397,0.142727433307197,3 km,Three groups: below secondary - bachelor's+
santiago_2017,B_common,distrito,hrs_d_pm10_it2,133.864038178797,9.15589586428693,1251147,0.36506901267397,0.142727433307197,3 km,Three groups: below secondary - bachelor's+
santiago_2017,B_common,distrito,hrs_d_pm25_it1,100.169154204098,57.2627055892488,1251147,0.36506901267397,0.142727433307197,3 km,Three groups: below secondary - bachelor's+
santiago_2017,B_common,distrito,hrs_d_pm25_it2,162.859707367889,20.8888832348727,1251147,0.36506901267397,0.142727433307197,3 km,Three groups: below secondary - bachelor's+
santiago_2017,B_common,fine,avg_pm10,2.16842822574841,3.27762847265718,1429271,0.366039750334261,0.139947567676109,3 km,Three groups: below secondary - bachelor's+
santiago_2017,B_common,fine,avg_pm25,1.42450359927201,6.1976563060044,1429271,0.366039750334261,0.139947567676109,3 km,Three groups: below secondary - bachelor's+
santiago_2017,B_common,fine,hrs_d_pm10_it1,92.3536412194797,22.4449786260008,1429271,0.366039750334261,0.139947567676109,3 km,Three groups: below secondary - bachelor's+
santiago_2017,B_common,fine,hrs_d_pm10_it2,138.279585241116,9.64929419639955,1429271,0.366039750334261,0.139947567676109,3 km,Three groups: below secondary - bachelor's+
santiago_2017,B_common,fine,hrs_d_pm25_it1,92.3846313884504,53.9942630610283,1429271,0.366039750334261,0.139947567676109,3 km,Three groups: below secondary - bachelor's+
santiago_2017,B_common,fine,hrs_d_pm25_it2,156.862924284093,20.2930689635412,1429271,0.366039750334261,0.139947567676109,3 km,Three groups: below secondary - bachelor's+
santiago_2017,B_native,comuna,avg_pm10,5.68100972698381,9.17540015560647,1449393,0.315113982198065,0.20353968868347,3 km,Three groups: below secondary - bachelor's+
santiago_2017,B_native,comuna,avg_pm25,2.76085533196013,12.5405219980377,1449393,0.315113982198065,0.20353968868347,3 km,Three groups: below secondary - bachelor's+
santiago_2017,B_native,comuna,hrs_d_pm10_it1,188.453515219119,59.8372306621809,1449393,0.315113982198065,0.20353968868347,3 km,Three groups: below secondary - bachelor's+
santiago_2017,B_native,comuna,hrs_d_pm10_it2,363.581763844473,30.3632795861211,1449393,0.315113982198065,0.20353968868347,3 km,Three groups: below secondary - bachelor's+
santiago_2017,B_native,comuna,hrs_d_pm25_it1,140.09781937505,101.423984758161,1449393,0.315113982198065,0.20353968868347,3 km,Three groups: below secondary - bachelor's+
santiago_2017,B_native,comuna,hrs_d_pm25_it2,309.831781954528,46.4218460362174,1449393,0.315113982198065,0.20353968868347,3 km,Three groups: below secondary - bachelor's+
santiago_2017,B_native,distrito,avg_pm10,2.81694116474064,4.26766783559178,1404378,0.358465455881536,0.147986510754227,3 km,Three groups: below secondary - bachelor's+
santiago_2017,B_native,distrito,avg_pm25,1.63974813987122,7.16913900252922,1404378,0.358465455881536,0.147986510754227,3 km,Three groups: below secondary - bachelor's+
santiago_2017,B_native,distrito,hrs_d_pm10_it1,108.028808883824,26.5545326560815,1404378,0.358465455881536,0.147986510754227,3 km,Three groups: below secondary - bachelor's+
santiago_2017,B_native,distrito,hrs_d_pm10_it2,172.607346251425,12.1597809632395,1404378,0.358465455881536,0.147986510754227,3 km,Three groups: below secondary - bachelor's+
santiago_2017,B_native,distrito,hrs_d_pm25_it1,100.85904347876,59.7481455816383,1404378,0.358465455881536,0.147986510754227,3 km,Three groups: below secondary - bachelor's+
santiago_2017,B_native,distrito,hrs_d_pm25_it2,176.220358578206,23.2728363874213,1404378,0.358465455881536,0.147986510754227,3 km,Three groups: below secondary - bachelor's+
santiago_2017,B_native,fine,avg_pm10,2.16842822574841,3.27762847265718,1429271,0.366039750334261,0.139947567676109,3 km,Three groups: below secondary - bachelor's+
santiago_2017,B_native,fine,avg_pm25,1.42450359927201,6.1976563060044,1429271,0.366039750334261,0.139947567676109,3 km,Three groups: below secondary - bachelor's+
santiago_2017,B_native,fine,hrs_d_pm10_it1,92.3536412194797,22.4449786260008,1429271,0.366039750334261,0.139947567676109,3 km,Three groups: below secondary - bachelor's+
santiago_2017,B_native,fine,hrs_d_pm10_it2,138.279585241116,9.64929419639955,1429271,0.366039750334261,0.139947567676109,3 km,Three groups: below secondary - bachelor's+
santiago_2017,B_native,fine,hrs_d_pm25_it1,92.3846313884504,53.9942630610283,1429271,0.366039750334261,0.139947567676109,3 km,Three groups: below secondary - bachelor's+
santiago_2017,B_native,fine,hrs_d_pm25_it2,156.862924284093,20.2930689635412,1429271,0.366039750334261,0.139947567676109,3 km,Three groups: below secondary - bachelor's+
santiago_2017,C,comuna,avg_pm10,19.7582508735057,39.045087660345,1429271,0.136100151755685,0.0255339960021577,3 km,Three groups: below secondary - bachelor's+
santiago_2017,C,comuna,avg_pm25,6.68928097610682,35.4376174623968,1429271,0.136100151755685,0.0255339960021577,3 km,Three groups: below secondary - bachelor's+
santiago_2017,C,comuna,hrs_d_pm10_it1,551.541382803734,1624.53584820898,1429271,0.136100151755685,0.0255339960021577,3 km,Three groups: below secondary - bachelor's+
santiago_2017,C,comuna,hrs_d_pm10_it2,1194.6625197919,232.424614745506,1429271,0.136100151755685,0.0255339960021577,3 km,Three groups: below secondary - bachelor's+
santiago_2017,C,comuna,hrs_d_pm25_it1,311.821194035253,975.944625987984,1429271,0.136100151755685,0.0255339960021577,3 km,Three groups: below secondary - bachelor's+
santiago_2017,C,comuna,hrs_d_pm25_it2,752.496663650758,251.671124966809,1429271,0.136100151755685,0.0255339960021577,3 km,Three groups: below secondary - bachelor's+
santiago_2017,C,distrito,avg_pm10,10.7239823440705,18.3682688918881,1429271,0.259488928271825,0.0547467904966938,3 km,Three groups: below secondary - bachelor's+
santiago_2017,C,distrito,avg_pm25,4.64496492280335,22.7105099640005,1429271,0.259488928271825,0.0547467904966938,3 km,Three groups: below secondary - bachelor's+
santiago_2017,C,distrito,hrs_d_pm10_it1,339.218398070626,157.512765009214,1429271,0.259488928271825,0.0547467904966938,3 km,Three groups: below secondary - bachelor's+
santiago_2017,C,distrito,hrs_d_pm10_it2,666.525646373825,67.757877571359,1429271,0.259488928271825,0.0547467904966938,3 km,Three groups: below secondary - bachelor's+
santiago_2017,C,distrito,hrs_d_pm25_it1,237.074399654692,285.179310887247,1429271,0.259488928271825,0.0547467904966938,3 km,Three groups: below secondary - bachelor's+
santiago_2017,C,distrito,hrs_d_pm25_it2,523.745107201686,105.290685556052,1429271,0.259488928271825,0.0547467904966938,3 km,Three groups: below secondary - bachelor's+
santiago_2017,C,fine,avg_pm10,10.2313414911468,17.5583058221716,1429271,0.28627321200808,0.0504991705561786,3 km,Three groups: below secondary - bachelor's+
santiago_2017,C,fine,avg_pm25,4.33781783626885,21.2324599556883,1429271,0.28627321200808,0.0504991705561786,3 km,Three groups: below secondary - bachelor's+
santiago_2017,C,fine,hrs_d_pm10_it1,314.029591047095,147.524073966601,1429271,0.28627321200808,0.0504991705561786,3 km,Three groups: below secondary - bachelor's+
santiago_2017,C,fine,hrs_d_pm10_it2,618.248293673395,63.1668275529088,1429271,0.28627321200808,0.0504991705561786,3 km,Three groups: below secondary - bachelor's+
santiago_2017,C,fine,hrs_d_pm25_it1,213.859078326504,259.151467582569,1429271,0.28627321200808,0.0504991705561786,3 km,Three groups: below secondary - bachelor's+
santiago_2017,C,fine,hrs_d_pm25_it2,478.359121035577,96.3623375165853,1429271,0.28627321200808,0.0504991705561786,3 km,Three groups: below secondary - bachelor's+
santiago_2017,baseline_common,comuna,avg_pm10,1.30363872453259,1.94360610995206,971812,0.354331907817561,0.150277008310249,3 km,Three groups: below secondary - bachelor's+
santiago_2017,baseline_common,comuna,avg_pm25,1.59302207245974,6.81155323631482,971812,0.354331907817561,0.150277008310249,3 km,Three groups: below secondary - bachelor's+
santiago_2017,baseline_common,comuna,hrs_d_pm10_it1,89.098117407267,20.0404249320719,971812,0.354331907817561,0.150277008310249,3 km,Three groups: below secondary - bachelor's+
santiago_2017,baseline_common,comuna,hrs_d_pm10_it2,103.566052799119,6.8662298191178,971812,0.354331907817561,0.150277008310249,3 km,Three groups: below secondary - bachelor's+
santiago_2017,baseline_common,comuna,hrs_d_pm25_it1,112.50368594792,59.359231108548,971812,0.354331907817561,0.150277008310249,3 km,Three groups: below secondary - bachelor's+
santiago_2017,baseline_common,comuna,hrs_d_pm25_it2,178.000405430984,21.4797864927376,971812,0.354331907817561,0.150277008310249,3 km,Three groups: below secondary - bachelor's+
santiago_2017,baseline_common,distrito,avg_pm10,2.07679272140325,3.11348003296652,1251147,0.36506901267397,0.142727433307197,3 km,Three groups: below secondary - bachelor's+
santiago_2017,baseline_common,distrito,avg_pm25,1.49334483407662,6.4771026170827,1251147,0.36506901267397,0.142727433307197,3 km,Three groups: below secondary - bachelor's+
santiago_2017,baseline_common,distrito,hrs_d_pm10_it1,94.2060252160944,22.2181765143775,1251147,0.36506901267397,0.142727433307197,3 km,Three groups: below secondary - bachelor's+
santiago_2017,baseline_common,distrito,hrs_d_pm10_it2,132.841949507574,9.05569215513176,1251147,0.36506901267397,0.142727433307197,3 km,Three groups: below secondary - bachelor's+
santiago_2017,baseline_common,distrito,hrs_d_pm25_it1,100.195269317141,57.2701085736137,1251147,0.36506901267397,0.142727433307197,3 km,Three groups: below secondary - bachelor's+
santiago_2017,baseline_common,distrito,hrs_d_pm25_it2,161.860305433271,20.6335782023244,1251147,0.36506901267397,0.142727433307197,3 km,Three groups: below secondary - bachelor's+
santiago_2017,baseline_common,fine,avg_pm10,2.16842822574841,3.27762847265718,1429271,0.366039750334261,0.139947567676109,3 km,Three groups: below secondary - bachelor's+
santiago_2017,baseline_common,fine,avg_pm25,1.42450359927201,6.1976563060044,1429271,0.366039750334261,0.139947567676109,3 km,Three groups: below secondary - bachelor's+
santiago_2017,baseline_common,fine,hrs_d_pm10_it1,92.3536412194797,22.4449786260008,1429271,0.366039750334261,0.139947567676109,3 km,Three groups: below secondary - bachelor's+
santiago_2017,baseline_common,fine,hrs_d_pm10_it2,138.279585241116,9.64929419639955,1429271,0.366039750334261,0.139947567676109,3 km,Three groups: below secondary - bachelor's+
santiago_2017,baseline_common,fine,hrs_d_pm25_it1,92.3846313884504,53.9942630610283,1429271,0.366039750334261,0.139947567676109,3 km,Three groups: below secondary - bachelor's+
santiago_2017,baseline_common,fine,hrs_d_pm25_it2,156.862924284093,20.2930689635412,1429271,0.366039750334261,0.139947567676109,3 km,Three groups: below secondary - bachelor's+
sao_paulo_2010,A,fine,avg_pm10,0.818449312983677,3.1939688322328,3211384.78869041,0.47925849300847,0.227975740064731,3 km,Three groups: below secondary - bachelor's+
sao_paulo_2010,A,fine,avg_pm25,-0.0648238818155136,-0.457181821673847,2856619.31561217,0.458485278828116,0.254879021252763,3 km,Three groups: below secondary - bachelor's+
sao_paulo_2010,A,fine,hrs_d_pm10_it1,3.27753259336859,144.88805008471,3211384.78869041,0.47925849300847,0.227975740064731,3 km,Three groups: below secondary - bachelor's+
sao_paulo_2010,A,fine,hrs_d_pm10_it2,21.3453641504577,43.2953928474672,3211384.78869041,0.47925849300847,0.227975740064731,3 km,Three groups: below secondary - bachelor's+
sao_paulo_2010,A,fine,hrs_d_pm25_it1,3.11327142512593,21.6048602960466,2856619.31561217,0.458485278828116,0.254879021252763,3 km,Three groups: below secondary - bachelor's+
sao_paulo_2010,A,fine,hrs_d_pm25_it2,8.87700002136563,6.97826967098147,2856619.31561217,0.458485278828116,0.254879021252763,3 km,Three groups: below secondary - bachelor's+
sao_paulo_2010,A,municipio,avg_pm10,0.185312201461564,0.710699274956328,3211384.78869041,0.47925849300847,0.227975740064731,3 km,Three groups: below secondary - bachelor's+
sao_paulo_2010,A,municipio,avg_pm25,0.0898722071345599,0.639295943344176,2856619.31561217,0.458485278828116,0.254879021252763,3 km,Three groups: below secondary - bachelor's+
sao_paulo_2010,A,municipio,hrs_d_pm10_it1,0.609368946863734,14.6477361138152,3211384.78869041,0.47925849300847,0.227975740064731,3 km,Three groups: below secondary - bachelor's+
sao_paulo_2010,A,municipio,hrs_d_pm10_it2,5.4590273809251,9.02953664601212,3211384.78869041,0.47925849300847,0.227975740064731,3 km,Three groups: below secondary - bachelor's+
sao_paulo_2010,A,municipio,hrs_d_pm25_it1,0.837151418712262,5.23900557333505,2856619.31561217,0.458485278828116,0.254879021252763,3 km,Three groups: below secondary - bachelor's+
sao_paulo_2010,A,municipio,hrs_d_pm25_it2,10.0992119856175,7.99510070870677,2856619.31561217,0.458485278828116,0.254879021252763,3 km,Three groups: below secondary - bachelor's+
sao_paulo_2010,A_common,fine,avg_pm10,0.818449312983677,3.1939688322328,3211384.78869041,0.47925849300847,0.227975740064731,3 km,Three groups: below secondary - bachelor's+
sao_paulo_2010,A_common,fine,avg_pm25,-0.0648238818155136,-0.457181821673847,2856619.31561217,0.458485278828116,0.254879021252763,3 km,Three groups: below secondary - bachelor's+
sao_paulo_2010,A_common,fine,hrs_d_pm10_it1,3.27753259336859,144.88805008471,3211384.78869041,0.47925849300847,0.227975740064731,3 km,Three groups: below secondary - bachelor's+
sao_paulo_2010,A_common,fine,hrs_d_pm10_it2,21.3453641504577,43.2953928474672,3211384.78869041,0.47925849300847,0.227975740064731,3 km,Three groups: below secondary - bachelor's+
sao_paulo_2010,A_common,fine,hrs_d_pm25_it1,3.11327142512593,21.6048602960466,2856619.31561217,0.458485278828116,0.254879021252763,3 km,Three groups: below secondary - bachelor's+
sao_paulo_2010,A_common,fine,hrs_d_pm25_it2,8.87700002136563,6.97826967098147,2856619.31561217,0.458485278828116,0.254879021252763,3 km,Three groups: below secondary - bachelor's+
sao_paulo_2010,A_common,municipio,avg_pm10,-0.0384374012492046,-0.140429585491697,746182.288595823,0.54064607619419,0.137734996831166,3 km,Three groups: below secondary - bachelor's+
sao_paulo_2010,A_common,municipio,avg_pm25,-0.798745909098049,-5.18699938406115,498064.977619388,0.559854401951639,0.120824127957156,3 km,Three groups: below secondary - bachelor's+
sao_paulo_2010,A_common,municipio,hrs_d_pm10_it1,0.326206916002288,5.98371378913229,746182.288595823,0.54064607619419,0.137734996831166,3 km,Three groups: below secondary - bachelor's+
sao_paulo_2010,A_common,municipio,hrs_d_pm10_it2,1.32069346620834,1.49232900682412,746182.288595823,0.54064607619419,0.137734996831166,3 km,Three groups: below secondary - bachelor's+
sao_paulo_2010,A_common,municipio,hrs_d_pm25_it1,-4.21541248805091,-16.8988880398382,498064.977619388,0.559854401951639,0.120824127957156,3 km,Three groups: below secondary - bachelor's+
sao_paulo_2010,A_common,municipio,hrs_d_pm25_it2,-31.9082059859668,-15.3886399820397,498064.977619388,0.559854401951639,0.120824127957156,3 km,Three groups: below secondary - bachelor's+
sao_paulo_2010,B_common,fine,avg_pm10,0.818449312983677,3.1939688322328,3211384.78869041,0.47925849300847,0.227975740064731,3 km,Three groups: below secondary - bachelor's+
sao_paulo_2010,B_common,fine,avg_pm25,-0.0648238818155171,-0.45718182167388,2856619.31561217,0.458485278828116,0.254879021252763,3 km,Three groups: below secondary - bachelor's+
sao_paulo_2010,B_common,fine,hrs_d_pm10_it1,3.27753259336859,144.88805008471,3211384.78869041,0.47925849300847,0.227975740064731,3 km,Three groups: below secondary - bachelor's+
sao_paulo_2010,B_common,fine,hrs_d_pm10_it2,21.3453641504577,43.2953928474672,3211384.78869041,0.47925849300847,0.227975740064731,3 km,Three groups: below secondary - bachelor's+
sao_paulo_2010,B_common,fine,hrs_d_pm25_it1,3.11327142512592,21.6048602960466,2856619.31561217,0.458485278828116,0.254879021252763,3 km,Three groups: below secondary - bachelor's+
sao_paulo_2010,B_common,fine,hrs_d_pm25_it2,8.87700002136563,6.97826967098147,2856619.31561217,0.458485278828116,0.254879021252763,3 km,Three groups: below secondary - bachelor's+
sao_paulo_2010,B_common,municipio,avg_pm10,-0.0481987092715919,-0.174765729373438,746182.288595823,0.54064607619419,0.137734996831166,3 km,Three groups: below secondary - bachelor's+
sao_paulo_2010,B_common,municipio,avg_pm25,-0.911922984367699,-5.76077870438887,498064.977619388,0.559854401951639,0.120824127957156,3 km,Three groups: below secondary - bachelor's+
sao_paulo_2010,B_common,municipio,hrs_d_pm10_it1,0.404533193687013,6.80400794988436,746182.288595823,0.54064607619419,0.137734996831166,3 km,Three groups: below secondary - bachelor's+
sao_paulo_2010,B_common,municipio,hrs_d_pm10_it2,1.45435979987687,1.53221817872544,746182.288595823,0.54064607619419,0.137734996831166,3 km,Three groups: below secondary - bachelor's+
sao_paulo_2010,B_common,municipio,hrs_d_pm25_it1,-5.1359237617051,-18.0529358489433,498064.977619388,0.559854401951639,0.120824127957156,3 km,Three groups: below secondary - bachelor's+
sao_paulo_2010,B_common,municipio,hrs_d_pm25_it2,-34.3765396477484,-15.8131761262157,498064.977619388,0.559854401951639,0.120824127957156,3 km,Three groups: below secondary - bachelor's+
sao_paulo_2010,B_native,fine,avg_pm10,0.818449312983677,3.1939688322328,3211384.78869041,0.47925849300847,0.227975740064731,3 km,Three groups: below secondary - bachelor's+
sao_paulo_2010,B_native,fine,avg_pm25,-0.0648238818155171,-0.45718182167388,2856619.31561217,0.458485278828116,0.254879021252763,3 km,Three groups: below secondary - bachelor's+
sao_paulo_2010,B_native,fine,hrs_d_pm10_it1,3.27753259336859,144.88805008471,3211384.78869041,0.47925849300847,0.227975740064731,3 km,Three groups: below secondary - bachelor's+
sao_paulo_2010,B_native,fine,hrs_d_pm10_it2,21.3453641504577,43.2953928474672,3211384.78869041,0.47925849300847,0.227975740064731,3 km,Three groups: below secondary - bachelor's+
sao_paulo_2010,B_native,fine,hrs_d_pm25_it1,3.11327142512592,21.6048602960466,2856619.31561217,0.458485278828116,0.254879021252763,3 km,Three groups: below secondary - bachelor's+
sao_paulo_2010,B_native,fine,hrs_d_pm25_it2,8.87700002136563,6.97826967098147,2856619.31561217,0.458485278828116,0.254879021252763,3 km,Three groups: below secondary - bachelor's+
sao_paulo_2010,B_native,municipio,avg_pm10,0.00951586307227359,0.0339939973957204,1134538.04332875,0.562919636176538,0.120798908429668,3 km,Three groups: below secondary - bachelor's+
sao_paulo_2010,B_native,municipio,avg_pm25,-0.951310696025857,-5.88671085846337,848104.879456181,0.576304725395069,0.109523561405344,3 km,Three groups: below secondary - bachelor's+
sao_paulo_2010,B_native,municipio,hrs_d_pm10_it1,1.17191360476696,19.7227706356678,1134538.04332875,0.562919636176538,0.120798908429668,3 km,Three groups: below secondary - bachelor's+
sao_paulo_2010,B_native,municipio,hrs_d_pm10_it2,5.02488324780236,4.83424598438502,1134538.04332875,0.562919636176538,0.120798908429668,3 km,Three groups: below secondary - bachelor's+
sao_paulo_2010,B_native,municipio,hrs_d_pm25_it1,-5.8074453696622,-19.0919513130232,848104.879456181,0.576304725395069,0.109523561405344,3 km,Three groups: below secondary - bachelor's+
sao_paulo_2010,B_native,municipio,hrs_d_pm25_it2,-37.5184959833602,-16.3354692895531,848104.879456181,0.576304725395069,0.109523561405344,3 km,Three groups: below secondary - bachelor's+
sao_paulo_2010,C,fine,avg_pm10,1.85965148298618,7.51858481651535,3211384.78869041,0.526796751544735,0.175280556745602,3 km,Three groups: below secondary - bachelor's+
sao_paulo_2010,C,fine,avg_pm25,-0.14623265787243,-1.04761232073484,2856619.31561217,0.459161710328687,0.175841458885219,3 km,Three groups: below secondary - bachelor's+
sao_paulo_2010,C,fine,hrs_d_pm10_it1,6.6566640784011,3118.44303950318,3211384.78869041,0.526796751544735,0.175280556745602,3 km,Three groups: below secondary - bachelor's+
sao_paulo_2010,C,fine,hrs_d_pm10_it2,46.7475091469318,156.808809143703,3211384.78869041,0.526796751544735,0.175280556745602,3 km,Three groups: below secondary - bachelor's+
sao_paulo_2010,C,fine,hrs_d_pm25_it1,6.6848109175684,58.8733147031747,2856619.31561217,0.459161710328687,0.175841458885219,3 km,Three groups: below secondary - bachelor's+
sao_paulo_2010,C,fine,hrs_d_pm25_it2,19.9349508862521,18.2658879148963,2856619.31561217,0.459161710328687,0.175841458885219,3 km,Three groups: below secondary - bachelor's+
sao_paulo_2010,C,municipio,avg_pm10,,,3211384.78869041,0.288260831313296,0,3 km,Three groups: below secondary - bachelor's+
sao_paulo_2010,C,municipio,avg_pm25,,,2856619.31561217,0.27033701469002,0,3 km,Three groups: below secondary - bachelor's+
sao_paulo_2010,C,municipio,hrs_d_pm10_it1,,,3211384.78869041,0.288260831313296,0,3 km,Three groups: below secondary - bachelor's+
sao_paulo_2010,C,municipio,hrs_d_pm10_it2,,,3211384.78869041,0.288260831313296,0,3 km,Three groups: below secondary - bachelor's+
sao_paulo_2010,C,municipio,hrs_d_pm25_it1,,,2856619.31561217,0.27033701469002,0,3 km,Three groups: below secondary - bachelor's+
sao_paulo_2010,C,municipio,hrs_d_pm25_it2,,,2856619.31561217,0.27033701469002,0,3 km,Three groups: below secondary - bachelor's+
sao_paulo_2010,baseline_common,fine,avg_pm10,0.818449312983677,3.1939688322328,3211384.78869041,0.47925849300847,0.227975740064731,3 km,Three groups: below secondary - bachelor's+
sao_paulo_2010,baseline_common,fine,avg_pm25,-0.0648238818155171,-0.45718182167388,2856619.31561217,0.458485278828116,0.254879021252763,3 km,Three groups: below secondary - bachelor's+
sao_paulo_2010,baseline_common,fine,hrs_d_pm10_it1,3.27753259336859,144.88805008471,3211384.78869041,0.47925849300847,0.227975740064731,3 km,Three groups: below secondary - bachelor's+
sao_paulo_2010,baseline_common,fine,hrs_d_pm10_it2,21.3453641504577,43.2953928474672,3211384.78869041,0.47925849300847,0.227975740064731,3 km,Three groups: below secondary - bachelor's+
sao_paulo_2010,baseline_common,fine,hrs_d_pm25_it1,3.11327142512592,21.6048602960466,2856619.31561217,0.458485278828116,0.254879021252763,3 km,Three groups: below secondary - bachelor's+
sao_paulo_2010,baseline_common,fine,hrs_d_pm25_it2,8.87700002136563,6.97826967098147,2856619.31561217,0.458485278828116,0.254879021252763,3 km,Three groups: below secondary - bachelor's+
sao_paulo_2010,baseline_common,municipio,avg_pm10,-0.039280381781424,-0.143481246786181,746182.288595823,0.54064607619419,0.137734996831166,3 km,Three groups: below secondary - bachelor's+
sao_paulo_2010,baseline_common,municipio,avg_pm25,-1.15459303982828,-7.35488500452278,498064.977619388,0.559854401951639,0.120824127957156,3 km,Three groups: below secondary - bachelor's+
sao_paulo_2010,baseline_common,municipio,hrs_d_pm10_it1,0.593488130543139,11.2781469228731,746182.288595823,0.54064607619419,0.137734996831166,3 km,Three groups: below secondary - bachelor's+
sao_paulo_2010,baseline_common,municipio,hrs_d_pm10_it2,2.13217263549276,2.42124178399885,746182.288595823,0.54064607619419,0.137734996831166,3 km,Three groups: below secondary - bachelor's+
sao_paulo_2010,baseline_common,municipio,hrs_d_pm25_it1,-6.58952264841983,-24.4200673449082,498064.977619388,0.559854401951639,0.120824127957156,3 km,Three groups: below secondary - bachelor's+
sao_paulo_2010,baseline_common,municipio,hrs_d_pm25_it2,-47.9851148276943,-21.732702169686,498064.977619388,0.559854401951639,0.120824127957156,3 km,Three groups: below secondary - bachelor's+
bogota_2018,A,fine,avg_pm10,4.05881333505102,13.9382194987157,5550678,0.199095858199665,0.20065242480288,20 km,"Quintiles, ties by geo order"
bogota_2018,A,fine,avg_pm25,1.39034897952956,9.72828977522553,5550678,0.199095858199665,0.20065242480288,20 km,"Quintiles, ties by geo order"
bogota_2018,A,fine,hrs_d_pm10_it1,0.319242114370789,104.841109740894,5550678,0.199095858199665,0.20065242480288,20 km,"Quintiles, ties by geo order"
bogota_2018,A,fine,hrs_d_pm10_it2,18.9544365529608,210.699524207867,5550678,0.199095858199665,0.20065242480288,20 km,"Quintiles, ties by geo order"
bogota_2018,A,fine,hrs_d_pm25_it1,0.102629100998511,66.3627589486814,5550678,0.199095858199665,0.20065242480288,20 km,"Quintiles, ties by geo order"
bogota_2018,A,fine,hrs_d_pm25_it2,14.1600526946365,211.622073585195,5550678,0.199095858199665,0.20065242480288,20 km,"Quintiles, ties by geo order"
bogota_2018,A,localidad,avg_pm10,3.5801782438971,12.1669042132726,5550678,0.199095858199665,0.20065242480288,20 km,"Quintiles, ties by geo order"
bogota_2018,A,localidad,avg_pm25,1.21124150480969,8.40352791995866,5550678,0.199095858199665,0.20065242480288,20 km,"Quintiles, ties by geo order"
bogota_2018,A,localidad,hrs_d_pm10_it1,0.255950971941336,92.0140276270407,5550678,0.199095858199665,0.20065242480288,20 km,"Quintiles, ties by geo order"
bogota_2018,A,localidad,hrs_d_pm10_it2,16.5540523102056,170.363726346238,5550678,0.199095858199665,0.20065242480288,20 km,"Quintiles, ties by geo order"
bogota_2018,A,localidad,hrs_d_pm25_it1,0.0927874083432489,55.6039347341727,5550678,0.199095858199665,0.20065242480288,20 km,"Quintiles, ties by geo order"
bogota_2018,A,localidad,hrs_d_pm25_it2,12.5481633884694,169.129748967045,5550678,0.199095858199665,0.20065242480288,20 km,"Quintiles, ties by geo order"
bogota_2018,A,municipio,avg_pm10,0.294392285210627,0.923736420215637,5550678,0.199095858199665,0.20065242480288,20 km,"Quintiles, ties by geo order"
bogota_2018,A,municipio,avg_pm25,0.0791580177832998,0.518162343192019,5550678,0.199095858199665,0.20065242480288,20 km,"Quintiles, ties by geo order"
bogota_2018,A,municipio,hrs_d_pm10_it1,0.222719108771985,75.0695917303992,5550678,0.199095858199665,0.20065242480288,20 km,"Quintiles, ties by geo order"
bogota_2018,A,municipio,hrs_d_pm10_it2,4.41196417123895,24.3960399396303,5550678,0.199095858199665,0.20065242480288,20 km,"Quintiles, ties by geo order"
bogota_2018,A,municipio,hrs_d_pm25_it1,0.0401987012772768,20.2834346035528,5550678,0.199095858199665,0.20065242480288,20 km,"Quintiles, ties by geo order"
bogota_2018,A,municipio,hrs_d_pm25_it2,1.92384830013541,12.9199604791732,5550678,0.199095858199665,0.20065242480288,20 km,"Quintiles, ties by geo order"
bogota_2018,A,seccion,avg_pm10,4.05246538081664,13.9148838332776,5550678,0.199095858199665,0.20065242480288,20 km,"Quintiles, ties by geo order"
bogota_2018,A,seccion,avg_pm25,1.38846428100153,9.7144871918077,5550678,0.199095858199665,0.20065242480288,20 km,"Quintiles, ties by geo order"
bogota_2018,A,seccion,hrs_d_pm10_it1,0.291210550770623,91.676015336162,5550678,0.199095858199665,0.20065242480288,20 km,"Quintiles, ties by geo order"
bogota_2018,A,seccion,hrs_d_pm10_it2,18.7730603465035,206.602343555232,5550678,0.199095858199665,0.20065242480288,20 km,"Quintiles, ties by geo order"
bogota_2018,A,seccion,hrs_d_pm25_it1,0.0955258177795584,60.4275327286689,5550678,0.199095858199665,0.20065242480288,20 km,"Quintiles, ties by geo order"
bogota_2018,A,seccion,hrs_d_pm25_it2,14.0112554352506,206.907733136869,5550678,0.199095858199665,0.20065242480288,20 km,"Quintiles, ties by geo order"
bogota_2018,A,sector,avg_pm10,4.03520819160558,13.8515244704157,5550678,0.199095858199665,0.20065242480288,20 km,"Quintiles, ties by geo order"
bogota_2018,A,sector,avg_pm25,1.38111177303884,9.66046619818923,5550678,0.199095858199665,0.20065242480288,20 km,"Quintiles, ties by geo order"
bogota_2018,A,sector,hrs_d_pm10_it1,0.251920127705056,73.3719455740955,5550678,0.199095858199665,0.20065242480288,20 km,"Quintiles, ties by geo order"
bogota_2018,A,sector,hrs_d_pm10_it2,18.5109029315646,201.06793298231,5550678,0.199095858199665,0.20065242480288,20 km,"Quintiles, ties by geo order"
bogota_2018,A,sector,hrs_d_pm25_it1,0.0893481350955978,54.9255757918216,5550678,0.199095858199665,0.20065242480288,20 km,"Quintiles, ties by geo order"
bogota_2018,A,sector,hrs_d_pm25_it2,13.8508883350968,201.939553094237,5550678,0.199095858199665,0.20065242480288,20 km,"Quintiles, ties by geo order"
bogota_2018,A_common,fine,avg_pm10,4.05881333505102,13.9382194987157,5550678,0.199095858199665,0.20065242480288,20 km,"Quintiles, ties by geo order"
bogota_2018,A_common,fine,avg_pm25,1.39034897952956,9.72828977522553,5550678,0.199095858199665,0.20065242480288,20 km,"Quintiles, ties by geo order"
bogota_2018,A_common,fine,hrs_d_pm10_it1,0.319242114370789,104.841109740894,5550678,0.199095858199665,0.20065242480288,20 km,"Quintiles, ties by geo order"
bogota_2018,A_common,fine,hrs_d_pm10_it2,18.9544365529608,210.699524207867,5550678,0.199095858199665,0.20065242480288,20 km,"Quintiles, ties by geo order"
bogota_2018,A_common,fine,hrs_d_pm25_it1,0.102629100998511,66.3627589486814,5550678,0.199095858199665,0.20065242480288,20 km,"Quintiles, ties by geo order"
bogota_2018,A_common,fine,hrs_d_pm25_it2,14.1600526946365,211.622073585195,5550678,0.199095858199665,0.20065242480288,20 km,"Quintiles, ties by geo order"
bogota_2018,A_common,localidad,avg_pm10,3.58177222473281,12.1720993042537,5550423,0.19908446617492,0.200655337440047,20 km,"Quintiles, ties by geo order"
bogota_2018,A_common,localidad,avg_pm25,1.21196958897332,8.40842520240706,5550423,0.19908446617492,0.200655337440047,20 km,"Quintiles, ties by geo order"
bogota_2018,A_common,localidad,hrs_d_pm10_it1,0.25599733351447,92.0278024697992,5550423,0.19908446617492,0.200655337440047,20 km,"Quintiles, ties by geo order"
bogota_2018,A_common,localidad,hrs_d_pm10_it2,16.5563855025817,170.38293463941,5550423,0.19908446617492,0.200655337440047,20 km,"Quintiles, ties by geo order"
bogota_2018,A_common,localidad,hrs_d_pm25_it1,0.0928089525180005,55.6150975630559,5550423,0.19908446617492,0.200655337440047,20 km,"Quintiles, ties by geo order"
bogota_2018,A_common,localidad,hrs_d_pm25_it2,12.5499184701217,169.148805517972,5550423,0.19908446617492,0.200655337440047,20 km,"Quintiles, ties by geo order"
bogota_2018,A_common,municipio,avg_pm10,1.86959610759826,6.36093295900599,1076650,0.202231923094785,0.178256629359588,20 km,"Quintiles, ties by geo order"
bogota_2018,A_common,municipio,avg_pm25,0.642074889669873,4.68993426963535,1076650,0.202231923094785,0.178256629359588,20 km,"Quintiles, ties by geo order"
bogota_2018,A_common,municipio,hrs_d_pm10_it1,0.95098164117933,64.2057229905605,1076650,0.202231923094785,0.178256629359588,20 km,"Quintiles, ties by geo order"
bogota_2018,A_common,municipio,hrs_d_pm10_it2,19.9917249567854,58.9094901538145,1076650,0.202231923094785,0.178256629359588,20 km,"Quintiles, ties by geo order"
bogota_2018,A_common,municipio,hrs_d_pm25_it1,0.0910846483687057,9.65165788171427,1076650,0.202231923094785,0.178256629359588,20 km,"Quintiles, ties by geo order"
bogota_2018,A_common,municipio,hrs_d_pm25_it2,8.66027941783514,39.0455116827232,1076650,0.202231923094785,0.178256629359588,20 km,"Quintiles, ties by geo order"
bogota_2018,A_common,seccion,avg_pm10,4.05246538081664,13.9148838332776,5550678,0.199095858199665,0.20065242480288,20 km,"Quintiles, ties by geo order"
bogota_2018,A_common,seccion,avg_pm25,1.38846428100153,9.7144871918077,5550678,0.199095858199665,0.20065242480288,20 km,"Quintiles, ties by geo order"
bogota_2018,A_common,seccion,hrs_d_pm10_it1,0.291210550770623,91.676015336162,5550678,0.199095858199665,0.20065242480288,20 km,"Quintiles, ties by geo order"
bogota_2018,A_common,seccion,hrs_d_pm10_it2,18.7730603465035,206.602343555232,5550678,0.199095858199665,0.20065242480288,20 km,"Quintiles, ties by geo order"
bogota_2018,A_common,seccion,hrs_d_pm25_it1,0.0955258177795584,60.4275327286689,5550678,0.199095858199665,0.20065242480288,20 km,"Quintiles, ties by geo order"
bogota_2018,A_common,seccion,hrs_d_pm25_it2,14.0112554352506,206.907733136869,5550678,0.199095858199665,0.20065242480288,20 km,"Quintiles, ties by geo order"
bogota_2018,A_common,sector,avg_pm10,4.03520819160558,13.8515244704157,5550678,0.199095858199665,0.20065242480288,20 km,"Quintiles, ties by geo order"
bogota_2018,A_common,sector,avg_pm25,1.38111177303884,9.66046619818923,5550678,0.199095858199665,0.20065242480288,20 km,"Quintiles, ties by geo order"
bogota_2018,A_common,sector,hrs_d_pm10_it1,0.251920127705056,73.3719455740955,5550678,0.199095858199665,0.20065242480288,20 km,"Quintiles, ties by geo order"
bogota_2018,A_common,sector,hrs_d_pm10_it2,18.5109029315646,201.06793298231,5550678,0.199095858199665,0.20065242480288,20 km,"Quintiles, ties by geo order"
bogota_2018,A_common,sector,hrs_d_pm25_it1,0.0893481350955978,54.9255757918216,5550678,0.199095858199665,0.20065242480288,20 km,"Quintiles, ties by geo order"
bogota_2018,A_common,sector,hrs_d_pm25_it2,13.8508883350968,201.939553094237,5550678,0.199095858199665,0.20065242480288,20 km,"Quintiles, ties by geo order"
bogota_2018,B_common,fine,avg_pm10,4.05881333505102,13.9382194987157,5550678,0.199095858199665,0.20065242480288,20 km,"Quintiles, ties by geo order"
bogota_2018,B_common,fine,avg_pm25,1.39034897952956,9.72828977522551,5550678,0.199095858199665,0.20065242480288,20 km,"Quintiles, ties by geo order"
bogota_2018,B_common,fine,hrs_d_pm10_it1,0.319242114370789,104.841109740894,5550678,0.199095858199665,0.20065242480288,20 km,"Quintiles, ties by geo order"
bogota_2018,B_common,fine,hrs_d_pm10_it2,18.9544365529608,210.699524207867,5550678,0.199095858199665,0.20065242480288,20 km,"Quintiles, ties by geo order"
bogota_2018,B_common,fine,hrs_d_pm25_it1,0.102629100998511,66.3627589486814,5550678,0.199095858199665,0.20065242480288,20 km,"Quintiles, ties by geo order"
bogota_2018,B_common,fine,hrs_d_pm25_it2,14.1600526946365,211.622073585195,5550678,0.199095858199665,0.20065242480288,20 km,"Quintiles, ties by geo order"
bogota_2018,B_common,localidad,avg_pm10,3.67029195315304,12.5729021163009,5550423,0.19908446617492,0.200655337440047,20 km,"Quintiles, ties by geo order"
bogota_2018,B_common,localidad,avg_pm25,1.2188482491967,8.57014519386843,5550423,0.19908446617492,0.200655337440047,20 km,"Quintiles, ties by geo order"
bogota_2018,B_common,localidad,hrs_d_pm10_it1,0.0313943111536742,183.946417333188,5550423,0.19908446617492,0.200655337440047,20 km,"Quintiles, ties by geo order"
bogota_2018,B_common,localidad,hrs_d_pm10_it2,16.8565270135546,255.82639655474,5550423,0.19908446617492,0.200655337440047,20 km,"Quintiles, ties by geo order"
bogota_2018,B_common,localidad,hrs_d_pm25_it1,0.187646823886562,543.005160164705,5550423,0.19908446617492,0.200655337440047,20 km,"Quintiles, ties by geo order"
bogota_2018,B_common,localidad,hrs_d_pm25_it2,11.8203806361891,245.279978739261,5550423,0.19908446617492,0.200655337440047,20 km,"Quintiles, ties by geo order"
bogota_2018,B_common,municipio,avg_pm10,1.55723364348136,5.25338093633971,1076650,0.202231923094785,0.178256629359588,20 km,"Quintiles, ties by geo order"
bogota_2018,B_common,municipio,avg_pm25,0.454893798554998,3.28624206223092,1076650,0.202231923094785,0.178256629359588,20 km,"Quintiles, ties by geo order"
bogota_2018,B_common,municipio,hrs_d_pm10_it1,0.146902158928156,148.324191611383,1076650,0.202231923094785,0.178256629359588,20 km,"Quintiles, ties by geo order"
bogota_2018,B_common,municipio,hrs_d_pm10_it2,16.6147647568205,68.7828083649036,1076650,0.202231923094785,0.178256629359588,20 km,"Quintiles, ties by geo order"
bogota_2018,B_common,municipio,hrs_d_pm25_it1,0.0605591776135974,35.9585340251272,1076650,0.202231923094785,0.178256629359588,20 km,"Quintiles, ties by geo order"
bogota_2018,B_common,municipio,hrs_d_pm25_it2,6.87436588590333,43.6706201248148,1076650,0.202231923094785,0.178256629359588,20 km,"Quintiles, ties by geo order"
bogota_2018,B_common,seccion,avg_pm10,4.09709048993796,14.0924243824502,5550678,0.199095858199665,0.20065242480288,20 km,"Quintiles, ties by geo order"
bogota_2018,B_common,seccion,avg_pm25,1.4094351869161,9.87678434476833,5550678,0.199095858199665,0.20065242480288,20 km,"Quintiles, ties by geo order"
bogota_2018,B_common,seccion,hrs_d_pm10_it1,0.31404848198722,75.3231721564634,5550678,0.199095858199665,0.20065242480288,20 km,"Quintiles, ties by geo order"
bogota_2018,B_common,seccion,hrs_d_pm10_it2,18.8416569230207,203.488943971938,5550678,0.199095858199665,0.20065242480288,20 km,"Quintiles, ties by geo order"
bogota_2018,B_common,seccion,hrs_d_pm25_it1,0.0965699617490151,58.4245304751934,5550678,0.199095858199665,0.20065242480288,20 km,"Quintiles, ties by geo order"
bogota_2018,B_common,seccion,hrs_d_pm25_it2,14.1309642275852,210.387309934067,5550678,0.199095858199665,0.20065242480288,20 km,"Quintiles, ties by geo order"
bogota_2018,B_common,sector,avg_pm10,4.10358484999064,14.1100193379936,5550678,0.199095858199665,0.20065242480288,20 km,"Quintiles, ties by geo order"
bogota_2018,B_common,sector,avg_pm25,1.40981187602699,9.88110981103392,5550678,0.199095858199665,0.20065242480288,20 km,"Quintiles, ties by geo order"
bogota_2018,B_common,sector,hrs_d_pm10_it1,0.403378106121199,59.1812762093686,5550678,0.199095858199665,0.20065242480288,20 km,"Quintiles, ties by geo order"
bogota_2018,B_common,sector,hrs_d_pm10_it2,19.2973696139781,197.806174963869,5550678,0.199095858199665,0.20065242480288,20 km,"Quintiles, ties by geo order"
bogota_2018,B_common,sector,hrs_d_pm25_it1,0.150425647937404,87.9384088400614,5550678,0.199095858199665,0.20065242480288,20 km,"Quintiles, ties by geo order"
bogota_2018,B_common,sector,hrs_d_pm25_it2,14.9409660174342,230.326334362144,5550678,0.199095858199665,0.20065242480288,20 km,"Quintiles, ties by geo order"
bogota_2018,B_native,fine,avg_pm10,4.05824975252343,13.9362995823745,5550899,0.19910414511235,0.200649120079468,20 km,"Quintiles, ties by geo order"
bogota_2018,B_native,fine,avg_pm25,1.3901471790395,9.72688117204419,5550899,0.19910414511235,0.200649120079468,20 km,"Quintiles, ties by geo order"
bogota_2018,B_native,fine,hrs_d_pm10_it1,0.319198429515785,104.829210479855,5550899,0.19910414511235,0.200649120079468,20 km,"Quintiles, ties by geo order"
bogota_2018,B_native,fine,hrs_d_pm10_it2,18.9523704771587,210.681475610357,5550899,0.19910414511235,0.200649120079468,20 km,"Quintiles, ties by geo order"
bogota_2018,B_native,fine,hrs_d_pm25_it1,0.102611760272354,66.3530949027368,5550899,0.19910414511235,0.200649120079468,20 km,"Quintiles, ties by geo order"
bogota_2018,B_native,fine,hrs_d_pm25_it2,14.1585056575679,211.60321130143,5550899,0.19910414511235,0.200649120079468,20 km,"Quintiles, ties by geo order"
bogota_2018,B_native,localidad,avg_pm10,3.67029195315304,12.5729021163009,5550423,0.19908446617492,0.200655337440047,20 km,"Quintiles, ties by geo order"
bogota_2018,B_native,localidad,avg_pm25,1.2188482491967,8.57014519386843,5550423,0.19908446617492,0.200655337440047,20 km,"Quintiles, ties by geo order"
bogota_2018,B_native,localidad,hrs_d_pm10_it1,0.0313943111536742,183.946417333188,5550423,0.19908446617492,0.200655337440047,20 km,"Quintiles, ties by geo order"
bogota_2018,B_native,localidad,hrs_d_pm10_it2,16.8565270135546,255.82639655474,5550423,0.19908446617492,0.200655337440047,20 km,"Quintiles, ties by geo order"
bogota_2018,B_native,localidad,hrs_d_pm25_it1,0.187646823886562,543.005160164705,5550423,0.19908446617492,0.200655337440047,20 km,"Quintiles, ties by geo order"
bogota_2018,B_native,localidad,hrs_d_pm25_it2,11.8203806361891,245.279978739261,5550423,0.19908446617492,0.200655337440047,20 km,"Quintiles, ties by geo order"
bogota_2018,B_native,municipio,avg_pm10,1.53998601309918,5.19884905118142,1082682,0.204240949789504,0.17793405635265,20 km,"Quintiles, ties by geo order"
bogota_2018,B_native,municipio,avg_pm25,0.436619422543018,3.15635743621563,1082682,0.204240949789504,0.17793405635265,20 km,"Quintiles, ties by geo order"
bogota_2018,B_native,municipio,hrs_d_pm10_it1,0.189540763546379,191.014176261539,1082682,0.204240949789504,0.17793405635265,20 km,"Quintiles, ties by geo order"
bogota_2018,B_native,municipio,hrs_d_pm10_it2,17.4719467862594,72.4603191746454,1082682,0.204240949789504,0.17793405635265,20 km,"Quintiles, ties by geo order"
bogota_2018,B_native,municipio,hrs_d_pm25_it1,0.0632061432688426,37.5178267637327,1082682,0.204240949789504,0.17793405635265,20 km,"Quintiles, ties by geo order"
bogota_2018,B_native,municipio,hrs_d_pm25_it2,7.02385157615253,44.6712411635665,1082682,0.204240949789504,0.17793405635265,20 km,"Quintiles, ties by geo order"
bogota_2018,B_native,seccion,avg_pm10,4.09652728762984,14.0905035894183,5550899,0.19910414511235,0.200649120079468,20 km,"Quintiles, ties by geo order"
bogota_2018,B_native,seccion,avg_pm25,1.40923323372752,9.87537296397225,5550899,0.19910414511235,0.200649120079468,20 km,"Quintiles, ties by geo order"
bogota_2018,B_native,seccion,hrs_d_pm10_it1,0.313998688910747,75.3129875983234,5550899,0.19910414511235,0.200649120079468,20 km,"Quintiles, ties by geo order"
bogota_2018,B_native,seccion,hrs_d_pm10_it2,18.8395847336761,203.471314238476,5550899,0.19910414511235,0.200649120079468,20 km,"Quintiles, ties by geo order"
bogota_2018,B_native,seccion,hrs_d_pm25_it1,0.0965524962849013,58.4153275625289,5550899,0.19910414511235,0.200649120079468,20 km,"Quintiles, ties by geo order"
bogota_2018,B_native,seccion,hrs_d_pm25_it2,14.1294180812272,210.368526218604,5550899,0.19910414511235,0.200649120079468,20 km,"Quintiles, ties by geo order"
bogota_2018,B_native,sector,avg_pm10,4.10301990976492,14.108089217508,5550899,0.19910414511235,0.200649120079468,20 km,"Quintiles, ties by geo order"
bogota_2018,B_native,sector,avg_pm25,1.40960901353062,9.87968917336543,5550899,0.19910414511235,0.200649120079468,20 km,"Quintiles, ties by geo order"
bogota_2018,B_native,sector,hrs_d_pm10_it1,0.403305664737751,59.1720293371929,5550899,0.19910414511235,0.200649120079468,20 km,"Quintiles, ties by geo order"
bogota_2018,B_native,sector,hrs_d_pm10_it2,19.2952314797762,197.788875343596,5550899,0.19910414511235,0.200649120079468,20 km,"Quintiles, ties by geo order"
bogota_2018,B_native,sector,hrs_d_pm25_it1,0.150403461810261,87.9274914602989,5550899,0.19910414511235,0.200649120079468,20 km,"Quintiles, ties by geo order"
bogota_2018,B_native,sector,hrs_d_pm25_it2,14.9393672577735,230.306299472205,5550899,0.19910414511235,0.200649120079468,20 km,"Quintiles, ties by geo order"
bogota_2018,C,fine,avg_pm10,5.796721364932,20.3498346782323,5550678,0.196455460035693,0.200466141253375,20 km,"Quintiles, ties by geo order"
bogota_2018,C,fine,avg_pm25,1.69242333769621,11.9318681981777,5550678,0.196455460035693,0.200466141253375,20 km,"Quintiles, ties by geo order"
bogota_2018,C,fine,hrs_d_pm10_it1,0.577774160828988,14923.4586248866,5550678,0.196455460035693,0.200466141253375,20 km,"Quintiles, ties by geo order"
bogota_2018,C,fine,hrs_d_pm10_it2,35.2800052229621,1515.26417341121,5550678,0.196455460035693,0.200466141253375,20 km,"Quintiles, ties by geo order"
bogota_2018,C,fine,hrs_d_pm25_it1,0.206305141951959,360.581296287084,5550678,0.196455460035693,0.200466141253375,20 km,"Quintiles, ties by geo order"
bogota_2018,C,fine,hrs_d_pm25_it2,24.23982543244,771.796713184163,5550678,0.196455460035693,0.200466141253375,20 km,"Quintiles, ties by geo order"
bogota_2018,C,localidad,avg_pm10,6.62222194021582,23.106178757455,5550678,0.188484361730225,0.287345077484228,20 km,"Quintiles, ties by geo order"
bogota_2018,C,localidad,avg_pm25,1.89538051329183,13.3115303658634,5550678,0.188484361730225,0.287345077484228,20 km,"Quintiles, ties by geo order"
bogota_2018,C,localidad,hrs_d_pm10_it1,0.40998183544435,1093.30317381762,5550678,0.188484361730225,0.287345077484228,20 km,"Quintiles, ties by geo order"
bogota_2018,C,localidad,hrs_d_pm10_it2,36.5913894751592,1151.01548058737,5550678,0.188484361730225,0.287345077484228,20 km,"Quintiles, ties by geo order"
bogota_2018,C,localidad,hrs_d_pm25_it1,0.197243999800002,6074.46012591254,5550678,0.188484361730225,0.287345077484228,20 km,"Quintiles, ties by geo order"
bogota_2018,C,localidad,hrs_d_pm25_it2,25.5403412467091,1014.79734917046,5550678,0.188484361730225,0.287345077484228,20 km,"Quintiles, ties by geo order"
bogota_2018,C,municipio,avg_pm10,0.713860280888341,2.22195522801212,5550678,0.167513049757165,0.832486950242835,20 km,"Quintiles, ties by geo order"
bogota_2018,C,municipio,avg_pm25,-0.575512541246658,-3.71597772561462,5550678,0.167513049757165,0.832486950242835,20 km,"Quintiles, ties by geo order"
bogota_2018,C,municipio,hrs_d_pm10_it1,2.70040897953581,6128.10475243009,5550678,0.167513049757165,0.832486950242835,20 km,"Quintiles, ties by geo order"
bogota_2018,C,municipio,hrs_d_pm10_it2,47.6388622830915,332.260447649215,5550678,0.167513049757165,0.832486950242835,20 km,"Quintiles, ties by geo order"
bogota_2018,C,municipio,hrs_d_pm25_it1,0.872507395077547,2098.24751190218,5550678,0.167513049757165,0.832486950242835,20 km,"Quintiles, ties by geo order"
bogota_2018,C,municipio,hrs_d_pm25_it2,19.1775759576424,147.257962748972,5550678,0.167513049757165,0.832486950242835,20 km,"Quintiles, ties by geo order"
bogota_2018,C,seccion,avg_pm10,5.95129550374761,20.7938180109075,5550678,0.196212426662112,0.200484877703228,20 km,"Quintiles, ties by geo order"
bogota_2018,C,seccion,avg_pm25,1.72784209432638,12.1226283690477,5550678,0.196212426662112,0.200484877703228,20 km,"Quintiles, ties by geo order"
bogota_2018,C,seccion,hrs_d_pm10_it1,0.577072290934543,27176.5394119261,5550678,0.196212426662112,0.200484877703228,20 km,"Quintiles, ties by geo order"
bogota_2018,C,seccion,hrs_d_pm10_it2,36.2098514606731,1449.70850881804,5550678,0.196212426662112,0.200484877703228,20 km,"Quintiles, ties by geo order"
bogota_2018,C,seccion,hrs_d_pm25_it1,0.202041568317632,432.088617942164,5550678,0.196212426662112,0.200484877703228,20 km,"Quintiles, ties by geo order"
bogota_2018,C,seccion,hrs_d_pm25_it2,24.9808665370451,755.470564414814,5550678,0.196212426662112,0.200484877703228,20 km,"Quintiles, ties by geo order"
bogota_2018,C,sector,avg_pm10,6.18997829086261,21.5668033300174,5550678,0.194020982661938,0.200589909917311,20 km,"Quintiles, ties by geo order"
bogota_2018,C,sector,avg_pm25,1.79032448547254,12.5065596390161,5550678,0.194020982661938,0.200589909917311,20 km,"Quintiles, ties by geo order"
bogota_2018,C,sector,hrs_d_pm10_it1,0.421409755890401,8565.20329145548,5550678,0.194020982661938,0.200589909917311,20 km,"Quintiles, ties by geo order"
bogota_2018,C,sector,hrs_d_pm10_it2,34.5589485412753,1225.08151057719,5550678,0.194020982661938,0.200589909917311,20 km,"Quintiles, ties by geo order"
bogota_2018,C,sector,hrs_d_pm25_it1,0.288942574520308,3594.1408993035,5550678,0.194020982661938,0.200589909917311,20 km,"Quintiles, ties by geo order"
bogota_2018,C,sector,hrs_d_pm25_it2,25.8833211118984,805.969820942164,5550678,0.194020982661938,0.200589909917311,20 km,"Quintiles, ties by geo order"
bogota_2018,baseline_common,fine,avg_pm10,4.05881333505102,13.9382194987157,5550678,0.199095858199665,0.20065242480288,20 km,"Quintiles, ties by geo order"
bogota_2018,baseline_common,fine,avg_pm25,1.39034897952956,9.72828977522553,5550678,0.199095858199665,0.20065242480288,20 km,"Quintiles, ties by geo order"
bogota_2018,baseline_common,fine,hrs_d_pm10_it1,0.319242114370789,104.841109740894,5550678,0.199095858199665,0.20065242480288,20 km,"Quintiles, ties by geo order"
bogota_2018,baseline_common,fine,hrs_d_pm10_it2,18.9544365529608,210.699524207867,5550678,0.199095858199665,0.20065242480288,20 km,"Quintiles, ties by geo order"
bogota_2018,baseline_common,fine,hrs_d_pm25_it1,0.102629100998511,66.3627589486814,5550678,0.199095858199665,0.20065242480288,20 km,"Quintiles, ties by geo order"
bogota_2018,baseline_common,fine,hrs_d_pm25_it2,14.1600526946365,211.622073585195,5550678,0.199095858199665,0.20065242480288,20 km,"Quintiles, ties by geo order"
bogota_2018,baseline_common,localidad,avg_pm10,4.06043477694776,13.9435353625572,5550423,0.19908446617492,0.200655337440047,20 km,"Quintiles, ties by geo order"
bogota_2018,baseline_common,localidad,avg_pm25,1.39108681259831,9.73327507750985,5550423,0.19908446617492,0.200655337440047,20 km,"Quintiles, ties by geo order"
bogota_2018,baseline_common,localidad,hrs_d_pm10_it1,0.319296894861129,104.855804782251,5550423,0.19908446617492,0.200655337440047,20 km,"Quintiles, ties by geo order"
bogota_2018,baseline_common,localidad,hrs_d_pm10_it2,18.9569656657528,210.72175204704,5550423,0.19908446617492,0.200655337440047,20 km,"Quintiles, ties by geo order"
bogota_2018,baseline_common,localidad,hrs_d_pm25_it1,0.102650783594973,66.3746936019653,5550423,0.19908446617492,0.200655337440047,20 km,"Quintiles, ties by geo order"
bogota_2018,baseline_common,localidad,hrs_d_pm25_it2,14.161921838966,211.644350807906,5550423,0.19908446617492,0.200655337440047,20 km,"Quintiles, ties by geo order"
bogota_2018,baseline_common,municipio,avg_pm10,2.1309569158564,7.26768478009718,1076650,0.202231923094785,0.178256629359588,20 km,"Quintiles, ties by geo order"
bogota_2018,baseline_common,municipio,avg_pm25,0.705017244762617,5.15698251988788,1076650,0.202231923094785,0.178256629359588,20 km,"Quintiles, ties by geo order"
bogota_2018,baseline_common,municipio,hrs_d_pm10_it1,1.31191530422282,82.9813312811058,1076650,0.202231923094785,0.178256629359588,20 km,"Quintiles, ties by geo order"
bogota_2018,baseline_common,municipio,hrs_d_pm10_it2,26.3120519513531,77.1847945783303,1076650,0.202231923094785,0.178256629359588,20 km,"Quintiles, ties by geo order"
bogota_2018,baseline_common,municipio,hrs_d_pm25_it1,0.139744516540556,15.984508608861,1076650,0.202231923094785,0.178256629359588,20 km,"Quintiles, ties by geo order"
bogota_2018,baseline_common,municipio,hrs_d_pm25_it2,10.5571903771762,48.2073236711258,1076650,0.202231923094785,0.178256629359588,20 km,"Quintiles, ties by geo order"
bogota_2018,baseline_common,seccion,avg_pm10,4.05881333505102,13.9382194987157,5550678,0.199095858199665,0.20065242480288,20 km,"Quintiles, ties by geo order"
bogota_2018,baseline_common,seccion,avg_pm25,1.39034897952956,9.72828977522553,5550678,0.199095858199665,0.20065242480288,20 km,"Quintiles, ties by geo order"
bogota_2018,baseline_common,seccion,hrs_d_pm10_it1,0.319242114370789,104.841109740894,5550678,0.199095858199665,0.20065242480288,20 km,"Quintiles, ties by geo order"
bogota_2018,baseline_common,seccion,hrs_d_pm10_it2,18.9544365529608,210.699524207867,5550678,0.199095858199665,0.20065242480288,20 km,"Quintiles, ties by geo order"
bogota_2018,baseline_common,seccion,hrs_d_pm25_it1,0.102629100998511,66.3627589486814,5550678,0.199095858199665,0.20065242480288,20 km,"Quintiles, ties by geo order"
bogota_2018,baseline_common,seccion,hrs_d_pm25_it2,14.1600526946365,211.622073585195,5550678,0.199095858199665,0.20065242480288,20 km,"Quintiles, ties by geo order"
bogota_2018,baseline_common,sector,avg_pm10,4.05881333505102,13.9382194987157,5550678,0.199095858199665,0.20065242480288,20 km,"Quintiles, ties by geo order"
bogota_2018,baseline_common,sector,avg_pm25,1.39034897952956,9.72828977522553,5550678,0.199095858199665,0.20065242480288,20 km,"Quintiles, ties by geo order"
bogota_2018,baseline_common,sector,hrs_d_pm10_it1,0.319242114370789,104.841109740894,5550678,0.199095858199665,0.20065242480288,20 km,"Quintiles, ties by geo order"
bogota_2018,baseline_common,sector,hrs_d_pm10_it2,18.9544365529608,210.699524207867,5550678,0.199095858199665,0.20065242480288,20 km,"Quintiles, ties by geo order"
bogota_2018,baseline_common,sector,hrs_d_pm25_it1,0.102629100998511,66.3627589486814,5550678,0.199095858199665,0.20065242480288,20 km,"Quintiles, ties by geo order"
bogota_2018,baseline_common,sector,hrs_d_pm25_it2,14.1600526946365,211.622073585195,5550678,0.199095858199665,0.20065242480288,20 km,"Quintiles, ties by geo order"
santiago_2017,A,comuna,avg_pm10,1.62684148583453,2.48443079043768,3930887,0.199999898241796,0.200000152637306,20 km,"Quintiles, ties by geo order"
santiago_2017,A,comuna,avg_pm25,0.60200927449975,2.59872301428599,3930887,0.199999898241796,0.200000152637306,20 km,"Quintiles, ties by geo order"
santiago_2017,A,comuna,hrs_d_pm10_it1,72.3790890572706,22.9795088501975,3930887,0.199999898241796,0.200000152637306,20 km,"Quintiles, ties by geo order"
santiago_2017,A,comuna,hrs_d_pm10_it2,139.605575284114,10.272780761686,3930887,0.199999898241796,0.200000152637306,20 km,"Quintiles, ties by geo order"
santiago_2017,A,comuna,hrs_d_pm25_it1,47.9385816602403,41.7101438579378,3930887,0.199999898241796,0.200000152637306,20 km,"Quintiles, ties by geo order"
santiago_2017,A,comuna,hrs_d_pm25_it2,112.055427235771,15.1827989878244,3930887,0.199999898241796,0.200000152637306,20 km,"Quintiles, ties by geo order"
santiago_2017,A,distrito,avg_pm10,1.64732185028815,2.51654422383385,3930887,0.199999898241796,0.200000152637306,20 km,"Quintiles, ties by geo order"
santiago_2017,A,distrito,avg_pm25,0.595897980986738,2.57225933354708,3930887,0.199999898241796,0.200000152637306,20 km,"Quintiles, ties by geo order"
santiago_2017,A,distrito,hrs_d_pm10_it1,73.8881404997889,23.5474403363318,3930887,0.199999898241796,0.200000152637306,20 km,"Quintiles, ties by geo order"
santiago_2017,A,distrito,hrs_d_pm10_it2,142.58364164998,10.5102553525945,3930887,0.199999898241796,0.200000152637306,20 km,"Quintiles, ties by geo order"
santiago_2017,A,distrito,hrs_d_pm25_it1,49.3646699843875,43.2781522295291,3930887,0.199999898241796,0.200000152637306,20 km,"Quintiles, ties by geo order"
santiago_2017,A,distrito,hrs_d_pm25_it2,112.600142813701,15.2732254141883,3930887,0.199999898241796,0.200000152637306,20 km,"Quintiles, ties by geo order"
santiago_2017,A,fine,avg_pm10,1.66294675528377,2.54090316025948,3930887,0.199999898241796,0.200000152637306,20 km,"Quintiles, ties by geo order"
santiago_2017,A,fine,avg_pm25,0.606661174451169,2.61955882025058,3930887,0.199999898241796,0.200000152637306,20 km,"Quintiles, ties by geo order"
santiago_2017,A,fine,hrs_d_pm10_it1,74.1583632923508,23.6490895087935,3930887,0.199999898241796,0.200000152637306,20 km,"Quintiles, ties by geo order"
santiago_2017,A,fine,hrs_d_pm10_it2,143.097635966864,10.55174393722,3930887,0.199999898241796,0.200000152637306,20 km,"Quintiles, ties by geo order"
santiago_2017,A,fine,hrs_d_pm25_it1,49.6377367081444,43.5678625888104,3930887,0.199999898241796,0.200000152637306,20 km,"Quintiles, ties by geo order"
santiago_2017,A,fine,hrs_d_pm25_it2,113.439798762935,15.3989552257299,3930887,0.199999898241796,0.200000152637306,20 km,"Quintiles, ties by geo order"
santiago_2017,A_common,comuna,avg_pm10,1.62684148583453,2.48443079043768,3930887,0.199999898241796,0.200000152637306,20 km,"Quintiles, ties by geo order"
santiago_2017,A_common,comuna,avg_pm25,0.60200927449975,2.59872301428599,3930887,0.199999898241796,0.200000152637306,20 km,"Quintiles, ties by geo order"
santiago_2017,A_common,comuna,hrs_d_pm10_it1,72.3790890572706,22.9795088501975,3930887,0.199999898241796,0.200000152637306,20 km,"Quintiles, ties by geo order"
santiago_2017,A_common,comuna,hrs_d_pm10_it2,139.605575284114,10.272780761686,3930887,0.199999898241796,0.200000152637306,20 km,"Quintiles, ties by geo order"
santiago_2017,A_common,comuna,hrs_d_pm25_it1,47.9385816602403,41.7101438579378,3930887,0.199999898241796,0.200000152637306,20 km,"Quintiles, ties by geo order"
santiago_2017,A_common,comuna,hrs_d_pm25_it2,112.055427235771,15.1827989878244,3930887,0.199999898241796,0.200000152637306,20 km,"Quintiles, ties by geo order"
santiago_2017,A_common,distrito,avg_pm10,1.64732185028815,2.51654422383385,3930887,0.199999898241796,0.200000152637306,20 km,"Quintiles, ties by geo order"
santiago_2017,A_common,distrito,avg_pm25,0.595897980986738,2.57225933354708,3930887,0.199999898241796,0.200000152637306,20 km,"Quintiles, ties by geo order"
santiago_2017,A_common,distrito,hrs_d_pm10_it1,73.8881404997889,23.5474403363318,3930887,0.199999898241796,0.200000152637306,20 km,"Quintiles, ties by geo order"
santiago_2017,A_common,distrito,hrs_d_pm10_it2,142.58364164998,10.5102553525945,3930887,0.199999898241796,0.200000152637306,20 km,"Quintiles, ties by geo order"
santiago_2017,A_common,distrito,hrs_d_pm25_it1,49.3646699843875,43.2781522295291,3930887,0.199999898241796,0.200000152637306,20 km,"Quintiles, ties by geo order"
santiago_2017,A_common,distrito,hrs_d_pm25_it2,112.600142813701,15.2732254141883,3930887,0.199999898241796,0.200000152637306,20 km,"Quintiles, ties by geo order"
santiago_2017,A_common,fine,avg_pm10,1.66294675528377,2.54090316025948,3930887,0.199999898241796,0.200000152637306,20 km,"Quintiles, ties by geo order"
santiago_2017,A_common,fine,avg_pm25,0.606661174451169,2.61955882025058,3930887,0.199999898241796,0.200000152637306,20 km,"Quintiles, ties by geo order"
santiago_2017,A_common,fine,hrs_d_pm10_it1,74.1583632923508,23.6490895087935,3930887,0.199999898241796,0.200000152637306,20 km,"Quintiles, ties by geo order"
santiago_2017,A_common,fine,hrs_d_pm10_it2,143.097635966864,10.55174393722,3930887,0.199999898241796,0.200000152637306,20 km,"Quintiles, ties by geo order"
santiago_2017,A_common,fine,hrs_d_pm25_it1,49.6377367081444,43.5678625888104,3930887,0.199999898241796,0.200000152637306,20 km,"Quintiles, ties by geo order"
santiago_2017,A_common,fine,hrs_d_pm25_it2,113.439798762935,15.3989552257299,3930887,0.199999898241796,0.200000152637306,20 km,"Quintiles, ties by geo order"
santiago_2017,B_common,comuna,avg_pm10,2.05780372657441,3.17036775632764,3930887,0.199999898241796,0.200000152637306,20 km,"Quintiles, ties by geo order"
santiago_2017,B_common,comuna,avg_pm25,0.755443727933564,3.28605573647616,3930887,0.199999898241796,0.200000152637306,20 km,"Quintiles, ties by geo order"
santiago_2017,B_common,comuna,hrs_d_pm10_it1,85.4357638305964,28.7178027570056,3930887,0.199999898241796,0.200000152637306,20 km,"Quintiles, ties by geo order"
santiago_2017,B_common,comuna,hrs_d_pm10_it2,174.548373478831,13.277513086552,3930887,0.199999898241796,0.200000152637306,20 km,"Quintiles, ties by geo order"
santiago_2017,B_common,comuna,hrs_d_pm25_it1,51.6806614138935,47.2623887241729,3930887,0.199999898241796,0.200000152637306,20 km,"Quintiles, ties by geo order"
santiago_2017,B_common,comuna,hrs_d_pm25_it2,136.299573895093,19.3029871282574,3930887,0.199999898241796,0.200000152637306,20 km,"Quintiles, ties by geo order"
santiago_2017,B_common,distrito,avg_pm10,1.68370205882911,2.57380378143206,3930887,0.199999898241796,0.200000152637306,20 km,"Quintiles, ties by geo order"
santiago_2017,B_common,distrito,avg_pm25,0.605142398976174,2.6143892523923,3930887,0.199999898241796,0.200000152637306,20 km,"Quintiles, ties by geo order"
santiago_2017,B_common,distrito,hrs_d_pm10_it1,74.5089540423901,23.8076540295081,3930887,0.199999898241796,0.200000152637306,20 km,"Quintiles, ties by geo order"
santiago_2017,B_common,distrito,hrs_d_pm10_it2,145.246020882816,10.7275004387285,3930887,0.199999898241796,0.200000152637306,20 km,"Quintiles, ties by geo order"
santiago_2017,B_common,distrito,hrs_d_pm25_it1,49.385345606559,43.3764388852683,3930887,0.199999898241796,0.200000152637306,20 km,"Quintiles, ties by geo order"
santiago_2017,B_common,distrito,hrs_d_pm25_it2,113.410023644511,15.4266028197804,3930887,0.199999898241796,0.200000152637306,20 km,"Quintiles, ties by geo order"
santiago_2017,B_common,fine,avg_pm10,1.66294675528376,2.54090316025946,3930887,0.199999898241796,0.200000152637306,20 km,"Quintiles, ties by geo order"
santiago_2017,B_common,fine,avg_pm25,0.606661174451169,2.61955882025058,3930887,0.199999898241796,0.200000152637306,20 km,"Quintiles, ties by geo order"
santiago_2017,B_common,fine,hrs_d_pm10_it1,74.1583632923508,23.6490895087935,3930887,0.199999898241796,0.200000152637306,20 km,"Quintiles, ties by geo order"
santiago_2017,B_common,fine,hrs_d_pm10_it2,143.097635966864,10.55174393722,3930887,0.199999898241796,0.200000152637306,20 km,"Quintiles, ties by geo order"
santiago_2017,B_common,fine,hrs_d_pm25_it1,49.6377367081444,43.5678625888104,3930887,0.199999898241796,0.200000152637306,20 km,"Quintiles, ties by geo order"
santiago_2017,B_common,fine,hrs_d_pm25_it2,113.439798762935,15.3989552257299,3930887,0.199999898241796,0.200000152637306,20 km,"Quintiles, ties by geo order"
santiago_2017,B_native,comuna,avg_pm10,2.05780372657441,3.17036775632764,3930887,0.199999898241796,0.200000152637306,20 km,"Quintiles, ties by geo order"
santiago_2017,B_native,comuna,avg_pm25,0.755443727933564,3.28605573647616,3930887,0.199999898241796,0.200000152637306,20 km,"Quintiles, ties by geo order"
santiago_2017,B_native,comuna,hrs_d_pm10_it1,85.4357638305964,28.7178027570056,3930887,0.199999898241796,0.200000152637306,20 km,"Quintiles, ties by geo order"
santiago_2017,B_native,comuna,hrs_d_pm10_it2,174.548373478831,13.277513086552,3930887,0.199999898241796,0.200000152637306,20 km,"Quintiles, ties by geo order"
santiago_2017,B_native,comuna,hrs_d_pm25_it1,51.6806614138935,47.2623887241729,3930887,0.199999898241796,0.200000152637306,20 km,"Quintiles, ties by geo order"
santiago_2017,B_native,comuna,hrs_d_pm25_it2,136.299573895093,19.3029871282574,3930887,0.199999898241796,0.200000152637306,20 km,"Quintiles, ties by geo order"
santiago_2017,B_native,distrito,avg_pm10,1.68370205882911,2.57380378143206,3930887,0.199999898241796,0.200000152637306,20 km,"Quintiles, ties by geo order"
santiago_2017,B_native,distrito,avg_pm25,0.605142398976174,2.6143892523923,3930887,0.199999898241796,0.200000152637306,20 km,"Quintiles, ties by geo order"
santiago_2017,B_native,distrito,hrs_d_pm10_it1,74.5089540423901,23.8076540295081,3930887,0.199999898241796,0.200000152637306,20 km,"Quintiles, ties by geo order"
santiago_2017,B_native,distrito,hrs_d_pm10_it2,145.246020882816,10.7275004387285,3930887,0.199999898241796,0.200000152637306,20 km,"Quintiles, ties by geo order"
santiago_2017,B_native,distrito,hrs_d_pm25_it1,49.385345606559,43.3764388852683,3930887,0.199999898241796,0.200000152637306,20 km,"Quintiles, ties by geo order"
santiago_2017,B_native,distrito,hrs_d_pm25_it2,113.410023644511,15.4266028197804,3930887,0.199999898241796,0.200000152637306,20 km,"Quintiles, ties by geo order"
santiago_2017,B_native,fine,avg_pm10,1.66294675528376,2.54090316025946,3930887,0.199999898241796,0.200000152637306,20 km,"Quintiles, ties by geo order"
santiago_2017,B_native,fine,avg_pm25,0.606661174451169,2.61955882025058,3930887,0.199999898241796,0.200000152637306,20 km,"Quintiles, ties by geo order"
santiago_2017,B_native,fine,hrs_d_pm10_it1,74.1583632923508,23.6490895087935,3930887,0.199999898241796,0.200000152637306,20 km,"Quintiles, ties by geo order"
santiago_2017,B_native,fine,hrs_d_pm10_it2,143.097635966864,10.55174393722,3930887,0.199999898241796,0.200000152637306,20 km,"Quintiles, ties by geo order"
santiago_2017,B_native,fine,hrs_d_pm25_it1,49.6377367081444,43.5678625888104,3930887,0.199999898241796,0.200000152637306,20 km,"Quintiles, ties by geo order"
santiago_2017,B_native,fine,hrs_d_pm25_it2,113.439798762935,15.3989552257299,3930887,0.199999898241796,0.200000152637306,20 km,"Quintiles, ties by geo order"
santiago_2017,C,comuna,avg_pm10,3.52787237355956,5.47406292938524,3930887,0.195993423367296,0.234259850257715,20 km,"Quintiles, ties by geo order"
santiago_2017,C,comuna,avg_pm25,1.40044288941401,6.13621772295747,3930887,0.195993423367296,0.234259850257715,20 km,"Quintiles, ties by geo order"
santiago_2017,C,comuna,hrs_d_pm10_it1,151.54473357422,54.8697976195869,3930887,0.195993423367296,0.234259850257715,20 km,"Quintiles, ties by geo order"
santiago_2017,C,comuna,hrs_d_pm10_it2,299.643690875339,23.5021951484723,3930887,0.195993423367296,0.234259850257715,20 km,"Quintiles, ties by geo order"
santiago_2017,C,comuna,hrs_d_pm25_it1,102.827742651961,109.219918095597,3930887,0.195993423367296,0.234259850257715,20 km,"Quintiles, ties by geo order"
santiago_2017,C,comuna,hrs_d_pm25_it2,243.065480097776,35.7228074612042,3930887,0.195993423367296,0.234259850257715,20 km,"Quintiles, ties by geo order"
santiago_2017,C,distrito,avg_pm10,3.26586846535511,5.06518372225737,3930887,0.198026552276878,0.202833864214362,20 km,"Quintiles, ties by geo order"
santiago_2017,C,distrito,avg_pm25,1.07459177320768,4.69628932012787,3930887,0.198026552276878,0.202833864214362,20 km,"Quintiles, ties by geo order"
santiago_2017,C,distrito,hrs_d_pm10_it1,138.556036963074,51.3547622308744,3930887,0.198026552276878,0.202833864214362,20 km,"Quintiles, ties by geo order"
santiago_2017,C,distrito,hrs_d_pm10_it2,274.555380434584,21.5956154578458,3930887,0.198026552276878,0.202833864214362,20 km,"Quintiles, ties by geo order"
santiago_2017,C,distrito,hrs_d_pm25_it1,88.1215938639237,98.1460754129144,3930887,0.198026552276878,0.202833864214362,20 km,"Quintiles, ties by geo order"
santiago_2017,C,distrito,hrs_d_pm25_it2,198.069522476228,29.300686974156,3930887,0.198026552276878,0.202833864214362,20 km,"Quintiles, ties by geo order"
santiago_2017,C,fine,avg_pm10,3.1688141946173,4.92382056236576,3930887,0.198462586179659,0.201724191003201,20 km,"Quintiles, ties by geo order"
santiago_2017,C,fine,avg_pm25,0.986476168313569,4.31422860798048,3930887,0.198462586179659,0.201724191003201,20 km,"Quintiles, ties by geo order"
santiago_2017,C,fine,hrs_d_pm10_it1,130.025488459228,48.2588773030661,3930887,0.198462586179659,0.201724191003201,20 km,"Quintiles, ties by geo order"
santiago_2017,C,fine,hrs_d_pm10_it2,261.374419566588,20.6316108358755,3930887,0.198462586179659,0.201724191003201,20 km,"Quintiles, ties by geo order"
santiago_2017,C,fine,hrs_d_pm25_it1,80.7372435909402,89.622084462096,3930887,0.198462586179659,0.201724191003201,20 km,"Quintiles, ties by geo order"
santiago_2017,C,fine,hrs_d_pm25_it2,183.936268273602,27.2048310802631,3930887,0.198462586179659,0.201724191003201,20 km,"Quintiles, ties by geo order"
santiago_2017,baseline_common,comuna,avg_pm10,1.66294675528377,2.54090316025948,3930887,0.199999898241796,0.200000152637306,20 km,"Quintiles, ties by geo order"
santiago_2017,baseline_common,comuna,avg_pm25,0.606661174451169,2.61955882025058,3930887,0.199999898241796,0.200000152637306,20 km,"Quintiles, ties by geo order"
santiago_2017,baseline_common,comuna,hrs_d_pm10_it1,74.1583632923508,23.6490895087935,3930887,0.199999898241796,0.200000152637306,20 km,"Quintiles, ties by geo order"
santiago_2017,baseline_common,comuna,hrs_d_pm10_it2,143.097635966864,10.55174393722,3930887,0.199999898241796,0.200000152637306,20 km,"Quintiles, ties by geo order"
santiago_2017,baseline_common,comuna,hrs_d_pm25_it1,49.6377367081444,43.5678625888104,3930887,0.199999898241796,0.200000152637306,20 km,"Quintiles, ties by geo order"
santiago_2017,baseline_common,comuna,hrs_d_pm25_it2,113.439798762935,15.3989552257299,3930887,0.199999898241796,0.200000152637306,20 km,"Quintiles, ties by geo order"
santiago_2017,baseline_common,distrito,avg_pm10,1.66294675528377,2.54090316025948,3930887,0.199999898241796,0.200000152637306,20 km,"Quintiles, ties by geo order"
santiago_2017,baseline_common,distrito,avg_pm25,0.606661174451169,2.61955882025058,3930887,0.199999898241796,0.200000152637306,20 km,"Quintiles, ties by geo order"
santiago_2017,baseline_common,distrito,hrs_d_pm10_it1,74.1583632923508,23.6490895087935,3930887,0.199999898241796,0.200000152637306,20 km,"Quintiles, ties by geo order"
santiago_2017,baseline_common,distrito,hrs_d_pm10_it2,143.097635966864,10.55174393722,3930887,0.199999898241796,0.200000152637306,20 km,"Quintiles, ties by geo order"
santiago_2017,baseline_common,distrito,hrs_d_pm25_it1,49.6377367081444,43.5678625888104,3930887,0.199999898241796,0.200000152637306,20 km,"Quintiles, ties by geo order"
santiago_2017,baseline_common,distrito,hrs_d_pm25_it2,113.439798762935,15.3989552257299,3930887,0.199999898241796,0.200000152637306,20 km,"Quintiles, ties by geo order"
santiago_2017,baseline_common,fine,avg_pm10,1.66294675528377,2.54090316025948,3930887,0.199999898241796,0.200000152637306,20 km,"Quintiles, ties by geo order"
santiago_2017,baseline_common,fine,avg_pm25,0.606661174451169,2.61955882025058,3930887,0.199999898241796,0.200000152637306,20 km,"Quintiles, ties by geo order"
santiago_2017,baseline_common,fine,hrs_d_pm10_it1,74.1583632923508,23.6490895087935,3930887,0.199999898241796,0.200000152637306,20 km,"Quintiles, ties by geo order"
santiago_2017,baseline_common,fine,hrs_d_pm10_it2,143.097635966864,10.55174393722,3930887,0.199999898241796,0.200000152637306,20 km,"Quintiles, ties by geo order"
santiago_2017,baseline_common,fine,hrs_d_pm25_it1,49.6377367081444,43.5678625888104,3930887,0.199999898241796,0.200000152637306,20 km,"Quintiles, ties by geo order"
santiago_2017,baseline_common,fine,hrs_d_pm25_it2,113.439798762935,15.3989552257299,3930887,0.199999898241796,0.200000152637306,20 km,"Quintiles, ties by geo order"
sao_paulo_2010,A,fine,avg_pm10,0.508883954823009,1.91170185002096,9864606.72850903,0.198540276534311,0.201065126994193,20 km,"Quintiles, ties by geo order"
sao_paulo_2010,A,fine,avg_pm25,-0.0634180164002256,-0.419719527429996,9852094.74240695,0.198399889565388,0.201174167471259,20 km,"Quintiles, ties by geo order"
sao_paulo_2010,A,fine,hrs_d_pm10_it1,1.40782543418313,76.3147280030284,9864606.72850903,0.198540276534311,0.201065126994193,20 km,"Quintiles, ties by geo order"
sao_paulo_2010,A,fine,hrs_d_pm10_it2,16.7382001864901,48.8449696152729,9864606.72850903,0.198540276534311,0.201065126994193,20 km,"Quintiles, ties by geo order"
sao_paulo_2010,A,fine,hrs_d_pm25_it1,2.01193578218523,19.8010570673137,9852094.74240695,0.198399889565388,0.201174167471259,20 km,"Quintiles, ties by geo order"
sao_paulo_2010,A,fine,hrs_d_pm25_it2,15.0308928932434,13.9905468910228,9852094.74240695,0.198399889565388,0.201174167471259,20 km,"Quintiles, ties by geo order"
sao_paulo_2010,A,municipio,avg_pm10,0.169055071552233,0.629540842636933,9864606.72850903,0.198540276534311,0.201065126994193,20 km,"Quintiles, ties by geo order"
sao_paulo_2010,A,municipio,avg_pm25,0.00441911908914605,0.0293458488007659,9852094.74240695,0.198399889565388,0.201174167471259,20 km,"Quintiles, ties by geo order"
sao_paulo_2010,A,municipio,hrs_d_pm10_it1,0.358288123552888,13.6850658337393,9864606.72850903,0.198540276534311,0.201065126994193,20 km,"Quintiles, ties by geo order"
sao_paulo_2010,A,municipio,hrs_d_pm10_it2,5.62026739754096,13.2424427854584,9864606.72850903,0.198540276534311,0.201065126994193,20 km,"Quintiles, ties by geo order"
sao_paulo_2010,A,municipio,hrs_d_pm25_it1,0.676704574021809,6.04658521217087,9852094.74240695,0.198399889565388,0.201174167471259,20 km,"Quintiles, ties by geo order"
sao_paulo_2010,A,municipio,hrs_d_pm25_it2,7.46792841766559,6.61295980388232,9852094.74240695,0.198399889565388,0.201174167471259,20 km,"Quintiles, ties by geo order"
sao_paulo_2010,A_common,fine,avg_pm10,0.508883954823009,1.91170185002096,9864606.72850903,0.198540276534311,0.201065126994193,20 km,"Quintiles, ties by geo order"
sao_paulo_2010,A_common,fine,avg_pm25,-0.0634180164002256,-0.419719527429996,9852094.74240695,0.198399889565388,0.201174167471259,20 km,"Quintiles, ties by geo order"
sao_paulo_2010,A_common,fine,hrs_d_pm10_it1,1.40782543418313,76.3147280030284,9864606.72850903,0.198540276534311,0.201065126994193,20 km,"Quintiles, ties by geo order"
sao_paulo_2010,A_common,fine,hrs_d_pm10_it2,16.7382001864901,48.8449696152729,9864606.72850903,0.198540276534311,0.201065126994193,20 km,"Quintiles, ties by geo order"
sao_paulo_2010,A_common,fine,hrs_d_pm25_it1,2.01193578218523,19.8010570673137,9852094.74240695,0.198399889565388,0.201174167471259,20 km,"Quintiles, ties by geo order"
sao_paulo_2010,A_common,fine,hrs_d_pm25_it2,15.0308928932434,13.9905468910228,9852094.74240695,0.198399889565388,0.201174167471259,20 km,"Quintiles, ties by geo order"
sao_paulo_2010,A_common,municipio,avg_pm10,0.169568318188809,0.631547633668905,9739700.75459104,0.19795744614079,0.201703508067782,20 km,"Quintiles, ties by geo order"
sao_paulo_2010,A_common,municipio,avg_pm25,0.0023959804182212,0.0159247394885709,9727188.76848896,0.197814506786234,0.201814769867229,20 km,"Quintiles, ties by geo order"
sao_paulo_2010,A_common,municipio,hrs_d_pm10_it1,0.304529091598145,11.7893916533574,9739700.75459104,0.19795744614079,0.201703508067782,20 km,"Quintiles, ties by geo order"
sao_paulo_2010,A_common,municipio,hrs_d_pm10_it2,5.35162111242046,12.6744057711411,9739700.75459104,0.19795744614079,0.201703508067782,20 km,"Quintiles, ties by geo order"
sao_paulo_2010,A_common,municipio,hrs_d_pm25_it1,0.531438791584566,4.81532574647847,9727188.76848896,0.197814506786234,0.201814769867229,20 km,"Quintiles, ties by geo order"
sao_paulo_2010,A_common,municipio,hrs_d_pm25_it2,6.80037536701551,6.09475517697553,9727188.76848896,0.197814506786234,0.201814769867229,20 km,"Quintiles, ties by geo order"
sao_paulo_2010,B_common,fine,avg_pm10,0.508883954823013,1.91170185002096,9864606.72850903,0.198540276534311,0.201065126994193,20 km,"Quintiles, ties by geo order"
sao_paulo_2010,B_common,fine,avg_pm25,-0.0634180164002256,-0.419719527429996,9852094.74240695,0.198399889565388,0.201174167471259,20 km,"Quintiles, ties by geo order"
sao_paulo_2010,B_common,fine,hrs_d_pm10_it1,1.40782543418313,76.3147280030284,9864606.72850903,0.198540276534311,0.201065126994193,20 km,"Quintiles, ties by geo order"
sao_paulo_2010,B_common,fine,hrs_d_pm10_it2,16.7382001864901,48.8449696152729,9864606.72850903,0.198540276534311,0.201065126994193,20 km,"Quintiles, ties by geo order"
sao_paulo_2010,B_common,fine,hrs_d_pm25_it1,2.01193578218523,19.8010570673137,9852094.74240695,0.198399889565388,0.201174167471259,20 km,"Quintiles, ties by geo order"
sao_paulo_2010,B_common,fine,hrs_d_pm25_it2,15.0308928932434,13.9905468910228,9852094.74240695,0.198399889565388,0.201174167471259,20 km,"Quintiles, ties by geo order"
sao_paulo_2010,B_common,municipio,avg_pm10,0.204343706097951,0.746501738995997,9739700.75459104,0.19795744614079,0.201703508067782,20 km,"Quintiles, ties by geo order"
sao_paulo_2010,B_common,municipio,avg_pm25,-0.0256003182140958,-0.166821410114082,9727188.76848896,0.197814506786234,0.201814769867229,20 km,"Quintiles, ties by geo order"
sao_paulo_2010,B_common,municipio,hrs_d_pm10_it1,0.584452427318371,25.7163464875662,9739700.75459104,0.19795744614079,0.201703508067782,20 km,"Quintiles, ties by geo order"
sao_paulo_2010,B_common,municipio,hrs_d_pm10_it2,11.4514726597303,31.037565260277,9739700.75459104,0.19795744614079,0.201703508067782,20 km,"Quintiles, ties by geo order"
sao_paulo_2010,B_common,municipio,hrs_d_pm25_it1,1.1531640978927,10.4515996404073,9727188.76848896,0.197814506786234,0.201814769867229,20 km,"Quintiles, ties by geo order"
sao_paulo_2010,B_common,municipio,hrs_d_pm25_it2,10.9832240237904,9.0887598781844,9727188.76848896,0.197814506786234,0.201814769867229,20 km,"Quintiles, ties by geo order"
sao_paulo_2010,B_native,fine,avg_pm10,0.508883954823013,1.91170185002096,9864606.72850903,0.198540276534311,0.201065126994193,20 km,"Quintiles, ties by geo order"
sao_paulo_2010,B_native,fine,avg_pm25,-0.0634180164002256,-0.419719527429996,9852094.74240695,0.198399889565388,0.201174167471259,20 km,"Quintiles, ties by geo order"
sao_paulo_2010,B_native,fine,hrs_d_pm10_it1,1.40782543418313,76.3147280030284,9864606.72850903,0.198540276534311,0.201065126994193,20 km,"Quintiles, ties by geo order"
sao_paulo_2010,B_native,fine,hrs_d_pm10_it2,16.7382001864901,48.8449696152729,9864606.72850903,0.198540276534311,0.201065126994193,20 km,"Quintiles, ties by geo order"
sao_paulo_2010,B_native,fine,hrs_d_pm25_it1,2.01193578218523,19.8010570673137,9852094.74240695,0.198399889565388,0.201174167471259,20 km,"Quintiles, ties by geo order"
sao_paulo_2010,B_native,fine,hrs_d_pm25_it2,15.0308928932434,13.9905468910228,9852094.74240695,0.198399889565388,0.201174167471259,20 km,"Quintiles, ties by geo order"
sao_paulo_2010,B_native,municipio,avg_pm10,0.202794255274188,0.740851477558979,9747674.35461035,0.198018845124874,0.201588814854135,20 km,"Quintiles, ties by geo order"
sao_paulo_2010,B_native,municipio,avg_pm25,-0.0258666297298351,-0.168557717026852,9735162.36850827,0.197876101757237,0.201699838116524,20 km,"Quintiles, ties by geo order"
sao_paulo_2010,B_native,municipio,hrs_d_pm10_it1,0.5870669483884,25.8208209087908,9747674.35461035,0.198018845124874,0.201588814854135,20 km,"Quintiles, ties by geo order"
sao_paulo_2010,B_native,municipio,hrs_d_pm10_it2,11.4614849348779,31.0592188642148,9747674.35461035,0.198018845124874,0.201588814854135,20 km,"Quintiles, ties by geo order"
sao_paulo_2010,B_native,municipio,hrs_d_pm25_it1,1.15623342480948,10.4782404298955,9735162.36850827,0.197876101757237,0.201699838116524,20 km,"Quintiles, ties by geo order"
sao_paulo_2010,B_native,municipio,hrs_d_pm25_it2,10.9982410557457,9.1006007858806,9735162.36850827,0.197876101757237,0.201699838116524,20 km,"Quintiles, ties by geo order"
sao_paulo_2010,C,fine,avg_pm10,1.20830197405135,4.61080421742692,9864606.72850904,0.191902417751006,0.205382407919753,20 km,"Quintiles, ties by geo order"
sao_paulo_2010,C,fine,avg_pm25,-0.200472362966472,-1.32379883214347,9852094.74240695,0.192146130428019,0.205643239945905,20 km,"Quintiles, ties by geo order"
sao_paulo_2010,C,fine,hrs_d_pm10_it1,3.75320462047227,454.558292980841,9864606.72850904,0.191902417751006,0.205382407919753,20 km,"Quintiles, ties by geo order"
sao_paulo_2010,C,fine,hrs_d_pm10_it2,42.5460082136395,189.003064591344,9864606.72850904,0.191902417751006,0.205382407919753,20 km,"Quintiles, ties by geo order"
sao_paulo_2010,C,fine,hrs_d_pm25_it1,5.69479654616302,64.828486236839,9852094.74240695,0.192146130428019,0.205643239945905,20 km,"Quintiles, ties by geo order"
sao_paulo_2010,C,fine,hrs_d_pm25_it2,46.9273010971567,49.5733676074361,9852094.74240695,0.192146130428019,0.205643239945905,20 km,"Quintiles, ties by geo order"
sao_paulo_2010,C,municipio,avg_pm10,0.957712355588718,3.58214531543994,9864606.72850904,0.157712268925629,0.69265281489784,20 km,"Quintiles, ties by geo order"
sao_paulo_2010,C,municipio,avg_pm25,-0.0490892912610654,-0.327124146548741,9852094.74240696,0.156642578401867,0.693532471724146,20 km,"Quintiles, ties by geo order"
sao_paulo_2010,C,municipio,hrs_d_pm10_it1,2.93560818797106,134.686603338551,9864606.72850904,0.157712268925629,0.69265281489784,20 km,"Quintiles, ties by geo order"
sao_paulo_2010,C,municipio,hrs_d_pm10_it2,31.7577831886245,84.9430561468268,9864606.72850904,0.157712268925629,0.69265281489784,20 km,"Quintiles, ties by geo order"
sao_paulo_2010,C,municipio,hrs_d_pm25_it1,5.19726278229176,50.6926725732129,9852094.74240696,0.156642578401867,0.693532471724146,20 km,"Quintiles, ties by geo order"
sao_paulo_2010,C,municipio,hrs_d_pm25_it2,44.8550398184805,43.4653226334741,9852094.74240696,0.156642578401867,0.693532471724146,20 km,"Quintiles, ties by geo order"
sao_paulo_2010,baseline_common,fine,avg_pm10,0.508883954823009,1.91170185002096,9864606.72850903,0.198540276534311,0.201065126994193,20 km,"Quintiles, ties by geo order"
sao_paulo_2010,baseline_common,fine,avg_pm25,-0.0634180164002256,-0.419719527429996,9852094.74240695,0.198399889565388,0.201174167471259,20 km,"Quintiles, ties by geo order"
sao_paulo_2010,baseline_common,fine,hrs_d_pm10_it1,1.40782543418313,76.3147280030284,9864606.72850903,0.198540276534311,0.201065126994193,20 km,"Quintiles, ties by geo order"
sao_paulo_2010,baseline_common,fine,hrs_d_pm10_it2,16.7382001864901,48.8449696152729,9864606.72850903,0.198540276534311,0.201065126994193,20 km,"Quintiles, ties by geo order"
sao_paulo_2010,baseline_common,fine,hrs_d_pm25_it1,2.01193578218523,19.8010570673137,9852094.74240695,0.198399889565388,0.201174167471259,20 km,"Quintiles, ties by geo order"
sao_paulo_2010,baseline_common,fine,hrs_d_pm25_it2,15.0308928932434,13.9905468910228,9852094.74240695,0.198399889565388,0.201174167471259,20 km,"Quintiles, ties by geo order"
sao_paulo_2010,baseline_common,municipio,avg_pm10,0.513024680423168,1.92768465755271,9739700.75459104,0.19795744614079,0.201703508067782,20 km,"Quintiles, ties by geo order"
sao_paulo_2010,baseline_common,municipio,avg_pm25,-0.0687623061103597,-0.455395633260003,9727188.76848896,0.197814506786234,0.201814769867229,20 km,"Quintiles, ties by geo order"
sao_paulo_2010,baseline_common,municipio,hrs_d_pm10_it1,1.36161019531604,75.4256390598438,9739700.75459104,0.19795744614079,0.201703508067782,20 km,"Quintiles, ties by geo order"
sao_paulo_2010,baseline_common,municipio,hrs_d_pm10_it2,16.5539516048824,48.6834287979915,9739700.75459104,0.19795744614079,0.201703508067782,20 km,"Quintiles, ties by geo order"
sao_paulo_2010,baseline_common,municipio,hrs_d_pm25_it1,1.80548249567314,17.9616523189317,9727188.76848896,0.197814506786234,0.201814769867229,20 km,"Quintiles, ties by geo order"
sao_paulo_2010,baseline_common,municipio,hrs_d_pm25_it2,14.0167313113652,13.1764400838921,9727188.76848896,0.197814506786234,0.201814769867229,20 km,"Quintiles, ties by geo order"
bogota_2018,A,fine,avg_pm10,2.98761136268865,9.93385710822101,5550678.00000016,0.199133999135454,0.200518969176157,20 km,"Quintiles, split ties"
bogota_2018,A,fine,avg_pm25,0.887976416264555,6.03695898847187,5550678.00000016,0.199133999135454,0.200518969176157,20 km,"Quintiles, split ties"
bogota_2018,A,fine,hrs_d_pm10_it1,0.386419458096034,180.54421980479,5550678.00000016,0.199133999135454,0.200518969176157,20 km,"Quintiles, split ties"
bogota_2018,A,fine,hrs_d_pm10_it2,18.0577971968137,174.860005236672,5550678.00000016,0.199133999135454,0.200518969176157,20 km,"Quintiles, split ties"
bogota_2018,A,fine,hrs_d_pm25_it1,0.124463551102597,103.814596892197,5550678.00000016,0.199133999135454,0.200518969176157,20 km,"Quintiles, split ties"
bogota_2018,A,fine,hrs_d_pm25_it2,11.90137087272,137.396572587513,5550678.00000016,0.199133999135454,0.200518969176157,20 km,"Quintiles, split ties"
bogota_2018,A,localidad,avg_pm10,2.5568033123072,8.42234047010397,5550678.00000016,0.199133999135454,0.200518969176157,20 km,"Quintiles, split ties"
bogota_2018,A,localidad,avg_pm25,0.737285784030028,4.97888194686877,5550678.00000016,0.199133999135454,0.200518969176157,20 km,"Quintiles, split ties"
bogota_2018,A,localidad,hrs_d_pm10_it1,0.436152866346484,217.055783594008,5550678.00000016,0.199133999135454,0.200518969176157,20 km,"Quintiles, split ties"
bogota_2018,A,localidad,hrs_d_pm10_it2,16.8298260317814,153.958810914273,5550678.00000016,0.199133999135454,0.200518969176157,20 km,"Quintiles, split ties"
bogota_2018,A,localidad,hrs_d_pm25_it1,0.122732908751743,93.6935691946196,5550678.00000016,0.199133999135454,0.200518969176157,20 km,"Quintiles, split ties"
bogota_2018,A,localidad,hrs_d_pm25_it2,10.7275354041426,115.537109996864,5550678.00000016,0.199133999135454,0.200518969176157,20 km,"Quintiles, split ties"
bogota_2018,A,municipio,avg_pm10,0.132731659052951,0.414892007592171,5550678.00000016,0.199133999135454,0.200518969176157,20 km,"Quintiles, split ties"
bogota_2018,A,municipio,avg_pm25,-0.068196876093868,-0.443944152486198,5550678.00000016,0.199133999135454,0.200518969176157,20 km,"Quintiles, split ties"
bogota_2018,A,municipio,hrs_d_pm10_it1,0.4036245031812,183.783780770305,5550678.00000016,0.199133999135454,0.200518969176157,20 km,"Quintiles, split ties"
bogota_2018,A,municipio,hrs_d_pm10_it2,7.23923379153366,42.6461246066995,5550678.00000016,0.199133999135454,0.200518969176157,20 km,"Quintiles, split ties"
bogota_2018,A,municipio,hrs_d_pm25_it1,0.0766087129570765,48.7673901710169,5550678.00000016,0.199133999135454,0.200518969176157,20 km,"Quintiles, split ties"
bogota_2018,A,municipio,hrs_d_pm25_it2,2.64443774372464,18.3584526522326,5550678.00000016,0.199133999135454,0.200518969176157,20 km,"Quintiles, split ties"
bogota_2018,A,seccion,avg_pm10,2.98197034197299,9.9142211467975,5550678.00000016,0.199133999135454,0.200518969176157,20 km,"Quintiles, split ties"
bogota_2018,A,seccion,avg_pm25,0.886361039684687,6.02570454697602,5550678.00000016,0.199133999135454,0.200518969176157,20 km,"Quintiles, split ties"
bogota_2018,A,seccion,hrs_d_pm10_it1,0.363157733316263,162.582819070128,5550678.00000016,0.199133999135454,0.200518969176157,20 km,"Quintiles, split ties"
bogota_2018,A,seccion,hrs_d_pm10_it2,17.9092195442197,172.280217325046,5550678.00000016,0.199133999135454,0.200518969176157,20 km,"Quintiles, split ties"
bogota_2018,A,seccion,hrs_d_pm25_it1,0.118188261664396,96.3745902313728,5550678.00000016,0.199133999135454,0.200518969176157,20 km,"Quintiles, split ties"
bogota_2018,A,seccion,hrs_d_pm25_it2,11.7764458057319,135.014716917677,5550678.00000016,0.199133999135454,0.200518969176157,20 km,"Quintiles, split ties"
bogota_2018,A,sector,avg_pm10,2.96519210213356,9.85563446150348,5550678.00000016,0.199133999135454,0.200518969176157,20 km,"Quintiles, split ties"
bogota_2018,A,sector,avg_pm25,0.879697847316418,5.97907379412914,5550678.00000016,0.199133999135454,0.200518969176157,20 km,"Quintiles, split ties"
bogota_2018,A,sector,hrs_d_pm10_it1,0.334459220892674,138.084068234031,5550678.00000016,0.199133999135454,0.200518969176157,20 km,"Quintiles, split ties"
bogota_2018,A,sector,hrs_d_pm10_it2,17.6533069285173,167.811721298333,5550678.00000016,0.199133999135454,0.200518969176157,20 km,"Quintiles, split ties"
bogota_2018,A,sector,hrs_d_pm25_it1,0.113199796960915,89.7964601154119,5550678.00000016,0.199133999135454,0.200518969176157,20 km,"Quintiles, split ties"
bogota_2018,A,sector,hrs_d_pm25_it2,11.6378146515858,132.351875924589,5550678.00000016,0.199133999135454,0.200518969176157,20 km,"Quintiles, split ties"
bogota_2018,A_common,fine,avg_pm10,2.98761136268865,9.93385710822101,5550678.00000016,0.199133999135454,0.200518969176157,20 km,"Quintiles, split ties"
bogota_2018,A_common,fine,avg_pm25,0.887976416264555,6.03695898847187,5550678.00000016,0.199133999135454,0.200518969176157,20 km,"Quintiles, split ties"
bogota_2018,A_common,fine,hrs_d_pm10_it1,0.386419458096034,180.54421980479,5550678.00000016,0.199133999135454,0.200518969176157,20 km,"Quintiles, split ties"
bogota_2018,A_common,fine,hrs_d_pm10_it2,18.0577971968137,174.860005236672,5550678.00000016,0.199133999135454,0.200518969176157,20 km,"Quintiles, split ties"
bogota_2018,A_common,fine,hrs_d_pm25_it1,0.124463551102597,103.814596892197,5550678.00000016,0.199133999135454,0.200518969176157,20 km,"Quintiles, split ties"
bogota_2018,A_common,fine,hrs_d_pm25_it2,11.90137087272,137.396572587513,5550678.00000016,0.199133999135454,0.200518969176157,20 km,"Quintiles, split ties"
bogota_2018,A_common,localidad,avg_pm10,2.55840709289626,8.42751107402759,5550423.00000016,0.199123692916063,0.200523671737886,20 km,"Quintiles, split ties"
bogota_2018,A_common,localidad,avg_pm25,0.738019821422236,4.98377227145892,5550423.00000016,0.199123692916063,0.200523671737886,20 km,"Quintiles, split ties"
bogota_2018,A_common,localidad,hrs_d_pm10_it1,0.436210592939236,217.079629690556,5550423.00000016,0.199123692916063,0.200523671737886,20 km,"Quintiles, split ties"
bogota_2018,A_common,localidad,hrs_d_pm10_it2,16.8322173176182,153.977540175505,5550423.00000016,0.199123692916063,0.200523671737886,20 km,"Quintiles, split ties"
bogota_2018,A_common,localidad,hrs_d_pm25_it1,0.122754752501548,93.7081370902105,5550423.00000016,0.199123692916063,0.200523671737886,20 km,"Quintiles, split ties"
bogota_2018,A_common,localidad,hrs_d_pm25_it2,10.7292066452615,115.55279061998,5550423.00000016,0.199123692916063,0.200523671737886,20 km,"Quintiles, split ties"
bogota_2018,A_common,municipio,avg_pm10,2.11206049793079,7.23399010143342,1076650,0.248762952263275,0.127630311211029,20 km,"Quintiles, split ties"
bogota_2018,A_common,municipio,avg_pm25,0.693196862287399,5.08962167211073,1076650,0.248762952263275,0.127630311211029,20 km,"Quintiles, split ties"
bogota_2018,A_common,municipio,hrs_d_pm10_it1,0.992224130055188,69.7146516264685,1076650,0.248762952263275,0.127630311211029,20 km,"Quintiles, split ties"
bogota_2018,A_common,municipio,hrs_d_pm10_it2,21.1734152664518,65.0936529158662,1076650,0.248762952263275,0.127630311211029,20 km,"Quintiles, split ties"
bogota_2018,A_common,municipio,hrs_d_pm25_it1,-0.13721675261767,-14.185256686653,1076650,0.248762952263275,0.127630311211029,20 km,"Quintiles, split ties"
bogota_2018,A_common,municipio,hrs_d_pm25_it2,6.81528330190203,31.3658070235506,1076650,0.248762952263275,0.127630311211029,20 km,"Quintiles, split ties"
bogota_2018,A_common,seccion,avg_pm10,2.98197034197299,9.9142211467975,5550678.00000016,0.199133999135454,0.200518969176157,20 km,"Quintiles, split ties"
bogota_2018,A_common,seccion,avg_pm25,0.886361039684687,6.02570454697602,5550678.00000016,0.199133999135454,0.200518969176157,20 km,"Quintiles, split ties"
bogota_2018,A_common,seccion,hrs_d_pm10_it1,0.363157733316263,162.582819070128,5550678.00000016,0.199133999135454,0.200518969176157,20 km,"Quintiles, split ties"
bogota_2018,A_common,seccion,hrs_d_pm10_it2,17.9092195442197,172.280217325046,5550678.00000016,0.199133999135454,0.200518969176157,20 km,"Quintiles, split ties"
bogota_2018,A_common,seccion,hrs_d_pm25_it1,0.118188261664396,96.3745902313728,5550678.00000016,0.199133999135454,0.200518969176157,20 km,"Quintiles, split ties"
bogota_2018,A_common,seccion,hrs_d_pm25_it2,11.7764458057319,135.014716917677,5550678.00000016,0.199133999135454,0.200518969176157,20 km,"Quintiles, split ties"
bogota_2018,A_common,sector,avg_pm10,2.96519210213356,9.85563446150348,5550678.00000016,0.199133999135454,0.200518969176157,20 km,"Quintiles, split ties"
bogota_2018,A_common,sector,avg_pm25,0.879697847316418,5.97907379412914,5550678.00000016,0.199133999135454,0.200518969176157,20 km,"Quintiles, split ties"
bogota_2018,A_common,sector,hrs_d_pm10_it1,0.334459220892674,138.084068234031,5550678.00000016,0.199133999135454,0.200518969176157,20 km,"Quintiles, split ties"
bogota_2018,A_common,sector,hrs_d_pm10_it2,17.6533069285173,167.811721298333,5550678.00000016,0.199133999135454,0.200518969176157,20 km,"Quintiles, split ties"
bogota_2018,A_common,sector,hrs_d_pm25_it1,0.113199796960915,89.7964601154119,5550678.00000016,0.199133999135454,0.200518969176157,20 km,"Quintiles, split ties"
bogota_2018,A_common,sector,hrs_d_pm25_it2,11.6378146515858,132.351875924589,5550678.00000016,0.199133999135454,0.200518969176157,20 km,"Quintiles, split ties"
bogota_2018,B_common,fine,avg_pm10,2.98761136268865,9.93385710822101,5550678.00000016,0.199133999135454,0.200518969176157,20 km,"Quintiles, split ties"
bogota_2018,B_common,fine,avg_pm25,0.887976416264555,6.03695898847187,5550678.00000016,0.199133999135454,0.200518969176157,20 km,"Quintiles, split ties"
bogota_2018,B_common,fine,hrs_d_pm10_it1,0.386419458096034,180.54421980479,5550678.00000016,0.199133999135454,0.200518969176157,20 km,"Quintiles, split ties"
bogota_2018,B_common,fine,hrs_d_pm10_it2,18.0577971968137,174.860005236672,5550678.00000016,0.199133999135454,0.200518969176157,20 km,"Quintiles, split ties"
bogota_2018,B_common,fine,hrs_d_pm25_it1,0.124463551102597,103.814596892197,5550678.00000016,0.199133999135454,0.200518969176157,20 km,"Quintiles, split ties"
bogota_2018,B_common,fine,hrs_d_pm25_it2,11.90137087272,137.396572587513,5550678.00000016,0.199133999135454,0.200518969176157,20 km,"Quintiles, split ties"
bogota_2018,B_common,localidad,avg_pm10,2.6219193477822,8.68995861042907,5550423.00000016,0.199123692916063,0.200523671737886,20 km,"Quintiles, split ties"
bogota_2018,B_common,localidad,avg_pm25,0.76099978173839,5.2052564783883,5550423.00000016,0.199123692916063,0.200523671737886,20 km,"Quintiles, split ties"
bogota_2018,B_common,localidad,hrs_d_pm10_it1,0.0338684274610419,287.463172879511,5550423.00000016,0.199123692916063,0.200523671737886,20 km,"Quintiles, split ties"
bogota_2018,B_common,localidad,hrs_d_pm10_it2,16.01160195886,194.972543020567,5550423.00000016,0.199123692916063,0.200523671737886,20 km,"Quintiles, split ties"
bogota_2018,B_common,localidad,hrs_d_pm25_it1,0.161894194515845,340.709781123324,5550423.00000016,0.199123692916063,0.200523671737886,20 km,"Quintiles, split ties"
bogota_2018,B_common,localidad,hrs_d_pm25_it2,10.0873984825141,152.112843034613,5550423.00000016,0.199123692916063,0.200523671737886,20 km,"Quintiles, split ties"
bogota_2018,B_common,municipio,avg_pm10,1.85956847298169,6.31168187258793,1076650,0.248762952263275,0.127630311211029,20 km,"Quintiles, split ties"
bogota_2018,B_common,municipio,avg_pm25,0.54199110282241,3.93317848804446,1076650,0.248762952263275,0.127630311211029,20 km,"Quintiles, split ties"
bogota_2018,B_common,municipio,hrs_d_pm10_it1,0.0929507203377208,97.4039534884152,1076650,0.248762952263275,0.127630311211029,20 km,"Quintiles, split ties"
bogota_2018,B_common,municipio,hrs_d_pm10_it2,16.9314638458266,73.3799604716836,1076650,0.248762952263275,0.127630311211029,20 km,"Quintiles, split ties"
bogota_2018,B_common,municipio,hrs_d_pm25_it1,0.00687853972981078,4.08283305919179,1076650,0.248762952263275,0.127630311211029,20 km,"Quintiles, split ties"
bogota_2018,B_common,municipio,hrs_d_pm25_it2,6.2391636625351,40.6303633571676,1076650,0.248762952263275,0.127630311211029,20 km,"Quintiles, split ties"
bogota_2018,B_common,seccion,avg_pm10,3.01548126311483,10.03739787245,5550678.00000016,0.199133999135454,0.200518969176157,20 km,"Quintiles, split ties"
bogota_2018,B_common,seccion,avg_pm25,0.901970605613325,6.13853309183812,5550678.00000016,0.199133999135454,0.200518969176157,20 km,"Quintiles, split ties"
bogota_2018,B_common,seccion,hrs_d_pm10_it1,0.405762329431141,137.032127653482,5550678.00000016,0.199133999135454,0.200518969176157,20 km,"Quintiles, split ties"
bogota_2018,B_common,seccion,hrs_d_pm10_it2,18.0580983105253,170.928103970244,5550678.00000016,0.199133999135454,0.200518969176157,20 km,"Quintiles, split ties"
bogota_2018,B_common,seccion,hrs_d_pm25_it1,0.115929998480301,87.6851208659055,5550678.00000016,0.199133999135454,0.200518969176157,20 km,"Quintiles, split ties"
bogota_2018,B_common,seccion,hrs_d_pm25_it2,11.8507968240128,135.770316294746,5550678.00000016,0.199133999135454,0.200518969176157,20 km,"Quintiles, split ties"
bogota_2018,B_common,sector,avg_pm10,3.00769190604153,10.0056819457181,5550678.00000016,0.199133999135454,0.200518969176157,20 km,"Quintiles, split ties"
bogota_2018,B_common,sector,avg_pm25,0.895380177133445,6.09278602751915,5550678.00000016,0.199133999135454,0.200518969176157,20 km,"Quintiles, split ties"
bogota_2018,B_common,sector,hrs_d_pm10_it1,0.543299175527331,107.779445143279,5550678.00000016,0.199133999135454,0.200518969176157,20 km,"Quintiles, split ties"
bogota_2018,B_common,sector,hrs_d_pm10_it2,18.2398125911727,163.206135254316,5550678.00000016,0.199133999135454,0.200518969176157,20 km,"Quintiles, split ties"
bogota_2018,B_common,sector,hrs_d_pm25_it1,0.145700413176494,92.1062927859455,5550678.00000016,0.199133999135454,0.200518969176157,20 km,"Quintiles, split ties"
bogota_2018,B_common,sector,hrs_d_pm25_it2,12.3183610972202,140.380083259605,5550678.00000016,0.199133999135454,0.200518969176157,20 km,"Quintiles, split ties"
bogota_2018,B_native,fine,avg_pm10,2.98709663055186,9.93215845792339,5550899.00000016,0.199141371721111,0.200514339468417,20 km,"Quintiles, split ties"
bogota_2018,B_native,fine,avg_pm25,0.887798129963107,6.03575118155484,5550899.00000016,0.199141371721111,0.200514339468417,20 km,"Quintiles, split ties"
bogota_2018,B_native,fine,hrs_d_pm10_it1,0.386376902960734,180.527356392485,5550899.00000016,0.199141371721111,0.200514339468417,20 km,"Quintiles, split ties"
bogota_2018,B_native,fine,hrs_d_pm10_it2,18.0557890062313,174.843483500463,5550899.00000016,0.199141371721111,0.200514339468417,20 km,"Quintiles, split ties"
bogota_2018,B_native,fine,hrs_d_pm25_it1,0.124446781661651,103.80234566997,5550899.00000016,0.199141371721111,0.200514339468417,20 km,"Quintiles, split ties"
bogota_2018,B_native,fine,hrs_d_pm25_it2,11.8999354415712,137.382051553566,5550899.00000016,0.199141371721111,0.200514339468417,20 km,"Quintiles, split ties"
bogota_2018,B_native,localidad,avg_pm10,2.6219193477822,8.68995861042907,5550423.00000016,0.199123692916063,0.200523671737886,20 km,"Quintiles, split ties"
bogota_2018,B_native,localidad,avg_pm25,0.76099978173839,5.2052564783883,5550423.00000016,0.199123692916063,0.200523671737886,20 km,"Quintiles, split ties"
bogota_2018,B_native,localidad,hrs_d_pm10_it1,0.0338684274610419,287.463172879511,5550423.00000016,0.199123692916063,0.200523671737886,20 km,"Quintiles, split ties"
bogota_2018,B_native,localidad,hrs_d_pm10_it2,16.01160195886,194.972543020567,5550423.00000016,0.199123692916063,0.200523671737886,20 km,"Quintiles, split ties"
bogota_2018,B_native,localidad,hrs_d_pm25_it1,0.161894194515845,340.709781123324,5550423.00000016,0.199123692916063,0.200523671737886,20 km,"Quintiles, split ties"
bogota_2018,B_native,localidad,hrs_d_pm25_it2,10.0873984825141,152.112843034613,5550423.00000016,0.199123692916063,0.200523671737886,20 km,"Quintiles, split ties"
bogota_2018,B_native,municipio,avg_pm10,1.84509203330893,6.26656144745703,1082682,0.250640601594106,0.127373246733754,20 km,"Quintiles, split ties"
bogota_2018,B_native,municipio,avg_pm25,0.527504125721858,3.830426899661,1082682,0.250640601594106,0.127373246733754,20 km,"Quintiles, split ties"
bogota_2018,B_native,municipio,hrs_d_pm10_it1,0.128080440646809,133.966910147805,1082682,0.250640601594106,0.127373246733754,20 km,"Quintiles, split ties"
bogota_2018,B_native,municipio,hrs_d_pm10_it2,17.6134950225837,76.4542140615867,1082682,0.250640601594106,0.127373246733754,20 km,"Quintiles, split ties"
bogota_2018,B_native,municipio,hrs_d_pm25_it1,0.00957175301667268,5.68016229387058,1082682,0.250640601594106,0.127373246733754,20 km,"Quintiles, split ties"
bogota_2018,B_native,municipio,hrs_d_pm25_it2,6.36500601589484,41.4918662268207,1082682,0.250640601594106,0.127373246733754,20 km,"Quintiles, split ties"
bogota_2018,B_native,seccion,avg_pm10,3.01496642388496,10.0356975862239,5550899.00000016,0.199141371721111,0.200514339468417,20 km,"Quintiles, split ties"
bogota_2018,B_native,seccion,avg_pm25,0.901792059743929,6.13732252184076,5550899.00000016,0.199141371721111,0.200514339468417,20 km,"Quintiles, split ties"
bogota_2018,B_native,seccion,hrs_d_pm10_it1,0.405713354569214,137.01787973741,5550899.00000016,0.199141371721111,0.200514339468417,20 km,"Quintiles, split ties"
bogota_2018,B_native,seccion,hrs_d_pm10_it2,18.0560758071364,170.911818579209,5550899.00000016,0.199141371721111,0.200514339468417,20 km,"Quintiles, split ties"
bogota_2018,B_native,seccion,hrs_d_pm25_it1,0.115913144076474,87.6738391806906,5550899.00000016,0.199141371721111,0.200514339468417,20 km,"Quintiles, split ties"
bogota_2018,B_native,seccion,hrs_d_pm25_it2,11.8493612811707,135.755897833321,5550899.00000016,0.199141371721111,0.200514339468417,20 km,"Quintiles, split ties"
bogota_2018,B_native,sector,avg_pm10,3.007177536251,10.0039820953002,5550899.00000016,0.199141371721111,0.200514339468417,20 km,"Quintiles, split ties"
bogota_2018,B_native,sector,avg_pm25,0.895201683941711,6.09157476910966,5550899.00000016,0.199141371721111,0.200514339468417,20 km,"Quintiles, split ties"
bogota_2018,B_native,sector,hrs_d_pm10_it1,0.543227131991371,107.766955595448,5550899.00000016,0.199141371721111,0.200514339468417,20 km,"Quintiles, split ties"
bogota_2018,B_native,sector,hrs_d_pm10_it2,18.2377393874541,163.190314028046,5550899.00000016,0.199141371721111,0.200514339468417,20 km,"Quintiles, split ties"
bogota_2018,B_native,sector,hrs_d_pm25_it1,0.1456797100453,92.0947453456742,5550899.00000016,0.199141371721111,0.200514339468417,20 km,"Quintiles, split ties"
bogota_2018,B_native,sector,hrs_d_pm25_it2,12.3168868379792,140.365380820435,5550899.00000016,0.199141371721111,0.200514339468417,20 km,"Quintiles, split ties"
bogota_2018,C,fine,avg_pm10,5.79672136493123,20.3498346782296,5550678.00000007,0.196455460035692,0.200466141253375,20 km,"Quintiles, split ties"
bogota_2018,C,fine,avg_pm25,1.69242333769712,11.9318681981843,5550678.00000007,0.196455460035692,0.200466141253375,20 km,"Quintiles, split ties"
bogota_2018,C,fine,hrs_d_pm10_it1,0.577774160828982,14923.4586248866,5550678.00000007,0.196455460035692,0.200466141253375,20 km,"Quintiles, split ties"
bogota_2018,C,fine,hrs_d_pm10_it2,35.2800052229618,1515.26417341122,5550678.00000007,0.196455460035692,0.200466141253375,20 km,"Quintiles, split ties"
bogota_2018,C,fine,hrs_d_pm25_it1,0.206305141951958,360.581296287087,5550678.00000007,0.196455460035692,0.200466141253375,20 km,"Quintiles, split ties"
bogota_2018,C,fine,hrs_d_pm25_it2,24.23982543244,771.796713184172,5550678.00000007,0.196455460035692,0.200466141253375,20 km,"Quintiles, split ties"
bogota_2018,C,localidad,avg_pm10,6.62222194021538,23.1061787574536,5550678.00000006,0.188484361730226,0.287345077484229,20 km,"Quintiles, split ties"
bogota_2018,C,localidad,avg_pm25,1.89538051329317,13.311530365873,5550678.00000006,0.188484361730226,0.287345077484229,20 km,"Quintiles, split ties"
bogota_2018,C,localidad,hrs_d_pm10_it1,0.409981835444343,1093.30317381762,5550678.00000006,0.188484361730226,0.287345077484229,20 km,"Quintiles, split ties"
bogota_2018,C,localidad,hrs_d_pm10_it2,36.5913894751582,1151.01548058736,5550678.00000006,0.188484361730226,0.287345077484229,20 km,"Quintiles, split ties"
bogota_2018,C,localidad,hrs_d_pm25_it1,0.197243999799999,6074.46012591252,5550678.00000006,0.188484361730226,0.287345077484229,20 km,"Quintiles, split ties"
bogota_2018,C,localidad,hrs_d_pm25_it2,25.540341246709,1014.79734917046,5550678.00000006,0.188484361730226,0.287345077484229,20 km,"Quintiles, split ties"
bogota_2018,C,municipio,avg_pm10,0.71386028088854,2.22195522801274,5550677.99999993,0.167513049757168,0.832486950242832,20 km,"Quintiles, split ties"
bogota_2018,C,municipio,avg_pm25,-0.57551254124591,-3.71597772560975,5550677.99999993,0.167513049757168,0.832486950242832,20 km,"Quintiles, split ties"
bogota_2018,C,municipio,hrs_d_pm10_it1,2.70040897953581,6128.10475242997,5550677.99999993,0.167513049757168,0.832486950242832,20 km,"Quintiles, split ties"
bogota_2018,C,municipio,hrs_d_pm10_it2,47.6388622830911,332.260447649205,5550677.99999993,0.167513049757168,0.832486950242832,20 km,"Quintiles, split ties"
bogota_2018,C,municipio,hrs_d_pm25_it1,0.872507395077542,2098.24751190213,5550677.99999993,0.167513049757168,0.832486950242832,20 km,"Quintiles, split ties"
bogota_2018,C,municipio,hrs_d_pm25_it2,19.1775759576422,147.257962748971,5550677.99999993,0.167513049757168,0.832486950242832,20 km,"Quintiles, split ties"
bogota_2018,C,seccion,avg_pm10,5.95129550374654,20.793818010904,5550678.00000008,0.196212426662112,0.20048487770323,20 km,"Quintiles, split ties"
bogota_2018,C,seccion,avg_pm25,1.72784209432732,12.1226283690546,5550678.00000008,0.196212426662112,0.20048487770323,20 km,"Quintiles, split ties"
bogota_2018,C,seccion,hrs_d_pm10_it1,0.577072290934537,27176.5394119264,5550678.00000008,0.196212426662112,0.20048487770323,20 km,"Quintiles, split ties"
bogota_2018,C,seccion,hrs_d_pm10_it2,36.2098514606726,1449.70850881806,5550678.00000008,0.196212426662112,0.20048487770323,20 km,"Quintiles, split ties"
bogota_2018,C,seccion,hrs_d_pm25_it1,0.20204156831763,432.088617942169,5550678.00000008,0.196212426662112,0.20048487770323,20 km,"Quintiles, split ties"
bogota_2018,C,seccion,hrs_d_pm25_it2,24.9808665370451,755.470564414833,5550678.00000008,0.196212426662112,0.20048487770323,20 km,"Quintiles, split ties"
bogota_2018,C,sector,avg_pm10,6.18997829086218,21.5668033300162,5550678.00000007,0.194020982661936,0.200589909917313,20 km,"Quintiles, split ties"
bogota_2018,C,sector,avg_pm25,1.79032448547344,12.5065596390227,5550678.00000007,0.194020982661936,0.200589909917313,20 km,"Quintiles, split ties"
bogota_2018,C,sector,hrs_d_pm10_it1,0.421409755890399,8565.20329145561,5550678.00000007,0.194020982661936,0.200589909917313,20 km,"Quintiles, split ties"
bogota_2018,C,sector,hrs_d_pm10_it2,34.5589485412751,1225.08151057722,5550678.00000007,0.194020982661936,0.200589909917313,20 km,"Quintiles, split ties"
bogota_2018,C,sector,hrs_d_pm25_it1,0.288942574520307,3594.14089930357,5550678.00000007,0.194020982661936,0.200589909917313,20 km,"Quintiles, split ties"
bogota_2018,C,sector,hrs_d_pm25_it2,25.8833211118984,805.969820942186,5550678.00000007,0.194020982661936,0.200589909917313,20 km,"Quintiles, split ties"
bogota_2018,baseline_common,fine,avg_pm10,2.98761136268865,9.93385710822101,5550678.00000016,0.199133999135454,0.200518969176157,20 km,"Quintiles, split ties"
bogota_2018,baseline_common,fine,avg_pm25,0.887976416264555,6.03695898847187,5550678.00000016,0.199133999135454,0.200518969176157,20 km,"Quintiles, split ties"
bogota_2018,baseline_common,fine,hrs_d_pm10_it1,0.386419458096034,180.54421980479,5550678.00000016,0.199133999135454,0.200518969176157,20 km,"Quintiles, split ties"
bogota_2018,baseline_common,fine,hrs_d_pm10_it2,18.0577971968137,174.860005236672,5550678.00000016,0.199133999135454,0.200518969176157,20 km,"Quintiles, split ties"
bogota_2018,baseline_common,fine,hrs_d_pm25_it1,0.124463551102597,103.814596892197,5550678.00000016,0.199133999135454,0.200518969176157,20 km,"Quintiles, split ties"
bogota_2018,baseline_common,fine,hrs_d_pm25_it2,11.90137087272,137.396572587513,5550678.00000016,0.199133999135454,0.200518969176157,20 km,"Quintiles, split ties"
bogota_2018,baseline_common,localidad,avg_pm10,2.98923599745981,9.93912734623086,5550423.00000016,0.199123692916063,0.200523671737886,20 km,"Quintiles, split ties"
bogota_2018,baseline_common,localidad,avg_pm25,0.888717711069432,6.04191833011607,5550423.00000016,0.199123692916063,0.200523671737886,20 km,"Quintiles, split ties"
bogota_2018,baseline_common,localidad,hrs_d_pm10_it1,0.386473310129222,180.565319828501,5550423.00000016,0.199123692916063,0.200523671737886,20 km,"Quintiles, split ties"
bogota_2018,baseline_common,localidad,hrs_d_pm10_it2,18.0602630017006,174.880330292369,5550423.00000016,0.199123692916063,0.200523671737886,20 km,"Quintiles, split ties"
bogota_2018,baseline_common,localidad,hrs_d_pm25_it1,0.124484728798974,103.829926000849,5550423.00000016,0.199123692916063,0.200523671737886,20 km,"Quintiles, split ties"
bogota_2018,baseline_common,localidad,hrs_d_pm25_it2,11.9031099531132,137.413915920377,5550423.00000016,0.199123692916063,0.200523671737886,20 km,"Quintiles, split ties"
bogota_2018,baseline_common,municipio,avg_pm10,2.26995710590035,7.79338785317683,1076650,0.248762952263275,0.127630311211029,20 km,"Quintiles, split ties"
bogota_2018,baseline_common,municipio,avg_pm25,0.735165473521796,5.40514203213234,1076650,0.248762952263275,0.127630311211029,20 km,"Quintiles, split ties"
bogota_2018,baseline_common,municipio,hrs_d_pm10_it1,0.762709153421635,50.6517751342201,1076650,0.248762952263275,0.127630311211029,20 km,"Quintiles, split ties"
bogota_2018,baseline_common,municipio,hrs_d_pm10_it2,22.0321157918038,67.4165963699762,1076650,0.248762952263275,0.127630311211029,20 km,"Quintiles, split ties"
bogota_2018,baseline_common,municipio,hrs_d_pm25_it1,-0.0951549973526989,-10.8151609820668,1076650,0.248762952263275,0.127630311211029,20 km,"Quintiles, split ties"
bogota_2018,baseline_common,municipio,hrs_d_pm25_it2,7.22678234288371,33.7809747665762,1076650,0.248762952263275,0.127630311211029,20 km,"Quintiles, split ties"
bogota_2018,baseline_common,seccion,avg_pm10,2.98761136268865,9.93385710822101,5550678.00000016,0.199133999135454,0.200518969176157,20 km,"Quintiles, split ties"
bogota_2018,baseline_common,seccion,avg_pm25,0.887976416264555,6.03695898847187,5550678.00000016,0.199133999135454,0.200518969176157,20 km,"Quintiles, split ties"
bogota_2018,baseline_common,seccion,hrs_d_pm10_it1,0.386419458096034,180.54421980479,5550678.00000016,0.199133999135454,0.200518969176157,20 km,"Quintiles, split ties"
bogota_2018,baseline_common,seccion,hrs_d_pm10_it2,18.0577971968137,174.860005236672,5550678.00000016,0.199133999135454,0.200518969176157,20 km,"Quintiles, split ties"
bogota_2018,baseline_common,seccion,hrs_d_pm25_it1,0.124463551102597,103.814596892197,5550678.00000016,0.199133999135454,0.200518969176157,20 km,"Quintiles, split ties"
bogota_2018,baseline_common,seccion,hrs_d_pm25_it2,11.90137087272,137.396572587513,5550678.00000016,0.199133999135454,0.200518969176157,20 km,"Quintiles, split ties"
bogota_2018,baseline_common,sector,avg_pm10,2.98761136268865,9.93385710822101,5550678.00000016,0.199133999135454,0.200518969176157,20 km,"Quintiles, split ties"
bogota_2018,baseline_common,sector,avg_pm25,0.887976416264555,6.03695898847187,5550678.00000016,0.199133999135454,0.200518969176157,20 km,"Quintiles, split ties"
bogota_2018,baseline_common,sector,hrs_d_pm10_it1,0.386419458096034,180.54421980479,5550678.00000016,0.199133999135454,0.200518969176157,20 km,"Quintiles, split ties"
bogota_2018,baseline_common,sector,hrs_d_pm10_it2,18.0577971968137,174.860005236672,5550678.00000016,0.199133999135454,0.200518969176157,20 km,"Quintiles, split ties"
bogota_2018,baseline_common,sector,hrs_d_pm25_it1,0.124463551102597,103.814596892197,5550678.00000016,0.199133999135454,0.200518969176157,20 km,"Quintiles, split ties"
bogota_2018,baseline_common,sector,hrs_d_pm25_it2,11.90137087272,137.396572587513,5550678.00000016,0.199133999135454,0.200518969176157,20 km,"Quintiles, split ties"
santiago_2017,A,comuna,avg_pm10,1.71760747336771,2.62465017610145,3930887,0.2,0.2,20 km,"Quintiles, split ties"
santiago_2017,A,comuna,avg_pm25,0.568021344171314,2.45079524344312,3930887,0.2,0.2,20 km,"Quintiles, split ties"
santiago_2017,A,comuna,hrs_d_pm10_it1,72.1892737412509,22.9545454527919,3930887,0.2,0.2,20 km,"Quintiles, split ties"
santiago_2017,A,comuna,hrs_d_pm10_it2,143.963852309652,10.6134247760551,3930887,0.2,0.2,20 km,"Quintiles, split ties"
santiago_2017,A,comuna,hrs_d_pm25_it1,45.7114358970811,39.6386069482504,3930887,0.2,0.2,20 km,"Quintiles, split ties"
santiago_2017,A,comuna,hrs_d_pm25_it2,106.80523974626,14.4491924195184,3930887,0.2,0.2,20 km,"Quintiles, split ties"
santiago_2017,A,distrito,avg_pm10,1.73604256305477,2.65357839330691,3930887,0.2,0.2,20 km,"Quintiles, split ties"
santiago_2017,A,distrito,avg_pm25,0.561290918280086,2.42151288784538,3930887,0.2,0.2,20 km,"Quintiles, split ties"
santiago_2017,A,distrito,hrs_d_pm10_it1,73.6253792699661,23.4960957351701,3930887,0.2,0.2,20 km,"Quintiles, split ties"
santiago_2017,A,distrito,hrs_d_pm10_it2,146.781821466881,10.8383648174865,3930887,0.2,0.2,20 km,"Quintiles, split ties"
santiago_2017,A,distrito,hrs_d_pm25_it1,47.0515641127283,41.0842448862407,3930887,0.2,0.2,20 km,"Quintiles, split ties"
santiago_2017,A,distrito,hrs_d_pm25_it2,107.250827181081,14.5215146243126,3930887,0.2,0.2,20 km,"Quintiles, split ties"
santiago_2017,A,fine,avg_pm10,1.75119049833839,2.67722831795236,3930887,0.2,0.2,20 km,"Quintiles, split ties"
santiago_2017,A,fine,avg_pm25,0.571958602920962,2.46825844121592,3930887,0.2,0.2,20 km,"Quintiles, split ties"
santiago_2017,A,fine,hrs_d_pm10_it1,73.8867341125633,23.5930255315988,3930887,0.2,0.2,20 km,"Quintiles, split ties"
santiago_2017,A,fine,hrs_d_pm10_it2,147.274459402565,10.8780344870413,3930887,0.2,0.2,20 km,"Quintiles, split ties"
santiago_2017,A,fine,hrs_d_pm25_it1,47.3171569673278,41.3551062562495,3930887,0.2,0.2,20 km,"Quintiles, split ties"
santiago_2017,A,fine,hrs_d_pm25_it2,108.096105628182,14.6457179204331,3930887,0.2,0.2,20 km,"Quintiles, split ties"
santiago_2017,A_common,comuna,avg_pm10,1.71760747336771,2.62465017610145,3930887,0.2,0.2,20 km,"Quintiles, split ties"
santiago_2017,A_common,comuna,avg_pm25,0.568021344171314,2.45079524344312,3930887,0.2,0.2,20 km,"Quintiles, split ties"
santiago_2017,A_common,comuna,hrs_d_pm10_it1,72.1892737412509,22.9545454527919,3930887,0.2,0.2,20 km,"Quintiles, split ties"
santiago_2017,A_common,comuna,hrs_d_pm10_it2,143.963852309652,10.6134247760551,3930887,0.2,0.2,20 km,"Quintiles, split ties"
santiago_2017,A_common,comuna,hrs_d_pm25_it1,45.7114358970811,39.6386069482504,3930887,0.2,0.2,20 km,"Quintiles, split ties"
santiago_2017,A_common,comuna,hrs_d_pm25_it2,106.80523974626,14.4491924195184,3930887,0.2,0.2,20 km,"Quintiles, split ties"
santiago_2017,A_common,distrito,avg_pm10,1.73604256305477,2.65357839330691,3930887,0.2,0.2,20 km,"Quintiles, split ties"
santiago_2017,A_common,distrito,avg_pm25,0.561290918280086,2.42151288784538,3930887,0.2,0.2,20 km,"Quintiles, split ties"
santiago_2017,A_common,distrito,hrs_d_pm10_it1,73.6253792699661,23.4960957351701,3930887,0.2,0.2,20 km,"Quintiles, split ties"
santiago_2017,A_common,distrito,hrs_d_pm10_it2,146.781821466881,10.8383648174865,3930887,0.2,0.2,20 km,"Quintiles, split ties"
santiago_2017,A_common,distrito,hrs_d_pm25_it1,47.0515641127283,41.0842448862407,3930887,0.2,0.2,20 km,"Quintiles, split ties"
santiago_2017,A_common,distrito,hrs_d_pm25_it2,107.250827181081,14.5215146243126,3930887,0.2,0.2,20 km,"Quintiles, split ties"
santiago_2017,A_common,fine,avg_pm10,1.75119049833839,2.67722831795236,3930887,0.2,0.2,20 km,"Quintiles, split ties"
santiago_2017,A_common,fine,avg_pm25,0.571958602920962,2.46825844121592,3930887,0.2,0.2,20 km,"Quintiles, split ties"
santiago_2017,A_common,fine,hrs_d_pm10_it1,73.8867341125633,23.5930255315988,3930887,0.2,0.2,20 km,"Quintiles, split ties"
santiago_2017,A_common,fine,hrs_d_pm10_it2,147.274459402565,10.8780344870413,3930887,0.2,0.2,20 km,"Quintiles, split ties"
santiago_2017,A_common,fine,hrs_d_pm25_it1,47.3171569673278,41.3551062562495,3930887,0.2,0.2,20 km,"Quintiles, split ties"
santiago_2017,A_common,fine,hrs_d_pm25_it2,108.096105628182,14.6457179204331,3930887,0.2,0.2,20 km,"Quintiles, split ties"
santiago_2017,B_common,comuna,avg_pm10,2.16843981465945,3.34356972873426,3930887,0.2,0.2,20 km,"Quintiles, split ties"
santiago_2017,B_common,comuna,avg_pm25,0.74034445490728,3.22016180604054,3930887,0.2,0.2,20 km,"Quintiles, split ties"
santiago_2017,B_common,comuna,hrs_d_pm10_it1,86.2156627585449,29.0736882511748,3930887,0.2,0.2,20 km,"Quintiles, split ties"
santiago_2017,B_common,comuna,hrs_d_pm10_it2,180.716075017288,13.7849633987198,3930887,0.2,0.2,20 km,"Quintiles, split ties"
santiago_2017,B_common,comuna,hrs_d_pm25_it1,49.966975104453,45.5744811831745,3930887,0.2,0.2,20 km,"Quintiles, split ties"
santiago_2017,B_common,comuna,hrs_d_pm25_it2,133.86047982779,18.9629547653846,3930887,0.2,0.2,20 km,"Quintiles, split ties"
santiago_2017,B_common,distrito,avg_pm10,1.77814098790081,2.71990867860117,3930887,0.2,0.2,20 km,"Quintiles, split ties"
santiago_2017,B_common,distrito,avg_pm25,0.570160644570823,2.46201624251234,3930887,0.2,0.2,20 km,"Quintiles, split ties"
santiago_2017,B_common,distrito,hrs_d_pm10_it1,74.2565776809281,23.7651930785086,3930887,0.2,0.2,20 km,"Quintiles, split ties"
santiago_2017,B_common,distrito,hrs_d_pm10_it2,149.66246072792,11.0750486447797,3930887,0.2,0.2,20 km,"Quintiles, split ties"
santiago_2017,B_common,distrito,hrs_d_pm25_it1,46.9144608927722,41.0482188779518,3930887,0.2,0.2,20 km,"Quintiles, split ties"
santiago_2017,B_common,distrito,hrs_d_pm25_it2,107.693187219885,14.6250128280427,3930887,0.2,0.2,20 km,"Quintiles, split ties"
santiago_2017,B_common,fine,avg_pm10,1.75119049833837,2.67722831795234,3930887,0.2,0.2,20 km,"Quintiles, split ties"
santiago_2017,B_common,fine,avg_pm25,0.571958602920962,2.46825844121592,3930887,0.2,0.2,20 km,"Quintiles, split ties"
santiago_2017,B_common,fine,hrs_d_pm10_it1,73.8867341125633,23.5930255315988,3930887,0.2,0.2,20 km,"Quintiles, split ties"
santiago_2017,B_common,fine,hrs_d_pm10_it2,147.274459402565,10.8780344870413,3930887,0.2,0.2,20 km,"Quintiles, split ties"
santiago_2017,B_common,fine,hrs_d_pm25_it1,47.3171569673278,41.3551062562495,3930887,0.2,0.2,20 km,"Quintiles, split ties"
santiago_2017,B_common,fine,hrs_d_pm25_it2,108.096105628182,14.6457179204331,3930887,0.2,0.2,20 km,"Quintiles, split ties"
santiago_2017,B_native,comuna,avg_pm10,2.16843981465945,3.34356972873426,3930887,0.2,0.2,20 km,"Quintiles, split ties"
santiago_2017,B_native,comuna,avg_pm25,0.74034445490728,3.22016180604054,3930887,0.2,0.2,20 km,"Quintiles, split ties"
santiago_2017,B_native,comuna,hrs_d_pm10_it1,86.2156627585449,29.0736882511748,3930887,0.2,0.2,20 km,"Quintiles, split ties"
santiago_2017,B_native,comuna,hrs_d_pm10_it2,180.716075017288,13.7849633987198,3930887,0.2,0.2,20 km,"Quintiles, split ties"
santiago_2017,B_native,comuna,hrs_d_pm25_it1,49.966975104453,45.5744811831745,3930887,0.2,0.2,20 km,"Quintiles, split ties"
santiago_2017,B_native,comuna,hrs_d_pm25_it2,133.86047982779,18.9629547653846,3930887,0.2,0.2,20 km,"Quintiles, split ties"
santiago_2017,B_native,distrito,avg_pm10,1.77814098790081,2.71990867860117,3930887,0.2,0.2,20 km,"Quintiles, split ties"
santiago_2017,B_native,distrito,avg_pm25,0.570160644570823,2.46201624251234,3930887,0.2,0.2,20 km,"Quintiles, split ties"
santiago_2017,B_native,distrito,hrs_d_pm10_it1,74.2565776809281,23.7651930785086,3930887,0.2,0.2,20 km,"Quintiles, split ties"
santiago_2017,B_native,distrito,hrs_d_pm10_it2,149.66246072792,11.0750486447797,3930887,0.2,0.2,20 km,"Quintiles, split ties"
santiago_2017,B_native,distrito,hrs_d_pm25_it1,46.9144608927722,41.0482188779518,3930887,0.2,0.2,20 km,"Quintiles, split ties"
santiago_2017,B_native,distrito,hrs_d_pm25_it2,107.693187219885,14.6250128280427,3930887,0.2,0.2,20 km,"Quintiles, split ties"
santiago_2017,B_native,fine,avg_pm10,1.75119049833837,2.67722831795234,3930887,0.2,0.2,20 km,"Quintiles, split ties"
santiago_2017,B_native,fine,avg_pm25,0.571958602920962,2.46825844121592,3930887,0.2,0.2,20 km,"Quintiles, split ties"
santiago_2017,B_native,fine,hrs_d_pm10_it1,73.8867341125633,23.5930255315988,3930887,0.2,0.2,20 km,"Quintiles, split ties"
santiago_2017,B_native,fine,hrs_d_pm10_it2,147.274459402565,10.8780344870413,3930887,0.2,0.2,20 km,"Quintiles, split ties"
santiago_2017,B_native,fine,hrs_d_pm25_it1,47.3171569673278,41.3551062562495,3930887,0.2,0.2,20 km,"Quintiles, split ties"
santiago_2017,B_native,fine,hrs_d_pm25_it2,108.096105628182,14.6457179204331,3930887,0.2,0.2,20 km,"Quintiles, split ties"
santiago_2017,C,comuna,avg_pm10,3.52787237355965,5.47406292938537,3930887,0.195993423367296,0.234259850257715,20 km,"Quintiles, split ties"
santiago_2017,C,comuna,avg_pm25,1.40044288941397,6.13621772295729,3930887,0.195993423367296,0.234259850257715,20 km,"Quintiles, split ties"
santiago_2017,C,comuna,hrs_d_pm10_it1,151.54473357422,54.8697976195868,3930887,0.195993423367296,0.234259850257715,20 km,"Quintiles, split ties"
santiago_2017,C,comuna,hrs_d_pm10_it2,299.643690875341,23.5021951484725,3930887,0.195993423367296,0.234259850257715,20 km,"Quintiles, split ties"
santiago_2017,C,comuna,hrs_d_pm25_it1,102.827742651961,109.219918095596,3930887,0.195993423367296,0.234259850257715,20 km,"Quintiles, split ties"
santiago_2017,C,comuna,hrs_d_pm25_it2,243.065480097776,35.7228074612042,3930887,0.195993423367296,0.234259850257715,20 km,"Quintiles, split ties"
santiago_2017,C,distrito,avg_pm10,3.265868465355,5.06518372225719,3930887,0.198026552276878,0.202833864214362,20 km,"Quintiles, split ties"
santiago_2017,C,distrito,avg_pm25,1.07459177320772,4.69628932012804,3930887,0.198026552276878,0.202833864214362,20 km,"Quintiles, split ties"
santiago_2017,C,distrito,hrs_d_pm10_it1,138.556036963074,51.3547622308746,3930887,0.198026552276878,0.202833864214362,20 km,"Quintiles, split ties"
santiago_2017,C,distrito,hrs_d_pm10_it2,274.555380434583,21.5956154578456,3930887,0.198026552276878,0.202833864214362,20 km,"Quintiles, split ties"
santiago_2017,C,distrito,hrs_d_pm25_it1,88.1215938639238,98.1460754129144,3930887,0.198026552276878,0.202833864214362,20 km,"Quintiles, split ties"
santiago_2017,C,distrito,hrs_d_pm25_it2,198.069522476227,29.3006869741558,3930887,0.198026552276878,0.202833864214362,20 km,"Quintiles, split ties"
santiago_2017,C,fine,avg_pm10,3.1688141946174,4.92382056236591,3930887,0.198462586179659,0.201724191003201,20 km,"Quintiles, split ties"
santiago_2017,C,fine,avg_pm25,0.986476168313576,4.3142286079805,3930887,0.198462586179659,0.201724191003201,20 km,"Quintiles, split ties"
santiago_2017,C,fine,hrs_d_pm10_it1,130.025488459228,48.2588773030663,3930887,0.198462586179659,0.201724191003201,20 km,"Quintiles, split ties"
santiago_2017,C,fine,hrs_d_pm10_it2,261.374419566586,20.6316108358753,3930887,0.198462586179659,0.201724191003201,20 km,"Quintiles, split ties"
santiago_2017,C,fine,hrs_d_pm25_it1,80.7372435909403,89.6220844620959,3930887,0.198462586179659,0.201724191003201,20 km,"Quintiles, split ties"
santiago_2017,C,fine,hrs_d_pm25_it2,183.9362682736,27.2048310802628,3930887,0.198462586179659,0.201724191003201,20 km,"Quintiles, split ties"
santiago_2017,baseline_common,comuna,avg_pm10,1.75119049833837,2.67722831795234,3930887,0.2,0.2,20 km,"Quintiles, split ties"
santiago_2017,baseline_common,comuna,avg_pm25,0.571958602920962,2.46825844121592,3930887,0.2,0.2,20 km,"Quintiles, split ties"
santiago_2017,baseline_common,comuna,hrs_d_pm10_it1,73.8867341125633,23.5930255315988,3930887,0.2,0.2,20 km,"Quintiles, split ties"
santiago_2017,baseline_common,comuna,hrs_d_pm10_it2,147.274459402565,10.8780344870413,3930887,0.2,0.2,20 km,"Quintiles, split ties"
santiago_2017,baseline_common,comuna,hrs_d_pm25_it1,47.3171569673278,41.3551062562495,3930887,0.2,0.2,20 km,"Quintiles, split ties"
santiago_2017,baseline_common,comuna,hrs_d_pm25_it2,108.096105628182,14.6457179204331,3930887,0.2,0.2,20 km,"Quintiles, split ties"
santiago_2017,baseline_common,distrito,avg_pm10,1.75119049833837,2.67722831795234,3930887,0.2,0.2,20 km,"Quintiles, split ties"
santiago_2017,baseline_common,distrito,avg_pm25,0.571958602920962,2.46825844121592,3930887,0.2,0.2,20 km,"Quintiles, split ties"
santiago_2017,baseline_common,distrito,hrs_d_pm10_it1,73.8867341125633,23.5930255315988,3930887,0.2,0.2,20 km,"Quintiles, split ties"
santiago_2017,baseline_common,distrito,hrs_d_pm10_it2,147.274459402565,10.8780344870413,3930887,0.2,0.2,20 km,"Quintiles, split ties"
santiago_2017,baseline_common,distrito,hrs_d_pm25_it1,47.3171569673278,41.3551062562495,3930887,0.2,0.2,20 km,"Quintiles, split ties"
santiago_2017,baseline_common,distrito,hrs_d_pm25_it2,108.096105628182,14.6457179204331,3930887,0.2,0.2,20 km,"Quintiles, split ties"
santiago_2017,baseline_common,fine,avg_pm10,1.75119049833837,2.67722831795234,3930887,0.2,0.2,20 km,"Quintiles, split ties"
santiago_2017,baseline_common,fine,avg_pm25,0.571958602920962,2.46825844121592,3930887,0.2,0.2,20 km,"Quintiles, split ties"
santiago_2017,baseline_common,fine,hrs_d_pm10_it1,73.8867341125633,23.5930255315988,3930887,0.2,0.2,20 km,"Quintiles, split ties"
santiago_2017,baseline_common,fine,hrs_d_pm10_it2,147.274459402565,10.8780344870413,3930887,0.2,0.2,20 km,"Quintiles, split ties"
santiago_2017,baseline_common,fine,hrs_d_pm25_it1,47.3171569673278,41.3551062562495,3930887,0.2,0.2,20 km,"Quintiles, split ties"
santiago_2017,baseline_common,fine,hrs_d_pm25_it2,108.096105628182,14.6457179204331,3930887,0.2,0.2,20 km,"Quintiles, split ties"
sao_paulo_2010,A,fine,avg_pm10,0.546509094901161,2.05660702869808,9864606.72850904,0.19910550167181,0.201057915652072,20 km,"Quintiles, split ties"
sao_paulo_2010,A,fine,avg_pm25,-0.0717185626515722,-0.474551545887514,9852094.74240696,0.199000449508211,0.201141636826414,20 km,"Quintiles, split ties"
sao_paulo_2010,A,fine,hrs_d_pm10_it1,1.5929416163901,94.4129485766802,9864606.72850904,0.19910550167181,0.201057915652072,20 km,"Quintiles, split ties"
sao_paulo_2010,A,fine,hrs_d_pm10_it2,18.0403406674458,54.5367328543358,9864606.72850904,0.19910550167181,0.201057915652072,20 km,"Quintiles, split ties"
sao_paulo_2010,A,fine,hrs_d_pm25_it1,2.35551704529401,23.7614335347098,9852094.74240696,0.199000449508211,0.201141636826414,20 km,"Quintiles, split ties"
sao_paulo_2010,A,fine,hrs_d_pm25_it2,19.1830213826462,18.4161512105096,9852094.74240696,0.199000449508211,0.201141636826414,20 km,"Quintiles, split ties"
sao_paulo_2010,A,municipio,avg_pm10,0.124964706655796,0.465320319936557,9864606.72850904,0.19910550167181,0.201057915652072,20 km,"Quintiles, split ties"
sao_paulo_2010,A,municipio,avg_pm25,0.00437610786882559,0.0290624642325321,9852094.74240696,0.199000449508211,0.201141636826414,20 km,"Quintiles, split ties"
sao_paulo_2010,A,municipio,hrs_d_pm10_it1,0.438424335676643,17.723903561625,9864606.72850904,0.19910550167181,0.201057915652072,20 km,"Quintiles, split ties"
sao_paulo_2010,A,municipio,hrs_d_pm10_it2,5.34288936543138,12.8036713571567,9864606.72850904,0.19910550167181,0.201057915652072,20 km,"Quintiles, split ties"
sao_paulo_2010,A,municipio,hrs_d_pm25_it1,0.848742657474894,7.76731584417572,9852094.74240696,0.199000449508211,0.201141636826414,20 km,"Quintiles, split ties"
sao_paulo_2010,A,municipio,hrs_d_pm25_it2,8.0346874672792,7.21736038308056,9852094.74240696,0.199000449508211,0.201141636826414,20 km,"Quintiles, split ties"
sao_paulo_2010,A_common,fine,avg_pm10,0.546509094901161,2.05660702869808,9864606.72850904,0.19910550167181,0.201057915652072,20 km,"Quintiles, split ties"
sao_paulo_2010,A_common,fine,avg_pm25,-0.0717185626515722,-0.474551545887514,9852094.74240696,0.199000449508211,0.201141636826414,20 km,"Quintiles, split ties"
sao_paulo_2010,A_common,fine,hrs_d_pm10_it1,1.5929416163901,94.4129485766802,9864606.72850904,0.19910550167181,0.201057915652072,20 km,"Quintiles, split ties"
sao_paulo_2010,A_common,fine,hrs_d_pm10_it2,18.0403406674458,54.5367328543358,9864606.72850904,0.19910550167181,0.201057915652072,20 km,"Quintiles, split ties"
sao_paulo_2010,A_common,fine,hrs_d_pm25_it1,2.35551704529401,23.7614335347098,9852094.74240696,0.199000449508211,0.201141636826414,20 km,"Quintiles, split ties"
sao_paulo_2010,A_common,fine,hrs_d_pm25_it2,19.1830213826462,18.4161512105096,9852094.74240696,0.199000449508211,0.201141636826414,20 km,"Quintiles, split ties"
sao_paulo_2010,A_common,municipio,avg_pm10,0.125810135643263,0.468548312347727,9739700.75459104,0.198872593683688,0.201426449818069,20 km,"Quintiles, split ties"
sao_paulo_2010,A_common,municipio,avg_pm25,0.00562866272853846,0.0374171002213153,9727188.76848896,0.198765892967285,0.201511720090464,20 km,"Quintiles, split ties"
sao_paulo_2010,A_common,municipio,hrs_d_pm10_it1,0.401984372102449,16.5436021564083,9739700.75459104,0.198872593683688,0.201426449818069,20 km,"Quintiles, split ties"
sao_paulo_2010,A_common,municipio,hrs_d_pm10_it2,5.1644804820283,12.4565363279566,9739700.75459104,0.198872593683688,0.201426449818069,20 km,"Quintiles, split ties"
sao_paulo_2010,A_common,municipio,hrs_d_pm25_it1,0.764348225039575,7.11439217474719,9727188.76848896,0.198765892967285,0.201511720090464,20 km,"Quintiles, split ties"
sao_paulo_2010,A_common,municipio,hrs_d_pm25_it2,7.78768846605736,7.09451979268285,9727188.76848896,0.198765892967285,0.201511720090464,20 km,"Quintiles, split ties"
sao_paulo_2010,B_common,fine,avg_pm10,0.546509094901158,2.05660702869805,9864606.72850904,0.19910550167181,0.201057915652072,20 km,"Quintiles, split ties"
sao_paulo_2010,B_common,fine,avg_pm25,-0.0717185626515722,-0.474551545887514,9852094.74240696,0.199000449508211,0.201141636826414,20 km,"Quintiles, split ties"
sao_paulo_2010,B_common,fine,hrs_d_pm10_it1,1.5929416163901,94.4129485766802,9864606.72850904,0.19910550167181,0.201057915652072,20 km,"Quintiles, split ties"
sao_paulo_2010,B_common,fine,hrs_d_pm10_it2,18.0403406674458,54.5367328543358,9864606.72850904,0.19910550167181,0.201057915652072,20 km,"Quintiles, split ties"
sao_paulo_2010,B_common,fine,hrs_d_pm25_it1,2.35551704529401,23.7614335347098,9852094.74240696,0.199000449508211,0.201141636826414,20 km,"Quintiles, split ties"
sao_paulo_2010,B_common,fine,hrs_d_pm25_it2,19.1830213826462,18.4161512105096,9852094.74240696,0.199000449508211,0.201141636826414,20 km,"Quintiles, split ties"
sao_paulo_2010,B_common,municipio,avg_pm10,0.0150136584022782,0.0547144647248476,9739700.75459104,0.198872593683688,0.201426449818069,20 km,"Quintiles, split ties"
sao_paulo_2010,B_common,municipio,avg_pm25,-0.0188063861343508,-0.122542813947091,9727188.76848896,0.198765892967285,0.201511720090464,20 km,"Quintiles, split ties"
sao_paulo_2010,B_common,municipio,hrs_d_pm10_it1,0.490354431563096,22.193640089451,9739700.75459104,0.198872593683688,0.201426449818069,20 km,"Quintiles, split ties"
sao_paulo_2010,B_common,municipio,hrs_d_pm10_it2,8.25261090582542,22.1099374912861,9739700.75459104,0.198872593683688,0.201426449818069,20 km,"Quintiles, split ties"
sao_paulo_2010,B_common,municipio,hrs_d_pm25_it1,1.03223087751319,9.42342392543112,9727188.76848896,0.198765892967285,0.201511720090464,20 km,"Quintiles, split ties"
sao_paulo_2010,B_common,municipio,hrs_d_pm25_it2,9.96757745287273,8.30311739142484,9727188.76848896,0.198765892967285,0.201511720090464,20 km,"Quintiles, split ties"
sao_paulo_2010,B_native,fine,avg_pm10,0.546509094901158,2.05660702869805,9864606.72850904,0.19910550167181,0.201057915652072,20 km,"Quintiles, split ties"
sao_paulo_2010,B_native,fine,avg_pm25,-0.0717185626515722,-0.474551545887514,9852094.74240696,0.199000449508211,0.201141636826414,20 km,"Quintiles, split ties"
sao_paulo_2010,B_native,fine,hrs_d_pm10_it1,1.5929416163901,94.4129485766802,9864606.72850904,0.19910550167181,0.201057915652072,20 km,"Quintiles, split ties"
sao_paulo_2010,B_native,fine,hrs_d_pm10_it2,18.0403406674458,54.5367328543358,9864606.72850904,0.19910550167181,0.201057915652072,20 km,"Quintiles, split ties"
sao_paulo_2010,B_native,fine,hrs_d_pm25_it1,2.35551704529401,23.7614335347098,9852094.74240696,0.199000449508211,0.201141636826414,20 km,"Quintiles, split ties"
sao_paulo_2010,B_native,fine,hrs_d_pm25_it2,19.1830213826462,18.4161512105096,9852094.74240696,0.199000449508211,0.201141636826414,20 km,"Quintiles, split ties"
sao_paulo_2010,B_native,municipio,avg_pm10,0.013959818875815,0.0508749005407205,9747674.35461035,0.198907120854289,0.201327911706636,20 km,"Quintiles, split ties"
sao_paulo_2010,B_native,municipio,avg_pm25,-0.0190109485523529,-0.123876640530729,9735162.36850827,0.198800551906856,0.201412985493502,20 km,"Quintiles, split ties"
sao_paulo_2010,B_native,municipio,hrs_d_pm10_it1,0.492379456698301,22.2727234611883,9747674.35461035,0.198907120854289,0.201327911706636,20 km,"Quintiles, split ties"
sao_paulo_2010,B_native,municipio,hrs_d_pm10_it2,8.26143793446015,22.128579153327,9747674.35461035,0.198907120854289,0.201327911706636,20 km,"Quintiles, split ties"
sao_paulo_2010,B_native,municipio,hrs_d_pm25_it1,1.03455626504694,9.44322053750077,9735162.36850827,0.198800551906856,0.201412985493502,20 km,"Quintiles, split ties"
sao_paulo_2010,B_native,municipio,hrs_d_pm25_it2,9.97889466547942,8.311816343285,9735162.36850827,0.198800551906856,0.201412985493502,20 km,"Quintiles, split ties"
sao_paulo_2010,C,fine,avg_pm10,1.20830197405132,4.61080421742679,9864606.72850903,0.191902417751006,0.205382407919753,20 km,"Quintiles, split ties"
sao_paulo_2010,C,fine,avg_pm25,-0.200472362966513,-1.32379883214374,9852094.74240695,0.192146130428019,0.205643239945905,20 km,"Quintiles, split ties"
sao_paulo_2010,C,fine,hrs_d_pm10_it1,3.75320462047227,454.558292980841,9864606.72850903,0.191902417751006,0.205382407919753,20 km,"Quintiles, split ties"
sao_paulo_2010,C,fine,hrs_d_pm10_it2,42.5460082136395,189.003064591344,9864606.72850903,0.191902417751006,0.205382407919753,20 km,"Quintiles, split ties"
sao_paulo_2010,C,fine,hrs_d_pm25_it1,5.69479654616301,64.8284862368389,9852094.74240695,0.192146130428019,0.205643239945905,20 km,"Quintiles, split ties"
sao_paulo_2010,C,fine,hrs_d_pm25_it2,46.9273010971568,49.5733676074362,9852094.74240695,0.192146130428019,0.205643239945905,20 km,"Quintiles, split ties"
sao_paulo_2010,C,municipio,avg_pm10,0.957712355588619,3.58214531543954,9864606.72850903,0.157712268925629,0.69265281489784,20 km,"Quintiles, split ties"
sao_paulo_2010,C,municipio,avg_pm25,-0.0490892912610672,-0.327124146548752,9852094.74240695,0.156642578401867,0.693532471724145,20 km,"Quintiles, split ties"
sao_paulo_2010,C,municipio,hrs_d_pm10_it1,2.93560818797106,134.686603338551,9864606.72850903,0.157712268925629,0.69265281489784,20 km,"Quintiles, split ties"
sao_paulo_2010,C,municipio,hrs_d_pm10_it2,31.7577831886245,84.9430561468268,9864606.72850903,0.157712268925629,0.69265281489784,20 km,"Quintiles, split ties"
sao_paulo_2010,C,municipio,hrs_d_pm25_it1,5.19726278229173,50.6926725732126,9852094.74240695,0.156642578401867,0.693532471724145,20 km,"Quintiles, split ties"
sao_paulo_2010,C,municipio,hrs_d_pm25_it2,44.8550398184803,43.4653226334739,9852094.74240695,0.156642578401867,0.693532471724145,20 km,"Quintiles, split ties"
sao_paulo_2010,baseline_common,fine,avg_pm10,0.546509094901161,2.05660702869808,9864606.72850904,0.19910550167181,0.201057915652072,20 km,"Quintiles, split ties"
sao_paulo_2010,baseline_common,fine,avg_pm25,-0.0717185626515722,-0.474551545887514,9852094.74240696,0.199000449508211,0.201141636826414,20 km,"Quintiles, split ties"
sao_paulo_2010,baseline_common,fine,hrs_d_pm10_it1,1.5929416163901,94.4129485766802,9864606.72850904,0.19910550167181,0.201057915652072,20 km,"Quintiles, split ties"
sao_paulo_2010,baseline_common,fine,hrs_d_pm10_it2,18.0403406674458,54.5367328543358,9864606.72850904,0.19910550167181,0.201057915652072,20 km,"Quintiles, split ties"
sao_paulo_2010,baseline_common,fine,hrs_d_pm25_it1,2.35551704529401,23.7614335347098,9852094.74240696,0.199000449508211,0.201141636826414,20 km,"Quintiles, split ties"
sao_paulo_2010,baseline_common,fine,hrs_d_pm25_it2,19.1830213826462,18.4161512105096,9852094.74240696,0.199000449508211,0.201141636826414,20 km,"Quintiles, split ties"
sao_paulo_2010,baseline_common,municipio,avg_pm10,0.552158596736529,2.07843890980355,9739700.75459104,0.198872593683688,0.201426449818069,20 km,"Quintiles, split ties"
sao_paulo_2010,baseline_common,municipio,avg_pm25,-0.0737359491206462,-0.488274459240778,9727188.76848896,0.198765892967285,0.201511720090464,20 km,"Quintiles, split ties"
sao_paulo_2010,baseline_common,municipio,hrs_d_pm10_it1,1.56622633910195,95.6385521171031,9739700.75459104,0.198872593683688,0.201426449818069,20 km,"Quintiles, split ties"
sao_paulo_2010,baseline_common,municipio,hrs_d_pm10_it2,17.9750482950316,54.8933302410799,9739700.75459104,0.198872593683688,0.201426449818069,20 km,"Quintiles, split ties"
sao_paulo_2010,baseline_common,municipio,hrs_d_pm25_it1,2.21638605351705,22.6756369864636,9727188.76848896,0.198765892967285,0.201511720090464,20 km,"Quintiles, split ties"
sao_paulo_2010,baseline_common,municipio,hrs_d_pm25_it2,18.659258063797,18.1390162869465,9727188.76848896,0.198765892967285,0.201511720090464,20 km,"Quintiles, split ties"
bogota_2018,A,fine,avg_pm10,3.11984086989902,10.6689207527046,5550678,0.0227053343753682,0.081439600711841,20 km,Six levels: none - graduate
bogota_2018,A,fine,avg_pm25,0.935732039978719,6.48119116597077,5550678,0.0227053343753682,0.081439600711841,20 km,Six levels: none - graduate
bogota_2018,A,fine,hrs_d_pm10_it1,0.419585422037749,341.47971356952,5550678,0.0227053343753682,0.081439600711841,20 km,Six levels: none - graduate
bogota_2018,A,fine,hrs_d_pm10_it2,18.6739393285029,283.653432259492,5550678,0.0227053343753682,0.081439600711841,20 km,Six levels: none - graduate
bogota_2018,A,fine,hrs_d_pm25_it1,0.100665779009883,104.024373236993,5550678,0.0227053343753682,0.081439600711841,20 km,Six levels: none - graduate
bogota_2018,A,fine,hrs_d_pm25_it2,12.0688823973435,193.348501949978,5550678,0.0227053343753682,0.081439600711841,20 km,Six levels: none - graduate
bogota_2018,A,localidad,avg_pm10,2.69841689356894,9.10703526358834,5550678,0.0227053343753682,0.081439600711841,20 km,Six levels: none - graduate
bogota_2018,A,localidad,avg_pm25,0.793840511244543,5.44803784873476,5550678,0.0227053343753682,0.081439600711841,20 km,Six levels: none - graduate
bogota_2018,A,localidad,hrs_d_pm10_it1,0.456167088548084,379.65142710011,5550678,0.0227053343753682,0.081439600711841,20 km,Six levels: none - graduate
bogota_2018,A,localidad,hrs_d_pm10_it2,17.4222797902447,232.901299421217,5550678,0.0227053343753682,0.081439600711841,20 km,Six levels: none - graduate
bogota_2018,A,localidad,hrs_d_pm25_it1,0.086814315941144,72.9901394259932,5550678,0.0227053343753682,0.081439600711841,20 km,Six levels: none - graduate
bogota_2018,A,localidad,hrs_d_pm25_it2,10.8283294134407,153.741478212114,5550678,0.0227053343753682,0.081439600711841,20 km,Six levels: none - graduate
bogota_2018,A,municipio,avg_pm10,0.194911179016103,0.610407803761581,5550678,0.0227053343753682,0.081439600711841,20 km,Six levels: none - graduate
bogota_2018,A,municipio,avg_pm25,-0.0435521634187595,-0.283525121912176,5550678,0.0227053343753682,0.081439600711841,20 km,Six levels: none - graduate
bogota_2018,A,municipio,hrs_d_pm10_it1,0.423893341698729,297.160303774542,5550678,0.0227053343753682,0.081439600711841,20 km,Six levels: none - graduate
bogota_2018,A,municipio,hrs_d_pm10_it2,7.69150233418269,49.6185407415265,5550678,0.0227053343753682,0.081439600711841,20 km,Six levels: none - graduate
bogota_2018,A,municipio,hrs_d_pm25_it1,0.040750092106657,27.0484352886826,5550678,0.0227053343753682,0.081439600711841,20 km,Six levels: none - graduate
bogota_2018,A,municipio,hrs_d_pm25_it2,2.51650215122267,18.1512905125191,5550678,0.0227053343753682,0.081439600711841,20 km,Six levels: none - graduate
bogota_2018,A,seccion,avg_pm10,3.11599386329974,10.6544720383347,5550678,0.0227053343753682,0.081439600711841,20 km,Six levels: none - graduate
bogota_2018,A,seccion,avg_pm25,0.934844495468338,6.47465028559551,5550678,0.0227053343753682,0.081439600711841,20 km,Six levels: none - graduate
bogota_2018,A,seccion,hrs_d_pm10_it1,0.408211018572939,313.933035728667,5550678,0.0227053343753682,0.081439600711841,20 km,Six levels: none - graduate
bogota_2018,A,seccion,hrs_d_pm10_it2,18.5836500195564,279.255317066052,5550678,0.0227053343753682,0.081439600711841,20 km,Six levels: none - graduate
bogota_2018,A,seccion,hrs_d_pm25_it1,0.0955775354459997,95.9650539270294,5550678,0.0227053343753682,0.081439600711841,20 km,Six levels: none - graduate
bogota_2018,A,seccion,hrs_d_pm25_it2,11.9760137503758,189.890148963068,5550678,0.0227053343753682,0.081439600711841,20 km,Six levels: none - graduate
bogota_2018,A,sector,avg_pm10,3.10267837704953,10.605327648422,5550678,0.0227053343753682,0.081439600711841,20 km,Six levels: none - graduate
bogota_2018,A,sector,avg_pm25,0.929563483623628,6.43634593024076,5550678,0.0227053343753682,0.081439600711841,20 km,Six levels: none - graduate
bogota_2018,A,sector,hrs_d_pm10_it1,0.38845110902954,266.815072780819,5550678,0.0227053343753682,0.081439600711841,20 km,Six levels: none - graduate
bogota_2018,A,sector,hrs_d_pm10_it2,18.3724813351,271.708028431222,5550678,0.0227053343753682,0.081439600711841,20 km,Six levels: none - graduate
bogota_2018,A,sector,hrs_d_pm25_it1,0.0907444267518471,87.9122640283639,5550678,0.0227053343753682,0.081439600711841,20 km,Six levels: none - graduate
bogota_2018,A,sector,hrs_d_pm25_it2,11.8429396426156,185.729388937266,5550678,0.0227053343753682,0.081439600711841,20 km,Six levels: none - graduate
bogota_2018,A_common,fine,avg_pm10,3.11984086989902,10.6689207527046,5550678,0.0227053343753682,0.081439600711841,20 km,Six levels: none - graduate
bogota_2018,A_common,fine,avg_pm25,0.935732039978719,6.48119116597077,5550678,0.0227053343753682,0.081439600711841,20 km,Six levels: none - graduate
bogota_2018,A_common,fine,hrs_d_pm10_it1,0.419585422037749,341.47971356952,5550678,0.0227053343753682,0.081439600711841,20 km,Six levels: none - graduate
bogota_2018,A_common,fine,hrs_d_pm10_it2,18.6739393285029,283.653432259492,5550678,0.0227053343753682,0.081439600711841,20 km,Six levels: none - graduate
bogota_2018,A_common,fine,hrs_d_pm25_it1,0.100665779009883,104.024373236993,5550678,0.0227053343753682,0.081439600711841,20 km,Six levels: none - graduate
bogota_2018,A_common,fine,hrs_d_pm25_it2,12.0688823973435,193.348501949978,5550678,0.0227053343753682,0.081439600711841,20 km,Six levels: none - graduate
bogota_2018,A_common,localidad,avg_pm10,2.70112270852676,9.11607320836227,5550423,0.0227029543514071,0.0814419009145789,20 km,Six levels: none - graduate
bogota_2018,A_common,localidad,avg_pm25,0.795100008316311,5.45662487347427,5550423,0.0227029543514071,0.0814419009145789,20 km,Six levels: none - graduate
bogota_2018,A_common,localidad,hrs_d_pm10_it1,0.45625186010231,379.71525933548,5550423,0.0227029543514071,0.0814419009145789,20 km,Six levels: none - graduate
bogota_2018,A_common,localidad,hrs_d_pm10_it2,17.4257691789102,232.944374155822,5550423,0.0227029543514071,0.0814419009145789,20 km,Six levels: none - graduate
bogota_2018,A_common,localidad,hrs_d_pm25_it1,0.0868432346883314,73.0131610343376,5550423,0.0227029543514071,0.0814419009145789,20 km,Six levels: none - graduate
bogota_2018,A_common,localidad,hrs_d_pm25_it2,10.8307663611646,153.77374314411,5550423,0.0227029543514071,0.0814419009145789,20 km,Six levels: none - graduate
bogota_2018,A_common,municipio,avg_pm10,3.39269478569966,12.2263585853035,1076650,0.0244099753866159,0.0411387173176055,20 km,Six levels: none - graduate
bogota_2018,A_common,municipio,avg_pm25,1.12194189195613,8.56665945987158,1076650,0.0244099753866159,0.0411387173176055,20 km,Six levels: none - graduate
bogota_2018,A_common,municipio,hrs_d_pm10_it1,1.53196331296334,154.001367706612,1076650,0.0244099753866159,0.0411387173176055,20 km,Six levels: none - graduate
bogota_2018,A_common,municipio,hrs_d_pm10_it2,33.0067090427099,149.356891781474,1076650,0.0244099753866159,0.0411387173176055,20 km,Six levels: none - graduate
bogota_2018,A_common,municipio,hrs_d_pm25_it1,-0.387225039708477,-33.9070681005161,1076650,0.0244099753866159,0.0411387173176055,20 km,Six levels: none - graduate
bogota_2018,A_common,municipio,hrs_d_pm25_it2,9.41050355543928,51.1844262689189,1076650,0.0244099753866159,0.0411387173176055,20 km,Six levels: none - graduate
bogota_2018,A_common,seccion,avg_pm10,3.11599386329974,10.6544720383347,5550678,0.0227053343753682,0.081439600711841,20 km,Six levels: none - graduate
bogota_2018,A_common,seccion,avg_pm25,0.934844495468338,6.47465028559551,5550678,0.0227053343753682,0.081439600711841,20 km,Six levels: none - graduate
bogota_2018,A_common,seccion,hrs_d_pm10_it1,0.408211018572939,313.933035728667,5550678,0.0227053343753682,0.081439600711841,20 km,Six levels: none - graduate
bogota_2018,A_common,seccion,hrs_d_pm10_it2,18.5836500195564,279.255317066052,5550678,0.0227053343753682,0.081439600711841,20 km,Six levels: none - graduate
bogota_2018,A_common,seccion,hrs_d_pm25_it1,0.0955775354459997,95.9650539270294,5550678,0.0227053343753682,0.081439600711841,20 km,Six levels: none - graduate
bogota_2018,A_common,seccion,hrs_d_pm25_it2,11.9760137503758,189.890148963068,5550678,0.0227053343753682,0.081439600711841,20 km,Six levels: none - graduate
bogota_2018,A_common,sector,avg_pm10,3.10267837704953,10.605327648422,5550678,0.0227053343753682,0.081439600711841,20 km,Six levels: none - graduate
bogota_2018,A_common,sector,avg_pm25,0.929563483623628,6.43634593024076,5550678,0.0227053343753682,0.081439600711841,20 km,Six levels: none - graduate
bogota_2018,A_common,sector,hrs_d_pm10_it1,0.38845110902954,266.815072780819,5550678,0.0227053343753682,0.081439600711841,20 km,Six levels: none - graduate
bogota_2018,A_common,sector,hrs_d_pm10_it2,18.3724813351,271.708028431222,5550678,0.0227053343753682,0.081439600711841,20 km,Six levels: none - graduate
bogota_2018,A_common,sector,hrs_d_pm25_it1,0.0907444267518471,87.9122640283639,5550678,0.0227053343753682,0.081439600711841,20 km,Six levels: none - graduate
bogota_2018,A_common,sector,hrs_d_pm25_it2,11.8429396426156,185.729388937266,5550678,0.0227053343753682,0.081439600711841,20 km,Six levels: none - graduate
bogota_2018,B_common,fine,avg_pm10,3.11984086989903,10.6689207527046,5550678,0.0227053343753682,0.081439600711841,20 km,Six levels: none - graduate
bogota_2018,B_common,fine,avg_pm25,0.935732039978721,6.48119116597079,5550678,0.0227053343753682,0.081439600711841,20 km,Six levels: none - graduate
bogota_2018,B_common,fine,hrs_d_pm10_it1,0.419585422037749,341.47971356952,5550678,0.0227053343753682,0.081439600711841,20 km,Six levels: none - graduate
bogota_2018,B_common,fine,hrs_d_pm10_it2,18.6739393285029,283.653432259492,5550678,0.0227053343753682,0.081439600711841,20 km,Six levels: none - graduate
bogota_2018,B_common,fine,hrs_d_pm25_it1,0.100665779009883,104.024373236993,5550678,0.0227053343753682,0.081439600711841,20 km,Six levels: none - graduate
bogota_2018,B_common,fine,hrs_d_pm25_it2,12.0688823973435,193.348501949978,5550678,0.0227053343753682,0.081439600711841,20 km,Six levels: none - graduate
bogota_2018,B_common,localidad,avg_pm10,2.78062049534356,9.44370979187301,5550423,0.0227029543514071,0.0814419009145789,20 km,Six levels: none - graduate
bogota_2018,B_common,localidad,avg_pm25,0.819298115485381,5.69551918470672,5550423,0.0227029543514071,0.0814419009145789,20 km,Six levels: none - graduate
bogota_2018,B_common,localidad,hrs_d_pm10_it1,0.0302672324968985,449.766895996071,5550423,0.0227029543514071,0.0814419009145789,20 km,Six levels: none - graduate
bogota_2018,B_common,localidad,hrs_d_pm10_it2,16.485341012206,308.684913101803,5550423,0.0227029543514071,0.0814419009145789,20 km,Six levels: none - graduate
bogota_2018,B_common,localidad,hrs_d_pm25_it1,0.153761526002205,525.604196381265,5550423,0.0227029543514071,0.0814419009145789,20 km,Six levels: none - graduate
bogota_2018,B_common,localidad,hrs_d_pm25_it2,10.291846802959,217.361946474478,5550423,0.0227029543514071,0.0814419009145789,20 km,Six levels: none - graduate
bogota_2018,B_common,municipio,avg_pm10,3.08478690158226,10.9667504472721,1076650,0.0244099753866159,0.0411387173176055,20 km,Six levels: none - graduate
bogota_2018,B_common,municipio,avg_pm25,0.935834656727586,7.02678941023869,1076650,0.0244099753866159,0.0411387173176055,20 km,Six levels: none - graduate
bogota_2018,B_common,municipio,hrs_d_pm10_it1,0.108709935884467,158.28338199194,1076650,0.0244099753866159,0.0411387173176055,20 km,Six levels: none - graduate
bogota_2018,B_common,municipio,hrs_d_pm10_it2,25.7197377831081,170.713335864324,1076650,0.0244099753866159,0.0411387173176055,20 km,Six levels: none - graduate
bogota_2018,B_common,municipio,hrs_d_pm25_it1,-0.0081618826667017,-4.83167745353584,1076650,0.0244099753866159,0.0411387173176055,20 km,Six levels: none - graduate
bogota_2018,B_common,municipio,hrs_d_pm25_it2,8.82925196417892,70.6211326024536,1076650,0.0244099753866159,0.0411387173176055,20 km,Six levels: none - graduate
bogota_2018,B_common,seccion,avg_pm10,3.15222084633931,10.7951969372525,5550678,0.0227053343753682,0.081439600711841,20 km,Six levels: none - graduate
bogota_2018,B_common,seccion,avg_pm25,0.952444485587355,6.60670968375605,5550678,0.0227053343753682,0.081439600711841,20 km,Six levels: none - graduate
bogota_2018,B_common,seccion,hrs_d_pm10_it1,0.480478495134369,288.187006691279,5550678,0.0227053343753682,0.081439600711841,20 km,Six levels: none - graduate
bogota_2018,B_common,seccion,hrs_d_pm10_it2,18.8320731669599,279.978941906158,5550678,0.0227053343753682,0.081439600711841,20 km,Six levels: none - graduate
bogota_2018,B_common,seccion,hrs_d_pm25_it1,0.102125016997724,96.2434659427023,5550678,0.0227053343753682,0.081439600711841,20 km,Six levels: none - graduate
bogota_2018,B_common,seccion,hrs_d_pm25_it2,12.1074487902919,192.675986662134,5550678,0.0227053343753682,0.081439600711841,20 km,Six levels: none - graduate
bogota_2018,B_common,sector,avg_pm10,3.14325588309853,10.7570963008968,5550678,0.0227053343753682,0.081439600711841,20 km,Six levels: none - graduate
bogota_2018,B_common,sector,avg_pm25,0.944871182971134,6.55194214453454,5550678,0.0227053343753682,0.081439600711841,20 km,Six levels: none - graduate
bogota_2018,B_common,sector,hrs_d_pm10_it1,0.656054628350595,230.188933584359,5550678,0.0227053343753682,0.081439600711841,20 km,Six levels: none - graduate
bogota_2018,B_common,sector,hrs_d_pm10_it2,18.9253703710759,266.537363294967,5550678,0.0227053343753682,0.081439600711841,20 km,Six levels: none - graduate
bogota_2018,B_common,sector,hrs_d_pm25_it1,0.122128180225826,102.747823845049,5550678,0.0227053343753682,0.081439600711841,20 km,Six levels: none - graduate
bogota_2018,B_common,sector,hrs_d_pm25_it2,12.4213089583327,199.020407089374,5550678,0.0227053343753682,0.081439600711841,20 km,Six levels: none - graduate
bogota_2018,B_native,fine,avg_pm10,3.11930044763146,10.6670794000093,5550899,0.0227062319094619,0.0814374392328162,20 km,Six levels: none - graduate
bogota_2018,B_native,fine,avg_pm25,0.935537637627201,6.47984646322173,5550899,0.0227062319094619,0.0814374392328162,20 km,Six levels: none - graduate
bogota_2018,B_native,fine,hrs_d_pm10_it1,0.419544014336895,341.450545918565,5550899,0.0227062319094619,0.0814374392328162,20 km,Six levels: none - graduate
bogota_2018,B_native,fine,hrs_d_pm10_it2,18.6720227966782,283.628085071262,5550899,0.0227062319094619,0.0814374392328162,20 km,Six levels: none - graduate
bogota_2018,B_native,fine,hrs_d_pm25_it1,0.100651398800606,104.010893768917,5550899,0.0227062319094619,0.0814374392328162,20 km,Six levels: none - graduate
bogota_2018,B_native,fine,hrs_d_pm25_it2,12.0674991877758,193.328497290211,5550899,0.0227062319094619,0.0814374392328162,20 km,Six levels: none - graduate
bogota_2018,B_native,localidad,avg_pm10,2.78062049534356,9.44370979187301,5550423,0.0227029543514071,0.0814419009145789,20 km,Six levels: none - graduate
bogota_2018,B_native,localidad,avg_pm25,0.819298115485381,5.69551918470672,5550423,0.0227029543514071,0.0814419009145789,20 km,Six levels: none - graduate
bogota_2018,B_native,localidad,hrs_d_pm10_it1,0.0302672324968985,449.766895996071,5550423,0.0227029543514071,0.0814419009145789,20 km,Six levels: none - graduate
bogota_2018,B_native,localidad,hrs_d_pm10_it2,16.485341012206,308.684913101803,5550423,0.0227029543514071,0.0814419009145789,20 km,Six levels: none - graduate
bogota_2018,B_native,localidad,hrs_d_pm25_it1,0.153761526002205,525.604196381265,5550423,0.0227029543514071,0.0814419009145789,20 km,Six levels: none - graduate
bogota_2018,B_native,localidad,hrs_d_pm25_it2,10.291846802959,217.361946474478,5550423,0.0227029543514071,0.0814419009145789,20 km,Six levels: none - graduate
bogota_2018,B_native,municipio,avg_pm10,3.17570907488751,11.2926695367627,1082682,0.0261775849233662,0.0409935696723507,20 km,Six levels: none - graduate
bogota_2018,B_native,municipio,avg_pm25,0.903938864648442,6.78905726958015,1082682,0.0261775849233662,0.0409935696723507,20 km,Six levels: none - graduate
bogota_2018,B_native,municipio,hrs_d_pm10_it1,0.426952897780942,621.089821770291,1082682,0.0261775849233662,0.0409935696723507,20 km,Six levels: none - graduate
bogota_2018,B_native,municipio,hrs_d_pm10_it2,32.6939366626164,216.94385252816,1082682,0.0261775849233662,0.0409935696723507,20 km,Six levels: none - graduate
bogota_2018,B_native,municipio,hrs_d_pm25_it1,0.0207161206309435,12.2707004132279,1082682,0.0261775849233662,0.0409935696723507,20 km,Six levels: none - graduate
bogota_2018,B_native,municipio,hrs_d_pm25_it2,10.4319408118489,83.4569555844482,1082682,0.0261775849233662,0.0409935696723507,20 km,Six levels: none - graduate
bogota_2018,B_native,seccion,avg_pm10,3.15168282852634,10.7933614269342,5550899,0.0227062319094619,0.0814374392328162,20 km,Six levels: none - graduate
bogota_2018,B_native,seccion,avg_pm25,0.95225079608703,6.60536806045726,5550899,0.0227062319094619,0.0814374392328162,20 km,Six levels: none - graduate
bogota_2018,B_native,seccion,hrs_d_pm10_it1,0.480429359022544,288.161359979168,5550899,0.0227062319094619,0.0814374392328162,20 km,Six levels: none - graduate
bogota_2018,B_native,seccion,hrs_d_pm10_it2,18.8301346490346,279.9538374839,5550899,0.0227062319094619,0.0814374392328162,20 km,Six levels: none - graduate
bogota_2018,B_native,seccion,hrs_d_pm25_it1,0.102109903961043,96.2305005430681,5550899,0.0227062319094619,0.0814374392328162,20 km,Six levels: none - graduate
bogota_2018,B_native,seccion,hrs_d_pm25_it2,12.1060597590459,192.656032003858,5550899,0.0227062319094619,0.0814374392328162,20 km,Six levels: none - graduate
bogota_2018,B_native,sector,avg_pm10,3.14271617714864,10.7552535786259,5550899,0.0227062319094619,0.0814374392328162,20 km,Six levels: none - graduate
bogota_2018,B_native,sector,avg_pm25,0.944676476902737,6.55059232678521,5550899,0.0227062319094619,0.0814374392328162,20 km,Six levels: none - graduate
bogota_2018,B_native,sector,hrs_d_pm10_it1,0.655983747472917,230.167118684902,5550899,0.0227062319094619,0.0814374392328162,20 km,Six levels: none - graduate
bogota_2018,B_native,sector,hrs_d_pm10_it2,18.9233997279732,266.513146929988,5550899,0.0227062319094619,0.0814374392328162,20 km,Six levels: none - graduate
bogota_2018,B_native,sector,hrs_d_pm25_it1,0.122110637723105,102.73442871595,5550899,0.0227062319094619,0.0814374392328162,20 km,Six levels: none - graduate
bogota_2018,B_native,sector,hrs_d_pm25_it2,12.4198978409172,199.000015555998,5550899,0.0227062319094619,0.0814374392328162,20 km,Six levels: none - graduate
bogota_2018,C,fine,avg_pm10,5.06920101332613,18.1126215796438,5550678,1.08094903001039e-05,0.0031325902889701,20 km,Six levels: none - graduate
bogota_2018,C,fine,avg_pm25,1.09747201408464,7.71919811074269,5550678,1.08094903001039e-05,0.0031325902889701,20 km,Six levels: none - graduate
bogota_2018,C,fine,hrs_d_pm10_it1,0,,5550678,1.08094903001039e-05,0.0031325902889701,20 km,Six levels: none - graduate
bogota_2018,C,fine,hrs_d_pm10_it2,28.2284909132735,5412.84737538597,5550678,1.08094903001039e-05,0.0031325902889701,20 km,Six levels: none - graduate
bogota_2018,C,fine,hrs_d_pm25_it1,0,,5550678,1.08094903001039e-05,0.0031325902889701,20 km,Six levels: none - graduate
bogota_2018,C,fine,hrs_d_pm25_it2,19.8666436622958,903.019814921315,5550678,1.08094903001039e-05,0.0031325902889701,20 km,Six levels: none - graduate
bogota_2018,C,localidad,avg_pm10,,,5550678,0,0,20 km,Six levels: none - graduate
bogota_2018,C,localidad,avg_pm25,,,5550678,0,0,20 km,Six levels: none - graduate
bogota_2018,C,localidad,hrs_d_pm10_it1,,,5550678,0,0,20 km,Six levels: none - graduate
bogota_2018,C,localidad,hrs_d_pm10_it2,,,5550678,0,0,20 km,Six levels: none - graduate
bogota_2018,C,localidad,hrs_d_pm25_it1,,,5550678,0,0,20 km,Six levels: none - graduate
bogota_2018,C,localidad,hrs_d_pm25_it2,,,5550678,0,0,20 km,Six levels: none - graduate
bogota_2018,C,municipio,avg_pm10,,,5550678,0,0,20 km,Six levels: none - graduate
bogota_2018,C,municipio,avg_pm25,,,5550678,0,0,20 km,Six levels: none - graduate
bogota_2018,C,municipio,hrs_d_pm10_it1,,,5550678,0,0,20 km,Six levels: none - graduate
bogota_2018,C,municipio,hrs_d_pm10_it2,,,5550678,0,0,20 km,Six levels: none - graduate
bogota_2018,C,municipio,hrs_d_pm25_it1,,,5550678,0,0,20 km,Six levels: none - graduate
bogota_2018,C,municipio,hrs_d_pm25_it2,,,5550678,0,0,20 km,Six levels: none - graduate
bogota_2018,C,seccion,avg_pm10,6.77774700267759,24.8351426254821,5550678,1.44126537334718e-06,0.000267534884927571,20 km,Six levels: none - graduate
bogota_2018,C,seccion,avg_pm25,2.24184203699362,16.1498016133316,5550678,1.44126537334718e-06,0.000267534884927571,20 km,Six levels: none - graduate
bogota_2018,C,seccion,hrs_d_pm10_it1,0,,5550678,1.44126537334718e-06,0.000267534884927571,20 km,Six levels: none - graduate
bogota_2018,C,seccion,hrs_d_pm10_it2,5.44175084175084,974.788902291918,5550678,1.44126537334718e-06,0.000267534884927571,20 km,Six levels: none - graduate
bogota_2018,C,seccion,hrs_d_pm25_it1,0,,5550678,1.44126537334718e-06,0.000267534884927571,20 km,Six levels: none - graduate
bogota_2018,C,seccion,hrs_d_pm25_it2,3.35892255892256,523.949579831933,5550678,1.44126537334718e-06,0.000267534884927571,20 km,Six levels: none - graduate
bogota_2018,C,sector,avg_pm10,5.35765152671089,18.6605919507816,5550678,1.44126537334718e-06,0.000149351124313102,20 km,Six levels: none - graduate
bogota_2018,C,sector,avg_pm25,1.51258125155749,10.3524831976264,5550678,1.44126537334718e-06,0.000149351124313102,20 km,Six levels: none - graduate
bogota_2018,C,sector,hrs_d_pm10_it1,0,,5550678,1.44126537334718e-06,0.000149351124313102,20 km,Six levels: none - graduate
bogota_2018,C,sector,hrs_d_pm10_it2,5,500,5550678,1.44126537334718e-06,0.000149351124313102,20 km,Six levels: none - graduate
bogota_2018,C,sector,hrs_d_pm25_it1,0,,5550678,1.44126537334718e-06,0.000149351124313102,20 km,Six levels: none - graduate
bogota_2018,C,sector,hrs_d_pm25_it2,3,300,5550678,1.44126537334718e-06,0.000149351124313102,20 km,Six levels: none - graduate
bogota_2018,baseline_common,fine,avg_pm10,3.11984086989902,10.6689207527046,5550678,0.0227053343753682,0.081439600711841,20 km,Six levels: none - graduate
bogota_2018,baseline_common,fine,avg_pm25,0.935732039978719,6.48119116597077,5550678,0.0227053343753682,0.081439600711841,20 km,Six levels: none - graduate
bogota_2018,baseline_common,fine,hrs_d_pm10_it1,0.419585422037749,341.47971356952,5550678,0.0227053343753682,0.081439600711841,20 km,Six levels: none - graduate
bogota_2018,baseline_common,fine,hrs_d_pm10_it2,18.6739393285029,283.653432259492,5550678,0.0227053343753682,0.081439600711841,20 km,Six levels: none - graduate
bogota_2018,baseline_common,fine,hrs_d_pm25_it1,0.100665779009883,104.024373236993,5550678,0.0227053343753682,0.081439600711841,20 km,Six levels: none - graduate
bogota_2018,baseline_common,fine,hrs_d_pm25_it2,12.0688823973435,193.348501949978,5550678,0.0227053343753682,0.081439600711841,20 km,Six levels: none - graduate
bogota_2018,baseline_common,localidad,avg_pm10,3.12255863154573,10.6781055522842,5550423,0.0227029543514071,0.0814419009145789,20 km,Six levels: none - graduate
bogota_2018,baseline_common,localidad,avg_pm25,0.93699516874079,6.48987294365482,5550423,0.0227029543514071,0.0814419009145789,20 km,Six levels: none - graduate
bogota_2018,baseline_common,localidad,hrs_d_pm10_it1,0.419665039580787,341.538465895471,5550423,0.0227029543514071,0.0814419009145789,20 km,Six levels: none - graduate
bogota_2018,baseline_common,localidad,hrs_d_pm10_it2,18.677498044074,283.703230220109,5550423,0.0227029543514071,0.0814419009145789,20 km,Six levels: none - graduate
bogota_2018,baseline_common,localidad,hrs_d_pm25_it1,0.10069383604792,104.05152489563,5550423,0.0227029543514071,0.0814419009145789,20 km,Six levels: none - graduate
bogota_2018,baseline_common,localidad,hrs_d_pm25_it2,12.0713997742049,193.385957186827,5550423,0.0227029543514071,0.0814419009145789,20 km,Six levels: none - graduate
bogota_2018,baseline_common,municipio,avg_pm10,3.55340366665314,12.8335061026565,1076650,0.0244099753866159,0.0411387173176055,20 km,Six levels: none - graduate
bogota_2018,baseline_common,municipio,avg_pm25,1.16022182168867,8.86761764534914,1076650,0.0244099753866159,0.0411387173176055,20 km,Six levels: none - graduate
bogota_2018,baseline_common,municipio,hrs_d_pm10_it1,1.37932555318217,145.314417490949,1076650,0.0244099753866159,0.0411387173176055,20 km,Six levels: none - graduate
bogota_2018,baseline_common,municipio,hrs_d_pm10_it2,34.4699170865249,154.927106745936,1076650,0.0244099753866159,0.0411387173176055,20 km,Six levels: none - graduate
bogota_2018,baseline_common,municipio,hrs_d_pm25_it1,-0.222951999338936,-24.2039999870589,1076650,0.0244099753866159,0.0411387173176055,20 km,Six levels: none - graduate
bogota_2018,baseline_common,municipio,hrs_d_pm25_it2,10.2190529902024,57.9194919103592,1076650,0.0244099753866159,0.0411387173176055,20 km,Six levels: none - graduate
bogota_2018,baseline_common,seccion,avg_pm10,3.11984086989902,10.6689207527046,5550678,0.0227053343753682,0.081439600711841,20 km,Six levels: none - graduate
bogota_2018,baseline_common,seccion,avg_pm25,0.935732039978719,6.48119116597077,5550678,0.0227053343753682,0.081439600711841,20 km,Six levels: none - graduate
bogota_2018,baseline_common,seccion,hrs_d_pm10_it1,0.419585422037749,341.47971356952,5550678,0.0227053343753682,0.081439600711841,20 km,Six levels: none - graduate
bogota_2018,baseline_common,seccion,hrs_d_pm10_it2,18.6739393285029,283.653432259492,5550678,0.0227053343753682,0.081439600711841,20 km,Six levels: none - graduate
bogota_2018,baseline_common,seccion,hrs_d_pm25_it1,0.100665779009883,104.024373236993,5550678,0.0227053343753682,0.081439600711841,20 km,Six levels: none - graduate
bogota_2018,baseline_common,seccion,hrs_d_pm25_it2,12.0688823973435,193.348501949978,5550678,0.0227053343753682,0.081439600711841,20 km,Six levels: none - graduate
bogota_2018,baseline_common,sector,avg_pm10,3.11984086989902,10.6689207527046,5550678,0.0227053343753682,0.081439600711841,20 km,Six levels: none - graduate
bogota_2018,baseline_common,sector,avg_pm25,0.935732039978719,6.48119116597077,5550678,0.0227053343753682,0.081439600711841,20 km,Six levels: none - graduate
bogota_2018,baseline_common,sector,hrs_d_pm10_it1,0.419585422037749,341.47971356952,5550678,0.0227053343753682,0.081439600711841,20 km,Six levels: none - graduate
bogota_2018,baseline_common,sector,hrs_d_pm10_it2,18.6739393285029,283.653432259492,5550678,0.0227053343753682,0.081439600711841,20 km,Six levels: none - graduate
bogota_2018,baseline_common,sector,hrs_d_pm25_it1,0.100665779009883,104.024373236993,5550678,0.0227053343753682,0.081439600711841,20 km,Six levels: none - graduate
bogota_2018,baseline_common,sector,hrs_d_pm25_it2,12.0688823973435,193.348501949978,5550678,0.0227053343753682,0.081439600711841,20 km,Six levels: none - graduate
santiago_2017,A,comuna,avg_pm10,2.58144647017028,4.00244133330923,3930887,0.0178946889086356,0.0354545933271549,20 km,Six levels: none - graduate
santiago_2017,A,comuna,avg_pm25,0.802481873302888,3.50093173360062,3930887,0.0178946889086356,0.0354545933271549,20 km,Six levels: none - graduate
santiago_2017,A,comuna,hrs_d_pm10_it1,103.481401460451,37.0784420516265,3930887,0.0178946889086356,0.0354545933271549,20 km,Six levels: none - graduate
santiago_2017,A,comuna,hrs_d_pm10_it2,210.848086613714,16.4453683153184,3930887,0.0178946889086356,0.0354545933271549,20 km,Six levels: none - graduate
santiago_2017,A,comuna,hrs_d_pm25_it1,60.2849271520588,61.6651926767358,3930887,0.0178946889086356,0.0354545933271549,20 km,Six levels: none - graduate
santiago_2017,A,comuna,hrs_d_pm25_it2,151.933116828181,22.0438906493636,3930887,0.0178946889086356,0.0354545933271549,20 km,Six levels: none - graduate
santiago_2017,A,distrito,avg_pm10,2.5764668536023,3.99506360614827,3930887,0.0178946889086356,0.0354545933271549,20 km,Six levels: none - graduate
santiago_2017,A,distrito,avg_pm25,0.792743584315005,3.45744213214729,3930887,0.0178946889086356,0.0354545933271549,20 km,Six levels: none - graduate
santiago_2017,A,distrito,hrs_d_pm10_it1,104.402985313084,37.5594625879618,3930887,0.0178946889086356,0.0354545933271549,20 km,Six levels: none - graduate
santiago_2017,A,distrito,hrs_d_pm10_it2,211.931707906215,16.5478199780752,3930887,0.0178946889086356,0.0354545933271549,20 km,Six levels: none - graduate
santiago_2017,A,distrito,hrs_d_pm25_it1,61.1137284930913,62.908329153402,3930887,0.0178946889086356,0.0354545933271549,20 km,Six levels: none - graduate
santiago_2017,A,distrito,hrs_d_pm25_it2,151.89077660902,22.046420701905,3930887,0.0178946889086356,0.0354545933271549,20 km,Six levels: none - graduate
santiago_2017,A,fine,avg_pm10,2.61227622514845,4.05253243167989,3930887,0.0178946889086356,0.0354545933271549,20 km,Six levels: none - graduate
santiago_2017,A,fine,avg_pm25,0.807329337866744,3.52288045662352,3930887,0.0178946889086356,0.0354545933271549,20 km,Six levels: none - graduate
santiago_2017,A,fine,hrs_d_pm10_it1,104.901718227004,37.7935546791282,3930887,0.0178946889086356,0.0354545933271549,20 km,Six levels: none - graduate
santiago_2017,A,fine,hrs_d_pm10_it2,213.382280640218,16.6773693135369,3930887,0.0178946889086356,0.0354545933271549,20 km,Six levels: none - graduate
santiago_2017,A,fine,hrs_d_pm25_it1,61.3166847535721,63.1757007346794,3930887,0.0178946889086356,0.0354545933271549,20 km,Six levels: none - graduate
santiago_2017,A,fine,hrs_d_pm25_it2,153.001439879802,22.2335858159693,3930887,0.0178946889086356,0.0354545933271549,20 km,Six levels: none - graduate
santiago_2017,A_common,comuna,avg_pm10,2.58144647017028,4.00244133330923,3930887,0.0178946889086356,0.0354545933271549,20 km,Six levels: none - graduate
santiago_2017,A_common,comuna,avg_pm25,0.802481873302888,3.50093173360062,3930887,0.0178946889086356,0.0354545933271549,20 km,Six levels: none - graduate
santiago_2017,A_common,comuna,hrs_d_pm10_it1,103.481401460451,37.0784420516265,3930887,0.0178946889086356,0.0354545933271549,20 km,Six levels: none - graduate
santiago_2017,A_common,comuna,hrs_d_pm10_it2,210.848086613714,16.4453683153184,3930887,0.0178946889086356,0.0354545933271549,20 km,Six levels: none - graduate
santiago_2017,A_common,comuna,hrs_d_pm25_it1,60.2849271520588,61.6651926767358,3930887,0.0178946889086356,0.0354545933271549,20 km,Six levels: none - graduate
santiago_2017,A_common,comuna,hrs_d_pm25_it2,151.933116828181,22.0438906493636,3930887,0.0178946889086356,0.0354545933271549,20 km,Six levels: none - graduate
santiago_2017,A_common,distrito,avg_pm10,2.5764668536023,3.99506360614827,3930887,0.0178946889086356,0.0354545933271549,20 km,Six levels: none - graduate
santiago_2017,A_common,distrito,avg_pm25,0.792743584315005,3.45744213214729,3930887,0.0178946889086356,0.0354545933271549,20 km,Six levels: none - graduate
santiago_2017,A_common,distrito,hrs_d_pm10_it1,104.402985313084,37.5594625879618,3930887,0.0178946889086356,0.0354545933271549,20 km,Six levels: none - graduate
santiago_2017,A_common,distrito,hrs_d_pm10_it2,211.931707906215,16.5478199780752,3930887,0.0178946889086356,0.0354545933271549,20 km,Six levels: none - graduate
santiago_2017,A_common,distrito,hrs_d_pm25_it1,61.1137284930913,62.908329153402,3930887,0.0178946889086356,0.0354545933271549,20 km,Six levels: none - graduate
santiago_2017,A_common,distrito,hrs_d_pm25_it2,151.89077660902,22.046420701905,3930887,0.0178946889086356,0.0354545933271549,20 km,Six levels: none - graduate
santiago_2017,A_common,fine,avg_pm10,2.61227622514845,4.05253243167989,3930887,0.0178946889086356,0.0354545933271549,20 km,Six levels: none - graduate
santiago_2017,A_common,fine,avg_pm25,0.807329337866744,3.52288045662352,3930887,0.0178946889086356,0.0354545933271549,20 km,Six levels: none - graduate
santiago_2017,A_common,fine,hrs_d_pm10_it1,104.901718227004,37.7935546791282,3930887,0.0178946889086356,0.0354545933271549,20 km,Six levels: none - graduate
santiago_2017,A_common,fine,hrs_d_pm10_it2,213.382280640218,16.6773693135369,3930887,0.0178946889086356,0.0354545933271549,20 km,Six levels: none - graduate
santiago_2017,A_common,fine,hrs_d_pm25_it1,61.3166847535721,63.1757007346794,3930887,0.0178946889086356,0.0354545933271549,20 km,Six levels: none - graduate
santiago_2017,A_common,fine,hrs_d_pm25_it2,153.001439879802,22.2335858159693,3930887,0.0178946889086356,0.0354545933271549,20 km,Six levels: none - graduate
santiago_2017,B_common,comuna,avg_pm10,3.28892300584225,5.16855285836042,3930887,0.0178946889086356,0.0354545933271549,20 km,Six levels: none - graduate
santiago_2017,B_common,comuna,avg_pm25,1.05551138315992,4.66087241659376,3930887,0.0178946889086356,0.0354545933271549,20 km,Six levels: none - graduate
santiago_2017,B_common,comuna,hrs_d_pm10_it1,125.469695426581,49.6601270784457,3930887,0.0178946889086356,0.0354545933271549,20 km,Six levels: none - graduate
santiago_2017,B_common,comuna,hrs_d_pm10_it2,267.637256620112,22.0271765370823,3930887,0.0178946889086356,0.0354545933271549,20 km,Six levels: none - graduate
santiago_2017,B_common,comuna,hrs_d_pm25_it1,66.3074412209726,73.4863549114225,3930887,0.0178946889086356,0.0354545933271549,20 km,Six levels: none - graduate
santiago_2017,B_common,comuna,hrs_d_pm25_it2,192.884109040404,30.0950132451298,3930887,0.0178946889086356,0.0354545933271549,20 km,Six levels: none - graduate
santiago_2017,B_common,distrito,avg_pm10,2.65129708659812,4.11615621228492,3930887,0.0178946889086356,0.0354545933271549,20 km,Six levels: none - graduate
santiago_2017,B_common,distrito,avg_pm25,0.814394829612049,3.5568879108685,3930887,0.0178946889086356,0.0354545933271549,20 km,Six levels: none - graduate
santiago_2017,B_common,distrito,hrs_d_pm10_it1,105.834031421889,38.3022039198927,3930887,0.0178946889086356,0.0354545933271549,20 km,Six levels: none - graduate
santiago_2017,B_common,distrito,hrs_d_pm10_it2,216.842465333063,16.9972172799305,3930887,0.0178946889086356,0.0354545933271549,20 km,Six levels: none - graduate
santiago_2017,B_common,distrito,hrs_d_pm25_it1,61.1331730041644,63.145732543867,3930887,0.0178946889086356,0.0354545933271549,20 km,Six levels: none - graduate
santiago_2017,B_common,distrito,hrs_d_pm25_it2,153.737854512286,22.4277169840688,3930887,0.0178946889086356,0.0354545933271549,20 km,Six levels: none - graduate
santiago_2017,B_common,fine,avg_pm10,2.61227622514845,4.05253243167989,3930887,0.0178946889086356,0.0354545933271549,20 km,Six levels: none - graduate
santiago_2017,B_common,fine,avg_pm25,0.807329337866747,3.52288045662355,3930887,0.0178946889086356,0.0354545933271549,20 km,Six levels: none - graduate
santiago_2017,B_common,fine,hrs_d_pm10_it1,104.901718227004,37.7935546791282,3930887,0.0178946889086356,0.0354545933271549,20 km,Six levels: none - graduate
santiago_2017,B_common,fine,hrs_d_pm10_it2,213.382280640218,16.6773693135369,3930887,0.0178946889086356,0.0354545933271549,20 km,Six levels: none - graduate
santiago_2017,B_common,fine,hrs_d_pm25_it1,61.3166847535721,63.1757007346794,3930887,0.0178946889086356,0.0354545933271549,20 km,Six levels: none - graduate
santiago_2017,B_common,fine,hrs_d_pm25_it2,153.001439879802,22.2335858159693,3930887,0.0178946889086356,0.0354545933271549,20 km,Six levels: none - graduate
santiago_2017,B_native,comuna,avg_pm10,3.28892300584225,5.16855285836042,3930887,0.0178946889086356,0.0354545933271549,20 km,Six levels: none - graduate
santiago_2017,B_native,comuna,avg_pm25,1.05551138315992,4.66087241659376,3930887,0.0178946889086356,0.0354545933271549,20 km,Six levels: none - graduate
santiago_2017,B_native,comuna,hrs_d_pm10_it1,125.469695426581,49.6601270784457,3930887,0.0178946889086356,0.0354545933271549,20 km,Six levels: none - graduate
santiago_2017,B_native,comuna,hrs_d_pm10_it2,267.637256620112,22.0271765370823,3930887,0.0178946889086356,0.0354545933271549,20 km,Six levels: none - graduate
santiago_2017,B_native,comuna,hrs_d_pm25_it1,66.3074412209726,73.4863549114225,3930887,0.0178946889086356,0.0354545933271549,20 km,Six levels: none - graduate
santiago_2017,B_native,comuna,hrs_d_pm25_it2,192.884109040404,30.0950132451298,3930887,0.0178946889086356,0.0354545933271549,20 km,Six levels: none - graduate
santiago_2017,B_native,distrito,avg_pm10,2.65129708659812,4.11615621228492,3930887,0.0178946889086356,0.0354545933271549,20 km,Six levels: none - graduate
santiago_2017,B_native,distrito,avg_pm25,0.814394829612049,3.5568879108685,3930887,0.0178946889086356,0.0354545933271549,20 km,Six levels: none - graduate
santiago_2017,B_native,distrito,hrs_d_pm10_it1,105.834031421889,38.3022039198927,3930887,0.0178946889086356,0.0354545933271549,20 km,Six levels: none - graduate
santiago_2017,B_native,distrito,hrs_d_pm10_it2,216.842465333063,16.9972172799305,3930887,0.0178946889086356,0.0354545933271549,20 km,Six levels: none - graduate
santiago_2017,B_native,distrito,hrs_d_pm25_it1,61.1331730041644,63.145732543867,3930887,0.0178946889086356,0.0354545933271549,20 km,Six levels: none - graduate
santiago_2017,B_native,distrito,hrs_d_pm25_it2,153.737854512286,22.4277169840688,3930887,0.0178946889086356,0.0354545933271549,20 km,Six levels: none - graduate
santiago_2017,B_native,fine,avg_pm10,2.61227622514845,4.05253243167989,3930887,0.0178946889086356,0.0354545933271549,20 km,Six levels: none - graduate
santiago_2017,B_native,fine,avg_pm25,0.807329337866747,3.52288045662355,3930887,0.0178946889086356,0.0354545933271549,20 km,Six levels: none - graduate
santiago_2017,B_native,fine,hrs_d_pm10_it1,104.901718227004,37.7935546791282,3930887,0.0178946889086356,0.0354545933271549,20 km,Six levels: none - graduate
santiago_2017,B_native,fine,hrs_d_pm10_it2,213.382280640218,16.6773693135369,3930887,0.0178946889086356,0.0354545933271549,20 km,Six levels: none - graduate
santiago_2017,B_native,fine,hrs_d_pm25_it1,61.3166847535721,63.1757007346794,3930887,0.0178946889086356,0.0354545933271549,20 km,Six levels: none - graduate
santiago_2017,B_native,fine,hrs_d_pm25_it2,153.001439879802,22.2335858159693,3930887,0.0178946889086356,0.0354545933271549,20 km,Six levels: none - graduate
santiago_2017,C,comuna,avg_pm10,,,3930887,0,0,20 km,Six levels: none - graduate
santiago_2017,C,comuna,avg_pm25,,,3930887,0,0,20 km,Six levels: none - graduate
santiago_2017,C,comuna,hrs_d_pm10_it1,,,3930887,0,0,20 km,Six levels: none - graduate
santiago_2017,C,comuna,hrs_d_pm10_it2,,,3930887,0,0,20 km,Six levels: none - graduate
santiago_2017,C,comuna,hrs_d_pm25_it1,,,3930887,0,0,20 km,Six levels: none - graduate
santiago_2017,C,comuna,hrs_d_pm25_it2,,,3930887,0,0,20 km,Six levels: none - graduate
santiago_2017,C,distrito,avg_pm10,,,3930887,0,0,20 km,Six levels: none - graduate
santiago_2017,C,distrito,avg_pm25,,,3930887,0,0,20 km,Six levels: none - graduate
santiago_2017,C,distrito,hrs_d_pm10_it1,,,3930887,0,0,20 km,Six levels: none - graduate
santiago_2017,C,distrito,hrs_d_pm10_it2,,,3930887,0,0,20 km,Six levels: none - graduate
santiago_2017,C,distrito,hrs_d_pm25_it1,,,3930887,0,0,20 km,Six levels: none - graduate
santiago_2017,C,distrito,hrs_d_pm25_it2,,,3930887,0,0,20 km,Six levels: none - graduate
santiago_2017,C,fine,avg_pm10,,,3930887,0,0,20 km,Six levels: none - graduate
santiago_2017,C,fine,avg_pm25,,,3930887,0,0,20 km,Six levels: none - graduate
santiago_2017,C,fine,hrs_d_pm10_it1,,,3930887,0,0,20 km,Six levels: none - graduate
santiago_2017,C,fine,hrs_d_pm10_it2,,,3930887,0,0,20 km,Six levels: none - graduate
santiago_2017,C,fine,hrs_d_pm25_it1,,,3930887,0,0,20 km,Six levels: none - graduate
santiago_2017,C,fine,hrs_d_pm25_it2,,,3930887,0,0,20 km,Six levels: none - graduate
santiago_2017,baseline_common,comuna,avg_pm10,2.61227622514845,4.05253243167989,3930887,0.0178946889086356,0.0354545933271549,20 km,Six levels: none - graduate
santiago_2017,baseline_common,comuna,avg_pm25,0.807329337866744,3.52288045662352,3930887,0.0178946889086356,0.0354545933271549,20 km,Six levels: none - graduate
santiago_2017,baseline_common,comuna,hrs_d_pm10_it1,104.901718227004,37.7935546791282,3930887,0.0178946889086356,0.0354545933271549,20 km,Six levels: none - graduate
santiago_2017,baseline_common,comuna,hrs_d_pm10_it2,213.382280640218,16.6773693135369,3930887,0.0178946889086356,0.0354545933271549,20 km,Six levels: none - graduate
santiago_2017,baseline_common,comuna,hrs_d_pm25_it1,61.3166847535721,63.1757007346794,3930887,0.0178946889086356,0.0354545933271549,20 km,Six levels: none - graduate
santiago_2017,baseline_common,comuna,hrs_d_pm25_it2,153.001439879802,22.2335858159693,3930887,0.0178946889086356,0.0354545933271549,20 km,Six levels: none - graduate
santiago_2017,baseline_common,distrito,avg_pm10,2.61227622514845,4.05253243167989,3930887,0.0178946889086356,0.0354545933271549,20 km,Six levels: none - graduate
santiago_2017,baseline_common,distrito,avg_pm25,0.807329337866744,3.52288045662352,3930887,0.0178946889086356,0.0354545933271549,20 km,Six levels: none - graduate
santiago_2017,baseline_common,distrito,hrs_d_pm10_it1,104.901718227004,37.7935546791282,3930887,0.0178946889086356,0.0354545933271549,20 km,Six levels: none - graduate
santiago_2017,baseline_common,distrito,hrs_d_pm10_it2,213.382280640218,16.6773693135369,3930887,0.0178946889086356,0.0354545933271549,20 km,Six levels: none - graduate
santiago_2017,baseline_common,distrito,hrs_d_pm25_it1,61.3166847535721,63.1757007346794,3930887,0.0178946889086356,0.0354545933271549,20 km,Six levels: none - graduate
santiago_2017,baseline_common,distrito,hrs_d_pm25_it2,153.001439879802,22.2335858159693,3930887,0.0178946889086356,0.0354545933271549,20 km,Six levels: none - graduate
santiago_2017,baseline_common,fine,avg_pm10,2.61227622514845,4.05253243167989,3930887,0.0178946889086356,0.0354545933271549,20 km,Six levels: none - graduate
santiago_2017,baseline_common,fine,avg_pm25,0.807329337866744,3.52288045662352,3930887,0.0178946889086356,0.0354545933271549,20 km,Six levels: none - graduate
santiago_2017,baseline_common,fine,hrs_d_pm10_it1,104.901718227004,37.7935546791282,3930887,0.0178946889086356,0.0354545933271549,20 km,Six levels: none - graduate
santiago_2017,baseline_common,fine,hrs_d_pm10_it2,213.382280640218,16.6773693135369,3930887,0.0178946889086356,0.0354545933271549,20 km,Six levels: none - graduate
santiago_2017,baseline_common,fine,hrs_d_pm25_it1,61.3166847535721,63.1757007346794,3930887,0.0178946889086356,0.0354545933271549,20 km,Six levels: none - graduate
santiago_2017,baseline_common,fine,hrs_d_pm25_it2,153.001439879802,22.2335858159693,3930887,0.0178946889086356,0.0354545933271549,20 km,Six levels: none - graduate
sao_paulo_2010,A,fine,avg_pm10,0.746278440382202,2.8267822396193,9864606.72850904,0.0556314677428253,0.034086685976795,20 km,Six levels: none - graduate
sao_paulo_2010,A,fine,avg_pm25,-0.109712413262285,-0.724931295288089,9852094.74240695,0.0556023977886454,0.0341151890901345,20 km,Six levels: none - graduate
sao_paulo_2010,A,fine,hrs_d_pm10_it1,2.14836741648632,181.716081917773,9864606.72850904,0.0556314677428253,0.034086685976795,20 km,Six levels: none - graduate
sao_paulo_2010,A,fine,hrs_d_pm10_it2,24.403832101813,88.6055311849056,9864606.72850904,0.0556314677428253,0.034086685976795,20 km,Six levels: none - graduate
sao_paulo_2010,A,fine,hrs_d_pm25_it1,3.0179568997013,32.7396945439475,9852094.74240695,0.0556023977886454,0.0341151890901345,20 km,Six levels: none - graduate
sao_paulo_2010,A,fine,hrs_d_pm25_it2,22.5521185027213,22.5877884016369,9852094.74240695,0.0556023977886454,0.0341151890901345,20 km,Six levels: none - graduate
sao_paulo_2010,A,municipio,avg_pm10,0.219620643777994,0.820065110047041,9864606.72850904,0.0556314677428253,0.034086685976795,20 km,Six levels: none - graduate
sao_paulo_2010,A,municipio,avg_pm25,-0.0105535950656783,-0.070078701015075,9852094.74240695,0.0556023977886454,0.0341151890901345,20 km,Six levels: none - graduate
sao_paulo_2010,A,municipio,hrs_d_pm10_it1,0.695835597047426,30.3752775734953,9864606.72850904,0.0556314677428253,0.034086685976795,20 km,Six levels: none - graduate
sao_paulo_2010,A,municipio,hrs_d_pm10_it2,8.09322890565368,20.4007099321305,9864606.72850904,0.0556314677428253,0.034086685976795,20 km,Six levels: none - graduate
sao_paulo_2010,A,municipio,hrs_d_pm25_it1,1.16224638691377,10.9012329392421,9852094.74240695,0.0556023977886454,0.0341151890901345,20 km,Six levels: none - graduate
sao_paulo_2010,A,municipio,hrs_d_pm25_it2,9.79386399937759,8.96209625144313,9852094.74240695,0.0556023977886454,0.0341151890901345,20 km,Six levels: none - graduate
sao_paulo_2010,A_common,fine,avg_pm10,0.746278440382202,2.8267822396193,9864606.72850904,0.0556314677428253,0.034086685976795,20 km,Six levels: none - graduate
sao_paulo_2010,A_common,fine,avg_pm25,-0.109712413262285,-0.724931295288089,9852094.74240695,0.0556023977886454,0.0341151890901345,20 km,Six levels: none - graduate
sao_paulo_2010,A_common,fine,hrs_d_pm10_it1,2.14836741648632,181.716081917773,9864606.72850904,0.0556314677428253,0.034086685976795,20 km,Six levels: none - graduate
sao_paulo_2010,A_common,fine,hrs_d_pm10_it2,24.403832101813,88.6055311849056,9864606.72850904,0.0556314677428253,0.034086685976795,20 km,Six levels: none - graduate
sao_paulo_2010,A_common,fine,hrs_d_pm25_it1,3.0179568997013,32.7396945439475,9852094.74240695,0.0556023977886454,0.0341151890901345,20 km,Six levels: none - graduate
sao_paulo_2010,A_common,fine,hrs_d_pm25_it2,22.5521185027213,22.5877884016369,9852094.74240695,0.0556023977886454,0.0341151890901345,20 km,Six levels: none - graduate
sao_paulo_2010,A_common,municipio,avg_pm10,0.220906265009127,0.82500613493568,9739700.75459104,0.0555886609085286,0.0342116247193216,20 km,Six levels: none - graduate
sao_paulo_2010,A_common,municipio,avg_pm25,-0.00538549301875513,-0.0357943089736579,9727188.76848896,0.0555591626076235,0.0342406545460892,20 km,Six levels: none - graduate
sao_paulo_2010,A_common,municipio,hrs_d_pm10_it1,0.620161012591467,27.39486072581,9739700.75459104,0.0555886609085286,0.0342116247193216,20 km,Six levels: none - graduate
sao_paulo_2010,A_common,municipio,hrs_d_pm10_it2,7.71995688033879,19.5502394794086,9739700.75459104,0.0555886609085286,0.0342116247193216,20 km,Six levels: none - graduate
sao_paulo_2010,A_common,municipio,hrs_d_pm25_it1,1.02582358972757,9.75297311783796,9727188.76848896,0.0555591626076235,0.0342406545460892,20 km,Six levels: none - graduate
sao_paulo_2010,A_common,municipio,hrs_d_pm25_it2,9.48054961873086,8.78358437615345,9727188.76848896,0.0555591626076235,0.0342406545460892,20 km,Six levels: none - graduate
sao_paulo_2010,B_common,fine,avg_pm10,0.746278440382206,2.82678223961932,9864606.72850904,0.0556314677428253,0.034086685976795,20 km,Six levels: none - graduate
sao_paulo_2010,B_common,fine,avg_pm25,-0.109712413262285,-0.724931295288089,9852094.74240695,0.0556023977886454,0.0341151890901345,20 km,Six levels: none - graduate
sao_paulo_2010,B_common,fine,hrs_d_pm10_it1,2.14836741648632,181.716081917773,9864606.72850904,0.0556314677428253,0.034086685976795,20 km,Six levels: none - graduate
sao_paulo_2010,B_common,fine,hrs_d_pm10_it2,24.403832101813,88.6055311849056,9864606.72850904,0.0556314677428253,0.034086685976795,20 km,Six levels: none - graduate
sao_paulo_2010,B_common,fine,hrs_d_pm25_it1,3.0179568997013,32.7396945439475,9852094.74240695,0.0556023977886454,0.0341151890901345,20 km,Six levels: none - graduate
sao_paulo_2010,B_common,fine,hrs_d_pm25_it2,22.5521185027213,22.5877884016369,9852094.74240695,0.0556023977886454,0.0341151890901345,20 km,Six levels: none - graduate
sao_paulo_2010,B_common,municipio,avg_pm10,0.29872585923539,1.09691564574306,9739700.75459104,0.0555886609085286,0.0342116247193216,20 km,Six levels: none - graduate
sao_paulo_2010,B_common,municipio,avg_pm25,-0.0626810403383811,-0.407824653962918,9727188.76848896,0.0555591626076235,0.0342406545460892,20 km,Six levels: none - graduate
sao_paulo_2010,B_common,municipio,hrs_d_pm10_it1,0.872870561184924,46.1169829588402,9739700.75459104,0.0555886609085286,0.0342116247193216,20 km,Six levels: none - graduate
sao_paulo_2010,B_common,municipio,hrs_d_pm10_it2,13.915327703322,42.6045460169285,9739700.75459104,0.0555886609085286,0.0342116247193216,20 km,Six levels: none - graduate
sao_paulo_2010,B_common,municipio,hrs_d_pm25_it1,1.37404137307665,12.9688310970078,9727188.76848896,0.0555591626076235,0.0342406545460892,20 km,Six levels: none - graduate
sao_paulo_2010,B_common,municipio,hrs_d_pm25_it2,12.036236654228,10.2534810721846,9727188.76848896,0.0555591626076235,0.0342406545460892,20 km,Six levels: none - graduate
sao_paulo_2010,B_native,fine,avg_pm10,0.746278440382206,2.82678223961932,9864606.72850904,0.0556314677428253,0.034086685976795,20 km,Six levels: none - graduate
sao_paulo_2010,B_native,fine,avg_pm25,-0.109712413262285,-0.724931295288089,9852094.74240695,0.0556023977886454,0.0341151890901345,20 km,Six levels: none - graduate
sao_paulo_2010,B_native,fine,hrs_d_pm10_it1,2.14836741648632,181.716081917773,9864606.72850904,0.0556314677428253,0.034086685976795,20 km,Six levels: none - graduate
sao_paulo_2010,B_native,fine,hrs_d_pm10_it2,24.403832101813,88.6055311849056,9864606.72850904,0.0556314677428253,0.034086685976795,20 km,Six levels: none - graduate
sao_paulo_2010,B_native,fine,hrs_d_pm25_it1,3.0179568997013,32.7396945439475,9852094.74240695,0.0556023977886454,0.0341151890901345,20 km,Six levels: none - graduate
sao_paulo_2010,B_native,fine,hrs_d_pm25_it2,22.5521185027213,22.5877884016369,9852094.74240695,0.0556023977886454,0.0341151890901345,20 km,Six levels: none - graduate
sao_paulo_2010,B_native,municipio,avg_pm10,0.297188426388939,1.0912767070687,9747674.35461035,0.0556000968180206,0.0341877035326496,20 km,Six levels: none - graduate
sao_paulo_2010,B_native,municipio,avg_pm25,-0.0629422041014838,-0.409525013899925,9735162.36850827,0.0555706373755935,0.0342166788381096,20 km,Six levels: none - graduate
sao_paulo_2010,B_native,municipio,hrs_d_pm10_it1,0.875692775603882,46.2541595961667,9747674.35461035,0.0556000968180206,0.0341877035326496,20 km,Six levels: none - graduate
sao_paulo_2010,B_native,municipio,hrs_d_pm10_it2,13.9285305764793,42.6402610799378,9747674.35461035,0.0556000968180206,0.0341877035326496,20 km,Six levels: none - graduate
sao_paulo_2010,B_native,municipio,hrs_d_pm25_it1,1.37753187053026,13.0009872518988,9735162.36850827,0.0555706373755935,0.0342166788381096,20 km,Six levels: none - graduate
sao_paulo_2010,B_native,municipio,hrs_d_pm25_it2,12.055270106166,10.2693352649605,9735162.36850827,0.0555706373755935,0.0342166788381096,20 km,Six levels: none - graduate
sao_paulo_2010,C,fine,avg_pm10,,,9864606.72850903,0,0,20 km,Six levels: none - graduate
sao_paulo_2010,C,fine,avg_pm25,,,9852094.74240695,0,0,20 km,Six levels: none - graduate
sao_paulo_2010,C,fine,hrs_d_pm10_it1,,,9864606.72850903,0,0,20 km,Six levels: none - graduate
sao_paulo_2010,C,fine,hrs_d_pm10_it2,,,9864606.72850903,0,0,20 km,Six levels: none - graduate
sao_paulo_2010,C,fine,hrs_d_pm25_it1,,,9852094.74240695,0,0,20 km,Six levels: none - graduate
sao_paulo_2010,C,fine,hrs_d_pm25_it2,,,9852094.74240695,0,0,20 km,Six levels: none - graduate
sao_paulo_2010,C,municipio,avg_pm10,,,9864606.72850904,0,0,20 km,Six levels: none - graduate
sao_paulo_2010,C,municipio,avg_pm25,,,9852094.74240696,0,0,20 km,Six levels: none - graduate
sao_paulo_2010,C,municipio,hrs_d_pm10_it1,,,9864606.72850904,0,0,20 km,Six levels: none - graduate
sao_paulo_2010,C,municipio,hrs_d_pm10_it2,,,9864606.72850904,0,0,20 km,Six levels: none - graduate
sao_paulo_2010,C,municipio,hrs_d_pm25_it1,,,9852094.74240696,0,0,20 km,Six levels: none - graduate
sao_paulo_2010,C,municipio,hrs_d_pm25_it2,,,9852094.74240696,0,0,20 km,Six levels: none - graduate
sao_paulo_2010,baseline_common,fine,avg_pm10,0.746278440382202,2.8267822396193,9864606.72850904,0.0556314677428253,0.034086685976795,20 km,Six levels: none - graduate
sao_paulo_2010,baseline_common,fine,avg_pm25,-0.109712413262285,-0.724931295288089,9852094.74240695,0.0556023977886454,0.0341151890901345,20 km,Six levels: none - graduate
sao_paulo_2010,baseline_common,fine,hrs_d_pm10_it1,2.14836741648632,181.716081917773,9864606.72850904,0.0556314677428253,0.034086685976795,20 km,Six levels: none - graduate
sao_paulo_2010,baseline_common,fine,hrs_d_pm10_it2,24.403832101813,88.6055311849056,9864606.72850904,0.0556314677428253,0.034086685976795,20 km,Six levels: none - graduate
sao_paulo_2010,baseline_common,fine,hrs_d_pm25_it1,3.0179568997013,32.7396945439475,9852094.74240695,0.0556023977886454,0.0341151890901345,20 km,Six levels: none - graduate
sao_paulo_2010,baseline_common,fine,hrs_d_pm25_it2,22.5521185027213,22.5877884016369,9852094.74240695,0.0556023977886454,0.0341151890901345,20 km,Six levels: none - graduate
sao_paulo_2010,baseline_common,municipio,avg_pm10,0.75249373761341,2.8510876591235,9739700.75459104,0.0555886609085286,0.0342116247193216,20 km,Six levels: none - graduate
sao_paulo_2010,baseline_common,municipio,avg_pm25,-0.108037151787034,-0.714305982333519,9727188.76848896,0.0555591626076235,0.0342406545460892,20 km,Six levels: none - graduate
sao_paulo_2010,baseline_common,municipio,hrs_d_pm10_it1,2.08223505827724,181.195136970959,9739700.75459104,0.0555886609085286,0.0342116247193216,20 km,Six levels: none - graduate
sao_paulo_2010,baseline_common,municipio,hrs_d_pm10_it2,24.1533437515071,88.4787960498655,9739700.75459104,0.0555886609085286,0.0342116247193216,20 km,Six levels: none - graduate
sao_paulo_2010,baseline_common,municipio,hrs_d_pm25_it1,2.82488899996511,30.906744689931,9727188.76848896,0.0555591626076235,0.0342406545460892,20 km,Six levels: none - graduate
sao_paulo_2010,baseline_common,municipio,hrs_d_pm25_it2,21.9375047569008,22.1726221018319,9727188.76848896,0.0555591626076235,0.0342406545460892,20 km,Six levels: none - graduate
bogota_2018,A,fine,avg_pm10,2.92862661291227,9.69040037634676,5550678,0.313682760916775,0.270219962318117,20 km,Three groups: below secondary - bachelor's+
bogota_2018,A,fine,avg_pm25,0.884326514960904,5.99264287072974,5550678,0.313682760916775,0.270219962318117,20 km,Three groups: below secondary - bachelor's+
bogota_2018,A,fine,hrs_d_pm10_it1,0.378839461729668,164.633074216974,5550678,0.313682760916775,0.270219962318117,20 km,Three groups: below secondary - bachelor's+
bogota_2018,A,fine,hrs_d_pm10_it2,17.5137037896889,159.397871155185,5550678,0.313682760916775,0.270219962318117,20 km,Three groups: below secondary - bachelor's+
bogota_2018,A,fine,hrs_d_pm25_it1,0.111828159189246,90.2068415683398,5550678,0.313682760916775,0.270219962318117,20 km,Three groups: below secondary - bachelor's+
bogota_2018,A,fine,hrs_d_pm25_it2,11.3878149390291,125.292665905326,5550678,0.313682760916775,0.270219962318117,20 km,Three groups: below secondary - bachelor's+
bogota_2018,A,localidad,avg_pm10,2.52295451247018,8.27585903988823,5550678,0.313682760916775,0.270219962318117,20 km,Three groups: below secondary - bachelor's+
bogota_2018,A,localidad,avg_pm25,0.74098227807575,4.98974860252703,5550678,0.313682760916775,0.270219962318117,20 km,Three groups: below secondary - bachelor's+
bogota_2018,A,localidad,hrs_d_pm10_it1,0.429787657713231,199.722999822042,5550678,0.313682760916775,0.270219962318117,20 km,Three groups: below secondary - bachelor's+
bogota_2018,A,localidad,hrs_d_pm10_it2,16.4426527429187,142.482247843848,5550678,0.313682760916775,0.270219962318117,20 km,Three groups: below secondary - bachelor's+
bogota_2018,A,localidad,hrs_d_pm25_it1,0.108307288366459,81.3603899814974,5550678,0.313682760916775,0.270219962318117,20 km,Three groups: below secondary - bachelor's+
bogota_2018,A,localidad,hrs_d_pm25_it2,10.303100688442,106.432749757668,5550678,0.313682760916775,0.270219962318117,20 km,Three groups: below secondary - bachelor's+
bogota_2018,A,municipio,avg_pm10,0.206006144968747,0.643718123261028,5550678,0.313682760916775,0.270219962318117,20 km,Three groups: below secondary - bachelor's+
bogota_2018,A,municipio,avg_pm25,-0.0298651917616137,-0.194413312087671,5550678,0.313682760916775,0.270219962318117,20 km,Three groups: below secondary - bachelor's+
bogota_2018,A,municipio,hrs_d_pm10_it1,0.398918430391743,171.064534031997,5550678,0.313682760916775,0.270219962318117,20 km,Three groups: below secondary - bachelor's+
bogota_2018,A,municipio,hrs_d_pm10_it2,7.30641497984489,42.3925746826364,5550678,0.313682760916775,0.270219962318117,20 km,Three groups: below secondary - bachelor's+
bogota_2018,A,municipio,hrs_d_pm25_it1,0.0647541436314938,40.9253394078339,5550678,0.313682760916775,0.270219962318117,20 km,Three groups: below secondary - bachelor's+
bogota_2018,A,municipio,hrs_d_pm25_it2,2.58166055163782,17.8047933383233,5550678,0.313682760916775,0.270219962318117,20 km,Three groups: below secondary - bachelor's+
bogota_2018,A,seccion,avg_pm10,2.92336662074338,9.67219173982594,5550678,0.313682760916775,0.270219962318117,20 km,Three groups: below secondary - bachelor's+
bogota_2018,A,seccion,avg_pm25,0.882864534218699,5.98248159387036,5550678,0.313682760916775,0.270219962318117,20 km,Three groups: below secondary - bachelor's+
bogota_2018,A,seccion,hrs_d_pm10_it1,0.35617100687928,148.507765360593,5550678,0.313682760916775,0.270219962318117,20 km,Three groups: below secondary - bachelor's+
bogota_2018,A,seccion,hrs_d_pm10_it2,17.3731103336565,157.147467345639,5550678,0.313682760916775,0.270219962318117,20 km,Three groups: below secondary - bachelor's+
bogota_2018,A,seccion,hrs_d_pm25_it1,0.106110579689775,83.750543323121,5550678,0.313682760916775,0.270219962318117,20 km,Three groups: below secondary - bachelor's+
bogota_2018,A,seccion,hrs_d_pm25_it2,11.2715292674994,123.206799882993,5550678,0.313682760916775,0.270219962318117,20 km,Three groups: below secondary - bachelor's+
bogota_2018,A,sector,avg_pm10,2.90792830891808,9.61846918500893,5550678,0.313682760916775,0.270219962318117,20 km,Three groups: below secondary - bachelor's+
bogota_2018,A,sector,avg_pm25,0.876774966198919,5.93994019731521,5550678,0.313682760916775,0.270219962318117,20 km,Three groups: below secondary - bachelor's+
bogota_2018,A,sector,hrs_d_pm10_it1,0.325677600550264,125.618191440787,5550678,0.313682760916775,0.270219962318117,20 km,Three groups: below secondary - bachelor's+
bogota_2018,A,sector,hrs_d_pm10_it2,17.1260170033088,153.148368306223,5550678,0.313682760916775,0.270219962318117,20 km,Three groups: below secondary - bachelor's+
bogota_2018,A,sector,hrs_d_pm25_it1,0.101182547952346,77.7776749302774,5550678,0.313682760916775,0.270219962318117,20 km,Three groups: below secondary - bachelor's+
bogota_2018,A,sector,hrs_d_pm25_it2,11.1396243787335,120.828047612058,5550678,0.313682760916775,0.270219962318117,20 km,Three groups: below secondary - bachelor's+
bogota_2018,A_common,fine,avg_pm10,2.92862661291227,9.69040037634676,5550678,0.313682760916775,0.270219962318117,20 km,Three groups: below secondary - bachelor's+
bogota_2018,A_common,fine,avg_pm25,0.884326514960904,5.99264287072974,5550678,0.313682760916775,0.270219962318117,20 km,Three groups: below secondary - bachelor's+
bogota_2018,A_common,fine,hrs_d_pm10_it1,0.378839461729668,164.633074216974,5550678,0.313682760916775,0.270219962318117,20 km,Three groups: below secondary - bachelor's+
bogota_2018,A_common,fine,hrs_d_pm10_it2,17.5137037896889,159.397871155185,5550678,0.313682760916775,0.270219962318117,20 km,Three groups: below secondary - bachelor's+
bogota_2018,A_common,fine,hrs_d_pm25_it1,0.111828159189246,90.2068415683398,5550678,0.313682760916775,0.270219962318117,20 km,Three groups: below secondary - bachelor's+
bogota_2018,A_common,fine,hrs_d_pm25_it2,11.3878149390291,125.292665905326,5550678,0.313682760916775,0.270219962318117,20 km,Three groups: below secondary - bachelor's+
bogota_2018,A_common,localidad,avg_pm10,2.52422781309403,8.27992084528835,5550423,0.313671408467427,0.270226071058008,20 km,Three groups: below secondary - bachelor's+
bogota_2018,A_common,localidad,avg_pm25,0.741563149398592,4.99359077493482,5550423,0.313671408467427,0.270226071058008,20 km,Three groups: below secondary - bachelor's+
bogota_2018,A_common,localidad,hrs_d_pm10_it1,0.429835612349113,199.740623395074,5550423,0.313671408467427,0.270226071058008,20 km,Three groups: below secondary - bachelor's+
bogota_2018,A_common,localidad,hrs_d_pm10_it2,16.4446230510934,142.496284301133,5550423,0.313671408467427,0.270226071058008,20 km,Three groups: below secondary - bachelor's+
bogota_2018,A_common,localidad,hrs_d_pm25_it1,0.108324011925186,81.3710538881043,5550423,0.313671408467427,0.270226071058008,20 km,Three groups: below secondary - bachelor's+
bogota_2018,A_common,localidad,hrs_d_pm25_it2,10.3044573613427,106.444537085745,5550423,0.313671408467427,0.270226071058008,20 km,Three groups: below secondary - bachelor's+
bogota_2018,A_common,municipio,avg_pm10,2.24610356113185,7.64192550106355,1076650,0.382986114336135,0.178256629359588,20 km,Three groups: below secondary - bachelor's+
bogota_2018,A_common,municipio,avg_pm25,0.754871916547494,5.51384227534841,1076650,0.382986114336135,0.178256629359588,20 km,Three groups: below secondary - bachelor's+
bogota_2018,A_common,municipio,hrs_d_pm10_it1,1.02661244474901,69.3119523994969,1076650,0.382986114336135,0.178256629359588,20 km,Three groups: below secondary - bachelor's+
bogota_2018,A_common,municipio,hrs_d_pm10_it2,22.0479605009819,64.9685864952563,1076650,0.382986114336135,0.178256629359588,20 km,Three groups: below secondary - bachelor's+
bogota_2018,A_common,municipio,hrs_d_pm25_it1,-0.14064369136238,-14.9031128358342,1076650,0.382986114336135,0.178256629359588,20 km,Three groups: below secondary - bachelor's+
bogota_2018,A_common,municipio,hrs_d_pm25_it2,6.85270295763977,30.8959192286248,1076650,0.382986114336135,0.178256629359588,20 km,Three groups: below secondary - bachelor's+
bogota_2018,A_common,seccion,avg_pm10,2.92336662074338,9.67219173982594,5550678,0.313682760916775,0.270219962318117,20 km,Three groups: below secondary - bachelor's+
bogota_2018,A_common,seccion,avg_pm25,0.882864534218699,5.98248159387036,5550678,0.313682760916775,0.270219962318117,20 km,Three groups: below secondary - bachelor's+
bogota_2018,A_common,seccion,hrs_d_pm10_it1,0.35617100687928,148.507765360593,5550678,0.313682760916775,0.270219962318117,20 km,Three groups: below secondary - bachelor's+
bogota_2018,A_common,seccion,hrs_d_pm10_it2,17.3731103336565,157.147467345639,5550678,0.313682760916775,0.270219962318117,20 km,Three groups: below secondary - bachelor's+
bogota_2018,A_common,seccion,hrs_d_pm25_it1,0.106110579689775,83.750543323121,5550678,0.313682760916775,0.270219962318117,20 km,Three groups: below secondary - bachelor's+
bogota_2018,A_common,seccion,hrs_d_pm25_it2,11.2715292674994,123.206799882993,5550678,0.313682760916775,0.270219962318117,20 km,Three groups: below secondary - bachelor's+
bogota_2018,A_common,sector,avg_pm10,2.90792830891808,9.61846918500893,5550678,0.313682760916775,0.270219962318117,20 km,Three groups: below secondary - bachelor's+
bogota_2018,A_common,sector,avg_pm25,0.876774966198919,5.93994019731521,5550678,0.313682760916775,0.270219962318117,20 km,Three groups: below secondary - bachelor's+
bogota_2018,A_common,sector,hrs_d_pm10_it1,0.325677600550264,125.618191440787,5550678,0.313682760916775,0.270219962318117,20 km,Three groups: below secondary - bachelor's+
bogota_2018,A_common,sector,hrs_d_pm10_it2,17.1260170033088,153.148368306223,5550678,0.313682760916775,0.270219962318117,20 km,Three groups: below secondary - bachelor's+
bogota_2018,A_common,sector,hrs_d_pm25_it1,0.101182547952346,77.7776749302774,5550678,0.313682760916775,0.270219962318117,20 km,Three groups: below secondary - bachelor's+
bogota_2018,A_common,sector,hrs_d_pm25_it2,11.1396243787335,120.828047612058,5550678,0.313682760916775,0.270219962318117,20 km,Three groups: below secondary - bachelor's+
bogota_2018,B_common,fine,avg_pm10,2.92862661291227,9.69040037634676,5550678,0.313682760916775,0.270219962318117,20 km,Three groups: below secondary - bachelor's+
bogota_2018,B_common,fine,avg_pm25,0.884326514960902,5.99264287072971,5550678,0.313682760916775,0.270219962318117,20 km,Three groups: below secondary - bachelor's+
bogota_2018,B_common,fine,hrs_d_pm10_it1,0.378839461729668,164.633074216974,5550678,0.313682760916775,0.270219962318117,20 km,Three groups: below secondary - bachelor's+
bogota_2018,B_common,fine,hrs_d_pm10_it2,17.5137037896889,159.397871155185,5550678,0.313682760916775,0.270219962318117,20 km,Three groups: below secondary - bachelor's+
bogota_2018,B_common,fine,hrs_d_pm25_it1,0.111828159189246,90.2068415683398,5550678,0.313682760916775,0.270219962318117,20 km,Three groups: below secondary - bachelor's+
bogota_2018,B_common,fine,hrs_d_pm25_it2,11.3878149390291,125.292665905326,5550678,0.313682760916775,0.270219962318117,20 km,Three groups: below secondary - bachelor's+
bogota_2018,B_common,localidad,avg_pm10,2.5882237026509,8.54193698617309,5550423,0.313671408467427,0.270226071058008,20 km,Three groups: below secondary - bachelor's+
bogota_2018,B_common,localidad,avg_pm25,0.765348555802202,5.22020763408431,5550423,0.313671408467427,0.270226071058008,20 km,Three groups: below secondary - bachelor's+
bogota_2018,B_common,localidad,hrs_d_pm10_it1,0.029586870044869,233.46185388956,5550423,0.313671408467427,0.270226071058008,20 km,Three groups: below secondary - bachelor's+
bogota_2018,B_common,localidad,hrs_d_pm10_it2,15.4806948274258,177.554616383667,5550423,0.313671408467427,0.270226071058008,20 km,Three groups: below secondary - bachelor's+
bogota_2018,B_common,localidad,hrs_d_pm25_it1,0.152403539965023,300.37101363162,5550423,0.313671408467427,0.270226071058008,20 km,Three groups: below secondary - bachelor's+
bogota_2018,B_common,localidad,hrs_d_pm25_it2,9.67923521752199,138.947525628402,5550423,0.313671408467427,0.270226071058008,20 km,Three groups: below secondary - bachelor's+
bogota_2018,B_common,municipio,avg_pm10,2.02258224868402,6.82325036573288,1076650,0.382986114336135,0.178256629359588,20 km,Three groups: below secondary - bachelor's+
bogota_2018,B_common,municipio,avg_pm25,0.616303979624288,4.4523008829648,1076650,0.382986114336135,0.178256629359588,20 km,Three groups: below secondary - bachelor's+
bogota_2018,B_common,municipio,hrs_d_pm10_it1,0.0793907140248087,80.1592268289209,1076650,0.382986114336135,0.178256629359588,20 km,Three groups: below secondary - bachelor's+
bogota_2018,B_common,municipio,hrs_d_pm10_it2,17.3812919744819,71.9561241169214,1076650,0.382986114336135,0.178256629359588,20 km,Three groups: below secondary - bachelor's+
bogota_2018,B_common,municipio,hrs_d_pm25_it1,0.00306751769605268,1.8214157423007,1076650,0.382986114336135,0.178256629359588,20 km,Three groups: below secondary - bachelor's+
bogota_2018,B_common,municipio,hrs_d_pm25_it2,6.33638991340388,40.2530330016915,1076650,0.382986114336135,0.178256629359588,20 km,Three groups: below secondary - bachelor's+
bogota_2018,B_common,seccion,avg_pm10,2.95628609385735,9.79193208177001,5550678,0.313682760916775,0.270219962318117,20 km,Three groups: below secondary - bachelor's+
bogota_2018,B_common,seccion,avg_pm25,0.897706115440245,6.0892404672688,5550678,0.313682760916775,0.270219962318117,20 km,Three groups: below secondary - bachelor's+
bogota_2018,B_common,seccion,hrs_d_pm10_it1,0.414354033645932,129.919344871546,5550678,0.313682760916775,0.270219962318117,20 km,Three groups: below secondary - bachelor's+
bogota_2018,B_common,seccion,hrs_d_pm10_it2,17.5791451306428,156.371977938877,5550678,0.313682760916775,0.270219962318117,20 km,Three groups: below secondary - bachelor's+
bogota_2018,B_common,seccion,hrs_d_pm25_it1,0.105470626358348,77.0893443126299,5550678,0.313682760916775,0.270219962318117,20 km,Three groups: below secondary - bachelor's+
bogota_2018,B_common,seccion,hrs_d_pm25_it2,11.3666414377781,124.092226785514,5550678,0.313682760916775,0.270219962318117,20 km,Three groups: below secondary - bachelor's+
bogota_2018,B_common,sector,avg_pm10,2.95016878445017,9.76620270283475,5550678,0.313682760916775,0.270219962318117,20 km,Three groups: below secondary - bachelor's+
bogota_2018,B_common,sector,avg_pm25,0.891675584562767,6.04764932711612,5550678,0.313682760916775,0.270219962318117,20 km,Three groups: below secondary - bachelor's+
bogota_2018,B_common,sector,hrs_d_pm10_it1,0.559283816034804,103.049835427509,5550678,0.313682760916775,0.270219962318117,20 km,Three groups: below secondary - bachelor's+
bogota_2018,B_common,sector,hrs_d_pm10_it2,17.7942215246327,149.595554072311,5550678,0.313682760916775,0.270219962318117,20 km,Three groups: below secondary - bachelor's+
bogota_2018,B_common,sector,hrs_d_pm25_it1,0.1354833054356,82.0491505893216,5550678,0.313682760916775,0.270219962318117,20 km,Three groups: below secondary - bachelor's+
bogota_2018,B_common,sector,hrs_d_pm25_it2,11.8398765811247,128.387461738703,5550678,0.313682760916775,0.270219962318117,20 km,Three groups: below secondary - bachelor's+
bogota_2018,B_native,fine,avg_pm10,2.92816114878801,9.68887403744929,5550899,0.313692070419584,0.27021388787654,20 km,Three groups: below secondary - bachelor's+
bogota_2018,B_native,fine,avg_pm25,0.884163649133226,5.99154398773765,5550899,0.313692070419584,0.27021388787654,20 km,Three groups: below secondary - bachelor's+
bogota_2018,B_native,fine,hrs_d_pm10_it1,0.378801134889321,164.619271973964,5550899,0.313692070419584,0.27021388787654,20 km,Three groups: below secondary - bachelor's+
bogota_2018,B_native,fine,hrs_d_pm10_it2,17.5119137217809,159.384341960226,5550899,0.313692070419584,0.27021388787654,20 km,Three groups: below secondary - bachelor's+
bogota_2018,B_native,fine,hrs_d_pm25_it1,0.111813922705409,90.1969211112797,5550899,0.313692070419584,0.27021388787654,20 km,Three groups: below secondary - bachelor's+
bogota_2018,B_native,fine,hrs_d_pm25_it2,11.3865467771091,125.280664232278,5550899,0.313692070419584,0.27021388787654,20 km,Three groups: below secondary - bachelor's+
bogota_2018,B_native,localidad,avg_pm10,2.5882237026509,8.54193698617309,5550423,0.313671408467427,0.270226071058008,20 km,Three groups: below secondary - bachelor's+
bogota_2018,B_native,localidad,avg_pm25,0.765348555802202,5.22020763408431,5550423,0.313671408467427,0.270226071058008,20 km,Three groups: below secondary - bachelor's+
bogota_2018,B_native,localidad,hrs_d_pm10_it1,0.029586870044869,233.46185388956,5550423,0.313671408467427,0.270226071058008,20 km,Three groups: below secondary - bachelor's+
bogota_2018,B_native,localidad,hrs_d_pm10_it2,15.4806948274258,177.554616383667,5550423,0.313671408467427,0.270226071058008,20 km,Three groups: below secondary - bachelor's+
bogota_2018,B_native,localidad,hrs_d_pm25_it1,0.152403539965023,300.37101363162,5550423,0.313671408467427,0.270226071058008,20 km,Three groups: below secondary - bachelor's+
bogota_2018,B_native,localidad,hrs_d_pm25_it2,9.67923521752199,138.947525628402,5550423,0.313671408467427,0.270226071058008,20 km,Three groups: below secondary - bachelor's+
bogota_2018,B_native,municipio,avg_pm10,2.00888618213817,6.78181225875061,1082682,0.384675278613665,0.17793405635265,20 km,Three groups: below secondary - bachelor's+
bogota_2018,B_native,municipio,avg_pm25,0.605078910129139,4.37416481923725,1082682,0.384675278613665,0.17793405635265,20 km,Three groups: below secondary - bachelor's+
bogota_2018,B_native,municipio,hrs_d_pm10_it1,0.102605300220596,103.402912043821,1082682,0.384675278613665,0.17793405635265,20 km,Three groups: below secondary - bachelor's+
bogota_2018,B_native,municipio,hrs_d_pm10_it2,17.80376845416,73.8364625580519,1082682,0.384675278613665,0.17793405635265,20 km,Three groups: below secondary - bachelor's+
bogota_2018,B_native,municipio,hrs_d_pm25_it1,0.00480118124268328,2.84987940741939,1082682,0.384675278613665,0.17793405635265,20 km,Three groups: below secondary - bachelor's+
bogota_2018,B_native,municipio,hrs_d_pm25_it2,6.40831136320022,40.7564452712353,1082682,0.384675278613665,0.17793405635265,20 km,Three groups: below secondary - bachelor's+
bogota_2018,B_native,seccion,avg_pm10,2.95582056353543,9.7904045696962,5550899,0.313692070419584,0.27021388787654,20 km,Three groups: below secondary - bachelor's+
bogota_2018,B_native,seccion,avg_pm25,0.897543060788696,6.08813952764358,5550899,0.313692070419584,0.27021388787654,20 km,Three groups: below secondary - bachelor's+
bogota_2018,B_native,seccion,hrs_d_pm10_it1,0.414308606472126,129.907353163102,5550899,0.313692070419584,0.27021388787654,20 km,Three groups: below secondary - bachelor's+
bogota_2018,B_native,seccion,hrs_d_pm10_it2,17.5773372436774,156.358606562865,5550899,0.313692070419584,0.27021388787654,20 km,Three groups: below secondary - bachelor's+
bogota_2018,B_native,seccion,hrs_d_pm25_it1,0.105456161591617,77.0801080137588,5550899,0.313692070419584,0.27021388787654,20 km,Three groups: below secondary - bachelor's+
bogota_2018,B_native,seccion,hrs_d_pm25_it2,11.3653710513734,124.080291763541,5550899,0.313692070419584,0.27021388787654,20 km,Three groups: below secondary - bachelor's+
bogota_2018,B_native,sector,avg_pm10,2.94970350557378,9.7646748918889,5550899,0.313692070419584,0.27021388787654,20 km,Three groups: below secondary - bachelor's+
bogota_2018,B_native,sector,avg_pm25,0.891512519255626,6.04654727146954,5550899,0.313692070419584,0.27021388787654,20 km,Three groups: below secondary - bachelor's+
bogota_2018,B_native,sector,hrs_d_pm10_it1,0.559216645452,103.039245129301,5550899,0.313692070419584,0.27021388787654,20 km,Three groups: below secondary - bachelor's+
bogota_2018,B_native,sector,hrs_d_pm10_it2,17.7923646342517,149.582536128498,5550899,0.313692070419584,0.27021388787654,20 km,Three groups: below secondary - bachelor's+
bogota_2018,B_native,sector,hrs_d_pm25_it1,0.135465278670357,82.0396556060373,5550899,0.313692070419584,0.27021388787654,20 km,Three groups: below secondary - bachelor's+
bogota_2018,B_native,sector,hrs_d_pm25_it2,11.8385700682073,128.375296907872,5550899,0.313692070419584,0.27021388787654,20 km,Three groups: below secondary - bachelor's+
bogota_2018,C,fine,avg_pm10,5.81997761148998,20.5678097311474,5550678,0.150067072887312,0.192499546902198,20 km,Three groups: below secondary - bachelor's+
bogota_2018,C,fine,avg_pm25,1.65254154388686,11.7095492459681,5550678,0.150067072887312,0.192499546902198,20 km,Three groups: below secondary - bachelor's+
bogota_2018,C,fine,hrs_d_pm10_it1,0.694435299958171,20278.9341708446,5550678,0.150067072887312,0.192499546902198,20 km,Three groups: below secondary - bachelor's+
bogota_2018,C,fine,hrs_d_pm10_it2,37.9441923155423,1917.6059947582,5550678,0.150067072887312,0.192499546902198,20 km,Three groups: below secondary - bachelor's+
bogota_2018,C,fine,hrs_d_pm25_it1,0.242630042141687,467.320873744535,5550678,0.150067072887312,0.192499546902198,20 km,Three groups: below secondary - bachelor's+
bogota_2018,C,fine,hrs_d_pm25_it2,25.7480642368787,903.087813163815,5550678,0.150067072887312,0.192499546902198,20 km,Three groups: below secondary - bachelor's+
bogota_2018,C,localidad,avg_pm10,2.26172243133505,8.42449603713971,5550678,0.00476158047719576,0.101149445166879,20 km,Three groups: below secondary - bachelor's+
bogota_2018,C,localidad,avg_pm25,0.314437660983797,2.31040881529079,5550678,0.00476158047719576,0.101149445166879,20 km,Three groups: below secondary - bachelor's+
bogota_2018,C,localidad,hrs_d_pm10_it1,0.0125236473704124,,5550678,0.00476158047719576,0.101149445166879,20 km,Three groups: below secondary - bachelor's+
bogota_2018,C,localidad,hrs_d_pm10_it2,11.9755720147984,3468.79063759242,5550678,0.00476158047719576,0.101149445166879,20 km,Three groups: below secondary - bachelor's+
bogota_2018,C,localidad,hrs_d_pm25_it1,0.786227771471812,,5550678,0.00476158047719576,0.101149445166879,20 km,Three groups: below secondary - bachelor's+
bogota_2018,C,localidad,hrs_d_pm25_it2,24.713405561765,2495.25545048382,5550678,0.00476158047719576,0.101149445166879,20 km,Three groups: below secondary - bachelor's+
bogota_2018,C,municipio,avg_pm10,,,5550678,0.00471564014342032,0,20 km,Three groups: below secondary - bachelor's+
bogota_2018,C,municipio,avg_pm25,,,5550678,0.00471564014342032,0,20 km,Three groups: below secondary - bachelor's+
bogota_2018,C,municipio,hrs_d_pm10_it1,,,5550678,0.00471564014342032,0,20 km,Three groups: below secondary - bachelor's+
bogota_2018,C,municipio,hrs_d_pm10_it2,,,5550678,0.00471564014342032,0,20 km,Three groups: below secondary - bachelor's+
bogota_2018,C,municipio,hrs_d_pm25_it1,,,5550678,0.00471564014342032,0,20 km,Three groups: below secondary - bachelor's+
bogota_2018,C,municipio,hrs_d_pm25_it2,,,5550678,0.00471564014342032,0,20 km,Three groups: below secondary - bachelor's+
bogota_2018,C,seccion,avg_pm10,6.51810852940513,23.2141378815575,5550678,0.119834730099638,0.171305379270785,20 km,Three groups: below secondary - bachelor's+
bogota_2018,C,seccion,avg_pm25,1.80802180705221,12.8596397795935,5550678,0.119834730099638,0.171305379270785,20 km,Three groups: below secondary - bachelor's+
bogota_2018,C,seccion,hrs_d_pm10_it1,0.781336632770264,,5550678,0.119834730099638,0.171305379270785,20 km,Three groups: below secondary - bachelor's+
bogota_2018,C,seccion,hrs_d_pm10_it2,43.5177763912129,3266.16642372302,5550678,0.119834730099638,0.171305379270785,20 km,Three groups: below secondary - bachelor's+
bogota_2018,C,seccion,hrs_d_pm25_it1,0.324901828721939,,5550678,0.119834730099638,0.171305379270785,20 km,Three groups: below secondary - bachelor's+
bogota_2018,C,seccion,hrs_d_pm25_it2,30.183851962529,1574.12610061248,5550678,0.119834730099638,0.171305379270785,20 km,Three groups: below secondary - bachelor's+
bogota_2018,C,sector,avg_pm10,6.56113989125285,23.4257967386498,5550678,0.0913142502591575,0.170152006655764,20 km,Three groups: below secondary - bachelor's+
bogota_2018,C,sector,avg_pm25,1.78713370335035,12.7187869163031,5550678,0.0913142502591575,0.170152006655764,20 km,Three groups: below secondary - bachelor's+
bogota_2018,C,sector,hrs_d_pm10_it1,0.85468456524141,,5550678,0.0913142502591575,0.170152006655764,20 km,Three groups: below secondary - bachelor's+
bogota_2018,C,sector,hrs_d_pm10_it2,43.6287655506765,3695.17005194297,5550678,0.0913142502591575,0.170152006655764,20 km,Three groups: below secondary - bachelor's+
bogota_2018,C,sector,hrs_d_pm25_it1,0.33199172940638,,5550678,0.0913142502591575,0.170152006655764,20 km,Three groups: below secondary - bachelor's+
bogota_2018,C,sector,hrs_d_pm25_it2,32.5314845267149,1752.22607048771,5550678,0.0913142502591575,0.170152006655764,20 km,Three groups: below secondary - bachelor's+
bogota_2018,baseline_common,fine,avg_pm10,2.92862661291227,9.69040037634676,5550678,0.313682760916775,0.270219962318117,20 km,Three groups: below secondary - bachelor's+
bogota_2018,baseline_common,fine,avg_pm25,0.884326514960904,5.99264287072974,5550678,0.313682760916775,0.270219962318117,20 km,Three groups: below secondary - bachelor's+
bogota_2018,baseline_common,fine,hrs_d_pm10_it1,0.378839461729668,164.633074216974,5550678,0.313682760916775,0.270219962318117,20 km,Three groups: below secondary - bachelor's+
bogota_2018,baseline_common,fine,hrs_d_pm10_it2,17.5137037896889,159.397871155185,5550678,0.313682760916775,0.270219962318117,20 km,Three groups: below secondary - bachelor's+
bogota_2018,baseline_common,fine,hrs_d_pm25_it1,0.111828159189246,90.2068415683398,5550678,0.313682760916775,0.270219962318117,20 km,Three groups: below secondary - bachelor's+
bogota_2018,baseline_common,fine,hrs_d_pm25_it2,11.3878149390291,125.292665905326,5550678,0.313682760916775,0.270219962318117,20 km,Three groups: below secondary - bachelor's+
bogota_2018,baseline_common,localidad,avg_pm10,2.92991772370092,9.69453873550605,5550423,0.313671408467427,0.270226071058008,20 km,Three groups: below secondary - bachelor's+
bogota_2018,baseline_common,localidad,avg_pm25,0.884913678481148,5.99653881232547,5550423,0.313671408467427,0.270226071058008,20 km,Three groups: below secondary - bachelor's+
bogota_2018,baseline_common,localidad,hrs_d_pm10_it1,0.378884108951885,164.648634518696,5550423,0.313671408467427,0.270226071058008,20 km,Three groups: below secondary - bachelor's+
bogota_2018,baseline_common,localidad,hrs_d_pm10_it2,17.5157295691351,159.412927033506,5550423,0.313671408467427,0.270226071058008,20 km,Three groups: below secondary - bachelor's+
bogota_2018,baseline_common,localidad,hrs_d_pm25_it1,0.111844633804245,90.2180256421869,5550423,0.313671408467427,0.270226071058008,20 km,Three groups: below secondary - bachelor's+
bogota_2018,baseline_common,localidad,hrs_d_pm25_it2,11.3892259306414,125.305587783395,5550423,0.313671408467427,0.270226071058008,20 km,Three groups: below secondary - bachelor's+
bogota_2018,baseline_common,municipio,avg_pm10,2.38966577413733,8.15001816648056,1076650,0.382986114336135,0.178256629359588,20 km,Three groups: below secondary - bachelor's+
bogota_2018,baseline_common,municipio,avg_pm25,0.793064652564526,5.80102200449477,1076650,0.382986114336135,0.178256629359588,20 km,Three groups: below secondary - bachelor's+
bogota_2018,baseline_common,municipio,hrs_d_pm10_it1,0.793297818956781,50.1777126217979,1076650,0.382986114336135,0.178256629359588,20 km,Three groups: below secondary - bachelor's+
bogota_2018,baseline_common,municipio,hrs_d_pm10_it2,22.6836384588414,66.541065591228,1076650,0.382986114336135,0.178256629359588,20 km,Three groups: below secondary - bachelor's+
bogota_2018,baseline_common,municipio,hrs_d_pm25_it1,-0.0964729874458878,-11.0349467480092,1076650,0.382986114336135,0.178256629359588,20 km,Three groups: below secondary - bachelor's+
bogota_2018,baseline_common,municipio,hrs_d_pm25_it2,7.19676099774614,32.862586957997,1076650,0.382986114336135,0.178256629359588,20 km,Three groups: below secondary - bachelor's+
bogota_2018,baseline_common,seccion,avg_pm10,2.92862661291227,9.69040037634676,5550678,0.313682760916775,0.270219962318117,20 km,Three groups: below secondary - bachelor's+
bogota_2018,baseline_common,seccion,avg_pm25,0.884326514960904,5.99264287072974,5550678,0.313682760916775,0.270219962318117,20 km,Three groups: below secondary - bachelor's+
bogota_2018,baseline_common,seccion,hrs_d_pm10_it1,0.378839461729668,164.633074216974,5550678,0.313682760916775,0.270219962318117,20 km,Three groups: below secondary - bachelor's+
bogota_2018,baseline_common,seccion,hrs_d_pm10_it2,17.5137037896889,159.397871155185,5550678,0.313682760916775,0.270219962318117,20 km,Three groups: below secondary - bachelor's+
bogota_2018,baseline_common,seccion,hrs_d_pm25_it1,0.111828159189246,90.2068415683398,5550678,0.313682760916775,0.270219962318117,20 km,Three groups: below secondary - bachelor's+
bogota_2018,baseline_common,seccion,hrs_d_pm25_it2,11.3878149390291,125.292665905326,5550678,0.313682760916775,0.270219962318117,20 km,Three groups: below secondary - bachelor's+
bogota_2018,baseline_common,sector,avg_pm10,2.92862661291227,9.69040037634676,5550678,0.313682760916775,0.270219962318117,20 km,Three groups: below secondary - bachelor's+
bogota_2018,baseline_common,sector,avg_pm25,0.884326514960904,5.99264287072974,5550678,0.313682760916775,0.270219962318117,20 km,Three groups: below secondary - bachelor's+
bogota_2018,baseline_common,sector,hrs_d_pm10_it1,0.378839461729668,164.633074216974,5550678,0.313682760916775,0.270219962318117,20 km,Three groups: below secondary - bachelor's+
bogota_2018,baseline_common,sector,hrs_d_pm10_it2,17.5137037896889,159.397871155185,5550678,0.313682760916775,0.270219962318117,20 km,Three groups: below secondary - bachelor's+
bogota_2018,baseline_common,sector,hrs_d_pm25_it1,0.111828159189246,90.2068415683398,5550678,0.313682760916775,0.270219962318117,20 km,Three groups: below secondary - bachelor's+
bogota_2018,baseline_common,sector,hrs_d_pm25_it2,11.3878149390291,125.292665905326,5550678,0.313682760916775,0.270219962318117,20 km,Three groups: below secondary - bachelor's+
santiago_2017,A,comuna,avg_pm10,1.74693181757173,2.671726552876,3930887,0.327106833648487,0.186311893473407,20 km,Three groups: below secondary - bachelor's+
santiago_2017,A,comuna,avg_pm25,0.570948692626647,2.46508110017007,3930887,0.327106833648487,0.186311893473407,20 km,Three groups: below secondary - bachelor's+
santiago_2017,A,comuna,hrs_d_pm10_it1,73.3119745712186,23.4721437694525,3930887,0.327106833648487,0.186311893473407,20 km,Three groups: below secondary - bachelor's+
santiago_2017,A,comuna,hrs_d_pm10_it2,146.378218091345,10.8270851882823,3930887,0.327106833648487,0.186311893473407,20 km,Three groups: below secondary - bachelor's+
santiago_2017,A,comuna,hrs_d_pm25_it1,46.0004892350104,40.2893028231555,3930887,0.327106833648487,0.186311893473407,20 km,Three groups: below secondary - bachelor's+
santiago_2017,A,comuna,hrs_d_pm25_it2,108.240931441546,14.703908718428,3930887,0.327106833648487,0.186311893473407,20 km,Three groups: below secondary - bachelor's+
santiago_2017,A,distrito,avg_pm10,1.77093283907992,2.70922271834251,3930887,0.327106833648487,0.186311893473407,20 km,Three groups: below secondary - bachelor's+
santiago_2017,A,distrito,avg_pm25,0.565849596905647,2.44281122119763,3930887,0.327106833648487,0.186311893473407,20 km,Three groups: below secondary - bachelor's+
santiago_2017,A,distrito,hrs_d_pm10_it1,74.9324090743422,24.0809624982166,3930887,0.327106833648487,0.186311893473407,20 km,Three groups: below secondary - bachelor's+
santiago_2017,A,distrito,hrs_d_pm10_it2,149.531413882178,11.0782539284034,3930887,0.327106833648487,0.186311893473407,20 km,Three groups: below secondary - bachelor's+
santiago_2017,A,distrito,hrs_d_pm25_it1,47.3479239862015,41.762000555366,3930887,0.327106833648487,0.186311893473407,20 km,Three groups: below secondary - bachelor's+
santiago_2017,A,distrito,hrs_d_pm25_it2,108.956665999647,14.8138876105565,3930887,0.327106833648487,0.186311893473407,20 km,Three groups: below secondary - bachelor's+
santiago_2017,A,fine,avg_pm10,1.78716460146875,2.73459964702396,3930887,0.327106833648487,0.186311893473407,20 km,Three groups: below secondary - bachelor's+
santiago_2017,A,fine,avg_pm25,0.576456973519097,2.48936276002005,3930887,0.327106833648487,0.186311893473407,20 km,Three groups: below secondary - bachelor's+
santiago_2017,A,fine,hrs_d_pm10_it1,75.1944086116174,24.1798692438568,3930887,0.327106833648487,0.186311893473407,20 km,Three groups: below secondary - bachelor's+
santiago_2017,A,fine,hrs_d_pm10_it2,150.067855945379,11.1216929422019,3930887,0.327106833648487,0.186311893473407,20 km,Three groups: below secondary - bachelor's+
santiago_2017,A,fine,hrs_d_pm25_it1,47.588626474989,42.0136691104682,3930887,0.327106833648487,0.186311893473407,20 km,Three groups: below secondary - bachelor's+
santiago_2017,A,fine,hrs_d_pm25_it2,109.778965381135,14.93603310834,3930887,0.327106833648487,0.186311893473407,20 km,Three groups: below secondary - bachelor's+
santiago_2017,A_common,comuna,avg_pm10,1.74693181757173,2.671726552876,3930887,0.327106833648487,0.186311893473407,20 km,Three groups: below secondary - bachelor's+
santiago_2017,A_common,comuna,avg_pm25,0.570948692626647,2.46508110017007,3930887,0.327106833648487,0.186311893473407,20 km,Three groups: below secondary - bachelor's+
santiago_2017,A_common,comuna,hrs_d_pm10_it1,73.3119745712186,23.4721437694525,3930887,0.327106833648487,0.186311893473407,20 km,Three groups: below secondary - bachelor's+
santiago_2017,A_common,comuna,hrs_d_pm10_it2,146.378218091345,10.8270851882823,3930887,0.327106833648487,0.186311893473407,20 km,Three groups: below secondary - bachelor's+
santiago_2017,A_common,comuna,hrs_d_pm25_it1,46.0004892350104,40.2893028231555,3930887,0.327106833648487,0.186311893473407,20 km,Three groups: below secondary - bachelor's+
santiago_2017,A_common,comuna,hrs_d_pm25_it2,108.240931441546,14.703908718428,3930887,0.327106833648487,0.186311893473407,20 km,Three groups: below secondary - bachelor's+
santiago_2017,A_common,distrito,avg_pm10,1.77093283907992,2.70922271834251,3930887,0.327106833648487,0.186311893473407,20 km,Three groups: below secondary - bachelor's+
santiago_2017,A_common,distrito,avg_pm25,0.565849596905647,2.44281122119763,3930887,0.327106833648487,0.186311893473407,20 km,Three groups: below secondary - bachelor's+
santiago_2017,A_common,distrito,hrs_d_pm10_it1,74.9324090743422,24.0809624982166,3930887,0.327106833648487,0.186311893473407,20 km,Three groups: below secondary - bachelor's+
santiago_2017,A_common,distrito,hrs_d_pm10_it2,149.531413882178,11.0782539284034,3930887,0.327106833648487,0.186311893473407,20 km,Three groups: below secondary - bachelor's+
santiago_2017,A_common,distrito,hrs_d_pm25_it1,47.3479239862015,41.762000555366,3930887,0.327106833648487,0.186311893473407,20 km,Three groups: below secondary - bachelor's+
santiago_2017,A_common,distrito,hrs_d_pm25_it2,108.956665999647,14.8138876105565,3930887,0.327106833648487,0.186311893473407,20 km,Three groups: below secondary - bachelor's+
santiago_2017,A_common,fine,avg_pm10,1.78716460146875,2.73459964702396,3930887,0.327106833648487,0.186311893473407,20 km,Three groups: below secondary - bachelor's+
santiago_2017,A_common,fine,avg_pm25,0.576456973519097,2.48936276002005,3930887,0.327106833648487,0.186311893473407,20 km,Three groups: below secondary - bachelor's+
santiago_2017,A_common,fine,hrs_d_pm10_it1,75.1944086116174,24.1798692438568,3930887,0.327106833648487,0.186311893473407,20 km,Three groups: below secondary - bachelor's+
santiago_2017,A_common,fine,hrs_d_pm10_it2,150.067855945379,11.1216929422019,3930887,0.327106833648487,0.186311893473407,20 km,Three groups: below secondary - bachelor's+
santiago_2017,A_common,fine,hrs_d_pm25_it1,47.588626474989,42.0136691104682,3930887,0.327106833648487,0.186311893473407,20 km,Three groups: below secondary - bachelor's+
santiago_2017,A_common,fine,hrs_d_pm25_it2,109.778965381135,14.93603310834,3930887,0.327106833648487,0.186311893473407,20 km,Three groups: below secondary - bachelor's+
santiago_2017,B_common,comuna,avg_pm10,2.20655981131694,3.40610390033309,3930887,0.327106833648487,0.186311893473407,20 km,Three groups: below secondary - bachelor's+
santiago_2017,B_common,comuna,avg_pm25,0.746251348878051,3.24886094538261,3930887,0.327106833648487,0.186311893473407,20 km,Three groups: below secondary - bachelor's+
santiago_2017,B_common,comuna,hrs_d_pm10_it1,87.5491683017066,29.7877951998877,3930887,0.327106833648487,0.186311893473407,20 km,Three groups: below secondary - bachelor's+
santiago_2017,B_common,comuna,hrs_d_pm10_it2,183.741133403837,14.0772518958465,3930887,0.327106833648487,0.186311893473407,20 km,Three groups: below secondary - bachelor's+
santiago_2017,B_common,comuna,hrs_d_pm25_it1,50.1535340772151,46.2720091972913,3930887,0.327106833648487,0.186311893473407,20 km,Three groups: below secondary - bachelor's+
santiago_2017,B_common,comuna,hrs_d_pm25_it2,135.801858489834,19.3465233340678,3930887,0.327106833648487,0.186311893473407,20 km,Three groups: below secondary - bachelor's+
santiago_2017,B_common,distrito,avg_pm10,1.8162994262668,2.78072736092883,3930887,0.327106833648487,0.186311893473407,20 km,Three groups: below secondary - bachelor's+
santiago_2017,B_common,distrito,avg_pm25,0.576197719070724,2.48981463164411,3930887,0.327106833648487,0.186311893473407,20 km,Three groups: below secondary - bachelor's+
santiago_2017,B_common,distrito,hrs_d_pm10_it1,75.6675636249971,24.3906006103295,3930887,0.327106833648487,0.186311893473407,20 km,Three groups: below secondary - bachelor's+
santiago_2017,B_common,distrito,hrs_d_pm10_it2,152.597686696647,11.3310615204062,3930887,0.327106833648487,0.186311893473407,20 km,Three groups: below secondary - bachelor's+
santiago_2017,B_common,distrito,hrs_d_pm25_it1,47.2644789884657,41.7771880022337,3930887,0.327106833648487,0.186311893473407,20 km,Three groups: below secondary - bachelor's+
santiago_2017,B_common,distrito,hrs_d_pm25_it2,109.600095289137,14.9475007019288,3930887,0.327106833648487,0.186311893473407,20 km,Three groups: below secondary - bachelor's+
santiago_2017,B_common,fine,avg_pm10,1.78716460146875,2.73459964702396,3930887,0.327106833648487,0.186311893473407,20 km,Three groups: below secondary - bachelor's+
santiago_2017,B_common,fine,avg_pm25,0.576456973519097,2.48936276002005,3930887,0.327106833648487,0.186311893473407,20 km,Three groups: below secondary - bachelor's+
santiago_2017,B_common,fine,hrs_d_pm10_it1,75.1944086116174,24.1798692438568,3930887,0.327106833648487,0.186311893473407,20 km,Three groups: below secondary - bachelor's+
santiago_2017,B_common,fine,hrs_d_pm10_it2,150.067855945379,11.1216929422019,3930887,0.327106833648487,0.186311893473407,20 km,Three groups: below secondary - bachelor's+
santiago_2017,B_common,fine,hrs_d_pm25_it1,47.588626474989,42.0136691104682,3930887,0.327106833648487,0.186311893473407,20 km,Three groups: below secondary - bachelor's+
santiago_2017,B_common,fine,hrs_d_pm25_it2,109.778965381135,14.93603310834,3930887,0.327106833648487,0.186311893473407,20 km,Three groups: below secondary - bachelor's+
santiago_2017,B_native,comuna,avg_pm10,2.20655981131694,3.40610390033309,3930887,0.327106833648487,0.186311893473407,20 km,Three groups: below secondary - bachelor's+
santiago_2017,B_native,comuna,avg_pm25,0.746251348878051,3.24886094538261,3930887,0.327106833648487,0.186311893473407,20 km,Three groups: below secondary - bachelor's+
santiago_2017,B_native,comuna,hrs_d_pm10_it1,87.5491683017066,29.7877951998877,3930887,0.327106833648487,0.186311893473407,20 km,Three groups: below secondary - bachelor's+
santiago_2017,B_native,comuna,hrs_d_pm10_it2,183.741133403837,14.0772518958465,3930887,0.327106833648487,0.186311893473407,20 km,Three groups: below secondary - bachelor's+
santiago_2017,B_native,comuna,hrs_d_pm25_it1,50.1535340772151,46.2720091972913,3930887,0.327106833648487,0.186311893473407,20 km,Three groups: below secondary - bachelor's+
santiago_2017,B_native,comuna,hrs_d_pm25_it2,135.801858489834,19.3465233340678,3930887,0.327106833648487,0.186311893473407,20 km,Three groups: below secondary - bachelor's+
santiago_2017,B_native,distrito,avg_pm10,1.8162994262668,2.78072736092883,3930887,0.327106833648487,0.186311893473407,20 km,Three groups: below secondary - bachelor's+
santiago_2017,B_native,distrito,avg_pm25,0.576197719070724,2.48981463164411,3930887,0.327106833648487,0.186311893473407,20 km,Three groups: below secondary - bachelor's+
santiago_2017,B_native,distrito,hrs_d_pm10_it1,75.6675636249971,24.3906006103295,3930887,0.327106833648487,0.186311893473407,20 km,Three groups: below secondary - bachelor's+
santiago_2017,B_native,distrito,hrs_d_pm10_it2,152.597686696647,11.3310615204062,3930887,0.327106833648487,0.186311893473407,20 km,Three groups: below secondary - bachelor's+
santiago_2017,B_native,distrito,hrs_d_pm25_it1,47.2644789884657,41.7771880022337,3930887,0.327106833648487,0.186311893473407,20 km,Three groups: below secondary - bachelor's+
santiago_2017,B_native,distrito,hrs_d_pm25_it2,109.600095289137,14.9475007019288,3930887,0.327106833648487,0.186311893473407,20 km,Three groups: below secondary - bachelor's+
santiago_2017,B_native,fine,avg_pm10,1.78716460146875,2.73459964702396,3930887,0.327106833648487,0.186311893473407,20 km,Three groups: below secondary - bachelor's+
santiago_2017,B_native,fine,avg_pm25,0.576456973519097,2.48936276002005,3930887,0.327106833648487,0.186311893473407,20 km,Three groups: below secondary - bachelor's+
santiago_2017,B_native,fine,hrs_d_pm10_it1,75.1944086116174,24.1798692438568,3930887,0.327106833648487,0.186311893473407,20 km,Three groups: below secondary - bachelor's+
santiago_2017,B_native,fine,hrs_d_pm10_it2,150.067855945379,11.1216929422019,3930887,0.327106833648487,0.186311893473407,20 km,Three groups: below secondary - bachelor's+
santiago_2017,B_native,fine,hrs_d_pm25_it1,47.588626474989,42.0136691104682,3930887,0.327106833648487,0.186311893473407,20 km,Three groups: below secondary - bachelor's+
santiago_2017,B_native,fine,hrs_d_pm25_it2,109.778965381135,14.93603310834,3930887,0.327106833648487,0.186311893473407,20 km,Three groups: below secondary - bachelor's+
santiago_2017,C,comuna,avg_pm10,5.57453812730897,8.86081141955233,3930887,0.0758442051374156,0.0928398603165138,20 km,Three groups: below secondary - bachelor's+
santiago_2017,C,comuna,avg_pm25,1.6780121112759,7.43627458555294,3930887,0.0758442051374156,0.0928398603165138,20 km,Three groups: below secondary - bachelor's+
santiago_2017,C,comuna,hrs_d_pm10_it1,227.327499483509,106.159408271368,3930887,0.0758442051374156,0.0928398603165138,20 km,Three groups: below secondary - bachelor's+
santiago_2017,C,comuna,hrs_d_pm10_it2,451.681277722773,39.1397727662444,3930887,0.0758442051374156,0.0928398603165138,20 km,Three groups: below secondary - bachelor's+
santiago_2017,C,comuna,hrs_d_pm25_it1,136.048300153048,194.453219872448,3930887,0.0758442051374156,0.0928398603165138,20 km,Three groups: below secondary - bachelor's+
santiago_2017,C,comuna,hrs_d_pm25_it2,316.418432066956,52.4486875049675,3930887,0.0758442051374156,0.0928398603165138,20 km,Three groups: below secondary - bachelor's+
santiago_2017,C,distrito,avg_pm10,4.2632866066451,6.70789289765323,3930887,0.188098004343549,0.131258924512457,20 km,Three groups: below secondary - bachelor's+
santiago_2017,C,distrito,avg_pm25,1.28741151742678,5.67557133062713,3930887,0.188098004343549,0.131258924512457,20 km,Three groups: below secondary - bachelor's+
santiago_2017,C,distrito,hrs_d_pm10_it1,172.078056653663,71.8558479950136,3930887,0.188098004343549,0.131258924512457,20 km,Three groups: below secondary - bachelor's+
santiago_2017,C,distrito,hrs_d_pm10_it2,347.719624481747,28.8653269719863,3930887,0.188098004343549,0.131258924512457,20 km,Three groups: below secondary - bachelor's+
santiago_2017,C,distrito,hrs_d_pm25_it1,100.647638415485,126.073242127838,3930887,0.188098004343549,0.131258924512457,20 km,Three groups: below secondary - bachelor's+
santiago_2017,C,distrito,hrs_d_pm25_it2,240.946380562951,37.8420230851593,3930887,0.188098004343549,0.131258924512457,20 km,Three groups: below secondary - bachelor's+
santiago_2017,C,fine,avg_pm10,4.00495806578022,6.31239012093035,3930887,0.219982156698984,0.133120082057815,20 km,Three groups: below secondary - bachelor's+
santiago_2017,C,fine,avg_pm25,1.19225050030155,5.26164661561932,3930887,0.219982156698984,0.133120082057815,20 km,Three groups: below secondary - bachelor's+
santiago_2017,C,fine,hrs_d_pm10_it1,160.615071612552,67.3406199399213,3930887,0.219982156698984,0.133120082057815,20 km,Three groups: below secondary - bachelor's+
santiago_2017,C,fine,hrs_d_pm10_it2,324.939111804436,27.0842079258441,3930887,0.219982156698984,0.133120082057815,20 km,Three groups: below secondary - bachelor's+
santiago_2017,C,fine,hrs_d_pm25_it1,92.8903540176522,117.356930357151,3930887,0.219982156698984,0.133120082057815,20 km,Three groups: below secondary - bachelor's+
santiago_2017,C,fine,hrs_d_pm25_it2,226.699035447825,35.7294150317669,3930887,0.219982156698984,0.133120082057815,20 km,Three groups: below secondary - bachelor's+
santiago_2017,baseline_common,comuna,avg_pm10,1.78716460146875,2.73459964702396,3930887,0.327106833648487,0.186311893473407,20 km,Three groups: below secondary - bachelor's+
santiago_2017,baseline_common,comuna,avg_pm25,0.576456973519097,2.48936276002005,3930887,0.327106833648487,0.186311893473407,20 km,Three groups: below secondary - bachelor's+
santiago_2017,baseline_common,comuna,hrs_d_pm10_it1,75.1944086116174,24.1798692438568,3930887,0.327106833648487,0.186311893473407,20 km,Three groups: below secondary - bachelor's+
santiago_2017,baseline_common,comuna,hrs_d_pm10_it2,150.067855945379,11.1216929422019,3930887,0.327106833648487,0.186311893473407,20 km,Three groups: below secondary - bachelor's+
santiago_2017,baseline_common,comuna,hrs_d_pm25_it1,47.588626474989,42.0136691104682,3930887,0.327106833648487,0.186311893473407,20 km,Three groups: below secondary - bachelor's+
santiago_2017,baseline_common,comuna,hrs_d_pm25_it2,109.778965381135,14.93603310834,3930887,0.327106833648487,0.186311893473407,20 km,Three groups: below secondary - bachelor's+
santiago_2017,baseline_common,distrito,avg_pm10,1.78716460146875,2.73459964702396,3930887,0.327106833648487,0.186311893473407,20 km,Three groups: below secondary - bachelor's+
santiago_2017,baseline_common,distrito,avg_pm25,0.576456973519097,2.48936276002005,3930887,0.327106833648487,0.186311893473407,20 km,Three groups: below secondary - bachelor's+
santiago_2017,baseline_common,distrito,hrs_d_pm10_it1,75.1944086116174,24.1798692438568,3930887,0.327106833648487,0.186311893473407,20 km,Three groups: below secondary - bachelor's+
santiago_2017,baseline_common,distrito,hrs_d_pm10_it2,150.067855945379,11.1216929422019,3930887,0.327106833648487,0.186311893473407,20 km,Three groups: below secondary - bachelor's+
santiago_2017,baseline_common,distrito,hrs_d_pm25_it1,47.588626474989,42.0136691104682,3930887,0.327106833648487,0.186311893473407,20 km,Three groups: below secondary - bachelor's+
santiago_2017,baseline_common,distrito,hrs_d_pm25_it2,109.778965381135,14.93603310834,3930887,0.327106833648487,0.186311893473407,20 km,Three groups: below secondary - bachelor's+
santiago_2017,baseline_common,fine,avg_pm10,1.78716460146875,2.73459964702396,3930887,0.327106833648487,0.186311893473407,20 km,Three groups: below secondary - bachelor's+
santiago_2017,baseline_common,fine,avg_pm25,0.576456973519097,2.48936276002005,3930887,0.327106833648487,0.186311893473407,20 km,Three groups: below secondary - bachelor's+
santiago_2017,baseline_common,fine,hrs_d_pm10_it1,75.1944086116174,24.1798692438568,3930887,0.327106833648487,0.186311893473407,20 km,Three groups: below secondary - bachelor's+
santiago_2017,baseline_common,fine,hrs_d_pm10_it2,150.067855945379,11.1216929422019,3930887,0.327106833648487,0.186311893473407,20 km,Three groups: below secondary - bachelor's+
santiago_2017,baseline_common,fine,hrs_d_pm25_it1,47.588626474989,42.0136691104682,3930887,0.327106833648487,0.186311893473407,20 km,Three groups: below secondary - bachelor's+
santiago_2017,baseline_common,fine,hrs_d_pm25_it2,109.778965381135,14.93603310834,3930887,0.327106833648487,0.186311893473407,20 km,Three groups: below secondary - bachelor's+
sao_paulo_2010,A,fine,avg_pm10,0.558675512479454,2.1064180881853,9864606.72850903,0.521965724348725,0.180249642023028,20 km,Three groups: below secondary - bachelor's+
sao_paulo_2010,A,fine,avg_pm25,-0.0746662153416668,-0.493828262482698,9852094.74240695,0.521867148301517,0.180332247202274,20 km,Three groups: below secondary - bachelor's+
sao_paulo_2010,A,fine,hrs_d_pm10_it1,1.59347587710282,102.801287429979,9864606.72850903,0.521965724348725,0.180249642023028,20 km,Three groups: below secondary - bachelor's+
sao_paulo_2010,A,fine,hrs_d_pm10_it2,17.9864186657751,57.0679847516958,9864606.72850903,0.521965724348725,0.180249642023028,20 km,Three groups: below secondary - bachelor's+
sao_paulo_2010,A,fine,hrs_d_pm25_it1,2.29137021595675,23.5858355803324,9852094.74240695,0.521867148301517,0.180332247202274,20 km,Three groups: below secondary - bachelor's+
sao_paulo_2010,A,fine,hrs_d_pm25_it2,18.1240452809702,17.6511285951992,9852094.74240695,0.521867148301517,0.180332247202274,20 km,Three groups: below secondary - bachelor's+
sao_paulo_2010,A,municipio,avg_pm10,0.144044880961442,0.53673539333563,9864606.72850903,0.521965724348725,0.180249642023028,20 km,Three groups: below secondary - bachelor's+
sao_paulo_2010,A,municipio,avg_pm25,0.00575400181255326,0.0382130537876391,9852094.74240695,0.521867148301517,0.180332247202274,20 km,Three groups: below secondary - bachelor's+
sao_paulo_2010,A,municipio,hrs_d_pm10_it1,0.446035714378865,18.3762823909829,9864606.72850903,0.521965724348725,0.180249642023028,20 km,Three groups: below secondary - bachelor's+
sao_paulo_2010,A,municipio,hrs_d_pm10_it2,5.37741106873747,13.0582042074009,9864606.72850903,0.521965724348725,0.180249642023028,20 km,Three groups: below secondary - bachelor's+
sao_paulo_2010,A,municipio,hrs_d_pm25_it1,0.840387252572317,7.74716974146823,9852094.74240695,0.521867148301517,0.180332247202274,20 km,Three groups: below secondary - bachelor's+
sao_paulo_2010,A,municipio,hrs_d_pm25_it2,7.83880806471416,7.08533706133856,9852094.74240695,0.521867148301517,0.180332247202274,20 km,Three groups: below secondary - bachelor's+
sao_paulo_2010,A_common,fine,avg_pm10,0.558675512479454,2.1064180881853,9864606.72850903,0.521965724348725,0.180249642023028,20 km,Three groups: below secondary - bachelor's+
sao_paulo_2010,A_common,fine,avg_pm25,-0.0746662153416668,-0.493828262482698,9852094.74240695,0.521867148301517,0.180332247202274,20 km,Three groups: below secondary - bachelor's+
sao_paulo_2010,A_common,fine,hrs_d_pm10_it1,1.59347587710282,102.801287429979,9864606.72850903,0.521965724348725,0.180249642023028,20 km,Three groups: below secondary - bachelor's+
sao_paulo_2010,A_common,fine,hrs_d_pm10_it2,17.9864186657751,57.0679847516958,9864606.72850903,0.521965724348725,0.180249642023028,20 km,Three groups: below secondary - bachelor's+
sao_paulo_2010,A_common,fine,hrs_d_pm25_it1,2.29137021595675,23.5858355803324,9852094.74240695,0.521867148301517,0.180332247202274,20 km,Three groups: below secondary - bachelor's+
sao_paulo_2010,A_common,fine,hrs_d_pm25_it2,18.1240452809702,17.6511285951992,9852094.74240695,0.521867148301517,0.180332247202274,20 km,Three groups: below secondary - bachelor's+
sao_paulo_2010,A_common,municipio,avg_pm10,0.14517456043216,0.541039779008035,9739700.75459104,0.521635797976192,0.180621076658692,20 km,Three groups: below secondary - bachelor's+
sao_paulo_2010,A_common,municipio,avg_pm25,0.0075566033689487,0.0502332216873347,9727188.76848896,0.521535531741638,0.180705220336442,20 km,Three groups: below secondary - bachelor's+
sao_paulo_2010,A_common,municipio,hrs_d_pm10_it1,0.409976288829593,17.1820024753787,9739700.75459104,0.521635797976192,0.180621076658692,20 km,Three groups: below secondary - bachelor's+
sao_paulo_2010,A_common,municipio,hrs_d_pm10_it2,5.19863213808523,12.7031627163668,9739700.75459104,0.521635797976192,0.180621076658692,20 km,Three groups: below secondary - bachelor's+
sao_paulo_2010,A_common,municipio,hrs_d_pm25_it1,0.759155525887486,7.11436693609431,9727188.76848896,0.521535531741638,0.180705220336442,20 km,Three groups: below secondary - bachelor's+
sao_paulo_2010,A_common,municipio,hrs_d_pm25_it2,7.62880619337371,6.99245525273451,9727188.76848896,0.521535531741638,0.180705220336442,20 km,Three groups: below secondary - bachelor's+
sao_paulo_2010,B_common,fine,avg_pm10,0.558675512479461,2.10641808818532,9864606.72850903,0.521965724348725,0.180249642023028,20 km,Three groups: below secondary - bachelor's+
sao_paulo_2010,B_common,fine,avg_pm25,-0.0746662153416651,-0.493828262482687,9852094.74240695,0.521867148301517,0.180332247202274,20 km,Three groups: below secondary - bachelor's+
sao_paulo_2010,B_common,fine,hrs_d_pm10_it1,1.59347587710282,102.801287429979,9864606.72850903,0.521965724348725,0.180249642023028,20 km,Three groups: below secondary - bachelor's+
sao_paulo_2010,B_common,fine,hrs_d_pm10_it2,17.9864186657751,57.0679847516958,9864606.72850903,0.521965724348725,0.180249642023028,20 km,Three groups: below secondary - bachelor's+
sao_paulo_2010,B_common,fine,hrs_d_pm25_it1,2.29137021595675,23.5858355803324,9852094.74240695,0.521867148301517,0.180332247202274,20 km,Three groups: below secondary - bachelor's+
sao_paulo_2010,B_common,fine,hrs_d_pm25_it2,18.1240452809702,17.6511285951992,9852094.74240695,0.521867148301517,0.180332247202274,20 km,Three groups: below secondary - bachelor's+
sao_paulo_2010,B_common,municipio,avg_pm10,0.084333324311622,0.307599481449938,9739700.75459104,0.521635797976192,0.180621076658692,20 km,Three groups: below secondary - bachelor's+
sao_paulo_2010,B_common,municipio,avg_pm25,-0.0201925871148649,-0.131543590725314,9727188.76848896,0.521535531741638,0.180705220336442,20 km,Three groups: below secondary - bachelor's+
sao_paulo_2010,B_common,municipio,hrs_d_pm10_it1,0.555219145164795,25.9414128407111,9739700.75459104,0.521635797976192,0.180621076658692,20 km,Three groups: below secondary - bachelor's+
sao_paulo_2010,B_common,municipio,hrs_d_pm10_it2,8.84132143023963,24.3310462712678,9739700.75459104,0.521635797976192,0.180621076658692,20 km,Three groups: below secondary - bachelor's+
sao_paulo_2010,B_common,municipio,hrs_d_pm25_it1,1.03545888635475,9.53830136999008,9727188.76848896,0.521535531741638,0.180705220336442,20 km,Three groups: below secondary - bachelor's+
sao_paulo_2010,B_common,municipio,hrs_d_pm25_it2,9.77732646519237,8.20129673077417,9727188.76848896,0.521535531741638,0.180705220336442,20 km,Three groups: below secondary - bachelor's+
sao_paulo_2010,B_native,fine,avg_pm10,0.558675512479461,2.10641808818532,9864606.72850903,0.521965724348725,0.180249642023028,20 km,Three groups: below secondary - bachelor's+
sao_paulo_2010,B_native,fine,avg_pm25,-0.0746662153416651,-0.493828262482687,9852094.74240695,0.521867148301517,0.180332247202274,20 km,Three groups: below secondary - bachelor's+
sao_paulo_2010,B_native,fine,hrs_d_pm10_it1,1.59347587710282,102.801287429979,9864606.72850903,0.521965724348725,0.180249642023028,20 km,Three groups: below secondary - bachelor's+
sao_paulo_2010,B_native,fine,hrs_d_pm10_it2,17.9864186657751,57.0679847516958,9864606.72850903,0.521965724348725,0.180249642023028,20 km,Three groups: below secondary - bachelor's+
sao_paulo_2010,B_native,fine,hrs_d_pm25_it1,2.29137021595675,23.5858355803324,9852094.74240695,0.521867148301517,0.180332247202274,20 km,Three groups: below secondary - bachelor's+
sao_paulo_2010,B_native,fine,hrs_d_pm25_it2,18.1240452809702,17.6511285951992,9852094.74240695,0.521867148301517,0.180332247202274,20 km,Three groups: below secondary - bachelor's+
sao_paulo_2010,B_native,municipio,avg_pm10,0.0830783769797208,0.303026912740823,9747674.35461035,0.521748849360378,0.180523628879122,20 km,Three groups: below secondary - bachelor's+
sao_paulo_2010,B_native,municipio,avg_pm25,-0.0204290331183312,-0.133084728081123,9735162.36850827,0.521648810546807,0.180607578395417,20 km,Three groups: below secondary - bachelor's+
sao_paulo_2010,B_native,municipio,hrs_d_pm10_it1,0.557562197789189,26.0378033476832,9747674.35461035,0.521748849360378,0.180523628879122,20 km,Three groups: below secondary - bachelor's+
sao_paulo_2010,B_native,municipio,hrs_d_pm10_it2,8.85232824700769,24.3563571280292,9747674.35461035,0.521748849360378,0.180523628879122,20 km,Three groups: below secondary - bachelor's+
sao_paulo_2010,B_native,municipio,hrs_d_pm25_it1,1.03828112937933,9.56303522912292,9735162.36850827,0.521648810546807,0.180607578395417,20 km,Three groups: below secondary - bachelor's+
sao_paulo_2010,B_native,municipio,hrs_d_pm25_it2,9.79201913583172,8.21299124960111,9735162.36850827,0.521648810546807,0.180607578395417,20 km,Three groups: below secondary - bachelor's+
sao_paulo_2010,C,fine,avg_pm10,1.23144734126029,4.72705944413538,9864606.72850904,0.618315832022499,0.0855522499789376,20 km,Three groups: below secondary - bachelor's+
sao_paulo_2010,C,fine,avg_pm25,-0.169873393201474,-1.11791947451205,9852094.74240696,0.617831099878728,0.0856608998235367,20 km,Three groups: below secondary - bachelor's+
sao_paulo_2010,C,fine,hrs_d_pm10_it1,3.49696843770819,1611.74674954015,9864606.72850904,0.618315832022499,0.0855522499789376,20 km,Three groups: below secondary - bachelor's+
sao_paulo_2010,C,fine,hrs_d_pm10_it2,37.4421290170459,202.982391114957,9864606.72850904,0.618315832022499,0.0855522499789376,20 km,Three groups: below secondary - bachelor's+
sao_paulo_2010,C,fine,hrs_d_pm25_it1,4.71688795550963,58.0183978207557,9852094.74240696,0.617831099878728,0.0856608998235367,20 km,Three groups: below secondary - bachelor's+
sao_paulo_2010,C,fine,hrs_d_pm25_it2,32.4558391816649,33.923316712605,9852094.74240696,0.617831099878728,0.0856608998235367,20 km,Three groups: below secondary - bachelor's+
sao_paulo_2010,C,municipio,avg_pm10,,,9864606.72850904,0.30734718510216,0,20 km,Three groups: below secondary - bachelor's+
sao_paulo_2010,C,municipio,avg_pm25,,,9852094.74240696,0.306467528275855,0,20 km,Three groups: below secondary - bachelor's+
sao_paulo_2010,C,municipio,hrs_d_pm10_it1,,,9864606.72850904,0.30734718510216,0,20 km,Three groups: below secondary - bachelor's+
sao_paulo_2010,C,municipio,hrs_d_pm10_it2,,,9864606.72850904,0.30734718510216,0,20 km,Three groups: below secondary - bachelor's+
sao_paulo_2010,C,municipio,hrs_d_pm25_it1,,,9852094.74240696,0.306467528275855,0,20 km,Three groups: below secondary - bachelor's+
sao_paulo_2010,C,municipio,hrs_d_pm25_it2,,,9852094.74240696,0.306467528275855,0,20 km,Three groups: below secondary - bachelor's+
sao_paulo_2010,baseline_common,fine,avg_pm10,0.558675512479454,2.1064180881853,9864606.72850903,0.521965724348725,0.180249642023028,20 km,Three groups: below secondary - bachelor's+
sao_paulo_2010,baseline_common,fine,avg_pm25,-0.0746662153416668,-0.493828262482698,9852094.74240695,0.521867148301517,0.180332247202274,20 km,Three groups: below secondary - bachelor's+
sao_paulo_2010,baseline_common,fine,hrs_d_pm10_it1,1.59347587710282,102.801287429979,9864606.72850903,0.521965724348725,0.180249642023028,20 km,Three groups: below secondary - bachelor's+
sao_paulo_2010,baseline_common,fine,hrs_d_pm10_it2,17.9864186657751,57.0679847516958,9864606.72850903,0.521965724348725,0.180249642023028,20 km,Three groups: below secondary - bachelor's+
sao_paulo_2010,baseline_common,fine,hrs_d_pm25_it1,2.29137021595675,23.5858355803324,9852094.74240695,0.521867148301517,0.180332247202274,20 km,Three groups: below secondary - bachelor's+
sao_paulo_2010,baseline_common,fine,hrs_d_pm25_it2,18.1240452809702,17.6511285951992,9852094.74240695,0.521867148301517,0.180332247202274,20 km,Three groups: below secondary - bachelor's+
sao_paulo_2010,baseline_common,municipio,avg_pm10,0.564011572169999,2.12714927143911,9739700.75459104,0.521635797976192,0.180621076658692,20 km,Three groups: below secondary - bachelor's+
sao_paulo_2010,baseline_common,municipio,avg_pm25,-0.0767247897048957,-0.507820394978154,9727188.76848896,0.521535531741638,0.180705220336442,20 km,Three groups: below secondary - bachelor's+
sao_paulo_2010,baseline_common,municipio,hrs_d_pm10_it1,1.56609231816233,104.215243031371,9739700.75459104,0.521635797976192,0.180621076658692,20 km,Three groups: below secondary - bachelor's+
sao_paulo_2010,baseline_common,municipio,hrs_d_pm10_it2,17.9068417677661,57.4078421867999,9739700.75459104,0.521635797976192,0.180621076658692,20 km,Three groups: below secondary - bachelor's+
sao_paulo_2010,baseline_common,municipio,hrs_d_pm25_it1,2.14993244469699,22.4216619184349,9727188.76848896,0.521535531741638,0.180705220336442,20 km,Three groups: below secondary - bachelor's+
sao_paulo_2010,baseline_common,municipio,hrs_d_pm25_it2,17.5646634378357,17.3143711148783,9727188.76848896,0.521535531741638,0.180705220336442,20 km,Three groups: below secondary - bachelor's+
