edu_quintile,population,mean,share,design,level,outcome,city_id
1,805403,26.5123795168382,0.189282210875673,A,fine,hrs_d_pm10_it1,bogota_2018
2,873186,22.8384811483464,0.205212268374572,A,fine,hrs_d_pm10_it1,bogota_2018
3,761562,35.4041601340403,0.178978895135602,A,fine,hrs_d_pm10_it1,bogota_2018
4,915457,15.3261147164749,0.215146609736505,A,fine,hrs_d_pm10_it1,bogota_2018
5,899430,9.96916825100341,0.211380015877649,A,fine,hrs_d_pm10_it1,bogota_2018
1,805403,26.5123795168382,0.189282210875673,B_native,fine,hrs_d_pm10_it1,bogota_2018
2,873186,22.8384811483464,0.205212268374572,B_native,fine,hrs_d_pm10_it1,bogota_2018
3,761562,35.4041601340403,0.178978895135602,B_native,fine,hrs_d_pm10_it1,bogota_2018
4,915457,15.3261147164749,0.215146609736505,B_native,fine,hrs_d_pm10_it1,bogota_2018
5,899430,9.96916825100341,0.211380015877649,B_native,fine,hrs_d_pm10_it1,bogota_2018
1,805403,26.5123795168382,0.189282210875673,B_common,fine,hrs_d_pm10_it1,bogota_2018
2,873186,22.8384811483464,0.205212268374572,B_common,fine,hrs_d_pm10_it1,bogota_2018
3,761562,35.4041601340403,0.178978895135602,B_common,fine,hrs_d_pm10_it1,bogota_2018
4,915457,15.3261147164749,0.215146609736505,B_common,fine,hrs_d_pm10_it1,bogota_2018
5,899430,9.96916825100341,0.211380015877649,B_common,fine,hrs_d_pm10_it1,bogota_2018
1,805403,26.5123795168382,0.189282210875673,baseline_common,fine,hrs_d_pm10_it1,bogota_2018
2,873186,22.8384811483464,0.205212268374572,baseline_common,fine,hrs_d_pm10_it1,bogota_2018
3,761562,35.4041601340403,0.178978895135602,baseline_common,fine,hrs_d_pm10_it1,bogota_2018
4,915457,15.3261147164749,0.215146609736505,baseline_common,fine,hrs_d_pm10_it1,bogota_2018
5,899430,9.96916825100341,0.211380015877649,baseline_common,fine,hrs_d_pm10_it1,bogota_2018
1,805403,26.5123795168382,0.189282210875673,A_common,fine,hrs_d_pm10_it1,bogota_2018
2,873186,22.8384811483464,0.205212268374572,A_common,fine,hrs_d_pm10_it1,bogota_2018
3,761562,35.4041601340403,0.178978895135602,A_common,fine,hrs_d_pm10_it1,bogota_2018
4,915457,15.3261147164749,0.215146609736505,A_common,fine,hrs_d_pm10_it1,bogota_2018
5,899430,9.96916825100341,0.211380015877649,A_common,fine,hrs_d_pm10_it1,bogota_2018
1,687532,44.9386515827627,0.161580695636561,C,fine,hrs_d_pm10_it1,bogota_2018
2,785229,28.344225697217,0.184541007624374,C,fine,hrs_d_pm10_it1,bogota_2018
3,865260,28.6560710075584,0.203349535303798,C,fine,hrs_d_pm10_it1,bogota_2018
4,962695,12.6319218444056,0.226248273223412,C,fine,hrs_d_pm10_it1,bogota_2018
5,954322,1.20055285322983,0.224280488211856,C,fine,hrs_d_pm10_it1,bogota_2018
1,805403,144.404215032723,0.189282210875673,A,fine,hrs_d_pm10_it2,bogota_2018
2,873186,147.587580423873,0.205212268374572,A,fine,hrs_d_pm10_it2,bogota_2018
3,761562,134.683953506084,0.178978895135602,A,fine,hrs_d_pm10_it2,bogota_2018
4,915457,112.962858987369,0.215146609736505,A,fine,hrs_d_pm10_it2,bogota_2018
5,899430,49.9781005748085,0.211380015877649,A,fine,hrs_d_pm10_it2,bogota_2018
1,805403,144.404215032723,0.189282210875673,B_native,fine,hrs_d_pm10_it2,bogota_2018
2,873186,147.587580423873,0.205212268374572,B_native,fine,hrs_d_pm10_it2,bogota_2018
3,761562,134.683953506084,0.178978895135602,B_native,fine,hrs_d_pm10_it2,bogota_2018
4,915457,112.962858987369,0.215146609736505,B_native,fine,hrs_d_pm10_it2,bogota_2018
5,899430,49.9781005748085,0.211380015877649,B_native,fine,hrs_d_pm10_it2,bogota_2018
1,805403,144.404215032723,0.189282210875673,B_common,fine,hrs_d_pm10_it2,bogota_2018
2,873186,147.587580423873,0.205212268374572,B_common,fine,hrs_d_pm10_it2,bogota_2018
3,761562,134.683953506084,0.178978895135602,B_common,fine,hrs_d_pm10_it2,bogota_2018
4,915457,112.962858987369,0.215146609736505,B_common,fine,hrs_d_pm10_it2,bogota_2018
5,899430,49.9781005748085,0.211380015877649,B_common,fine,hrs_d_pm10_it2,bogota_2018
1,805403,144.404215032723,0.189282210875673,baseline_common,fine,hrs_d_pm10_it2,bogota_2018
2,873186,147.587580423873,0.205212268374572,baseline_common,fine,hrs_d_pm10_it2,bogota_2018
3,761562,134.683953506084,0.178978895135602,baseline_common,fine,hrs_d_pm10_it2,bogota_2018
4,915457,112.962858987369,0.215146609736505,baseline_common,fine,hrs_d_pm10_it2,bogota_2018
5,899430,49.9781005748085,0.211380015877649,baseline_common,fine,hrs_d_pm10_it2,bogota_2018
1,805403,144.404215032723,0.189282210875673,A_common,fine,hrs_d_pm10_it2,bogota_2018
2,873186,147.587580423873,0.205212268374572,A_common,fine,hrs_d_pm10_it2,bogota_2018
3,761562,134.683953506084,0.178978895135602,A_common,fine,hrs_d_pm10_it2,bogota_2018
4,915457,112.962858987369,0.215146609736505,A_common,fine,hrs_d_pm10_it2,bogota_2018
5,899430,49.9781005748085,0.211380015877649,A_common,fine,hrs_d_pm10_it2,bogota_2018
1,687532,209.107994973325,0.161580695636561,C,fine,hrs_d_pm10_it2,bogota_2018
2,785229,141.490460744573,0.184541007624374,C,fine,hrs_d_pm10_it2,bogota_2018
3,865260,135.467799274207,0.203349535303798,C,fine,hrs_d_pm10_it2,bogota_2018
4,962695,104.633606697864,0.226248273223412,C,fine,hrs_d_pm10_it2,bogota_2018
5,954322,24.4085874579021,0.224280488211856,C,fine,hrs_d_pm10_it2,bogota_2018
1,805403,34.7019719860693,0.189282210875673,A,fine,avg_pm10,bogota_2018
2,873186,34.2835940239885,0.205212268374572,A,fine,avg_pm10,bogota_2018
3,761562,34.6067673853782,0.178978895135602,A,fine,avg_pm10,bogota_2018
4,915457,33.2237031067031,0.215146609736505,A,fine,avg_pm10,bogota_2018
5,899430,27.4383991759244,0.211380015877649,A,fine,avg_pm10,bogota_2018
1,805403,34.7019719860693,0.189282210875673,B_native,fine,avg_pm10,bogota_2018
2,873186,34.2835940239885,0.205212268374572,B_native,fine,avg_pm10,bogota_2018
3,761562,34.6067673853782,0.178978895135602,B_native,fine,avg_pm10,bogota_2018
4,915457,33.2237031067031,0.215146609736505,B_native,fine,avg_pm10,bogota_2018
5,899430,27.4383991759244,0.211380015877649,B_native,fine,avg_pm10,bogota_2018
1,805403,34.7019719860693,0.189282210875673,B_common,fine,avg_pm10,bogota_2018
2,873186,34.2835940239885,0.205212268374572,B_common,fine,avg_pm10,bogota_2018
3,761562,34.6067673853782,0.178978895135602,B_common,fine,avg_pm10,bogota_2018
4,915457,33.2237031067031,0.215146609736505,B_common,fine,avg_pm10,bogota_2018
5,899430,27.4383991759244,0.211380015877649,B_common,fine,avg_pm10,bogota_2018
1,805403,34.7019719860693,0.189282210875673,baseline_common,fine,avg_pm10,bogota_2018
2,873186,34.2835940239885,0.205212268374572,baseline_common,fine,avg_pm10,bogota_2018
3,761562,34.6067673853782,0.178978895135602,baseline_common,fine,avg_pm10,bogota_2018
4,915457,33.2237031067031,0.215146609736505,baseline_common,fine,avg_pm10,bogota_2018
5,899430,27.4383991759244,0.211380015877649,baseline_common,fine,avg_pm10,bogota_2018
1,805403,34.7019719860693,0.189282210875673,A_common,fine,avg_pm10,bogota_2018
2,873186,34.2835940239885,0.205212268374572,A_common,fine,avg_pm10,bogota_2018
3,761562,34.6067673853782,0.178978895135602,A_common,fine,avg_pm10,bogota_2018
4,915457,33.2237031067031,0.215146609736505,A_common,fine,avg_pm10,bogota_2018
5,899430,27.4383991759244,0.211380015877649,A_common,fine,avg_pm10,bogota_2018
1,687532,37.69458591765,0.161580695636561,C,fine,avg_pm10,bogota_2018
2,785229,35.1128677087076,0.184541007624374,C,fine,avg_pm10,bogota_2018
3,865260,34.0749930935434,0.203349535303798,C,fine,avg_pm10,bogota_2018
4,962695,33.1845416499355,0.226248273223412,C,fine,avg_pm10,bogota_2018
5,954322,25.584466996722,0.224280488211856,C,fine,avg_pm10,bogota_2018
1,804265,14.455598590017,0.189178019488324,A,fine,hrs_d_pm25_it1,bogota_2018
2,872411,12.9225972620703,0.205207220455731,A,fine,hrs_d_pm25_it1,bogota_2018
3,760360,13.2195828291862,0.178850750558762,A,fine,hrs_d_pm25_it1,bogota_2018
4,915119,8.26000225107336,0.215252932822062,A,fine,hrs_d_pm25_it1,bogota_2018
5,899211,3.65839941904625,0.21151107667512,A,fine,hrs_d_pm25_it1,bogota_2018
1,804265,14.455598590017,0.189178019488324,B_native,fine,hrs_d_pm25_it1,bogota_2018
2,872411,12.9225972620703,0.205207220455731,B_native,fine,hrs_d_pm25_it1,bogota_2018
3,760360,13.2195828291862,0.178850750558762,B_native,fine,hrs_d_pm25_it1,bogota_2018
4,915119,8.26000225107336,0.215252932822062,B_native,fine,hrs_d_pm25_it1,bogota_2018
5,899211,3.65839941904625,0.21151107667512,B_native,fine,hrs_d_pm25_it1,bogota_2018
1,804265,14.455598590017,0.189178019488324,B_common,fine,hrs_d_pm25_it1,bogota_2018
2,872411,12.9225972620703,0.205207220455731,B_common,fine,hrs_d_pm25_it1,bogota_2018
3,760360,13.2195828291862,0.178850750558762,B_common,fine,hrs_d_pm25_it1,bogota_2018
4,915119,8.26000225107336,0.215252932822062,B_common,fine,hrs_d_pm25_it1,bogota_2018
5,899211,3.65839941904625,0.21151107667512,B_common,fine,hrs_d_pm25_it1,bogota_2018
1,804265,14.455598590017,0.189178019488324,baseline_common,fine,hrs_d_pm25_it1,bogota_2018
2,872411,12.9225972620703,0.205207220455731,baseline_common,fine,hrs_d_pm25_it1,bogota_2018
3,760360,13.2195828291862,0.178850750558762,baseline_common,fine,hrs_d_pm25_it1,bogota_2018
4,915119,8.26000225107336,0.215252932822062,baseline_common,fine,hrs_d_pm25_it1,bogota_2018
5,899211,3.65839941904625,0.21151107667512,baseline_common,fine,hrs_d_pm25_it1,bogota_2018
1,804265,14.455598590017,0.189178019488324,A_common,fine,hrs_d_pm25_it1,bogota_2018
2,872411,12.9225972620703,0.205207220455731,A_common,fine,hrs_d_pm25_it1,bogota_2018
3,760360,13.2195828291862,0.178850750558762,A_common,fine,hrs_d_pm25_it1,bogota_2018
4,915119,8.26000225107336,0.215252932822062,A_common,fine,hrs_d_pm25_it1,bogota_2018
5,899211,3.65839941904625,0.21151107667512,A_common,fine,hrs_d_pm25_it1,bogota_2018
1,684847,25.1255229270187,0.16108869478657,C,fine,hrs_d_pm25_it1,bogota_2018
2,784480,13.112809759331,0.184524221156212,C,fine,hrs_d_pm25_it1,bogota_2018
3,865039,11.0728510506463,0.203473189558368,C,fine,hrs_d_pm25_it1,bogota_2018
4,962695,6.15028955172718,0.226443688922572,C,fine,hrs_d_pm25_it1,bogota_2018
5,954305,0.845611203965189,0.224470205576278,C,fine,hrs_d_pm25_it1,bogota_2018
1,804265,137.197451088882,0.189178019488324,A,fine,hrs_d_pm25_it2,bogota_2018
2,872411,132.657390839868,0.205207220455731,A,fine,hrs_d_pm25_it2,bogota_2018
3,760360,125.237503287916,0.178850750558762,A,fine,hrs_d_pm25_it2,bogota_2018
4,915119,115.410865690692,0.215252932822062,A,fine,hrs_d_pm25_it2,bogota_2018
5,899211,47.8655966174791,0.21151107667512,A,fine,hrs_d_pm25_it2,bogota_2018
1,804265,137.197451088882,0.189178019488324,B_native,fine,hrs_d_pm25_it2,bogota_2018
2,872411,132.657390839868,0.205207220455731,B_native,fine,hrs_d_pm25_it2,bogota_2018
3,760360,125.237503287916,0.178850750558762,B_native,fine,hrs_d_pm25_it2,bogota_2018
4,915119,115.410865690692,0.215252932822062,B_native,fine,hrs_d_pm25_it2,bogota_2018
5,899211,47.8655966174791,0.21151107667512,B_native,fine,hrs_d_pm25_it2,bogota_2018
1,804265,137.197451088882,0.189178019488324,B_common,fine,hrs_d_pm25_it2,bogota_2018
2,872411,132.657390839868,0.205207220455731,B_common,fine,hrs_d_pm25_it2,bogota_2018
3,760360,125.237503287916,0.178850750558762,B_common,fine,hrs_d_pm25_it2,bogota_2018
4,915119,115.410865690692,0.215252932822062,B_common,fine,hrs_d_pm25_it2,bogota_2018
5,899211,47.8655966174791,0.21151107667512,B_common,fine,hrs_d_pm25_it2,bogota_2018
1,804265,137.197451088882,0.189178019488324,baseline_common,fine,hrs_d_pm25_it2,bogota_2018
2,872411,132.657390839868,0.205207220455731,baseline_common,fine,hrs_d_pm25_it2,bogota_2018
3,760360,125.237503287916,0.178850750558762,baseline_common,fine,hrs_d_pm25_it2,bogota_2018
4,915119,115.410865690692,0.215252932822062,baseline_common,fine,hrs_d_pm25_it2,bogota_2018
5,899211,47.8655966174791,0.21151107667512,baseline_common,fine,hrs_d_pm25_it2,bogota_2018
1,804265,137.197451088882,0.189178019488324,A_common,fine,hrs_d_pm25_it2,bogota_2018
2,872411,132.657390839868,0.205207220455731,A_common,fine,hrs_d_pm25_it2,bogota_2018
3,760360,125.237503287916,0.178850750558762,A_common,fine,hrs_d_pm25_it2,bogota_2018
4,915119,115.410865690692,0.215252932822062,A_common,fine,hrs_d_pm25_it2,bogota_2018
5,899211,47.8655966174791,0.21151107667512,A_common,fine,hrs_d_pm25_it2,bogota_2018
1,684847,182.337212545284,0.16108869478657,C,fine,hrs_d_pm25_it2,bogota_2018
2,784480,138.581589078115,0.184524221156212,C,fine,hrs_d_pm25_it2,bogota_2018
3,865039,123.36848280829,0.203473189558368,C,fine,hrs_d_pm25_it2,bogota_2018
4,962695,103.172651774446,0.226443688922572,C,fine,hrs_d_pm25_it2,bogota_2018
5,954305,31.7786106119113,0.224470205576278,C,fine,hrs_d_pm25_it2,bogota_2018
1,804265,16.4625758957927,0.189178019488324,A,fine,avg_pm25,bogota_2018
2,872411,16.2337191590387,0.205207220455731,A,fine,avg_pm25,bogota_2018
3,760360,16.3681999528298,0.178850750558762,A,fine,avg_pm25,bogota_2018
4,915119,16.2663276899081,0.215252932822062,A,fine,avg_pm25,bogota_2018
5,899211,13.5068412034656,0.21151107667512,A,fine,avg_pm25,bogota_2018
1,804265,16.4625758957927,0.189178019488324,B_native,fine,avg_pm25,bogota_2018
2,872411,16.2337191590387,0.205207220455731,B_native,fine,avg_pm25,bogota_2018
3,760360,16.3681999528298,0.178850750558762,B_native,fine,avg_pm25,bogota_2018
4,915119,16.2663276899081,0.215252932822062,B_native,fine,avg_pm25,bogota_2018
5,899211,13.5068412034656,0.21151107667512,B_native,fine,avg_pm25,bogota_2018
1,804265,16.4625758957927,0.189178019488324,B_common,fine,avg_pm25,bogota_2018
2,872411,16.2337191590387,0.205207220455731,B_common,fine,avg_pm25,bogota_2018
3,760360,16.3681999528298,0.178850750558762,B_common,fine,avg_pm25,bogota_2018
4,915119,16.2663276899081,0.215252932822062,B_common,fine,avg_pm25,bogota_2018
5,899211,13.5068412034656,0.21151107667512,B_common,fine,avg_pm25,bogota_2018
1,804265,16.4625758957927,0.189178019488324,baseline_common,fine,avg_pm25,bogota_2018
2,872411,16.2337191590387,0.205207220455731,baseline_common,fine,avg_pm25,bogota_2018
3,760360,16.3681999528298,0.178850750558762,baseline_common,fine,avg_pm25,bogota_2018
4,915119,16.2663276899081,0.215252932822062,baseline_common,fine,avg_pm25,bogota_2018
5,899211,13.5068412034656,0.21151107667512,baseline_common,fine,avg_pm25,bogota_2018
1,804265,16.4625758957927,0.189178019488324,A_common,fine,avg_pm25,bogota_2018
2,872411,16.2337191590387,0.205207220455731,A_common,fine,avg_pm25,bogota_2018
3,760360,16.3681999528298,0.178850750558762,A_common,fine,avg_pm25,bogota_2018
4,915119,16.2663276899081,0.215252932822062,A_common,fine,avg_pm25,bogota_2018
5,899211,13.5068412034656,0.21151107667512,A_common,fine,avg_pm25,bogota_2018
1,684847,17.0154855863369,0.16108869478657,C,fine,avg_pm25,bogota_2018
2,784480,16.6916560483252,0.184524221156212,C,fine,avg_pm25,bogota_2018
3,865039,16.4074718590012,0.203473189558368,C,fine,avg_pm25,bogota_2018
4,962695,16.1350284849584,0.226443688922572,C,fine,avg_pm25,bogota_2018
5,954305,13.0001520561965,0.224470205576278,C,fine,avg_pm25,bogota_2018
1,805403,26.4996976289917,0.189282210875673,A,seccion,hrs_d_pm10_it1,bogota_2018
2,873186,22.8232685016905,0.205212268374572,A,seccion,hrs_d_pm10_it1,bogota_2018
3,761562,35.4023742417162,0.178978895135602,A,seccion,hrs_d_pm10_it1,bogota_2018
4,915457,15.3384958491719,0.215146609736505,A,seccion,hrs_d_pm10_it1,bogota_2018
5,899430,9.97939857490072,0.211380015877649,A,seccion,hrs_d_pm10_it1,bogota_2018
1,803538,26.4270078079693,0.189771975015995,B_native,seccion,hrs_d_pm10_it1,bogota_2018
2,870786,22.1160480301704,0.205653969116928,B_native,seccion,hrs_d_pm10_it1,bogota_2018
3,753725,34.869291850476,0.178007613664731,B_native,seccion,hrs_d_pm10_it1,bogota_2018
4,911827,14.9508305851878,0.21534664280085,B_native,seccion,hrs_d_pm10_it1,bogota_2018
5,894353,9.75124699084142,0.211219799401497,B_native,seccion,hrs_d_pm10_it1,bogota_2018
1,786938,26.1749667699361,0.18941931545639,B_common,seccion,hrs_d_pm10_it1,bogota_2018
2,858862,22.0150466547594,0.206731727418813,B_common,seccion,hrs_d_pm10_it1,bogota_2018
3,734090,34.8520780830688,0.176698577630488,B_common,seccion,hrs_d_pm10_it1,bogota_2018
4,895817,14.7502815865294,0.21562695271317,B_common,seccion,hrs_d_pm10_it1,bogota_2018
5,878769,9.83056867049247,0.211523426781139,B_common,seccion,hrs_d_pm10_it1,bogota_2018
1,786938,26.4661104178474,0.18941931545639,baseline_common,seccion,hrs_d_pm10_it1,bogota_2018
2,858862,22.4026455938207,0.206731727418813,baseline_common,seccion,hrs_d_pm10_it1,bogota_2018
3,734090,34.9726436812925,0.176698577630488,baseline_common,seccion,hrs_d_pm10_it1,bogota_2018
4,895817,15.0703257473346,0.21562695271317,baseline_common,seccion,hrs_d_pm10_it1,bogota_2018
5,878769,9.87270829990589,0.211523426781139,baseline_common,seccion,hrs_d_pm10_it1,bogota_2018
1,786938,26.4531098290114,0.18941931545639,A_common,seccion,hrs_d_pm10_it1,bogota_2018
2,858862,22.3871312276301,0.206731727418813,A_common,seccion,hrs_d_pm10_it1,bogota_2018
3,734090,34.9708018875941,0.176698577630488,A_common,seccion,hrs_d_pm10_it1,bogota_2018
4,895817,15.0830961329108,0.21562695271317,A_common,seccion,hrs_d_pm10_it1,bogota_2018
5,878769,9.88292187892603,0.211523426781139,A_common,seccion,hrs_d_pm10_it1,bogota_2018
1,678011,44.6884711309994,0.159343112799463,C,seccion,hrs_d_pm10_it1,bogota_2018
2,729887,29.1919077884659,0.171534778302802,C,seccion,hrs_d_pm10_it1,bogota_2018
3,902643,34.1127776983813,0.212135120767429,C,seccion,hrs_d_pm10_it1,bogota_2018
4,975682,8.06070625470184,0.229300419878741,C,seccion,hrs_d_pm10_it1,bogota_2018
5,968815,1.0243524305466,0.227686568251564,C,seccion,hrs_d_pm10_it1,bogota_2018
1,805403,144.323546845405,0.189282210875673,A,seccion,hrs_d_pm10_it2,bogota_2018
2,873186,147.554035502445,0.205212268374572,A,seccion,hrs_d_pm10_it2,bogota_2018
3,761562,134.63982714245,0.178978895135602,A,seccion,hrs_d_pm10_it2,bogota_2018
4,915457,113.018412474534,0.215146609736505,A,seccion,hrs_d_pm10_it2,bogota_2018
5,899430,50.0375085723421,0.211380015877649,A,seccion,hrs_d_pm10_it2,bogota_2018
1,803538,144.105332915183,0.189771975015995,B_native,seccion,hrs_d_pm10_it2,bogota_2018
2,870786,146.258902876252,0.205653969116928,B_native,seccion,hrs_d_pm10_it2,bogota_2018
3,753725,133.390049421208,0.178007613664731,B_native,seccion,hrs_d_pm10_it2,bogota_2018
4,911827,111.92065819503,0.21534664280085,B_native,seccion,hrs_d_pm10_it2,bogota_2018
5,894353,49.7523941888717,0.211219799401497,B_native,seccion,hrs_d_pm10_it2,bogota_2018
1,786938,144.219599256866,0.18941931545639,B_common,seccion,hrs_d_pm10_it2,bogota_2018
2,858862,146.509421769737,0.206731727418813,B_common,seccion,hrs_d_pm10_it2,bogota_2018
3,734090,133.698577831056,0.176698577630488,B_common,seccion,hrs_d_pm10_it2,bogota_2018
4,895817,111.939832577413,0.21562695271317,B_common,seccion,hrs_d_pm10_it2,bogota_2018
5,878769,50.2090003174896,0.211523426781139,B_common,seccion,hrs_d_pm10_it2,bogota_2018
1,786938,145.22895831692,0.18941931545639,baseline_common,seccion,hrs_d_pm10_it2,bogota_2018
2,858862,147.657317473587,0.206731727418813,baseline_common,seccion,hrs_d_pm10_it2,bogota_2018
3,734090,134.334604748737,0.176698577630488,baseline_common,seccion,hrs_d_pm10_it2,bogota_2018
4,895817,113.349898472568,0.21562695271317,baseline_common,seccion,hrs_d_pm10_it2,bogota_2018
5,878769,50.1597894327178,0.211523426781139,baseline_common,seccion,hrs_d_pm10_it2,bogota_2018
1,786938,145.146581677341,0.18941931545639,A_common,seccion,hrs_d_pm10_it2,bogota_2018
2,858862,147.622993712694,0.206731727418813,A_common,seccion,hrs_d_pm10_it2,bogota_2018
3,734090,134.289454821027,0.176698577630488,A_common,seccion,hrs_d_pm10_it2,bogota_2018
4,895817,113.406359712173,0.21562695271317,A_common,seccion,hrs_d_pm10_it2,bogota_2018
5,878769,50.2185090100949,0.211523426781139,A_common,seccion,hrs_d_pm10_it2,bogota_2018
1,678011,216.142289726863,0.159343112799463,C,seccion,hrs_d_pm10_it2,bogota_2018
2,729887,141.599768183294,0.171534778302802,C,seccion,hrs_d_pm10_it2,bogota_2018
3,902643,146.917721624164,0.212135120767429,C,seccion,hrs_d_pm10_it2,bogota_2018
4,975682,91.8468527655527,0.229300419878741,C,seccion,hrs_d_pm10_it2,bogota_2018
5,968815,24.7553629949991,0.227686568251564,C,seccion,hrs_d_pm10_it2,bogota_2018
1,805403,34.7020721631569,0.189282210875673,A,seccion,avg_pm10,bogota_2018
2,873186,34.2831037381972,0.205212268374572,A,seccion,avg_pm10,bogota_2018
3,761562,34.6070422023126,0.178978895135602,A,seccion,avg_pm10,bogota_2018
4,915457,33.22414095782,0.215146609736505,A,seccion,avg_pm10,bogota_2018
5,899430,27.436994271635,0.211380015877649,A,seccion,avg_pm10,bogota_2018
1,803538,34.6191741581338,0.189771975015995,B_native,seccion,avg_pm10,bogota_2018
2,870786,34.1968787331062,0.205653969116928,B_native,seccion,avg_pm10,bogota_2018
3,753725,34.4544891961311,0.178007613664731,B_native,seccion,avg_pm10,bogota_2018
4,911827,33.1592839253794,0.21534664280085,B_native,seccion,avg_pm10,bogota_2018
5,894353,27.4280502068656,0.211219799401497,B_native,seccion,avg_pm10,bogota_2018
1,786938,34.6537292820124,0.18941931545639,B_common,seccion,avg_pm10,bogota_2018
2,858862,34.2105614507475,0.206731727418813,B_common,seccion,avg_pm10,bogota_2018
3,734090,34.5326477299888,0.176698577630488,B_common,seccion,avg_pm10,bogota_2018
4,895817,33.1819299619315,0.21562695271317,B_common,seccion,avg_pm10,bogota_2018
5,878769,27.4891945476998,0.211523426781139,B_common,seccion,avg_pm10,bogota_2018
1,786938,34.7101849301518,0.18941931545639,baseline_common,seccion,avg_pm10,bogota_2018
2,858862,34.2822963077847,0.206731727418813,baseline_common,seccion,avg_pm10,bogota_2018
3,734090,34.5560151910088,0.176698577630488,baseline_common,seccion,avg_pm10,bogota_2018
4,895817,33.2253390899162,0.21562695271317,baseline_common,seccion,avg_pm10,bogota_2018
5,878769,27.4637810026033,0.211523426781139,baseline_common,seccion,avg_pm10,bogota_2018
1,786938,34.7102138846179,0.18941931545639,A_common,seccion,avg_pm10,bogota_2018
2,858862,34.281700608758,0.206731727418813,A_common,seccion,avg_pm10,bogota_2018
3,734090,34.5563962121714,0.176698577630488,A_common,seccion,avg_pm10,bogota_2018
4,895817,33.2259350358105,0.21562695271317,A_common,seccion,avg_pm10,bogota_2018
5,878769,27.4621017303729,0.211523426781139,A_common,seccion,avg_pm10,bogota_2018
1,678011,38.3371493492981,0.159343112799463,C,seccion,avg_pm10,bogota_2018
2,729887,35.1296200269079,0.171534778302802,C,seccion,avg_pm10,bogota_2018
3,902643,34.6906073346101,0.212135120767429,C,seccion,avg_pm10,bogota_2018
4,975682,32.1310238137721,0.229300419878741,C,seccion,avg_pm10,bogota_2018
5,968815,25.843385177949,0.227686568251564,C,seccion,avg_pm10,bogota_2018
1,804265,14.4361913060646,0.189178019488324,A,seccion,hrs_d_pm25_it1,bogota_2018
2,872411,12.913386710629,0.205207220455731,A,seccion,hrs_d_pm25_it1,bogota_2018
3,760360,13.2156482343664,0.178850750558762,A,seccion,hrs_d_pm25_it1,bogota_2018
4,915119,8.27059355770678,0.215252932822062,A,seccion,hrs_d_pm25_it1,bogota_2018
5,899211,3.67427638268045,0.21151107667512,A,seccion,hrs_d_pm25_it1,bogota_2018
1,802365,14.2960410785615,0.189753883869057,B_native,seccion,hrs_d_pm25_it1,bogota_2018
2,869563,12.6935966686715,0.205645755384182,B_native,seccion,hrs_d_pm25_it1,bogota_2018
3,751674,12.9043468312061,0.177765805965352,B_native,seccion,hrs_d_pm25_it1,bogota_2018
4,911119,8.13514590300499,0.215473467707205,B_native,seccion,hrs_d_pm25_it1,bogota_2018
5,893730,3.62568672865407,0.211361087074203,B_native,seccion,hrs_d_pm25_it1,bogota_2018
1,785800,14.2021277678799,0.189312721101743,B_common,seccion,hrs_d_pm25_it1,bogota_2018
2,858087,12.5881513179899,0.206727901389707,B_common,seccion,hrs_d_pm25_it1,bogota_2018
3,732888,12.9456342578948,0.17656531120236,B_common,seccion,hrs_d_pm25_it1,bogota_2018
4,895479,8.11417464842838,0.215736276634599,B_common,seccion,hrs_d_pm25_it1,bogota_2018
5,878550,3.66096977975073,0.211657789671591,B_common,seccion,hrs_d_pm25_it1,bogota_2018
1,785800,14.455080173072,0.189312721101743,baseline_common,seccion,hrs_d_pm25_it1,bogota_2018
2,858087,12.8377751906275,0.206727901389707,baseline_common,seccion,hrs_d_pm25_it1,bogota_2018
3,732888,13.0007177085721,0.17656531120236,baseline_common,seccion,hrs_d_pm25_it1,bogota_2018
4,895479,8.16441926611344,0.215736276634599,baseline_common,seccion,hrs_d_pm25_it1,bogota_2018
5,878550,3.6392920152524,0.211657789671591,baseline_common,seccion,hrs_d_pm25_it1,bogota_2018
1,785800,14.4351554298259,0.189312721101743,A_common,seccion,hrs_d_pm25_it1,bogota_2018
2,858087,12.8283199702739,0.206727901389707,A_common,seccion,hrs_d_pm25_it1,bogota_2018
3,732888,12.9966244078862,0.17656531120236,A_common,seccion,hrs_d_pm25_it1,bogota_2018
4,895479,8.17524069032426,0.215736276634599,A_common,seccion,hrs_d_pm25_it1,bogota_2018
5,878550,3.65560837226412,0.211657789671591,A_common,seccion,hrs_d_pm25_it1,bogota_2018
1,674755,26.1049877362895,0.158714869526642,C,seccion,hrs_d_pm25_it1,bogota_2018
2,729796,13.1181097183322,0.17166153184647,C,seccion,hrs_d_pm25_it1,bogota_2018
3,902318,12.707966592709,0.212241900603241,C,seccion,hrs_d_pm25_it1,bogota_2018
4,975682,4.33703399263285,0.229498471785304,C,seccion,hrs_d_pm25_it1,bogota_2018
5,968815,0.943358639162276,0.227883226238343,C,seccion,hrs_d_pm25_it1,bogota_2018
1,804265,137.07036143593,0.189178019488324,A,seccion,hrs_d_pm25_it2,bogota_2018
2,872411,132.607665796355,0.205207220455731,A,seccion,hrs_d_pm25_it2,bogota_2018
3,760360,125.183065774566,0.178850750558762,A,seccion,hrs_d_pm25_it2,bogota_2018
4,915119,115.467016504041,0.215252932822062,A,seccion,hrs_d_pm25_it2,bogota_2018
5,899211,47.9971057789295,0.21151107667512,A,seccion,hrs_d_pm25_it2,bogota_2018
1,802365,135.337382612651,0.189753883869057,B_native,seccion,hrs_d_pm25_it2,bogota_2018
2,869563,131.465935188135,0.205645755384182,B_native,seccion,hrs_d_pm25_it2,bogota_2018
3,751674,122.1138591996,0.177765805965352,B_native,seccion,hrs_d_pm25_it2,bogota_2018
4,911119,114.15063893959,0.215473467707205,B_native,seccion,hrs_d_pm25_it2,bogota_2018
5,893730,47.3347856735256,0.211361087074203,B_native,seccion,hrs_d_pm25_it2,bogota_2018
1,785800,135.800848816493,0.189312721101743,B_common,seccion,hrs_d_pm25_it2,bogota_2018
2,858087,131.688496620972,0.206727901389707,B_common,seccion,hrs_d_pm25_it2,bogota_2018
3,732888,122.95386471057,0.17656531120236,B_common,seccion,hrs_d_pm25_it2,bogota_2018
4,895479,114.66994089197,0.215736276634599,B_common,seccion,hrs_d_pm25_it2,bogota_2018
5,878550,47.7908280689773,0.211657789671591,B_common,seccion,hrs_d_pm25_it2,bogota_2018
1,785800,137.066891066429,0.189312721101743,baseline_common,seccion,hrs_d_pm25_it2,bogota_2018
2,858087,132.607311379848,0.206727901389707,baseline_common,seccion,hrs_d_pm25_it2,bogota_2018
3,732888,123.979784087064,0.17656531120236,baseline_common,seccion,hrs_d_pm25_it2,bogota_2018
4,895479,115.286140713518,0.215736276634599,baseline_common,seccion,hrs_d_pm25_it2,bogota_2018
5,878550,48.0541380684082,0.211657789671591,baseline_common,seccion,hrs_d_pm25_it2,bogota_2018
1,785800,136.937685452797,0.189312721101743,A_common,seccion,hrs_d_pm25_it2,bogota_2018
2,858087,132.557079451233,0.206727901389707,A_common,seccion,hrs_d_pm25_it2,bogota_2018
3,732888,123.922999215169,0.17656531120236,A_common,seccion,hrs_d_pm25_it2,bogota_2018
4,895479,115.341945616491,0.215736276634599,A_common,seccion,hrs_d_pm25_it2,bogota_2018
5,878550,48.1880217142984,0.211657789671591,A_common,seccion,hrs_d_pm25_it2,bogota_2018
1,674755,188.259101451638,0.158714869526642,C,seccion,hrs_d_pm25_it2,bogota_2018
2,729796,142.81467834847,0.17166153184647,C,seccion,hrs_d_pm25_it2,bogota_2018
3,902318,131.070480695276,0.212241900603241,C,seccion,hrs_d_pm25_it2,bogota_2018
4,975682,90.0624978220363,0.229498471785304,C,seccion,hrs_d_pm25_it2,bogota_2018
5,968815,33.6105933537363,0.227883226238343,C,seccion,hrs_d_pm25_it2,bogota_2018
1,804265,16.4624176945571,0.189178019488324,A,seccion,avg_pm25,bogota_2018
2,872411,16.2336218917453,0.205207220455731,A,seccion,avg_pm25,bogota_2018
3,760360,16.3682124090551,0.178850750558762,A,seccion,avg_pm25,bogota_2018
4,915119,16.2661089559243,0.215252932822062,A,seccion,avg_pm25,bogota_2018
5,899211,13.5070123301557,0.21151107667512,A,seccion,avg_pm25,bogota_2018
1,802365,16.4067967894549,0.189753883869057,B_native,seccion,avg_pm25,bogota_2018
2,869563,16.2028674281317,0.205645755384182,B_native,seccion,avg_pm25,bogota_2018
3,751674,16.2896258580478,0.177765805965352,B_native,seccion,avg_pm25,bogota_2018
4,911119,16.2483073273785,0.215473467707205,B_native,seccion,avg_pm25,bogota_2018
5,893730,13.4795548200087,0.211361087074203,B_native,seccion,avg_pm25,bogota_2018
1,785800,16.4310449186053,0.189312721101743,B_common,seccion,avg_pm25,bogota_2018
2,858087,16.2199567593253,0.206727901389707,B_common,seccion,avg_pm25,bogota_2018
3,732888,16.3149630440623,0.17656531120236,B_common,seccion,avg_pm25,bogota_2018
4,895479,16.2633401153061,0.215736276634599,B_common,seccion,avg_pm25,bogota_2018
5,878550,13.5028790348242,0.211657789671591,B_common,seccion,avg_pm25,bogota_2018
1,785800,16.4561192286047,0.189312721101743,baseline_common,seccion,avg_pm25,bogota_2018
2,858087,16.2393484890432,0.206727901389707,baseline_common,seccion,avg_pm25,bogota_2018
3,732888,16.3302892630118,0.17656531120236,baseline_common,seccion,avg_pm25,bogota_2018
4,895479,16.2628818442445,0.215736276634599,baseline_common,seccion,avg_pm25,bogota_2018
5,878550,13.5036245448606,0.211657789671591,baseline_common,seccion,avg_pm25,bogota_2018
1,785800,16.4560216229302,0.189312721101743,A_common,seccion,avg_pm25,bogota_2018
2,858087,16.2393220357126,0.206727901389707,A_common,seccion,avg_pm25,bogota_2018
3,732888,16.3303145890966,0.17656531120236,A_common,seccion,avg_pm25,bogota_2018
4,895479,16.2626315319108,0.215736276634599,A_common,seccion,avg_pm25,bogota_2018
5,878550,13.5036310801262,0.211657789671591,A_common,seccion,avg_pm25,bogota_2018
1,674755,17.2493642023638,0.158714869526642,C,seccion,avg_pm25,bogota_2018
2,729796,16.7282949186136,0.17166153184647,C,seccion,avg_pm25,bogota_2018
3,902318,16.6328944142916,0.212241900603241,C,seccion,avg_pm25,bogota_2018
4,975682,15.6833543288743,0.229498471785304,C,seccion,avg_pm25,bogota_2018
5,968815,13.1316453581751,0.227883226238343,C,seccion,avg_pm25,bogota_2018
1,805403,26.586304829506,0.189282210875673,A,sector,hrs_d_pm10_it1,bogota_2018
2,873186,22.7873194178093,0.205212268374572,A,sector,hrs_d_pm10_it1,bogota_2018
3,761562,35.3545555763904,0.178978895135602,A,sector,hrs_d_pm10_it1,bogota_2018
4,915457,15.4345698780505,0.215146609736505,A,sector,hrs_d_pm10_it1,bogota_2018
5,899430,9.88271285371065,0.211380015877649,A,sector,hrs_d_pm10_it1,bogota_2018
1,770837,22.422823502245,0.187985090678699,B_native,sector,hrs_d_pm10_it1,bogota_2018
2,848508,18.7953042281275,0.206926825413935,B_native,sector,hrs_d_pm10_it1,bogota_2018
3,714404,29.5785787873528,0.174222696524979,B_native,sector,hrs_d_pm10_it1,bogota_2018
4,883185,12.2913896861926,0.215383553606102,B_native,sector,hrs_d_pm10_it1,bogota_2018
5,883588,8.09566336346804,0.215481833776285,B_native,sector,hrs_d_pm10_it1,bogota_2018
1,746023,23.0646950563186,0.187730314843726,B_common,sector,hrs_d_pm10_it1,bogota_2018
2,832760,19.0348143522744,0.209556939919092,B_common,sector,hrs_d_pm10_it1,bogota_2018
3,683132,30.7279500887091,0.171904331957358,B_common,sector,hrs_d_pm10_it1,bogota_2018
4,858384,12.5223547969207,0.216005000619038,B_common,sector,hrs_d_pm10_it1,bogota_2018
5,853609,8.34442350068943,0.214803412660786,B_common,sector,hrs_d_pm10_it1,bogota_2018
1,746023,24.3422776509571,0.187730314843726,baseline_common,sector,hrs_d_pm10_it1,bogota_2018
2,832760,20.4497598347663,0.209556939919092,baseline_common,sector,hrs_d_pm10_it1,bogota_2018
3,683132,32.3412854323908,0.171904331957358,baseline_common,sector,hrs_d_pm10_it1,bogota_2018
4,858384,13.8211126954836,0.216005000619038,baseline_common,sector,hrs_d_pm10_it1,bogota_2018
5,853609,8.82572114398981,0.214803412660786,baseline_common,sector,hrs_d_pm10_it1,bogota_2018
1,746023,24.424962648478,0.187730314843726,A_common,sector,hrs_d_pm10_it1,bogota_2018
2,832760,20.3963107517125,0.209556939919092,A_common,sector,hrs_d_pm10_it1,bogota_2018
3,683132,32.2866462548735,0.171904331957358,A_common,sector,hrs_d_pm10_it1,bogota_2018
4,858384,13.9357407611866,0.216005000619038,A_common,sector,hrs_d_pm10_it1,bogota_2018
5,853609,8.7326284669965,0.214803412660786,A_common,sector,hrs_d_pm10_it1,bogota_2018
1,635869,46.4023344431007,0.149439088440573,C,sector,hrs_d_pm10_it1,bogota_2018
2,745082,39.7715405821104,0.175105839242799,C,sector,hrs_d_pm10_it1,bogota_2018
3,934440,29.5921600102735,0.21960790949458,C,sector,hrs_d_pm10_it1,bogota_2018
4,974078,3.34176010545357,0.22892345497267,C,sector,hrs_d_pm10_it1,bogota_2018
5,965569,1.25182664315031,0.226923707849378,C,sector,hrs_d_pm10_it1,bogota_2018
1,805403,143.827981691359,0.189282210875673,A,sector,hrs_d_pm10_it2,bogota_2018
2,873186,147.352240918292,0.205212268374572,A,sector,hrs_d_pm10_it2,bogota_2018
3,761562,134.327365495765,0.178978895135602,A,sector,hrs_d_pm10_it2,bogota_2018
4,915457,113.58121085263,0.215146609736505,A,sector,hrs_d_pm10_it2,bogota_2018
5,899430,50.3795632552064,0.211380015877649,A,sector,hrs_d_pm10_it2,bogota_2018
1,770837,136.39468136584,0.187985090678699,B_native,sector,hrs_d_pm10_it2,bogota_2018
2,848508,140.252754246277,0.206926825413935,B_native,sector,hrs_d_pm10_it2,bogota_2018
3,714404,124.503610002184,0.174222696524979,B_native,sector,hrs_d_pm10_it2,bogota_2018
4,883185,108.667857810085,0.215383553606102,B_native,sector,hrs_d_pm10_it2,bogota_2018
5,883588,48.0131452667986,0.215481833776285,B_native,sector,hrs_d_pm10_it2,bogota_2018
1,746023,138.934086482588,0.187730314843726,B_common,sector,hrs_d_pm10_it2,bogota_2018
2,832760,141.728441567799,0.209556939919092,B_common,sector,hrs_d_pm10_it2,bogota_2018
3,683132,127.24037521299,0.171904331957358,B_common,sector,hrs_d_pm10_it2,bogota_2018
4,858384,109.754945339149,0.216005000619038,B_common,sector,hrs_d_pm10_it2,bogota_2018
5,853609,49.0952918725084,0.214803412660786,B_common,sector,hrs_d_pm10_it2,bogota_2018
1,746023,142.06567491887,0.187730314843726,baseline_common,sector,hrs_d_pm10_it2,bogota_2018
2,832760,144.438369998559,0.209556939919092,baseline_common,sector,hrs_d_pm10_it2,bogota_2018
3,683132,129.980700655217,0.171904331957358,baseline_common,sector,hrs_d_pm10_it2,bogota_2018
4,858384,112.310957566777,0.216005000619038,baseline_common,sector,hrs_d_pm10_it2,bogota_2018
5,853609,48.2692989413186,0.214803412660786,baseline_common,sector,hrs_d_pm10_it2,bogota_2018
1,746023,141.462917211844,0.187730314843726,A_common,sector,hrs_d_pm10_it2,bogota_2018
2,832760,144.193858565807,0.209556939919092,A_common,sector,hrs_d_pm10_it2,bogota_2018
3,683132,129.591045302924,0.171904331957358,A_common,sector,hrs_d_pm10_it2,bogota_2018
4,858384,112.965970085748,0.216005000619038,A_common,sector,hrs_d_pm10_it2,bogota_2018
5,853609,48.6709703491984,0.214803412660786,A_common,sector,hrs_d_pm10_it2,bogota_2018
1,635869,217.2980629658,0.149439088440573,C,sector,hrs_d_pm10_it2,bogota_2018
2,745082,179.766257942079,0.175105839242799,C,sector,hrs_d_pm10_it2,bogota_2018
3,934440,134.897883224177,0.21960790949458,C,sector,hrs_d_pm10_it2,bogota_2018
4,974078,72.7830030038662,0.22892345497267,C,sector,hrs_d_pm10_it2,bogota_2018
5,965569,28.0100293194997,0.226923707849378,C,sector,hrs_d_pm10_it2,bogota_2018
1,805403,34.6925460973485,0.189282210875673,A,sector,avg_pm10,bogota_2018
2,873186,34.2745370910006,0.205212268374572,A,sector,avg_pm10,bogota_2018
3,761562,34.5921804445294,0.178978895135602,A,sector,avg_pm10,bogota_2018
4,915457,33.2369904250081,0.215146609736505,A,sector,avg_pm10,bogota_2018
5,899430,27.4545068407864,0.211380015877649,A,sector,avg_pm10,bogota_2018
1,770837,34.0636256092071,0.187985090678699,B_native,sector,avg_pm10,bogota_2018
2,848508,33.7546815298942,0.206926825413935,B_native,sector,avg_pm10,bogota_2018
3,714404,33.7864103802887,0.174222696524979,B_native,sector,avg_pm10,bogota_2018
4,883185,32.8289706941985,0.215383553606102,B_native,sector,avg_pm10,bogota_2018
5,883588,27.1877437183848,0.215481833776285,B_native,sector,avg_pm10,bogota_2018
1,746023,34.2391934503004,0.187730314843726,B_common,sector,avg_pm10,bogota_2018
2,832760,33.8443910052447,0.209556939919092,B_common,sector,avg_pm10,bogota_2018
3,683132,34.0003980832265,0.171904331957358,B_common,sector,avg_pm10,bogota_2018
4,858384,32.9141320603878,0.216005000619038,B_common,sector,avg_pm10,bogota_2018
5,853609,27.3004098584301,0.214803412660786,B_common,sector,avg_pm10,bogota_2018
1,746023,34.4861733746188,0.187730314843726,baseline_common,sector,avg_pm10,bogota_2018
2,832760,34.0835837591647,0.209556939919092,baseline_common,sector,avg_pm10,bogota_2018
3,683132,34.3127999053288,0.171904331957358,baseline_common,sector,avg_pm10,bogota_2018
4,858384,33.112726225685,0.216005000619038,baseline_common,sector,avg_pm10,bogota_2018
5,853609,27.3501822217448,0.214803412660786,baseline_common,sector,avg_pm10,bogota_2018
1,746023,34.4774771730161,0.187730314843726,A_common,sector,avg_pm10,bogota_2018
2,832760,34.0745239080696,0.209556939919092,A_common,sector,avg_pm10,bogota_2018
3,683132,34.2965551783393,0.171904331957358,A_common,sector,avg_pm10,bogota_2018
4,858384,33.1260283685071,0.216005000619038,A_common,sector,avg_pm10,bogota_2018
5,853609,27.3660501479451,0.214803412660786,A_common,sector,avg_pm10,bogota_2018
1,635869,38.8815431802801,0.149439088440573,C,sector,avg_pm10,bogota_2018
2,745082,36.2614871042574,0.175105839242799,C,sector,avg_pm10,bogota_2018
3,934440,34.9073705792,0.21960790949458,C,sector,avg_pm10,bogota_2018
4,974078,30.8144920382375,0.22892345497267,C,sector,avg_pm10,bogota_2018
5,965569,25.8480804059145,0.226923707849378,C,sector,avg_pm10,bogota_2018
1,804265,14.4749043597476,0.189178019488324,A,sector,hrs_d_pm25_it1,bogota_2018
2,872411,12.916540794371,0.205207220455731,A,sector,hrs_d_pm25_it1,bogota_2018
3,760360,13.1913623732691,0.178850750558762,A,sector,hrs_d_pm25_it1,bogota_2018
4,915119,8.27394560679191,0.215252932822062,A,sector,hrs_d_pm25_it1,bogota_2018
5,899211,3.6569164574793,0.21151107667512,A,sector,hrs_d_pm25_it1,bogota_2018
1,770256,12.792540402152,0.188029802338948,B_native,sector,hrs_d_pm25_it1,bogota_2018
2,847521,11.4106210937546,0.206891223318101,B_native,sector,hrs_d_pm25_it1,bogota_2018
3,712960,11.1056945691203,0.174043081619067,B_native,sector,hrs_d_pm25_it1,bogota_2018
4,882650,7.16600917691044,0.215466682550311,B_native,sector,hrs_d_pm25_it1,bogota_2018
5,883070,2.95898286659042,0.215569210173572,B_native,sector,hrs_d_pm25_it1,bogota_2018
1,745477,13.104677944457,0.187685441076912,B_common,sector,hrs_d_pm25_it1,bogota_2018
2,832221,11.5479013387069,0.209524593593724,B_common,sector,hrs_d_pm25_it1,bogota_2018
3,682537,11.463429821387,0.171839316164432,B_common,sector,hrs_d_pm25_it1,bogota_2018
4,858219,7.28713999573535,0.216069994856429,B_common,sector,hrs_d_pm25_it1,bogota_2018
5,853495,3.04390418221548,0.214880654308502,B_common,sector,hrs_d_pm25_it1,bogota_2018
1,745477,13.532504691627,0.187685441076912,baseline_common,sector,hrs_d_pm25_it1,bogota_2018
2,832221,11.9791161242026,0.209524593593724,baseline_common,sector,hrs_d_pm25_it1,bogota_2018
3,682537,12.1233574150559,0.171839316164432,baseline_common,sector,hrs_d_pm25_it1,bogota_2018
4,858219,7.68794561761042,0.216069994856429,baseline_common,sector,hrs_d_pm25_it1,bogota_2018
5,853495,3.33805001786771,0.214880654308502,baseline_common,sector,hrs_d_pm25_it1,bogota_2018
1,745477,13.559019139125,0.187685441076912,A_common,sector,hrs_d_pm25_it1,bogota_2018
2,832221,11.9724644567195,0.209524593593724,A_common,sector,hrs_d_pm25_it1,bogota_2018
3,682537,12.0928629490129,0.171839316164432,A_common,sector,hrs_d_pm25_it1,bogota_2018
4,858219,7.70009114830457,0.216069994856429,A_common,sector,hrs_d_pm25_it1,bogota_2018
5,853495,3.33539789460769,0.214880654308502,A_common,sector,hrs_d_pm25_it1,bogota_2018
1,634326,28.4627462850333,0.149205220157474,C,sector,hrs_d_pm25_it1,bogota_2018
2,742953,14.9437016877245,0.174756301856862,C,sector,hrs_d_pm25_it1,bogota_2018
3,934440,11.6221512349643,0.219797589762914,C,sector,hrs_d_pm25_it1,bogota_2018
4,974078,3.07916306497016,0.229121181286203,C,sector,hrs_d_pm25_it1,bogota_2018
5,965569,0.811409645504361,0.227119706936547,C,sector,hrs_d_pm25_it1,bogota_2018
1,804265,136.755677234386,0.189178019488324,A,sector,hrs_d_pm25_it2,bogota_2018
2,872411,132.460708377124,0.205207220455731,A,sector,hrs_d_pm25_it2,bogota_2018
3,760360,124.921331699671,0.178850750558762,A,sector,hrs_d_pm25_it2,bogota_2018
4,915119,115.704556726133,0.215252932822062,A,sector,hrs_d_pm25_it2,bogota_2018
5,899211,48.4088158744788,0.21151107667512,A,sector,hrs_d_pm25_it2,bogota_2018
1,770256,127.818368178891,0.188029802338948,B_native,sector,hrs_d_pm25_it2,bogota_2018
2,847521,126.055881801159,0.206891223318101,B_native,sector,hrs_d_pm25_it2,bogota_2018
3,712960,113.233945803411,0.174043081619067,B_native,sector,hrs_d_pm25_it2,bogota_2018
4,882650,110.370386903076,0.215466682550311,B_native,sector,hrs_d_pm25_it2,bogota_2018
5,883070,44.0161731233085,0.215569210173572,B_native,sector,hrs_d_pm25_it2,bogota_2018
1,745477,130.043989284713,0.187685441076912,B_common,sector,hrs_d_pm25_it2,bogota_2018
2,832221,127.33173039373,0.209524593593724,B_common,sector,hrs_d_pm25_it2,bogota_2018
3,682537,115.590072040051,0.171839316164432,B_common,sector,hrs_d_pm25_it2,bogota_2018
4,858219,111.674743859085,0.216069994856429,B_common,sector,hrs_d_pm25_it2,bogota_2018
5,853495,44.8862137446617,0.214880654308502,B_common,sector,hrs_d_pm25_it2,bogota_2018
1,745477,133.744500501022,0.187685441076912,baseline_common,sector,hrs_d_pm25_it2,bogota_2018
2,832221,129.885342955777,0.209524593593724,baseline_common,sector,hrs_d_pm25_it2,bogota_2018
3,682537,119.868100923466,0.171839316164432,baseline_common,sector,hrs_d_pm25_it2,bogota_2018
4,858219,113.673391057527,0.216069994856429,baseline_common,sector,hrs_d_pm25_it2,bogota_2018
5,853495,46.9077745036585,0.214880654308502,baseline_common,sector,hrs_d_pm25_it2,bogota_2018
1,745477,133.298154334638,0.187685441076912,A_common,sector,hrs_d_pm25_it2,bogota_2018
2,832221,129.67595006392,0.209524593593724,A_common,sector,hrs_d_pm25_it2,bogota_2018
3,682537,119.519044038436,0.171839316164432,A_common,sector,hrs_d_pm25_it2,bogota_2018
4,858219,113.976456097088,0.216069994856429,A_common,sector,hrs_d_pm25_it2,bogota_2018
5,853495,47.4682525314931,0.214880654308502,A_common,sector,hrs_d_pm25_it2,bogota_2018
1,634326,195.719628392971,0.149205220157474,C,sector,hrs_d_pm25_it2,bogota_2018
2,742953,160.921817396255,0.174756301856862,C,sector,hrs_d_pm25_it2,bogota_2018
3,934440,124.601628783014,0.219797589762914,C,sector,hrs_d_pm25_it2,bogota_2018
4,974078,76.9895070004661,0.229121181286203,C,sector,hrs_d_pm25_it2,bogota_2018
5,965569,36.0642098078957,0.227119706936547,C,sector,hrs_d_pm25_it2,bogota_2018
1,804265,16.4561671768484,0.189178019488324,A,sector,avg_pm25,bogota_2018
2,872411,16.2288132183084,0.205207220455731,A,sector,avg_pm25,bogota_2018
3,760360,16.3608854172475,0.178850750558762,A,sector,avg_pm25,bogota_2018
4,915119,16.2700327988887,0.215252932822062,A,sector,avg_pm25,bogota_2018
5,899211,13.5201407071464,0.21151107667512,A,sector,avg_pm25,bogota_2018
1,770256,16.2488358092393,0.188029802338948,B_native,sector,avg_pm25,bogota_2018
2,847521,16.0888388784616,0.206891223318101,B_native,sector,avg_pm25,bogota_2018
3,712960,16.090815641208,0.174043081619067,B_native,sector,avg_pm25,bogota_2018
4,882650,16.1582823797078,0.215466682550311,B_native,sector,avg_pm25,bogota_2018
5,883070,13.3854146692418,0.215569210173572,B_native,sector,avg_pm25,bogota_2018
1,745477,16.3230259323471,0.187685441076912,B_common,sector,avg_pm25,bogota_2018
2,832221,16.1323173977281,0.209524593593724,B_common,sector,avg_pm25,bogota_2018
3,682537,16.1641565530957,0.171839316164432,B_common,sector,avg_pm25,bogota_2018
4,858219,16.1917350197917,0.216069994856429,B_common,sector,avg_pm25,bogota_2018
5,853495,13.4272520375819,0.214880654308502,B_common,sector,avg_pm25,bogota_2018
1,745477,16.3880182236782,0.187685441076912,baseline_common,sector,avg_pm25,bogota_2018
2,832221,16.1901974573424,0.209524593593724,baseline_common,sector,avg_pm25,bogota_2018
3,682537,16.2336427279536,0.171839316164432,baseline_common,sector,avg_pm25,bogota_2018
4,858219,16.2210206956512,0.216069994856429,baseline_common,sector,avg_pm25,bogota_2018
5,853495,13.4692071969053,0.214880654308502,baseline_common,sector,avg_pm25,bogota_2018
1,745477,16.3817126266368,0.187685441076912,A_common,sector,avg_pm25,bogota_2018
2,832221,16.1851030015807,0.209524593593724,A_common,sector,avg_pm25,bogota_2018
3,682537,16.2254434122564,0.171839316164432,A_common,sector,avg_pm25,bogota_2018
4,858219,16.2246905304483,0.216069994856429,A_common,sector,avg_pm25,bogota_2018
5,853495,13.4828873455153,0.214880654308502,A_common,sector,avg_pm25,bogota_2018
1,634326,17.3282005640597,0.149205220157474,C,sector,avg_pm25,bogota_2018
2,742953,17.1748260609856,0.174756301856862,C,sector,avg_pm25,bogota_2018
3,934440,16.6527716627587,0.219797589762914,C,sector,avg_pm25,bogota_2018
4,974078,15.1927595618871,0.229121181286203,C,sector,avg_pm25,bogota_2018
5,965569,13.2231187003035,0.227119706936547,C,sector,avg_pm25,bogota_2018
1,805403,27.2029485017533,0.189282210875673,A,localidad,hrs_d_pm10_it1,bogota_2018
2,873186,23.3923713648741,0.205212268374572,A,localidad,hrs_d_pm10_it1,bogota_2018
3,761562,34.9640128927538,0.178978895135602,A,localidad,hrs_d_pm10_it1,bogota_2018
4,915457,14.9925895344806,0.215146609736505,A,localidad,hrs_d_pm10_it1,bogota_2018
5,899430,9.50361031508753,0.211380015877649,A,localidad,hrs_d_pm10_it1,bogota_2018
1,575124,4.46816338737385,0.169062575234998,B_native,localidad,hrs_d_pm10_it1,bogota_2018
2,510966,5.02658298203794,0.150202787255489,B_native,localidad,hrs_d_pm10_it1,bogota_2018
3,687814,3.95373894686645,0.202188756029456,B_native,localidad,hrs_d_pm10_it1,bogota_2018
4,758176,4.71781222301946,0.222872262401447,B_native,localidad,hrs_d_pm10_it1,bogota_2018
5,869761,1.97021250665413,0.255673619078611,B_native,localidad,hrs_d_pm10_it1,bogota_2018
1,486640,5.13516151569949,0.164862173881081,B_common,localidad,hrs_d_pm10_it1,bogota_2018
2,466795,5.41809573795778,0.158139155138951,B_common,localidad,hrs_d_pm10_it1,bogota_2018
3,565730,4.64129531755431,0.191656003677757,B_common,localidad,hrs_d_pm10_it1,bogota_2018
4,681310,5.15287901249064,0.230811786303878,B_common,localidad,hrs_d_pm10_it1,bogota_2018
5,751324,2.20155219319495,0.254530880998334,B_common,localidad,hrs_d_pm10_it1,bogota_2018
1,486640,2.7823730067401,0.164862173881081,baseline_common,localidad,hrs_d_pm10_it1,bogota_2018
2,466795,3.71494767510363,0.158139155138951,baseline_common,localidad,hrs_d_pm10_it1,bogota_2018
3,565730,2.2907376310254,0.191656003677757,baseline_common,localidad,hrs_d_pm10_it1,bogota_2018
4,681310,3.01503280445025,0.230811786303878,baseline_common,localidad,hrs_d_pm10_it1,bogota_2018
5,751324,1.42392363347903,0.254530880998334,baseline_common,localidad,hrs_d_pm10_it1,bogota_2018
1,486640,2.93722180568986,0.164862173881081,A_common,localidad,hrs_d_pm10_it1,bogota_2018
2,466795,3.54202087344914,0.158139155138951,A_common,localidad,hrs_d_pm10_it1,bogota_2018
3,565730,2.35706421880136,0.191656003677757,A_common,localidad,hrs_d_pm10_it1,bogota_2018
4,681310,2.74252255259773,0.230811786303878,A_common,localidad,hrs_d_pm10_it1,bogota_2018
5,751324,1.62053172683357,0.254530880998334,A_common,localidad,hrs_d_pm10_it1,bogota_2018
1,530271,26.5867660120957,0.124621918770173,C,localidad,hrs_d_pm10_it1,bogota_2018
2,853380,83.598707492559,0.200557550837384,C,localidad,hrs_d_pm10_it1,bogota_2018
3,1067304,3.35783338205422,0.250833012537138,C,localidad,hrs_d_pm10_it1,bogota_2018
4,430281,0.156358286793979,0.101122716177858,C,localidad,hrs_d_pm10_it1,bogota_2018
5,1373802,1.5752342768463,0.322864801677447,C,localidad,hrs_d_pm10_it1,bogota_2018
1,805403,145.302515425052,0.189282210875673,A,localidad,hrs_d_pm10_it2,bogota_2018
2,873186,148.319435578543,0.205212268374572,A,localidad,hrs_d_pm10_it2,bogota_2018
3,761562,132.731933272657,0.178978895135602,A,localidad,hrs_d_pm10_it2,bogota_2018
4,915457,109.575794533021,0.215146609736505,A,localidad,hrs_d_pm10_it2,bogota_2018
5,899430,53.4277099522114,0.211380015877649,A,localidad,hrs_d_pm10_it2,bogota_2018
1,575124,76.5372528359102,0.169062575234998,B_native,localidad,hrs_d_pm10_it2,bogota_2018
2,510966,94.5822657476231,0.150202787255489,B_native,localidad,hrs_d_pm10_it2,bogota_2018
3,687814,60.2467847412236,0.202188756029456,B_native,localidad,hrs_d_pm10_it2,bogota_2018
4,758176,78.9325618326088,0.222872262401447,B_native,localidad,hrs_d_pm10_it2,bogota_2018
5,869761,29.4928250404421,0.255673619078611,B_native,localidad,hrs_d_pm10_it2,bogota_2018
1,486640,87.516272809469,0.164862173881081,B_common,localidad,hrs_d_pm10_it2,bogota_2018
2,466795,101.80136248246,0.158139155138951,B_common,localidad,hrs_d_pm10_it2,bogota_2018
3,565730,69.897786930161,0.191656003677757,B_common,localidad,hrs_d_pm10_it2,bogota_2018
4,681310,85.8831868018964,0.230811786303878,B_common,localidad,hrs_d_pm10_it2,bogota_2018
5,751324,32.4841679488476,0.254530880998334,B_common,localidad,hrs_d_pm10_it2,bogota_2018
1,486640,76.0831764754233,0.164862173881081,baseline_common,localidad,hrs_d_pm10_it2,bogota_2018
2,466795,92.1247892543836,0.158139155138951,baseline_common,localidad,hrs_d_pm10_it2,bogota_2018
3,565730,64.7043236172733,0.191656003677757,baseline_common,localidad,hrs_d_pm10_it2,bogota_2018
4,681310,78.4180079552627,0.230811786303878,baseline_common,localidad,hrs_d_pm10_it2,bogota_2018
5,751324,31.879434172208,0.254530880998334,baseline_common,localidad,hrs_d_pm10_it2,bogota_2018
1,486640,77.074327007408,0.164862173881081,A_common,localidad,hrs_d_pm10_it2,bogota_2018
2,466795,91.0937894514111,0.158139155138951,A_common,localidad,hrs_d_pm10_it2,bogota_2018
3,565730,62.4456006434018,0.191656003677757,A_common,localidad,hrs_d_pm10_it2,bogota_2018
4,681310,74.808891738607,0.230811786303878,A_common,localidad,hrs_d_pm10_it2,bogota_2018
5,751324,36.750408973938,0.254530880998334,A_common,localidad,hrs_d_pm10_it2,bogota_2018
1,530271,245.244490081487,0.124621918770173,C,localidad,hrs_d_pm10_it2,bogota_2018
2,853380,244.349448077058,0.200557550837384,C,localidad,hrs_d_pm10_it2,bogota_2018
3,1067304,109.427416181332,0.250833012537138,C,localidad,hrs_d_pm10_it2,bogota_2018
4,430281,5.16078097801204,0.101122716177858,C,localidad,hrs_d_pm10_it2,bogota_2018
5,1373802,28.0446112321863,0.322864801677447,C,localidad,hrs_d_pm10_it2,bogota_2018
1,805403,34.4045721356301,0.189282210875673,A,localidad,avg_pm10,bogota_2018
2,873186,34.233354144837,0.205212268374572,A,localidad,avg_pm10,bogota_2018
3,761562,33.9809165793915,0.178978895135602,A,localidad,avg_pm10,bogota_2018
4,915457,33.193069100051,0.215146609736505,A,localidad,avg_pm10,bogota_2018
5,899430,28.3013071935588,0.211380015877649,A,localidad,avg_pm10,bogota_2018
1,575124,32.729700468238,0.169062575234998,B_native,localidad,avg_pm10,bogota_2018
2,510966,33.2171369273521,0.150202787255489,B_native,localidad,avg_pm10,bogota_2018
3,687814,32.4443217849346,0.202188756029456,B_native,localidad,avg_pm10,bogota_2018
4,758176,33.1637196914017,0.222872262401447,B_native,localidad,avg_pm10,bogota_2018
5,869761,28.6991549921275,0.255673619078611,B_native,localidad,avg_pm10,bogota_2018
1,486640,33.6463218252337,0.164862173881081,B_common,localidad,avg_pm10,bogota_2018
2,466795,33.7105023770287,0.158139155138951,B_common,localidad,avg_pm10,bogota_2018
3,565730,33.2872330462817,0.191656003677757,B_common,localidad,avg_pm10,bogota_2018
4,681310,33.5851993756498,0.230811786303878,B_common,localidad,avg_pm10,bogota_2018
5,751324,29.018387887777,0.254530880998334,B_common,localidad,avg_pm10,bogota_2018
1,486640,32.7911640757806,0.164862173881081,baseline_common,localidad,avg_pm10,bogota_2018
2,466795,33.0586432668648,0.158139155138951,baseline_common,localidad,avg_pm10,bogota_2018
3,565730,32.5176041924474,0.191656003677757,baseline_common,localidad,avg_pm10,bogota_2018
4,681310,32.3600177686247,0.230811786303878,baseline_common,localidad,avg_pm10,bogota_2018
5,751324,26.9808022466138,0.254530880998334,baseline_common,localidad,avg_pm10,bogota_2018
1,486640,32.3390567939533,0.164862173881081,A_common,localidad,avg_pm10,bogota_2018
2,466795,32.8769811130721,0.158139155138951,A_common,localidad,avg_pm10,bogota_2018
3,565730,31.704692696205,0.191656003677757,A_common,localidad,avg_pm10,bogota_2018
4,681310,32.295772574384,0.230811786303878,A_common,localidad,avg_pm10,bogota_2018
5,751324,28.0391613425046,0.254530880998334,A_common,localidad,avg_pm10,bogota_2018
1,530271,41.7117329499829,0.124621918770173,C,localidad,avg_pm10,bogota_2018
2,853380,35.5704589337047,0.200557550837384,C,localidad,avg_pm10,bogota_2018
3,1067304,36.3506313375534,0.250833012537138,C,localidad,avg_pm10,bogota_2018
4,430281,25.8086473794149,0.101122716177858,C,localidad,avg_pm10,bogota_2018
5,1373802,26.902152700389,0.322864801677447,C,localidad,avg_pm10,bogota_2018
1,804265,13.4247590985351,0.189178019488324,A,localidad,hrs_d_pm25_it1,bogota_2018
2,872411,13.0692040569594,0.205207220455731,A,localidad,hrs_d_pm25_it1,bogota_2018
3,760360,12.6469731336609,0.178850750558762,A,localidad,hrs_d_pm25_it1,bogota_2018
4,915119,9.07084400305477,0.215252932822062,A,localidad,hrs_d_pm25_it1,bogota_2018
5,899211,4.11355128642859,0.21151107667512,A,localidad,hrs_d_pm25_it1,bogota_2018
1,575124,1.7920413684701,0.169062575234998,B_native,localidad,hrs_d_pm25_it1,bogota_2018
2,510966,2.30418070869686,0.150202787255489,B_native,localidad,hrs_d_pm25_it1,bogota_2018
3,687814,1.32635567173684,0.202188756029456,B_native,localidad,hrs_d_pm25_it1,bogota_2018
4,758176,1.72082207825096,0.222872262401447,B_native,localidad,hrs_d_pm25_it1,bogota_2018
5,869761,0.935899632197811,0.255673619078611,B_native,localidad,hrs_d_pm25_it1,bogota_2018
1,486640,1.95485369061318,0.164862173881081,B_common,localidad,hrs_d_pm25_it1,bogota_2018
2,466795,2.42872567186881,0.158139155138951,B_common,localidad,hrs_d_pm25_it1,bogota_2018
3,565730,1.41839216587418,0.191656003677757,B_common,localidad,hrs_d_pm25_it1,bogota_2018
4,681310,1.80373104754077,0.230811786303878,B_common,localidad,hrs_d_pm25_it1,bogota_2018
5,751324,0.950857419701753,0.254530880998334,B_common,localidad,hrs_d_pm25_it1,bogota_2018
1,486640,4.66992026960381,0.164862173881081,baseline_common,localidad,hrs_d_pm25_it1,bogota_2018
2,466795,4.57509613427736,0.158139155138951,baseline_common,localidad,hrs_d_pm25_it1,bogota_2018
3,565730,4.22349707457621,0.191656003677757,baseline_common,localidad,hrs_d_pm25_it1,bogota_2018
4,681310,4.05667170597819,0.230811786303878,baseline_common,localidad,hrs_d_pm25_it1,bogota_2018
5,751324,0.958160527282504,0.254530880998334,baseline_common,localidad,hrs_d_pm25_it1,bogota_2018
1,486640,4.16744427348553,0.164862173881081,A_common,localidad,hrs_d_pm25_it1,bogota_2018
2,466795,4.47995180790045,0.158139155138951,A_common,localidad,hrs_d_pm25_it1,bogota_2018
3,565730,3.75129072576651,0.191656003677757,A_common,localidad,hrs_d_pm25_it1,bogota_2018
4,681310,4.22566280156006,0.230811786303878,A_common,localidad,hrs_d_pm25_it1,bogota_2018
5,751324,1.54179052549025,0.254530880998334,A_common,localidad,hrs_d_pm25_it1,bogota_2018
1,527082,25.0573098682937,0.123979445665229,C,localidad,hrs_d_pm25_it1,bogota_2018
2,852897,24.3743711139798,0.200617166341359,C,localidad,hrs_d_pm25_it1,bogota_2018
3,1067304,8.37815186675961,0.251049662626083,C,localidad,hrs_d_pm25_it1,bogota_2018
4,430281,0.558063219152135,0.101210058131904,C,localidad,hrs_d_pm25_it1,bogota_2018
5,1373802,0.45268823309327,0.323143667235425,C,localidad,hrs_d_pm25_it1,bogota_2018
1,804265,131.659721489591,0.189178019488324,A,localidad,hrs_d_pm25_it2,bogota_2018
2,872411,132.578094319288,0.205207220455731,A,localidad,hrs_d_pm25_it2,bogota_2018
3,760360,119.847442731166,0.178850750558762,A,localidad,hrs_d_pm25_it2,bogota_2018
4,915119,116.875195058157,0.215252932822062,A,localidad,hrs_d_pm25_it2,bogota_2018
5,899211,55.9233542901336,0.21151107667512,A,localidad,hrs_d_pm25_it2,bogota_2018
1,575124,70.5072940791899,0.169062575234998,B_native,localidad,hrs_d_pm25_it2,bogota_2018
2,510966,90.3780212382037,0.150202787255489,B_native,localidad,hrs_d_pm25_it2,bogota_2018
3,687814,52.9953970114013,0.202188756029456,B_native,localidad,hrs_d_pm25_it2,bogota_2018
4,758176,72.6486752416326,0.222872262401447,B_native,localidad,hrs_d_pm25_it2,bogota_2018
5,869761,31.6833865855103,0.255673619078611,B_native,localidad,hrs_d_pm25_it2,bogota_2018
1,486640,78.9484218313332,0.164862173881081,B_common,localidad,hrs_d_pm25_it2,bogota_2018
2,466795,96.3495003159845,0.158139155138951,B_common,localidad,hrs_d_pm25_it2,bogota_2018
3,565730,58.9208014423842,0.191656003677757,B_common,localidad,hrs_d_pm25_it2,bogota_2018
4,681310,77.4340784664837,0.230811786303878,B_common,localidad,hrs_d_pm25_it2,bogota_2018
5,751324,33.398449936379,0.254530880998334,B_common,localidad,hrs_d_pm25_it2,bogota_2018
1,486640,103.253174831498,0.164862173881081,baseline_common,localidad,hrs_d_pm25_it2,bogota_2018
2,466795,113.499527629902,0.158139155138951,baseline_common,localidad,hrs_d_pm25_it2,bogota_2018
3,565730,91.0467997101091,0.191656003677757,baseline_common,localidad,hrs_d_pm25_it2,bogota_2018
4,681310,101.619643040613,0.230811786303878,baseline_common,localidad,hrs_d_pm25_it2,bogota_2018
5,751324,36.9046789401111,0.254530880998334,baseline_common,localidad,hrs_d_pm25_it2,bogota_2018
1,486640,98.6523933559803,0.164862173881081,A_common,localidad,hrs_d_pm25_it2,bogota_2018
2,466795,112.14998551337,0.158139155138951,A_common,localidad,hrs_d_pm25_it2,bogota_2018
3,565730,84.609602723659,0.191656003677757,A_common,localidad,hrs_d_pm25_it2,bogota_2018
4,681310,100.905577981013,0.230811786303878,A_common,localidad,hrs_d_pm25_it2,bogota_2018
5,751324,46.1174153355107,0.254530880998334,A_common,localidad,hrs_d_pm25_it2,bogota_2018
1,527082,202.632823735206,0.123979445665229,C,localidad,hrs_d_pm25_it2,bogota_2018
2,852897,161.968735966946,0.200617166341359,C,localidad,hrs_d_pm25_it2,bogota_2018
3,1067304,166.430249488431,0.251049662626083,C,localidad,hrs_d_pm25_it2,bogota_2018
4,430281,19.2688289745538,0.101210058131904,C,localidad,hrs_d_pm25_it2,bogota_2018
5,1373802,28.4516728029221,0.323143667235425,C,localidad,hrs_d_pm25_it2,bogota_2018
1,804265,16.3194946553008,0.189178019488324,A,localidad,avg_pm25,bogota_2018
2,872411,16.1847983491045,0.205207220455731,A,localidad,avg_pm25,bogota_2018
3,760360,16.1086514424095,0.178850750558762,A,localidad,avg_pm25,bogota_2018
4,915119,16.204341698931,0.215252932822062,A,localidad,avg_pm25,bogota_2018
5,899211,13.9636245411068,0.21151107667512,A,localidad,avg_pm25,bogota_2018
1,575124,15.4438140257656,0.169062575234998,B_native,localidad,avg_pm25,bogota_2018
2,510966,15.8936847290502,0.150202787255489,B_native,localidad,avg_pm25,bogota_2018
3,687814,15.0807944558795,0.202188756029456,B_native,localidad,avg_pm25,bogota_2018
4,758176,15.7297743963817,0.222872262401447,B_native,localidad,avg_pm25,bogota_2018
5,869761,13.5930631024937,0.255673619078611,B_native,localidad,avg_pm25,bogota_2018
1,486640,15.8327843332664,0.164862173881081,B_common,localidad,avg_pm25,bogota_2018
2,466795,16.1187144255519,0.158139155138951,B_common,localidad,avg_pm25,bogota_2018
3,565730,15.3555684842726,0.191656003677757,B_common,localidad,avg_pm25,bogota_2018
4,681310,15.8700899676241,0.230811786303878,B_common,localidad,avg_pm25,bogota_2018
5,751324,13.6777478668595,0.254530880998334,B_common,localidad,avg_pm25,bogota_2018
1,486640,16.3154160557226,0.164862173881081,baseline_common,localidad,avg_pm25,bogota_2018
2,466795,16.5271697588389,0.158139155138951,baseline_common,localidad,avg_pm25,bogota_2018
3,565730,16.0027196699492,0.191656003677757,baseline_common,localidad,avg_pm25,bogota_2018
4,681310,16.2926087974527,0.230811786303878,baseline_common,localidad,avg_pm25,bogota_2018
5,751324,13.391229292816,0.254530880998334,baseline_common,localidad,avg_pm25,bogota_2018
1,486640,16.0664723994951,0.164862173881081,A_common,localidad,avg_pm25,bogota_2018
2,466795,16.3815764879079,0.158139155138951,A_common,localidad,avg_pm25,bogota_2018
3,565730,15.6659457754746,0.191656003677757,A_common,localidad,avg_pm25,bogota_2018
4,681310,16.2189185795024,0.230811786303878,A_common,localidad,avg_pm25,bogota_2018
5,751324,13.9594991742635,0.254530880998334,A_common,localidad,avg_pm25,bogota_2018
1,527082,18.6845618986394,0.123979445665229,C,localidad,avg_pm25,bogota_2018
2,852897,15.8938873794404,0.200617166341359,C,localidad,avg_pm25,bogota_2018
3,1067304,17.9368894377366,0.251049662626083,C,localidad,avg_pm25,bogota_2018
4,430281,13.790084307707,0.101210058131904,C,localidad,avg_pm25,bogota_2018
5,1373802,13.3918343178353,0.323143667235425,C,localidad,avg_pm25,bogota_2018
1,805403,25.2853667882049,0.189282210875673,A,municipio,hrs_d_pm10_it1,bogota_2018
2,873186,20.8138581550562,0.205212268374572,A,municipio,hrs_d_pm10_it1,bogota_2018
3,761562,35.6782306586121,0.178978895135602,A,municipio,hrs_d_pm10_it1,bogota_2018
4,915457,15.0808305246565,0.215146609736505,A,municipio,hrs_d_pm10_it1,bogota_2018
5,899430,12.9602581957278,0.211380015877649,A,municipio,hrs_d_pm10_it1,bogota_2018
1,49033,0,0.218390343844646,B_native,municipio,hrs_d_pm10_it1,bogota_2018
2,29673,0,0.132161945483699,B_native,municipio,hrs_d_pm10_it1,bogota_2018
3,67917,0,0.302498663816141,B_native,municipio,hrs_d_pm10_it1,bogota_2018
4,29309,0,0.130540709068234,B_native,municipio,hrs_d_pm10_it1,bogota_2018
5,48588,0,0.21640833778728,B_native,municipio,hrs_d_pm10_it1,bogota_2018
1,21839,0,0.172643045739854,B_common,municipio,hrs_d_pm10_it1,bogota_2018
2,17137,0,0.135472497588895,B_common,municipio,hrs_d_pm10_it1,bogota_2018
3,39304,0,0.310708469699126,B_common,municipio,hrs_d_pm10_it1,bogota_2018
4,18584,0,0.146911413619188,B_common,municipio,hrs_d_pm10_it1,bogota_2018
5,29634,0,0.234264573352938,B_common,municipio,hrs_d_pm10_it1,bogota_2018
1,21839,0.251476715966848,0.172643045739854,baseline_common,municipio,hrs_d_pm10_it1,bogota_2018
2,17137,0.971231837544494,0.135472497588895,baseline_common,municipio,hrs_d_pm10_it1,bogota_2018
3,39304,0.432907592102585,0.310708469699126,baseline_common,municipio,hrs_d_pm10_it1,bogota_2018
4,18584,0.313065002152389,0.146911413619188,baseline_common,municipio,hrs_d_pm10_it1,bogota_2018
5,29634,0.218195316190862,0.234264573352938,baseline_common,municipio,hrs_d_pm10_it1,bogota_2018
1,21839,0.2027307531821,0.172643045739854,A_common,municipio,hrs_d_pm10_it1,bogota_2018
2,17137,0.765748618719337,0.135472497588895,A_common,municipio,hrs_d_pm10_it1,bogota_2018
3,39304,0.448710177418055,0.310708469699126,A_common,municipio,hrs_d_pm10_it1,bogota_2018
4,18584,0.393237268114775,0.146911413619188,A_common,municipio,hrs_d_pm10_it1,bogota_2018
5,29634,0.303258559879744,0.234264573352938,A_common,municipio,hrs_d_pm10_it1,bogota_2018
1,504284,138.306105289876,0.118514570257657,C,municipio,hrs_d_pm10_it1,bogota_2018
2,0,,0,C,municipio,hrs_d_pm10_it1,bogota_2018
3,0,,0,C,municipio,hrs_d_pm10_it1,bogota_2018
4,0,,0,C,municipio,hrs_d_pm10_it1,bogota_2018
5,3750754,5.73465148607453,0.881485429742343,C,municipio,hrs_d_pm10_it1,bogota_2018
1,805403,125.256913365711,0.189282210875673,A,municipio,hrs_d_pm10_it2,bogota_2018
2,873186,115.972848275859,0.205212268374572,A,municipio,hrs_d_pm10_it2,bogota_2018
3,761562,142.95480803659,0.178978895135602,A,municipio,hrs_d_pm10_it2,bogota_2018
4,915457,105.121909921278,0.215146609736505,A,municipio,hrs_d_pm10_it2,bogota_2018
5,899430,97.7807797431468,0.211380015877649,A,municipio,hrs_d_pm10_it2,bogota_2018
1,49033,10.5756735259927,0.218390343844646,B_native,municipio,hrs_d_pm10_it2,bogota_2018
2,29673,8.58730158730159,0.132161945483699,B_native,municipio,hrs_d_pm10_it2,bogota_2018
3,67917,10.6638985820928,0.302498663816141,B_native,municipio,hrs_d_pm10_it2,bogota_2018
4,29309,11.4196321948889,0.130540709068234,B_native,municipio,hrs_d_pm10_it2,bogota_2018
5,48588,11.1325430147361,0.21640833778728,B_native,municipio,hrs_d_pm10_it2,bogota_2018
1,21839,15.1828380420349,0.172643045739854,B_common,municipio,hrs_d_pm10_it2,bogota_2018
2,17137,10.144132578631,0.135472497588895,B_common,municipio,hrs_d_pm10_it2,bogota_2018
3,39304,13.4134439242825,0.310708469699126,B_common,municipio,hrs_d_pm10_it2,bogota_2018
4,18584,14.2020555316401,0.146911413619188,B_common,municipio,hrs_d_pm10_it2,bogota_2018
5,29634,13.5281770938787,0.234264573352938,B_common,municipio,hrs_d_pm10_it2,bogota_2018
1,21839,30.2452035349604,0.172643045739854,baseline_common,municipio,hrs_d_pm10_it2,bogota_2018
2,17137,27.1608216140515,0.135472497588895,baseline_common,municipio,hrs_d_pm10_it2,bogota_2018
3,39304,29.4240280887442,0.310708469699126,baseline_common,municipio,hrs_d_pm10_it2,bogota_2018
4,18584,28.4712117950926,0.146911413619188,baseline_common,municipio,hrs_d_pm10_it2,bogota_2018
5,29634,23.8197340892218,0.234264573352938,baseline_common,municipio,hrs_d_pm10_it2,bogota_2018
1,21839,29.2471619560867,0.172643045739854,A_common,municipio,hrs_d_pm10_it2,bogota_2018
2,17137,24.8366462932135,0.135472497588895,A_common,municipio,hrs_d_pm10_it2,bogota_2018
3,39304,28.414519885199,0.310708469699126,A_common,municipio,hrs_d_pm10_it2,bogota_2018
4,18584,29.5569951077757,0.146911413619188,A_common,municipio,hrs_d_pm10_it2,bogota_2018
5,29634,26.5962169593642,0.234264573352938,A_common,municipio,hrs_d_pm10_it2,bogota_2018
1,504284,336.875455100697,0.118514570257657,C,municipio,hrs_d_pm10_it2,bogota_2018
2,0,,0,C,municipio,hrs_d_pm10_it2,bogota_2018
3,0,,0,C,municipio,hrs_d_pm10_it2,bogota_2018
4,0,,0,C,municipio,hrs_d_pm10_it2,bogota_2018
5,3750754,86.9768369239892,0.881485429742343,C,municipio,hrs_d_pm10_it2,bogota_2018
1,805403,33.0934256414574,0.189282210875673,A,municipio,avg_pm10,bogota_2018
2,873186,32.724463509117,0.205212268374572,A,municipio,avg_pm10,bogota_2018
3,761562,33.538024453469,0.178978895135602,A,municipio,avg_pm10,bogota_2018
4,915457,32.4418839117784,0.215146609736505,A,municipio,avg_pm10,bogota_2018
5,899430,31.975218030287,0.211380015877649,A,municipio,avg_pm10,bogota_2018
1,49033,25.4084357436393,0.218390343844646,B_native,municipio,avg_pm10,bogota_2018
2,29673,24.9720442413337,0.132161945483699,B_native,municipio,avg_pm10,bogota_2018
3,67917,25.5532596141321,0.302498663816141,B_native,municipio,avg_pm10,bogota_2018
4,29309,25.8408815803528,0.130540709068234,B_native,municipio,avg_pm10,bogota_2018
5,48588,26.5523468786846,0.21640833778728,B_native,municipio,avg_pm10,bogota_2018
1,21839,26.7439597891069,0.172643045739854,B_common,municipio,avg_pm10,bogota_2018
2,17137,25.4638872262243,0.135472497588895,B_common,municipio,avg_pm10,bogota_2018
3,39304,26.1445780846435,0.310708469699126,B_common,municipio,avg_pm10,bogota_2018
4,18584,26.2766670445647,0.146911413619188,B_common,municipio,avg_pm10,bogota_2018
5,29634,26.5350340498603,0.234264573352938,B_common,municipio,avg_pm10,bogota_2018
1,21839,30.2567948432025,0.172643045739854,baseline_common,municipio,avg_pm10,bogota_2018
2,17137,28.0916402126416,0.135472497588895,baseline_common,municipio,avg_pm10,bogota_2018
3,39304,29.3806907170197,0.310708469699126,baseline_common,municipio,avg_pm10,bogota_2018
4,18584,29.5787011447198,0.146911413619188,baseline_common,municipio,avg_pm10,bogota_2018
5,29634,29.2638634469925,0.234264573352938,baseline_common,municipio,avg_pm10,bogota_2018
1,21839,30.1427546857049,0.172643045739854,A_common,municipio,avg_pm10,bogota_2018
2,17137,27.9416731458475,0.135472497588895,A_common,municipio,avg_pm10,bogota_2018
3,39304,29.3195294007121,0.310708469699126,A_common,municipio,avg_pm10,bogota_2018
4,18584,29.6544417805163,0.146911413619188,A_common,municipio,avg_pm10,bogota_2018
5,29634,29.4705698061749,0.234264573352938,A_common,municipio,avg_pm10,bogota_2018
1,504284,40.3248833101445,0.118514570257657,C,municipio,avg_pm10,bogota_2018
2,0,,0,C,municipio,avg_pm10,bogota_2018
3,0,,0,C,municipio,avg_pm10,bogota_2018
4,0,,0,C,municipio,avg_pm10,bogota_2018
5,3750754,31.7266403365964,0.881485429742343,C,municipio,avg_pm10,bogota_2018
1,804265,11.3740094722642,0.189178019488324,A,municipio,hrs_d_pm25_it1,bogota_2018
2,872411,9.98456113625995,0.205207220455731,A,municipio,hrs_d_pm25_it1,bogota_2018
3,760360,13.718184961499,0.178850750558762,A,municipio,hrs_d_pm25_it1,bogota_2018
4,915119,8.79457792687983,0.215252932822062,A,municipio,hrs_d_pm25_it1,bogota_2018
5,899211,8.25140111009617,0.21151107667512,A,municipio,hrs_d_pm25_it1,bogota_2018
1,49033,0.660840658332144,0.218390343844646,B_native,municipio,hrs_d_pm25_it1,bogota_2018
2,29673,0.477302598321707,0.132161945483699,B_native,municipio,hrs_d_pm25_it1,bogota_2018
3,67917,0.536331110031362,0.302498663816141,B_native,municipio,hrs_d_pm25_it1,bogota_2018
4,29309,0.517315500358252,0.130540709068234,B_native,municipio,hrs_d_pm25_it1,bogota_2018
5,48588,0.613731785626081,0.21640833778728,B_native,municipio,hrs_d_pm25_it1,bogota_2018
1,21839,0.371353999725262,0.172643045739854,B_common,municipio,hrs_d_pm25_it1,bogota_2018
2,17137,0.216140514675848,0.135472497588895,B_common,municipio,hrs_d_pm25_it1,bogota_2018
3,39304,0.276129656014655,0.310708469699126,B_common,municipio,hrs_d_pm25_it1,bogota_2018
4,18584,0.274214377959535,0.146911413619188,B_common,municipio,hrs_d_pm25_it1,bogota_2018
5,29634,0.389518795977593,0.234264573352938,B_common,municipio,hrs_d_pm25_it1,bogota_2018
1,21839,2.1857685791474,0.172643045739854,baseline_common,municipio,hrs_d_pm25_it1,bogota_2018
2,17137,2.09114780883469,0.135472497588895,baseline_common,municipio,hrs_d_pm25_it1,bogota_2018
3,39304,2.1222013026664,0.310708469699126,baseline_common,municipio,hrs_d_pm25_it1,bogota_2018
4,18584,2.16099870856651,0.146911413619188,baseline_common,municipio,hrs_d_pm25_it1,bogota_2018
5,29634,1.99365593574948,0.234264573352938,baseline_common,municipio,hrs_d_pm25_it1,bogota_2018
1,21839,2.19554518552916,0.172643045739854,A_common,municipio,hrs_d_pm25_it1,bogota_2018
2,17137,1.91823441473309,0.135472497588895,A_common,municipio,hrs_d_pm25_it1,bogota_2018
3,39304,2.136388040399,0.310708469699126,A_common,municipio,hrs_d_pm25_it1,bogota_2018
4,18584,2.20263030211332,0.146911413619188,A_common,municipio,hrs_d_pm25_it1,bogota_2018
5,29634,2.04226806129403,0.234264573352938,A_common,municipio,hrs_d_pm25_it1,bogota_2018
1,500612,39.5549387549639,0.117753211556003,C,municipio,hrs_d_pm25_it1,bogota_2018
2,0,,0,C,municipio,hrs_d_pm25_it1,bogota_2018
3,0,,0,C,municipio,hrs_d_pm25_it1,bogota_2018
4,0,,0,C,municipio,hrs_d_pm25_it1,bogota_2018
5,3750754,6.39830578065104,0.882246788443997,C,municipio,hrs_d_pm25_it1,bogota_2018
1,804265,115.544325396215,0.189178019488324,A,municipio,hrs_d_pm25_it2,bogota_2018
2,872411,109.740464049141,0.205207220455731,A,municipio,hrs_d_pm25_it2,bogota_2018
3,760360,120.558295093394,0.178850750558762,A,municipio,hrs_d_pm25_it2,bogota_2018
4,915119,106.502381803918,0.215252932822062,A,municipio,hrs_d_pm25_it2,bogota_2018
5,899211,101.71076230002,0.21151107667512,A,municipio,hrs_d_pm25_it2,bogota_2018
1,49033,15.7251442905798,0.218390343844646,B_native,municipio,hrs_d_pm25_it2,bogota_2018
2,29673,11.9880362619216,0.132161945483699,B_native,municipio,hrs_d_pm25_it2,bogota_2018
3,67917,15.8219297083205,0.302498663816141,B_native,municipio,hrs_d_pm25_it2,bogota_2018
4,29309,17.2721007199154,0.130540709068234,B_native,municipio,hrs_d_pm25_it2,bogota_2018
5,48588,18.5869762081172,0.21640833778728,B_native,municipio,hrs_d_pm25_it2,bogota_2018
1,21839,23.3054627043363,0.172643045739854,B_common,municipio,hrs_d_pm25_it2,bogota_2018
2,17137,14.2355138005485,0.135472497588895,B_common,municipio,hrs_d_pm25_it2,bogota_2018
3,39304,19.7205882352941,0.310708469699126,B_common,municipio,hrs_d_pm25_it2,bogota_2018
4,18584,20.9394640551012,0.146911413619188,B_common,municipio,hrs_d_pm25_it2,bogota_2018
5,29634,20.9194168860093,0.234264573352938,B_common,municipio,hrs_d_pm25_it2,bogota_2018
1,21839,33.9201886533266,0.172643045739854,baseline_common,municipio,hrs_d_pm25_it2,bogota_2018
2,17137,33.0150551438408,0.135472497588895,baseline_common,municipio,hrs_d_pm25_it2,bogota_2018
3,39304,32.8674180744962,0.310708469699126,baseline_common,municipio,hrs_d_pm25_it2,bogota_2018
4,18584,32.0175957813173,0.146911413619188,baseline_common,municipio,hrs_d_pm25_it2,bogota_2018
5,29634,27.9898764932173,0.234264573352938,baseline_common,municipio,hrs_d_pm25_it2,bogota_2018
1,21839,32.9251823472539,0.172643045739854,A_common,municipio,hrs_d_pm25_it2,bogota_2018
2,17137,29.5433767771875,0.135472497588895,A_common,municipio,hrs_d_pm25_it2,bogota_2018
3,39304,32.1878041236866,0.310708469699126,A_common,municipio,hrs_d_pm25_it2,bogota_2018
4,18584,33.0737218701277,0.146911413619188,A_common,municipio,hrs_d_pm25_it2,bogota_2018
5,29634,30.9482759729111,0.234264573352938,A_common,municipio,hrs_d_pm25_it2,bogota_2018
1,500612,200.156760125606,0.117753211556003,C,municipio,hrs_d_pm25_it2,bogota_2018
2,0,,0,C,municipio,hrs_d_pm25_it2,bogota_2018
3,0,,0,C,municipio,hrs_d_pm25_it2,bogota_2018
4,0,,0,C,municipio,hrs_d_pm25_it2,bogota_2018
5,3750754,98.5816542487191,0.882246788443997,C,municipio,hrs_d_pm25_it2,bogota_2018
1,804265,15.865962137312,0.189178019488324,A,municipio,avg_pm25,bogota_2018
2,872411,15.7346333561704,0.205207220455731,A,municipio,avg_pm25,bogota_2018
3,760360,15.7816249391395,0.178850750558762,A,municipio,avg_pm25,bogota_2018
4,915119,15.7369210728211,0.215252932822062,A,municipio,avg_pm25,bogota_2018
5,899211,15.5173306220134,0.21151107667512,A,municipio,avg_pm25,bogota_2018
1,49033,11.8092829421173,0.218390343844646,B_native,municipio,avg_pm25,bogota_2018
2,29673,10.8521928006307,0.132161945483699,B_native,municipio,avg_pm25,bogota_2018
3,67917,11.6087837832137,0.302498663816141,B_native,municipio,avg_pm25,bogota_2018
4,29309,11.8282596197997,0.130540709068234,B_native,municipio,avg_pm25,bogota_2018
5,48588,12.3465741545147,0.21640833778728,B_native,municipio,avg_pm25,bogota_2018
1,21839,12.5474919389734,0.172643045739854,B_common,municipio,avg_pm25,bogota_2018
2,17137,10.7472955702143,0.135472497588895,B_common,municipio,avg_pm25,bogota_2018
3,39304,11.7495206412081,0.310708469699126,B_common,municipio,avg_pm25,bogota_2018
4,18584,11.9382087496495,0.146911413619188,B_common,municipio,avg_pm25,bogota_2018
5,29634,12.2170165624324,0.234264573352938,B_common,municipio,avg_pm25,bogota_2018
1,21839,13.624938922054,0.172643045739854,baseline_common,municipio,avg_pm25,bogota_2018
2,17137,11.9235703546139,0.135472497588895,baseline_common,municipio,avg_pm25,bogota_2018
3,39304,12.7898603266067,0.310708469699126,baseline_common,municipio,avg_pm25,bogota_2018
4,18584,12.9348279688282,0.146911413619188,baseline_common,municipio,avg_pm25,bogota_2018
5,29634,13.0203420130112,0.234264573352938,baseline_common,municipio,avg_pm25,bogota_2018
1,21839,13.5236130522463,0.172643045739854,A_common,municipio,avg_pm25,bogota_2018
2,17137,11.7785572585931,0.135472497588895,A_common,municipio,avg_pm25,bogota_2018
3,39304,12.7954997277924,0.310708469699126,A_common,municipio,avg_pm25,bogota_2018
4,18584,13.0074853707082,0.146911413619188,A_common,municipio,avg_pm25,bogota_2018
5,29634,13.1263851973294,0.234264573352938,A_common,municipio,avg_pm25,bogota_2018
1,500612,16.5802275575491,0.117753211556003,C,municipio,avg_pm25,bogota_2018
2,0,,0,C,municipio,avg_pm25,bogota_2018
3,0,,0,C,municipio,avg_pm25,bogota_2018
4,0,,0,C,municipio,avg_pm25,bogota_2018
5,3750754,15.6180165696962,0.882246788443997,C,municipio,avg_pm25,bogota_2018
1,331676,510.276227402646,0.232059560433256,A,fine,hrs_d_pm10_it1,santiago_2017
2,358887,516.702045490642,0.251097937340085,A,fine,hrs_d_pm10_it1,santiago_2017
3,263207,467.804895006592,0.184154719433893,A,fine,hrs_d_pm10_it1,santiago_2017
4,259305,450.079288868321,0.181424656345787,A,fine,hrs_d_pm10_it1,santiago_2017
5,216196,409.639429036615,0.151263126446979,A,fine,hrs_d_pm10_it1,santiago_2017
1,331676,510.276227402646,0.232059560433256,B_native,fine,hrs_d_pm10_it1,santiago_2017
2,358887,516.702045490642,0.251097937340085,B_native,fine,hrs_d_pm10_it1,santiago_2017
3,263207,467.804895006592,0.184154719433893,B_native,fine,hrs_d_pm10_it1,santiago_2017
4,259305,450.079288868321,0.181424656345787,B_native,fine,hrs_d_pm10_it1,santiago_2017
5,216196,409.639429036615,0.151263126446979,B_native,fine,hrs_d_pm10_it1,santiago_2017
1,331676,510.276227402646,0.232059560433256,B_common,fine,hrs_d_pm10_it1,santiago_2017
2,358887,516.702045490642,0.251097937340085,B_common,fine,hrs_d_pm10_it1,santiago_2017
3,263207,467.804895006592,0.184154719433893,B_common,fine,hrs_d_pm10_it1,santiago_2017
4,259305,450.079288868321,0.181424656345787,B_common,fine,hrs_d_pm10_it1,santiago_2017
5,216196,409.639429036615,0.151263126446979,B_common,fine,hrs_d_pm10_it1,santiago_2017
1,331676,510.276227402646,0.232059560433256,baseline_common,fine,hrs_d_pm10_it1,santiago_2017
2,358887,516.702045490642,0.251097937340085,baseline_common,fine,hrs_d_pm10_it1,santiago_2017
3,263207,467.804895006592,0.184154719433893,baseline_common,fine,hrs_d_pm10_it1,santiago_2017
4,259305,450.079288868321,0.181424656345787,baseline_common,fine,hrs_d_pm10_it1,santiago_2017
5,216196,409.639429036615,0.151263126446979,baseline_common,fine,hrs_d_pm10_it1,santiago_2017
1,331676,510.276227402646,0.232059560433256,A_common,fine,hrs_d_pm10_it1,santiago_2017
2,358887,516.702045490642,0.251097937340085,A_common,fine,hrs_d_pm10_it1,santiago_2017
3,263207,467.804895006592,0.184154719433893,A_common,fine,hrs_d_pm10_it1,santiago_2017
4,259305,450.079288868321,0.181424656345787,A_common,fine,hrs_d_pm10_it1,santiago_2017
5,216196,409.639429036615,0.151263126446979,A_common,fine,hrs_d_pm10_it1,santiago_2017
1,372916,528.561279215695,0.26091343069299,C,fine,hrs_d_pm10_it1,santiago_2017
2,307156,530.371345505216,0.214903961530039,C,fine,hrs_d_pm10_it1,santiago_2017
3,292839,466.369458985996,0.204886966852332,C,fine,hrs_d_pm10_it1,santiago_2017
4,295527,439.617138197187,0.206767645883811,C,fine,hrs_d_pm10_it1,santiago_2017
5,160833,351.782065869567,0.112527995040829,C,fine,hrs_d_pm10_it1,santiago_2017
1,331676,1577.86480480951,0.232059560433256,A,fine,hrs_d_pm10_it2,santiago_2017
2,358887,1622.7446299253,0.251097937340085,A,fine,hrs_d_pm10_it2,santiago_2017
3,263207,1474.98567287344,0.184154719433893,A,fine,hrs_d_pm10_it2,santiago_2017
4,259305,1514.66354678853,0.181424656345787,A,fine,hrs_d_pm10_it2,santiago_2017
5,216196,1430.74699809432,0.151263126446979,A,fine,hrs_d_pm10_it2,santiago_2017
1,331676,1577.86480480951,0.232059560433256,B_native,fine,hrs_d_pm10_it2,santiago_2017
2,358887,1622.7446299253,0.251097937340085,B_native,fine,hrs_d_pm10_it2,santiago_2017
3,263207,1474.98567287344,0.184154719433893,B_native,fine,hrs_d_pm10_it2,santiago_2017
4,259305,1514.66354678853,0.181424656345787,B_native,fine,hrs_d_pm10_it2,santiago_2017
5,216196,1430.74699809432,0.151263126446979,B_native,fine,hrs_d_pm10_it2,santiago_2017
1,331676,1577.86480480951,0.232059560433256,B_common,fine,hrs_d_pm10_it2,santiago_2017
2,358887,1622.7446299253,0.251097937340085,B_common,fine,hrs_d_pm10_it2,santiago_2017
3,263207,1474.98567287344,0.184154719433893,B_common,fine,hrs_d_pm10_it2,santiago_2017
4,259305,1514.66354678853,0.181424656345787,B_common,fine,hrs_d_pm10_it2,santiago_2017
5,216196,1430.74699809432,0.151263126446979,B_common,fine,hrs_d_pm10_it2,santiago_2017
1,331676,1577.86480480951,0.232059560433256,baseline_common,fine,hrs_d_pm10_it2,santiago_2017
2,358887,1622.7446299253,0.251097937340085,baseline_common,fine,hrs_d_pm10_it2,santiago_2017
3,263207,1474.98567287344,0.184154719433893,baseline_common,fine,hrs_d_pm10_it2,santiago_2017
4,259305,1514.66354678853,0.181424656345787,baseline_common,fine,hrs_d_pm10_it2,santiago_2017
5,216196,1430.74699809432,0.151263126446979,baseline_common,fine,hrs_d_pm10_it2,santiago_2017
1,331676,1577.86480480951,0.232059560433256,A_common,fine,hrs_d_pm10_it2,santiago_2017
2,358887,1622.7446299253,0.251097937340085,A_common,fine,hrs_d_pm10_it2,santiago_2017
3,263207,1474.98567287344,0.184154719433893,A_common,fine,hrs_d_pm10_it2,santiago_2017
4,259305,1514.66354678853,0.181424656345787,A_common,fine,hrs_d_pm10_it2,santiago_2017
5,216196,1430.74699809432,0.151263126446979,A_common,fine,hrs_d_pm10_it2,santiago_2017
1,372916,1604.06291765438,0.26091343069299,C,fine,hrs_d_pm10_it2,santiago_2017
2,307156,1588.44305825053,0.214903961530039,C,fine,hrs_d_pm10_it2,santiago_2017
3,292839,1532.19650046613,0.204886966852332,C,fine,hrs_d_pm10_it2,santiago_2017
4,295527,1513.77043045136,0.206767645883811,C,fine,hrs_d_pm10_it2,santiago_2017
5,160833,1329.96669837658,0.112527995040829,C,fine,hrs_d_pm10_it2,santiago_2017
1,331676,68.3409932281428,0.232059560433256,A,fine,avg_pm10,santiago_2017
2,358887,69.1437361382442,0.251097937340085,A,fine,avg_pm10,santiago_2017
3,263207,66.627903895439,0.184154719433893,A,fine,avg_pm10,santiago_2017
4,259305,67.9397557519635,0.181424656345787,A,fine,avg_pm10,santiago_2017
5,216196,66.2302398412498,0.151263126446979,A,fine,avg_pm10,santiago_2017
1,331676,68.3409932281428,0.232059560433256,B_native,fine,avg_pm10,santiago_2017
2,358887,69.1437361382442,0.251097937340085,B_native,fine,avg_pm10,santiago_2017
3,263207,66.627903895439,0.184154719433893,B_native,fine,avg_pm10,santiago_2017
4,259305,67.9397557519635,0.181424656345787,B_native,fine,avg_pm10,santiago_2017
5,216196,66.2302398412498,0.151263126446979,B_native,fine,avg_pm10,santiago_2017
1,331676,68.3409932281428,0.232059560433256,B_common,fine,avg_pm10,santiago_2017
2,358887,69.1437361382442,0.251097937340085,B_common,fine,avg_pm10,santiago_2017
3,263207,66.627903895439,0.184154719433893,B_common,fine,avg_pm10,santiago_2017
4,259305,67.9397557519635,0.181424656345787,B_common,fine,avg_pm10,santiago_2017
5,216196,66.2302398412498,0.151263126446979,B_common,fine,avg_pm10,santiago_2017
1,331676,68.3409932281428,0.232059560433256,baseline_common,fine,avg_pm10,santiago_2017
2,358887,69.1437361382442,0.251097937340085,baseline_common,fine,avg_pm10,santiago_2017
3,263207,66.627903895439,0.184154719433893,baseline_common,fine,avg_pm10,santiago_2017
4,259305,67.9397557519635,0.181424656345787,baseline_common,fine,avg_pm10,santiago_2017
5,216196,66.2302398412498,0.151263126446979,baseline_common,fine,avg_pm10,santiago_2017
1,331676,68.3409932281428,0.232059560433256,A_common,fine,avg_pm10,santiago_2017
2,358887,69.1437361382442,0.251097937340085,A_common,fine,avg_pm10,santiago_2017
3,263207,66.627903895439,0.184154719433893,A_common,fine,avg_pm10,santiago_2017
4,259305,67.9397557519635,0.181424656345787,A_common,fine,avg_pm10,santiago_2017
5,216196,66.2302398412498,0.151263126446979,A_common,fine,avg_pm10,santiago_2017
1,372916,68.6399346717757,0.26091343069299,C,fine,avg_pm10,santiago_2017
2,307156,68.2671448979885,0.214903961530039,C,fine,avg_pm10,santiago_2017
3,292839,68.3000527287899,0.204886966852332,C,fine,avg_pm10,santiago_2017
4,295527,67.9060015423028,0.206767645883811,C,fine,avg_pm10,santiago_2017
5,160833,64.1662358147108,0.112527995040829,C,fine,avg_pm10,santiago_2017
1,331676,271.862154632834,0.232059560433256,A,fine,hrs_d_pm25_it1,santiago_2017
2,358887,256.824125699733,0.251097937340085,A,fine,hrs_d_pm25_it1,santiago_2017
3,263207,251.849411299851,0.184154719433893,A,fine,hrs_d_pm25_it1,santiago_2017
4,259305,194.928204238252,0.181424656345787,A,fine,hrs_d_pm25_it1,santiago_2017
5,216196,168.69450406113,0.151263126446979,A,fine,hrs_d_pm25_it1,santiago_2017
1,331676,271.862154632834,0.232059560433256,B_native,fine,hrs_d_pm25_it1,santiago_2017
2,358887,256.824125699733,0.251097937340085,B_native,fine,hrs_d_pm25_it1,santiago_2017
3,263207,251.849411299851,0.184154719433893,B_native,fine,hrs_d_pm25_it1,santiago_2017
4,259305,194.928204238252,0.181424656345787,B_native,fine,hrs_d_pm25_it1,santiago_2017
5,216196,168.69450406113,0.151263126446979,B_native,fine,hrs_d_pm25_it1,santiago_2017
1,331676,271.862154632834,0.232059560433256,B_common,fine,hrs_d_pm25_it1,santiago_2017
2,358887,256.824125699733,0.251097937340085,B_common,fine,hrs_d_pm25_it1,santiago_2017
3,263207,251.849411299851,0.184154719433893,B_common,fine,hrs_d_pm25_it1,santiago_2017
4,259305,194.928204238252,0.181424656345787,B_common,fine,hrs_d_pm25_it1,santiago_2017
5,216196,168.69450406113,0.151263126446979,B_common,fine,hrs_d_pm25_it1,santiago_2017
1,331676,271.862154632834,0.232059560433256,baseline_common,fine,hrs_d_pm25_it1,santiago_2017
2,358887,256.824125699733,0.251097937340085,baseline_common,fine,hrs_d_pm25_it1,santiago_2017
3,263207,251.849411299851,0.184154719433893,baseline_common,fine,hrs_d_pm25_it1,santiago_2017
4,259305,194.928204238252,0.181424656345787,baseline_common,fine,hrs_d_pm25_it1,santiago_2017
5,216196,168.69450406113,0.151263126446979,baseline_common,fine,hrs_d_pm25_it1,santiago_2017
1,331676,271.862154632834,0.232059560433256,A_common,fine,hrs_d_pm25_it1,santiago_2017
2,358887,256.824125699733,0.251097937340085,A_common,fine,hrs_d_pm25_it1,santiago_2017
3,263207,251.849411299851,0.184154719433893,A_common,fine,hrs_d_pm25_it1,santiago_2017
4,259305,194.928204238252,0.181424656345787,A_common,fine,hrs_d_pm25_it1,santiago_2017
5,216196,168.69450406113,0.151263126446979,A_common,fine,hrs_d_pm25_it1,santiago_2017
1,372916,296.122759549067,0.26091343069299,C,fine,hrs_d_pm25_it1,santiago_2017
2,307156,299.585578663611,0.214903961530039,C,fine,hrs_d_pm25_it1,santiago_2017
3,292839,213.611872052561,0.204886966852332,C,fine,hrs_d_pm25_it1,santiago_2017
4,295527,171.581009518589,0.206767645883811,C,fine,hrs_d_pm25_it1,santiago_2017
5,160833,123.962893187343,0.112527995040829,C,fine,hrs_d_pm25_it1,santiago_2017
1,331676,945.442645835092,0.232059560433256,A,fine,hrs_d_pm25_it2,santiago_2017
2,358887,939.61033695843,0.251097937340085,A,fine,hrs_d_pm25_it2,santiago_2017
3,263207,898.133655259928,0.184154719433893,A,fine,hrs_d_pm25_it2,santiago_2017
4,259305,814.674136634465,0.181424656345787,A,fine,hrs_d_pm25_it2,santiago_2017
5,216196,765.061421117875,0.151263126446979,A,fine,hrs_d_pm25_it2,santiago_2017
1,331676,945.442645835092,0.232059560433256,B_native,fine,hrs_d_pm25_it2,santiago_2017
2,358887,939.61033695843,0.251097937340085,B_native,fine,hrs_d_pm25_it2,santiago_2017
3,263207,898.133655259928,0.184154719433893,B_native,fine,hrs_d_pm25_it2,santiago_2017
4,259305,814.674136634465,0.181424656345787,B_native,fine,hrs_d_pm25_it2,santiago_2017
5,216196,765.061421117875,0.151263126446979,B_native,fine,hrs_d_pm25_it2,santiago_2017
1,331676,945.442645835092,0.232059560433256,B_common,fine,hrs_d_pm25_it2,santiago_2017
2,358887,939.61033695843,0.251097937340085,B_common,fine,hrs_d_pm25_it2,santiago_2017
3,263207,898.133655259928,0.184154719433893,B_common,fine,hrs_d_pm25_it2,santiago_2017
4,259305,814.674136634465,0.181424656345787,B_common,fine,hrs_d_pm25_it2,santiago_2017
5,216196,765.061421117875,0.151263126446979,B_common,fine,hrs_d_pm25_it2,santiago_2017
1,331676,945.442645835092,0.232059560433256,baseline_common,fine,hrs_d_pm25_it2,santiago_2017
2,358887,939.61033695843,0.251097937340085,baseline_common,fine,hrs_d_pm25_it2,santiago_2017
3,263207,898.133655259928,0.184154719433893,baseline_common,fine,hrs_d_pm25_it2,santiago_2017
4,259305,814.674136634465,0.181424656345787,baseline_common,fine,hrs_d_pm25_it2,santiago_2017
5,216196,765.061421117875,0.151263126446979,baseline_common,fine,hrs_d_pm25_it2,santiago_2017
1,331676,945.442645835092,0.232059560433256,A_common,fine,hrs_d_pm25_it2,santiago_2017
2,358887,939.61033695843,0.251097937340085,A_common,fine,hrs_d_pm25_it2,santiago_2017
3,263207,898.133655259928,0.184154719433893,A_common,fine,hrs_d_pm25_it2,santiago_2017
4,259305,814.674136634465,0.181424656345787,A_common,fine,hrs_d_pm25_it2,santiago_2017
5,216196,765.061421117875,0.151263126446979,A_common,fine,hrs_d_pm25_it2,santiago_2017
1,372916,976.207298694612,0.26091343069299,C,fine,hrs_d_pm25_it2,santiago_2017
2,307156,985.909222023988,0.214903961530039,C,fine,hrs_d_pm25_it2,santiago_2017
3,292839,848.502002807003,0.204886966852332,C,fine,hrs_d_pm25_it2,santiago_2017
4,295527,814.272350749678,0.206767645883811,C,fine,hrs_d_pm25_it2,santiago_2017
5,160833,670.613207488513,0.112527995040829,C,fine,hrs_d_pm25_it2,santiago_2017
1,331676,24.5386624242032,0.232059560433256,A,fine,avg_pm25,santiago_2017
2,358887,24.5099150453347,0.251097937340085,A,fine,avg_pm25,santiago_2017
3,263207,24.0411458240892,0.184154719433893,A,fine,avg_pm25,santiago_2017
4,259305,23.4612938208166,0.181424656345787,A,fine,avg_pm25,santiago_2017
5,216196,22.9288741815456,0.151263126446979,A,fine,avg_pm25,santiago_2017
1,331676,24.5386624242032,0.232059560433256,B_native,fine,avg_pm25,santiago_2017
2,358887,24.5099150453347,0.251097937340085,B_native,fine,avg_pm25,santiago_2017
3,263207,24.0411458240892,0.184154719433893,B_native,fine,avg_pm25,santiago_2017
4,259305,23.4612938208166,0.181424656345787,B_native,fine,avg_pm25,santiago_2017
5,216196,22.9288741815456,0.151263126446979,B_native,fine,avg_pm25,santiago_2017
1,331676,24.5386624242032,0.232059560433256,B_common,fine,avg_pm25,santiago_2017
2,358887,24.5099150453347,0.251097937340085,B_common,fine,avg_pm25,santiago_2017
3,263207,24.0411458240892,0.184154719433893,B_common,fine,avg_pm25,santiago_2017
4,259305,23.4612938208166,0.181424656345787,B_common,fine,avg_pm25,santiago_2017
5,216196,22.9288741815456,0.151263126446979,B_common,fine,avg_pm25,santiago_2017
1,331676,24.5386624242032,0.232059560433256,baseline_common,fine,avg_pm25,santiago_2017
2,358887,24.5099150453347,0.251097937340085,baseline_common,fine,avg_pm25,santiago_2017
3,263207,24.0411458240892,0.184154719433893,baseline_common,fine,avg_pm25,santiago_2017
4,259305,23.4612938208166,0.181424656345787,baseline_common,fine,avg_pm25,santiago_2017
5,216196,22.9288741815456,0.151263126446979,baseline_common,fine,avg_pm25,santiago_2017
1,331676,24.5386624242032,0.232059560433256,A_common,fine,avg_pm25,santiago_2017
2,358887,24.5099150453347,0.251097937340085,A_common,fine,avg_pm25,santiago_2017
3,263207,24.0411458240892,0.184154719433893,A_common,fine,avg_pm25,santiago_2017
4,259305,23.4612938208166,0.181424656345787,A_common,fine,avg_pm25,santiago_2017
5,216196,22.9288741815456,0.151263126446979,A_common,fine,avg_pm25,santiago_2017
1,372916,24.7901514040481,0.26091343069299,C,fine,avg_pm25,santiago_2017
2,307156,24.7995736039042,0.214903961530039,C,fine,avg_pm25,santiago_2017
3,292839,23.8148592523987,0.204886966852332,C,fine,avg_pm25,santiago_2017
4,295527,23.4967905924475,0.206767645883811,C,fine,avg_pm25,santiago_2017
5,160833,21.9102876391421,0.112527995040829,C,fine,avg_pm25,santiago_2017
1,331676,510.372786205254,0.232059560433256,A,distrito,hrs_d_pm10_it1,santiago_2017
2,358887,516.725829003951,0.251097937340085,A,distrito,hrs_d_pm10_it1,santiago_2017
3,263207,467.840668744669,0.184154719433893,A,distrito,hrs_d_pm10_it1,santiago_2017
4,259305,449.97144387158,0.181424656345787,A,distrito,hrs_d_pm10_it1,santiago_2017
5,216196,409.537609472179,0.151263126446979,A,distrito,hrs_d_pm10_it1,santiago_2017
1,316083,523.558498875295,0.225069746179447,B_native,distrito,hrs_d_pm10_it1,santiago_2017
2,355504,519.881973198614,0.253139824178391,B_native,distrito,hrs_d_pm10_it1,santiago_2017
3,245084,484.421153563676,0.174514268950382,B_native,distrito,hrs_d_pm10_it1,santiago_2017
4,262714,450.384391391399,0.187067869191913,B_native,distrito,hrs_d_pm10_it1,santiago_2017
5,224993,404.541243505354,0.160208291499867,B_native,distrito,hrs_d_pm10_it1,santiago_2017
1,289063,526.197687009406,0.231038399164926,B_common,distrito,hrs_d_pm10_it1,santiago_2017
2,328055,523.429921811891,0.26220340215818,B_common,distrito,hrs_d_pm10_it1,santiago_2017
3,208748,491.872195182708,0.166845302750196,B_common,distrito,hrs_d_pm10_it1,santiago_2017
4,232159,457.404395263591,0.185556932958317,B_common,distrito,hrs_d_pm10_it1,santiago_2017
5,193122,420.874902911113,0.15435596296838,B_common,distrito,hrs_d_pm10_it1,santiago_2017
1,289063,525.785095290646,0.231038399164926,baseline_common,distrito,hrs_d_pm10_it1,santiago_2017
2,328055,523.091396259774,0.26220340215818,baseline_common,distrito,hrs_d_pm10_it1,santiago_2017
3,208748,491.984699254604,0.166845302750196,baseline_common,distrito,hrs_d_pm10_it1,santiago_2017
4,232159,457.530261587963,0.185556932958317,baseline_common,distrito,hrs_d_pm10_it1,santiago_2017
5,193122,420.957493190833,0.15435596296838,baseline_common,distrito,hrs_d_pm10_it1,santiago_2017
1,289063,525.897220637291,0.231038399164926,A_common,distrito,hrs_d_pm10_it1,santiago_2017
2,328055,523.112973612391,0.26220340215818,A_common,distrito,hrs_d_pm10_it1,santiago_2017
3,208748,492.033182366164,0.166845302750196,A_common,distrito,hrs_d_pm10_it1,santiago_2017
4,232159,457.413589497126,0.185556932958317,A_common,distrito,hrs_d_pm10_it1,santiago_2017
5,193122,420.840861610145,0.15435596296838,A_common,distrito,hrs_d_pm10_it1,santiago_2017
1,382266,550.227707931127,0.267455227175252,C,distrito,hrs_d_pm10_it1,santiago_2017
2,296911,525.256177777179,0.207735971694661,C,distrito,hrs_d_pm10_it1,santiago_2017
3,286350,493.674192421861,0.200346890127904,C,distrito,hrs_d_pm10_it1,santiago_2017
4,291053,387.606635217641,0.203637378775614,C,distrito,hrs_d_pm10_it1,santiago_2017
5,172691,362.603743101841,0.120824532226569,C,distrito,hrs_d_pm10_it1,santiago_2017
1,331676,1578.28781059125,0.232059560433256,A,distrito,hrs_d_pm10_it2,santiago_2017
2,358887,1622.80357084446,0.251097937340085,A,distrito,hrs_d_pm10_it2,santiago_2017
3,263207,1475.22408916872,0.184154719433893,A,distrito,hrs_d_pm10_it2,santiago_2017
4,259305,1514.23440838334,0.181424656345787,A,distrito,hrs_d_pm10_it2,santiago_2017
5,216196,1430.22465217214,0.151263126446979,A,distrito,hrs_d_pm10_it2,santiago_2017
1,316083,1602.06850732244,0.225069746179447,B_native,distrito,hrs_d_pm10_it2,santiago_2017
2,355504,1627.92530885728,0.253139824178391,B_native,distrito,hrs_d_pm10_it2,santiago_2017
3,245084,1508.94007360742,0.174514268950382,B_native,distrito,hrs_d_pm10_it2,santiago_2017
4,262714,1512.19858857922,0.187067869191913,B_native,distrito,hrs_d_pm10_it2,santiago_2017
5,224993,1416.97035463326,0.160208291499867,B_native,distrito,hrs_d_pm10_it2,santiago_2017
1,289063,1604.31918647492,0.231038399164926,B_common,distrito,hrs_d_pm10_it2,santiago_2017
2,328055,1632.26605294844,0.26220340215818,B_common,distrito,hrs_d_pm10_it2,santiago_2017
3,208748,1515.8105562688,0.166845302750196,B_common,distrito,hrs_d_pm10_it2,santiago_2017
4,232159,1528.54982145857,0.185556932958317,B_common,distrito,hrs_d_pm10_it2,santiago_2017
5,193122,1456.94119779207,0.15435596296838,B_common,distrito,hrs_d_pm10_it2,santiago_2017
1,289063,1607.84089281575,0.231038399164926,baseline_common,distrito,hrs_d_pm10_it2,santiago_2017
2,328055,1636.07226227309,0.26220340215818,baseline_common,distrito,hrs_d_pm10_it2,santiago_2017
3,208748,1519.00913541687,0.166845302750196,baseline_common,distrito,hrs_d_pm10_it2,santiago_2017
4,232159,1535.81326160089,0.185556932958317,baseline_common,distrito,hrs_d_pm10_it2,santiago_2017
5,193122,1462.01458663436,0.15435596296838,baseline_common,distrito,hrs_d_pm10_it2,santiago_2017
1,289063,1608.26610530479,0.231038399164926,A_common,distrito,hrs_d_pm10_it2,santiago_2017
2,328055,1636.12749781671,0.26220340215818,A_common,distrito,hrs_d_pm10_it2,santiago_2017
3,208748,1519.21076330753,0.166845302750196,A_common,distrito,hrs_d_pm10_it2,santiago_2017
4,232159,1535.39423259595,0.185556932958317,A_common,distrito,hrs_d_pm10_it2,santiago_2017
5,193122,1461.57009269715,0.15435596296838,A_common,distrito,hrs_d_pm10_it2,santiago_2017
1,382266,1641.99593215196,0.267455227175252,C,distrito,hrs_d_pm10_it2,santiago_2017
2,296911,1591.88260791955,0.207735971694661,C,distrito,hrs_d_pm10_it2,santiago_2017
3,286350,1598.82095687096,0.200346890127904,C,distrito,hrs_d_pm10_it2,santiago_2017
4,291053,1379.76876032887,0.203637378775614,C,distrito,hrs_d_pm10_it2,santiago_2017
5,172691,1368.3116665026,0.120824532226569,C,distrito,hrs_d_pm10_it2,santiago_2017
1,331676,68.3447849368459,0.232059560433256,A,distrito,avg_pm10,santiago_2017
2,358887,69.1448555407389,0.251097937340085,A,distrito,avg_pm10,santiago_2017
3,263207,66.6295761579388,0.184154719433893,A,distrito,avg_pm10,santiago_2017
4,259305,67.9352201692376,0.181424656345787,A,distrito,avg_pm10,santiago_2017
5,216196,66.2259686720517,0.151263126446979,A,distrito,avg_pm10,santiago_2017
1,316083,68.8618572608419,0.225069746179447,B_native,distrito,avg_pm10,santiago_2017
2,355504,69.3392189503132,0.253139824178391,B_native,distrito,avg_pm10,santiago_2017
3,245084,67.4033468243861,0.174514268950382,B_native,distrito,avg_pm10,santiago_2017
4,262714,68.0888934569166,0.187067869191913,B_native,distrito,avg_pm10,santiago_2017
5,224993,66.0989835884665,0.160208291499867,B_native,distrito,avg_pm10,santiago_2017
1,289063,68.8182465410825,0.231038399164926,B_common,distrito,avg_pm10,santiago_2017
2,328055,69.3510194443873,0.26220340215818,B_common,distrito,avg_pm10,santiago_2017
3,208748,67.3350190855962,0.166845302750196,B_common,distrito,avg_pm10,santiago_2017
4,232159,68.3259289926175,0.185556932958317,B_common,distrito,avg_pm10,santiago_2017
5,193122,66.7420060709846,0.15435596296838,B_common,distrito,avg_pm10,santiago_2017
1,289063,68.8040475180257,0.231038399164926,baseline_common,distrito,avg_pm10,santiago_2017
2,328055,69.3423468091497,0.26220340215818,baseline_common,distrito,avg_pm10,santiago_2017
3,208748,67.3301887191889,0.166845302750196,baseline_common,distrito,avg_pm10,santiago_2017
4,232159,68.331878412481,0.185556932958317,baseline_common,distrito,avg_pm10,santiago_2017
5,193122,66.7463204628311,0.15435596296838,baseline_common,distrito,avg_pm10,santiago_2017
1,289063,68.808358773301,0.231038399164926,A_common,distrito,avg_pm10,santiago_2017
2,328055,69.3437028481615,0.26220340215818,A_common,distrito,avg_pm10,santiago_2017
3,208748,67.3321973288586,0.166845302750196,A_common,distrito,avg_pm10,santiago_2017
4,232159,68.3267005432484,0.185556932958317,A_common,distrito,avg_pm10,santiago_2017
5,193122,66.7416173007377,0.15435596296838,A_common,distrito,avg_pm10,santiago_2017
1,382266,68.9964920500735,0.267455227175252,C,distrito,avg_pm10,santiago_2017
2,296911,68.7177315525405,0.207735971694661,C,distrito,avg_pm10,santiago_2017
3,286350,69.5136122421627,0.200346890127904,C,distrito,avg_pm10,santiago_2017
4,291053,65.6274101649737,0.203637378775614,C,distrito,avg_pm10,santiago_2017
5,172691,64.6836048240669,0.120824532226569,C,distrito,avg_pm10,santiago_2017
1,331676,271.855881143807,0.232059560433256,A,distrito,hrs_d_pm25_it1,santiago_2017
2,358887,256.851917103882,0.251097937340085,A,distrito,hrs_d_pm25_it1,santiago_2017
3,263207,251.870713671732,0.184154719433893,A,distrito,hrs_d_pm25_it1,santiago_2017
4,259305,194.89167756123,0.181424656345787,A,distrito,hrs_d_pm25_it1,santiago_2017
5,216196,168.675870083976,0.151263126446979,A,distrito,hrs_d_pm25_it1,santiago_2017
1,316083,280.20884704334,0.225069746179447,B_native,distrito,hrs_d_pm25_it1,santiago_2017
2,355504,257.396057428327,0.253139824178391,B_native,distrito,hrs_d_pm25_it1,santiago_2017
3,245084,263.06838879731,0.174514268950382,B_native,distrito,hrs_d_pm25_it1,santiago_2017
4,262714,193.853171129061,0.187067869191913,B_native,distrito,hrs_d_pm25_it1,santiago_2017
5,224993,165.646549003747,0.160208291499867,B_native,distrito,hrs_d_pm25_it1,santiago_2017
1,289063,284.725457772181,0.231038399164926,B_common,distrito,hrs_d_pm25_it1,santiago_2017
2,328055,261.724140769078,0.26220340215818,B_common,distrito,hrs_d_pm25_it1,santiago_2017
3,208748,273.713558932301,0.166845302750196,B_common,distrito,hrs_d_pm25_it1,santiago_2017
4,232159,197.32771074996,0.185556932958317,B_common,distrito,hrs_d_pm25_it1,santiago_2017
5,193122,171.838506229223,0.15435596296838,B_common,distrito,hrs_d_pm25_it1,santiago_2017
1,289063,284.773277797574,0.231038399164926,baseline_common,distrito,hrs_d_pm25_it1,santiago_2017
2,328055,261.779881422323,0.26220340215818,baseline_common,distrito,hrs_d_pm25_it1,santiago_2017
3,208748,273.769372640696,0.166845302750196,baseline_common,distrito,hrs_d_pm25_it1,santiago_2017
4,232159,197.422137414444,0.185556932958317,baseline_common,distrito,hrs_d_pm25_it1,santiago_2017
5,193122,171.858716251903,0.15435596296838,baseline_common,distrito,hrs_d_pm25_it1,santiago_2017
1,289063,284.768946818771,0.231038399164926,A_common,distrito,hrs_d_pm25_it1,santiago_2017
2,328055,261.800724401028,0.26220340215818,A_common,distrito,hrs_d_pm25_it1,santiago_2017
3,208748,273.803500690449,0.166845302750196,A_common,distrito,hrs_d_pm25_it1,santiago_2017
4,232159,197.389482920908,0.185556932958317,A_common,distrito,hrs_d_pm25_it1,santiago_2017
5,193122,171.832158712013,0.15435596296838,A_common,distrito,hrs_d_pm25_it1,santiago_2017
1,382266,315.893260190548,0.267455227175252,C,distrito,hrs_d_pm25_it1,santiago_2017
2,296911,284.573212174692,0.207735971694661,C,distrito,hrs_d_pm25_it1,santiago_2017
3,286350,232.786876200454,0.200346890127904,C,distrito,hrs_d_pm25_it1,santiago_2017
4,291053,144.806846175782,0.203637378775614,C,distrito,hrs_d_pm25_it1,santiago_2017
5,172691,125.040077363615,0.120824532226569,C,distrito,hrs_d_pm25_it1,santiago_2017
1,331676,945.770808020947,0.232059560433256,A,distrito,hrs_d_pm25_it2,santiago_2017
2,358887,939.605976577186,0.251097937340085,A,distrito,hrs_d_pm25_it2,santiago_2017
3,263207,898.413940651197,0.184154719433893,A,distrito,hrs_d_pm25_it2,santiago_2017
4,259305,814.365600766646,0.181424656345787,A,distrito,hrs_d_pm25_it2,santiago_2017
5,216196,764.594035871215,0.151263126446979,A,distrito,hrs_d_pm25_it2,santiago_2017
1,316083,954.341761499353,0.225069746179447,B_native,distrito,hrs_d_pm25_it2,santiago_2017
2,355504,934.548182298933,0.253139824178391,B_native,distrito,hrs_d_pm25_it2,santiago_2017
3,245084,904.223951787958,0.174514268950382,B_native,distrito,hrs_d_pm25_it2,santiago_2017
4,262714,798.372496326804,0.187067869191913,B_native,distrito,hrs_d_pm25_it2,santiago_2017
5,224993,747.312080820292,0.160208291499867,B_native,distrito,hrs_d_pm25_it2,santiago_2017
1,289063,960.885056198822,0.231038399164926,B_common,distrito,hrs_d_pm25_it2,santiago_2017
2,328055,943.010693328863,0.26220340215818,B_common,distrito,hrs_d_pm25_it2,santiago_2017
3,208748,923.586328970817,0.166845302750196,B_common,distrito,hrs_d_pm25_it2,santiago_2017
4,232159,809.817724059804,0.185556932958317,B_common,distrito,hrs_d_pm25_it2,santiago_2017
5,193122,769.325317674838,0.15435596296838,B_common,distrito,hrs_d_pm25_it2,santiago_2017
1,289063,964.372389409921,0.231038399164926,baseline_common,distrito,hrs_d_pm25_it2,santiago_2017
2,328055,946.545381109875,0.26220340215818,baseline_common,distrito,hrs_d_pm25_it2,santiago_2017
3,208748,926.486380707839,0.166845302750196,baseline_common,distrito,hrs_d_pm25_it2,santiago_2017
4,232159,816.901718218979,0.185556932958317,baseline_common,distrito,hrs_d_pm25_it2,santiago_2017
5,193122,774.363542216837,0.15435596296838,baseline_common,distrito,hrs_d_pm25_it2,santiago_2017
1,289063,964.677260708259,0.231038399164926,A_common,distrito,hrs_d_pm25_it2,santiago_2017
2,328055,946.504063294125,0.26220340215818,A_common,distrito,hrs_d_pm25_it2,santiago_2017
3,208748,926.705554924065,0.166845302750196,A_common,distrito,hrs_d_pm25_it2,santiago_2017
4,232159,816.660097745778,0.185556932958317,A_common,distrito,hrs_d_pm25_it2,santiago_2017
5,193122,774.030952931742,0.15435596296838,A_common,distrito,hrs_d_pm25_it2,santiago_2017
1,382266,1017.46725840122,0.267455227175252,C,distrito,hrs_d_pm25_it2,santiago_2017
2,296911,963.243695922347,0.207735971694661,C,distrito,hrs_d_pm25_it2,santiago_2017
3,286350,862.226998428497,0.200346890127904,C,distrito,hrs_d_pm25_it2,santiago_2017
4,291053,780.343408245234,0.203637378775614,C,distrito,hrs_d_pm25_it2,santiago_2017
5,172691,665.241106948249,0.120824532226569,C,distrito,hrs_d_pm25_it2,santiago_2017
1,331676,24.5385749065785,0.232059560433256,A,distrito,avg_pm25,santiago_2017
2,358887,24.5098851842524,0.251097937340085,A,distrito,avg_pm25,santiago_2017
3,263207,24.0414586697429,0.184154719433893,A,distrito,avg_pm25,santiago_2017
4,259305,23.4611285071618,0.181424656345787,A,distrito,avg_pm25,santiago_2017
5,216196,22.9288754199644,0.151263126446979,A,distrito,avg_pm25,santiago_2017
1,316083,24.6817669444122,0.225069746179447,B_native,distrito,avg_pm25,santiago_2017
2,355504,24.5017978040825,0.253139824178391,B_native,distrito,avg_pm25,santiago_2017
3,245084,24.2041050361861,0.174514268950382,B_native,distrito,avg_pm25,santiago_2017
4,262714,23.3891245322096,0.187067869191913,B_native,distrito,avg_pm25,santiago_2017
5,224993,22.808972514582,0.160208291499867,B_native,distrito,avg_pm25,santiago_2017
1,289063,24.7084994976834,0.231038399164926,B_common,distrito,avg_pm25,santiago_2017
2,328055,24.5665052270507,0.26220340215818,B_common,distrito,avg_pm25,santiago_2017
3,208748,24.3145866909512,0.166845302750196,B_common,distrito,avg_pm25,santiago_2017
4,232159,23.4797190623333,0.185556932958317,B_common,distrito,avg_pm25,santiago_2017
5,193122,22.9909317081043,0.15435596296838,B_common,distrito,avg_pm25,santiago_2017
1,289063,24.6964963343561,0.231038399164926,baseline_common,distrito,avg_pm25,santiago_2017
2,328055,24.5590131898096,0.26220340215818,baseline_common,distrito,avg_pm25,santiago_2017
3,208748,24.2964358481068,0.166845302750196,baseline_common,distrito,avg_pm25,santiago_2017
4,232159,23.4743050061303,0.185556932958317,baseline_common,distrito,avg_pm25,santiago_2017
5,193122,22.9878184208762,0.15435596296838,baseline_common,distrito,avg_pm25,santiago_2017
1,289063,24.6964403935073,0.231038399164926,A_common,distrito,avg_pm25,santiago_2017
2,328055,24.5588322204999,0.26220340215818,A_common,distrito,avg_pm25,santiago_2017
3,208748,24.2969430558437,0.166845302750196,A_common,distrito,avg_pm25,santiago_2017
4,232159,23.4742466807817,0.185556932958317,A_common,distrito,avg_pm25,santiago_2017
5,193122,22.9877314316694,0.15435596296838,A_common,distrito,avg_pm25,santiago_2017
1,382266,25.0779731027351,0.267455227175252,C,distrito,avg_pm25,santiago_2017
2,296911,24.7067894506906,0.207735971694661,C,distrito,avg_pm25,santiago_2017
3,286350,24.0005539274947,0.200346890127904,C,distrito,avg_pm25,santiago_2017
4,291053,23.195486658669,0.203637378775614,C,distrito,avg_pm25,santiago_2017
5,172691,21.7607530240633,0.120824532226569,C,distrito,avg_pm25,santiago_2017
1,331676,510.670189519979,0.232059560433256,A,comuna,hrs_d_pm10_it1,santiago_2017
2,358887,516.734243244372,0.251097937340085,A,comuna,hrs_d_pm10_it1,santiago_2017
3,263207,467.562201254006,0.184154719433893,A,comuna,hrs_d_pm10_it1,santiago_2017
4,259305,449.870056299129,0.181424656345787,A,comuna,hrs_d_pm10_it1,santiago_2017
5,216196,409.528005196303,0.151263126446979,A,comuna,hrs_d_pm10_it1,santiago_2017
1,291403,509.656479171457,0.201051750629401,B_native,comuna,hrs_d_pm10_it1,santiago_2017
2,352763,522.026513551591,0.2433867143004,B_native,comuna,hrs_d_pm10_it1,santiago_2017
3,237791,426.026897569715,0.164062473049063,B_native,comuna,hrs_d_pm10_it1,santiago_2017
4,267491,414.623164891529,0.184553809767261,B_native,comuna,hrs_d_pm10_it1,santiago_2017
5,299945,316.971864841888,0.206945252253875,B_native,comuna,hrs_d_pm10_it1,santiago_2017
1,222229,535.552421151155,0.228674887735488,B_common,comuna,hrs_d_pm10_it1,santiago_2017
2,274375,534.932293394077,0.282333414281775,B_common,comuna,hrs_d_pm10_it1,santiago_2017
3,157002,488.083463904918,0.161555938802978,B_common,comuna,hrs_d_pm10_it1,santiago_2017
4,167742,488.262110860727,0.172607459055867,B_common,comuna,hrs_d_pm10_it1,santiago_2017
5,150464,444.049845810294,0.154828300123892,B_common,comuna,hrs_d_pm10_it1,santiago_2017
1,222229,537.804233470879,0.228674887735488,baseline_common,comuna,hrs_d_pm10_it1,santiago_2017
2,274375,537.596694305239,0.282333414281775,baseline_common,comuna,hrs_d_pm10_it1,santiago_2017
3,157002,485.119425230252,0.161555938802978,baseline_common,comuna,hrs_d_pm10_it1,santiago_2017
4,167742,488.08786708159,0.172607459055867,baseline_common,comuna,hrs_d_pm10_it1,santiago_2017
5,150464,443.787032113994,0.154828300123892,baseline_common,comuna,hrs_d_pm10_it1,santiago_2017
1,222229,537.536578391534,0.228674887735488,A_common,comuna,hrs_d_pm10_it1,santiago_2017
2,274375,537.535361037245,0.282333414281775,A_common,comuna,hrs_d_pm10_it1,santiago_2017
3,157002,485.721360864787,0.161555938802978,A_common,comuna,hrs_d_pm10_it1,santiago_2017
4,167742,488.093585581392,0.172607459055867,A_common,comuna,hrs_d_pm10_it1,santiago_2017
5,150464,443.659723953549,0.154828300123892,A_common,comuna,hrs_d_pm10_it1,santiago_2017
1,394717,598.50624118039,0.276166661186017,C,comuna,hrs_d_pm10_it1,santiago_2017
2,305791,496.573967186739,0.213948929209366,C,comuna,hrs_d_pm10_it1,santiago_2017
3,223928,385.258261584081,0.15667287729199,C,comuna,hrs_d_pm10_it1,santiago_2017
4,230965,451.068044941874,0.161596366259443,C,comuna,hrs_d_pm10_it1,santiago_2017
5,273870,381.72959068171,0.191615166053184,C,comuna,hrs_d_pm10_it1,santiago_2017
1,331676,1578.95315624484,0.232059560433256,A,comuna,hrs_d_pm10_it2,santiago_2017
2,358887,1623.40017122529,0.251097937340085,A,comuna,hrs_d_pm10_it2,santiago_2017
3,263207,1473.54741427844,0.184154719433893,A,comuna,hrs_d_pm10_it2,santiago_2017
4,259305,1513.90254466639,0.181424656345787,A,comuna,hrs_d_pm10_it2,santiago_2017
5,216196,1430.65285243069,0.151263126446979,A,comuna,hrs_d_pm10_it2,santiago_2017
1,291403,1571.20787020038,0.201051750629401,B_native,comuna,hrs_d_pm10_it2,santiago_2017
2,352763,1635.70007908993,0.2433867143004,B_native,comuna,hrs_d_pm10_it2,santiago_2017
3,237791,1371.90727992228,0.164062473049063,B_native,comuna,hrs_d_pm10_it2,santiago_2017
4,267491,1408.0350516466,0.184553809767261,B_native,comuna,hrs_d_pm10_it2,santiago_2017
5,299945,1201.65675040424,0.206945252253875,B_native,comuna,hrs_d_pm10_it2,santiago_2017
1,222229,1617.58492365983,0.228674887735488,B_common,comuna,hrs_d_pm10_it2,santiago_2017
2,274375,1654.91835261959,0.282333414281775,B_common,comuna,hrs_d_pm10_it2,santiago_2017
3,157002,1496.51700615279,0.161555938802978,B_common,comuna,hrs_d_pm10_it2,santiago_2017
4,167742,1574.56453959056,0.172607459055867,B_common,comuna,hrs_d_pm10_it2,santiago_2017
5,150464,1508.0261258507,0.154828300123892,B_common,comuna,hrs_d_pm10_it2,santiago_2017
1,222229,1616.50401612751,0.228674887735488,baseline_common,comuna,hrs_d_pm10_it2,santiago_2017
2,274375,1654.56964373576,0.282333414281775,baseline_common,comuna,hrs_d_pm10_it2,santiago_2017
3,157002,1489.08989694399,0.161555938802978,baseline_common,comuna,hrs_d_pm10_it2,santiago_2017
4,167742,1571.58306804497,0.172607459055867,baseline_common,comuna,hrs_d_pm10_it2,santiago_2017
5,150464,1505.35891641855,0.154828300123892,baseline_common,comuna,hrs_d_pm10_it2,santiago_2017
1,222229,1615.83327101783,0.228674887735488,A_common,comuna,hrs_d_pm10_it2,santiago_2017
2,274375,1655.19186571674,0.282333414281775,A_common,comuna,hrs_d_pm10_it2,santiago_2017
3,157002,1488.17186719164,0.161555938802978,A_common,comuna,hrs_d_pm10_it2,santiago_2017
4,167742,1571.71915526424,0.172607459055867,A_common,comuna,hrs_d_pm10_it2,santiago_2017
5,150464,1506.02114674468,0.154828300123892,A_common,comuna,hrs_d_pm10_it2,santiago_2017
1,394717,1731.96312041285,0.276166661186017,C,comuna,hrs_d_pm10_it2,santiago_2017
2,305791,1483.95883135867,0.213948929209366,C,comuna,hrs_d_pm10_it2,santiago_2017
3,223928,1460.31801739845,0.15667287729199,C,comuna,hrs_d_pm10_it2,santiago_2017
4,230965,1484.1406143788,0.161596366259443,C,comuna,hrs_d_pm10_it2,santiago_2017
5,273870,1419.73502026509,0.191615166053184,C,comuna,hrs_d_pm10_it2,santiago_2017
1,331676,68.3533015839459,0.232059560433256,A,comuna,avg_pm10,santiago_2017
2,358887,69.1657623793117,0.251097937340085,A,comuna,avg_pm10,santiago_2017
3,263207,66.5824958104755,0.184154719433893,A,comuna,avg_pm10,santiago_2017
4,259305,67.9332719942845,0.181424656345787,A,comuna,avg_pm10,santiago_2017
5,216196,66.23785181745,0.151263126446979,A,comuna,avg_pm10,santiago_2017
1,291403,67.7528992012014,0.201051750629401,B_native,comuna,avg_pm10,santiago_2017
2,352763,69.0479687691774,0.2433867143004,B_native,comuna,avg_pm10,santiago_2017
3,237791,64.2778982286528,0.164062473049063,B_native,comuna,avg_pm10,santiago_2017
4,267491,65.3169737457497,0.184553809767261,B_native,comuna,avg_pm10,santiago_2017
5,299945,61.9841839333579,0.206945252253875,B_native,comuna,avg_pm10,santiago_2017
1,222229,68.2376584349515,0.228674887735488,B_common,comuna,avg_pm10,santiago_2017
2,274375,69.189881540215,0.282333414281775,B_common,comuna,avg_pm10,santiago_2017
3,157002,65.9142457701833,0.161555938802978,B_common,comuna,avg_pm10,santiago_2017
4,167742,67.9060667671947,0.172607459055867,B_common,comuna,avg_pm10,santiago_2017
5,150464,66.9703053176171,0.154828300123892,B_common,comuna,avg_pm10,santiago_2017
1,222229,68.4402969777027,0.228674887735488,baseline_common,comuna,avg_pm10,santiago_2017
2,274375,69.3422099032186,0.282333414281775,baseline_common,comuna,avg_pm10,santiago_2017
3,157002,66.0374568937882,0.161555938802978,baseline_common,comuna,avg_pm10,santiago_2017
4,167742,67.9951481369394,0.172607459055867,baseline_common,comuna,avg_pm10,santiago_2017
5,150464,67.0173000951564,0.154828300123892,baseline_common,comuna,avg_pm10,santiago_2017
1,222229,68.4254869807715,0.228674887735488,A_common,comuna,avg_pm10,santiago_2017
2,274375,69.3672617333919,0.282333414281775,A_common,comuna,avg_pm10,santiago_2017
3,157002,65.9839935277897,0.161555938802978,A_common,comuna,avg_pm10,santiago_2017
4,167742,68.0029382208204,0.172607459055867,A_common,comuna,avg_pm10,santiago_2017
5,150464,67.0405930160035,0.154828300123892,A_common,comuna,avg_pm10,santiago_2017
1,394717,70.7456677249092,0.276166661186017,C,comuna,avg_pm10,santiago_2017
2,305791,65.3752839451254,0.213948929209366,C,comuna,avg_pm10,santiago_2017
3,223928,68.9624384826986,0.15667287729199,C,comuna,avg_pm10,santiago_2017
4,230965,67.7827224684165,0.161596366259443,C,comuna,avg_pm10,santiago_2017
5,273870,65.5087037655225,0.191615166053184,C,comuna,avg_pm10,santiago_2017
1,331676,271.829254662805,0.232059560433256,A,comuna,hrs_d_pm25_it1,santiago_2017
2,358887,256.547124393586,0.251097937340085,A,comuna,hrs_d_pm25_it1,santiago_2017
3,263207,252.126602984185,0.184154719433893,A,comuna,hrs_d_pm25_it1,santiago_2017
4,259305,195.039909801327,0.181424656345787,A,comuna,hrs_d_pm25_it1,santiago_2017
5,216196,168.733356285628,0.151263126446979,A,comuna,hrs_d_pm25_it1,santiago_2017
1,291403,284.452335768678,0.201051750629401,B_native,comuna,hrs_d_pm25_it1,santiago_2017
2,352763,265.682869235152,0.2433867143004,B_native,comuna,hrs_d_pm25_it1,santiago_2017
3,237791,245.486961239071,0.164062473049063,B_native,comuna,hrs_d_pm25_it1,santiago_2017
4,267491,197.612054237339,0.184553809767261,B_native,comuna,hrs_d_pm25_it1,santiago_2017
5,299945,139.178482721832,0.206945252253875,B_native,comuna,hrs_d_pm25_it1,santiago_2017
1,222229,311.02530722813,0.228674887735488,B_common,comuna,hrs_d_pm25_it1,santiago_2017
2,274375,281.11754715262,0.282333414281775,B_common,comuna,hrs_d_pm25_it1,santiago_2017
3,157002,295.94045298786,0.161555938802978,B_common,comuna,hrs_d_pm25_it1,santiago_2017
4,167742,237.843056598824,0.172607459055867,B_common,comuna,hrs_d_pm25_it1,santiago_2017
5,150464,191.329600435985,0.154828300123892,B_common,comuna,hrs_d_pm25_it1,santiago_2017
1,222229,307.429178910043,0.228674887735488,baseline_common,comuna,hrs_d_pm25_it1,santiago_2017
2,274375,279.590363553531,0.282333414281775,baseline_common,comuna,hrs_d_pm25_it1,santiago_2017
3,157002,287.711353995491,0.161555938802978,baseline_common,comuna,hrs_d_pm25_it1,santiago_2017
4,167742,234.726186643774,0.172607459055867,baseline_common,comuna,hrs_d_pm25_it1,santiago_2017
5,150464,189.525009304551,0.154828300123892,baseline_common,comuna,hrs_d_pm25_it1,santiago_2017
1,222229,307.046382049133,0.228674887735488,A_common,comuna,hrs_d_pm25_it1,santiago_2017
2,274375,279.165075182512,0.282333414281775,A_common,comuna,hrs_d_pm25_it1,santiago_2017
3,157002,289.001279865128,0.161555938802978,A_common,comuna,hrs_d_pm25_it1,santiago_2017
4,167742,234.898283623616,0.172607459055867,A_common,comuna,hrs_d_pm25_it1,santiago_2017
5,150464,189.328073342621,0.154828300123892,A_common,comuna,hrs_d_pm25_it1,santiago_2017
1,394717,345.395222399846,0.276166661186017,C,comuna,hrs_d_pm25_it1,santiago_2017
2,305791,313.169789169727,0.213948929209366,C,comuna,hrs_d_pm25_it1,santiago_2017
3,223928,104.894314243864,0.15667287729199,C,comuna,hrs_d_pm25_it1,santiago_2017
4,230965,192.21881670383,0.161596366259443,C,comuna,hrs_d_pm25_it1,santiago_2017
5,273870,130.222342717348,0.191615166053184,C,comuna,hrs_d_pm25_it1,santiago_2017
1,331676,946.548983775289,0.232059560433256,A,comuna,hrs_d_pm25_it2,santiago_2017
2,358887,938.600320892595,0.251097937340085,A,comuna,hrs_d_pm25_it2,santiago_2017
3,263207,900.098728177866,0.184154719433893,A,comuna,hrs_d_pm25_it2,santiago_2017
4,259305,813.80441072521,0.181424656345787,A,comuna,hrs_d_pm25_it2,santiago_2017
5,216196,763.691549439189,0.151263126446979,A,comuna,hrs_d_pm25_it2,santiago_2017
1,291403,987.697906335899,0.201051750629401,B_native,comuna,hrs_d_pm25_it2,santiago_2017
2,352763,972.148020058793,0.2433867143004,B_native,comuna,hrs_d_pm25_it2,santiago_2017
3,237791,900.086062971265,0.164062473049063,B_native,comuna,hrs_d_pm25_it2,santiago_2017
4,267491,823.040965864272,0.184553809767261,B_native,comuna,hrs_d_pm25_it2,santiago_2017
5,299945,671.412075547184,0.206945252253875,B_native,comuna,hrs_d_pm25_it2,santiago_2017
1,222229,1025.24601199663,0.228674887735488,B_common,comuna,hrs_d_pm25_it2,santiago_2017
2,274375,994.834365375854,0.282333414281775,B_common,comuna,hrs_d_pm25_it2,santiago_2017
3,157002,990.044203258557,0.161555938802978,B_common,comuna,hrs_d_pm25_it2,santiago_2017
4,167742,923.100284961429,0.172607459055867,B_common,comuna,hrs_d_pm25_it2,santiago_2017
5,150464,836.727589323692,0.154828300123892,B_common,comuna,hrs_d_pm25_it2,santiago_2017
1,222229,1013.92849718084,0.228674887735488,baseline_common,comuna,hrs_d_pm25_it2,santiago_2017
2,274375,989.039034168565,0.282333414281775,baseline_common,comuna,hrs_d_pm25_it2,santiago_2017
3,157002,967.847696207692,0.161555938802978,baseline_common,comuna,hrs_d_pm25_it2,santiago_2017
4,167742,913.433183102622,0.172607459055867,baseline_common,comuna,hrs_d_pm25_it2,santiago_2017
5,150464,830.367729157805,0.154828300123892,baseline_common,comuna,hrs_d_pm25_it2,santiago_2017
1,222229,1014.22430990778,0.228674887735488,A_common,comuna,hrs_d_pm25_it2,santiago_2017
2,274375,987.490051575617,0.282333414281775,A_common,comuna,hrs_d_pm25_it2,santiago_2017
3,157002,972.784641114727,0.161555938802978,A_common,comuna,hrs_d_pm25_it2,santiago_2017
4,167742,912.672810200598,0.172607459055867,A_common,comuna,hrs_d_pm25_it2,santiago_2017
5,150464,828.451657402974,0.154828300123892,A_common,comuna,hrs_d_pm25_it2,santiago_2017
1,394717,1071.4907440014,0.276166661186017,C,comuna,hrs_d_pm25_it2,santiago_2017
2,305791,998.532396309898,0.213948929209366,C,comuna,hrs_d_pm25_it2,santiago_2017
3,223928,618.473545068058,0.15667287729199,C,comuna,hrs_d_pm25_it2,santiago_2017
4,230965,907.439529798887,0.161596366259443,C,comuna,hrs_d_pm25_it2,santiago_2017
5,273870,684.572183882864,0.191615166053184,C,comuna,hrs_d_pm25_it2,santiago_2017
1,331676,24.5503038525934,0.232059560433256,A,comuna,avg_pm25,santiago_2017
2,358887,24.5020414589805,0.251097937340085,A,comuna,avg_pm25,santiago_2017
3,263207,24.0534816251486,0.184154719433893,A,comuna,avg_pm25,santiago_2017
4,259305,23.4542567940037,0.181424656345787,A,comuna,avg_pm25,santiago_2017
5,216196,22.9175067761886,0.151263126446979,A,comuna,avg_pm25,santiago_2017
1,291403,24.8771499135017,0.201051750629401,B_native,comuna,avg_pm25,santiago_2017
2,352763,24.8021648318083,0.2433867143004,B_native,comuna,avg_pm25,santiago_2017
3,237791,23.9343868673095,0.164062473049063,B_native,comuna,avg_pm25,santiago_2017
4,267491,23.3970538589318,0.184553809767261,B_native,comuna,avg_pm25,santiago_2017
5,299945,22.0489100404851,0.206945252253875,B_native,comuna,avg_pm25,santiago_2017
1,222229,25.069509170028,0.228674887735488,B_common,comuna,avg_pm25,santiago_2017
2,274375,24.9159487662748,0.282333414281775,B_common,comuna,avg_pm25,santiago_2017
3,157002,24.5169935478774,0.161555938802978,B_common,comuna,avg_pm25,santiago_2017
4,167742,24.1909555495254,0.172607459055867,B_common,comuna,avg_pm25,santiago_2017
5,150464,23.4164632057347,0.154828300123892,B_common,comuna,avg_pm25,santiago_2017
1,222229,25.0509730499872,0.228674887735488,baseline_common,comuna,avg_pm25,santiago_2017
2,274375,24.9235298338504,0.282333414281775,baseline_common,comuna,avg_pm25,santiago_2017
3,157002,24.4188939367269,0.161555938802978,baseline_common,comuna,avg_pm25,santiago_2017
4,167742,24.1595585832514,0.172607459055867,baseline_common,comuna,avg_pm25,santiago_2017
5,150464,23.3963219874306,0.154828300123892,baseline_common,comuna,avg_pm25,santiago_2017
1,222229,25.0544612274028,0.228674887735488,A_common,comuna,avg_pm25,santiago_2017
2,274375,24.9106958963737,0.282333414281775,A_common,comuna,avg_pm25,santiago_2017
3,157002,24.4596707661461,0.161555938802978,A_common,comuna,avg_pm25,santiago_2017
4,167742,24.1530091020774,0.172607459055867,A_common,comuna,avg_pm25,santiago_2017
5,150464,23.3793260064311,0.154828300123892,A_common,comuna,avg_pm25,santiago_2017
1,394717,25.7650431084272,0.276166661186017,C,comuna,avg_pm25,santiago_2017
2,305791,24.3718884707899,0.213948929209366,C,comuna,avg_pm25,santiago_2017
3,223928,22.0586305455036,0.15667287729199,C,comuna,avg_pm25,santiago_2017
4,230965,24.8722864718239,0.161596366259443,C,comuna,avg_pm25,santiago_2017
5,273870,21.8970953043695,0.191615166053184,C,comuna,avg_pm25,santiago_2017
1,557872.287388383,5.66814512510804,0.173717048593196,A,fine,hrs_d_pm10_it1,sao_paulo_2010
2,607700.943283903,6.10060303354508,0.18923330066956,A,fine,hrs_d_pm10_it1,sao_paulo_2010
3,607031.828279334,5.82954499309829,0.189024943512571,A,fine,hrs_d_pm10_it1,sao_paulo_2010
4,653382.326393418,3.97724825967125,0.20345812457431,A,fine,hrs_d_pm10_it1,sao_paulo_2010
5,785397.40334537,2.39535856826671,0.244566582650363,A,fine,hrs_d_pm10_it1,sao_paulo_2010
1,557872.287388383,5.66814512510804,0.173717048593196,B_native,fine,hrs_d_pm10_it1,sao_paulo_2010
2,607700.943283903,6.10060303354508,0.18923330066956,B_native,fine,hrs_d_pm10_it1,sao_paulo_2010
3,607031.828279334,5.82954499309829,0.189024943512571,B_native,fine,hrs_d_pm10_it1,sao_paulo_2010
4,653382.326393418,3.97724825967125,0.20345812457431,B_native,fine,hrs_d_pm10_it1,sao_paulo_2010
5,785397.40334537,2.39535856826671,0.244566582650363,B_native,fine,hrs_d_pm10_it1,sao_paulo_2010
1,557872.287388383,5.66814512510804,0.173717048593196,B_common,fine,hrs_d_pm10_it1,sao_paulo_2010
2,607700.943283903,6.10060303354508,0.18923330066956,B_common,fine,hrs_d_pm10_it1,sao_paulo_2010
3,607031.828279334,5.82954499309829,0.189024943512571,B_common,fine,hrs_d_pm10_it1,sao_paulo_2010
4,653382.326393418,3.97724825967125,0.20345812457431,B_common,fine,hrs_d_pm10_it1,sao_paulo_2010
5,785397.40334537,2.39535856826671,0.244566582650363,B_common,fine,hrs_d_pm10_it1,sao_paulo_2010
1,557872.287388383,5.66814512510804,0.173717048593196,baseline_common,fine,hrs_d_pm10_it1,sao_paulo_2010
2,607700.943283903,6.10060303354508,0.18923330066956,baseline_common,fine,hrs_d_pm10_it1,sao_paulo_2010
3,607031.828279334,5.82954499309829,0.189024943512571,baseline_common,fine,hrs_d_pm10_it1,sao_paulo_2010
4,653382.326393418,3.97724825967125,0.20345812457431,baseline_common,fine,hrs_d_pm10_it1,sao_paulo_2010
5,785397.40334537,2.39535856826671,0.244566582650363,baseline_common,fine,hrs_d_pm10_it1,sao_paulo_2010
1,557872.287388383,5.66814512510804,0.173717048593196,A_common,fine,hrs_d_pm10_it1,sao_paulo_2010
2,607700.943283903,6.10060303354508,0.18923330066956,A_common,fine,hrs_d_pm10_it1,sao_paulo_2010
3,607031.828279334,5.82954499309829,0.189024943512571,A_common,fine,hrs_d_pm10_it1,sao_paulo_2010
4,653382.326393418,3.97724825967125,0.20345812457431,A_common,fine,hrs_d_pm10_it1,sao_paulo_2010
5,785397.40334537,2.39535856826671,0.244566582650363,A_common,fine,hrs_d_pm10_it1,sao_paulo_2010
1,468184.673064926,7.69067143598671,0.145789029926822,C,fine,hrs_d_pm10_it1,sao_paulo_2010
2,520621.100909321,6.71969711166371,0.162117321705827,C,fine,hrs_d_pm10_it1,sao_paulo_2010
3,577602.825810422,6.83931708921282,0.179860983288137,C,fine,hrs_d_pm10_it1,sao_paulo_2010
4,780563.718287396,3.66812284355013,0.24306141108855,C,fine,hrs_d_pm10_it1,sao_paulo_2010
5,864412.470618342,1.12845629786733,0.269171253990665,C,fine,hrs_d_pm10_it1,sao_paulo_2010
1,557872.287388383,71.8046125872221,0.173717048593196,A,fine,hrs_d_pm10_it2,sao_paulo_2010
2,607700.943283903,75.9014072520276,0.18923330066956,A,fine,hrs_d_pm10_it2,sao_paulo_2010
3,607031.828279334,67.5761715633979,0.189024943512571,A,fine,hrs_d_pm10_it2,sao_paulo_2010
4,653382.326393418,60.7812837246508,0.20345812457431,A,fine,hrs_d_pm10_it2,sao_paulo_2010
5,785397.40334537,51.3149644752196,0.244566582650363,A,fine,hrs_d_pm10_it2,sao_paulo_2010
1,557872.287388383,71.8046125872221,0.173717048593196,B_native,fine,hrs_d_pm10_it2,sao_paulo_2010
2,607700.943283903,75.9014072520276,0.18923330066956,B_native,fine,hrs_d_pm10_it2,sao_paulo_2010
3,607031.828279334,67.5761715633979,0.189024943512571,B_native,fine,hrs_d_pm10_it2,sao_paulo_2010
4,653382.326393418,60.7812837246508,0.20345812457431,B_native,fine,hrs_d_pm10_it2,sao_paulo_2010
5,785397.40334537,51.3149644752196,0.244566582650363,B_native,fine,hrs_d_pm10_it2,sao_paulo_2010
1,557872.287388383,71.8046125872221,0.173717048593196,B_common,fine,hrs_d_pm10_it2,sao_paulo_2010
2,607700.943283903,75.9014072520276,0.18923330066956,B_common,fine,hrs_d_pm10_it2,sao_paulo_2010
3,607031.828279334,67.5761715633979,0.189024943512571,B_common,fine,hrs_d_pm10_it2,sao_paulo_2010
4,653382.326393418,60.7812837246508,0.20345812457431,B_common,fine,hrs_d_pm10_it2,sao_paulo_2010
5,785397.40334537,51.3149644752196,0.244566582650363,B_common,fine,hrs_d_pm10_it2,sao_paulo_2010
1,557872.287388383,71.8046125872221,0.173717048593196,baseline_common,fine,hrs_d_pm10_it2,sao_paulo_2010
2,607700.943283903,75.9014072520276,0.18923330066956,baseline_common,fine,hrs_d_pm10_it2,sao_paulo_2010
3,607031.828279334,67.5761715633979,0.189024943512571,baseline_common,fine,hrs_d_pm10_it2,sao_paulo_2010
4,653382.326393418,60.7812837246508,0.20345812457431,baseline_common,fine,hrs_d_pm10_it2,sao_paulo_2010
5,785397.40334537,51.3149644752196,0.244566582650363,baseline_common,fine,hrs_d_pm10_it2,sao_paulo_2010
1,557872.287388383,71.8046125872221,0.173717048593196,A_common,fine,hrs_d_pm10_it2,sao_paulo_2010
2,607700.943283903,75.9014072520276,0.18923330066956,A_common,fine,hrs_d_pm10_it2,sao_paulo_2010
3,607031.828279334,67.5761715633979,0.189024943512571,A_common,fine,hrs_d_pm10_it2,sao_paulo_2010
4,653382.326393418,60.7812837246508,0.20345812457431,A_common,fine,hrs_d_pm10_it2,sao_paulo_2010
5,785397.40334537,51.3149644752196,0.244566582650363,A_common,fine,hrs_d_pm10_it2,sao_paulo_2010
1,468184.673064926,86.4964668675998,0.145789029926822,C,fine,hrs_d_pm10_it2,sao_paulo_2010
2,520621.100909321,67.0091975901553,0.162117321705827,C,fine,hrs_d_pm10_it2,sao_paulo_2010
3,577602.825810422,75.8365219920861,0.179860983288137,C,fine,hrs_d_pm10_it2,sao_paulo_2010
4,780563.718287396,66.7115194609503,0.24306141108855,C,fine,hrs_d_pm10_it2,sao_paulo_2010
5,864412.470618342,41.6021303401538,0.269171253990665,C,fine,hrs_d_pm10_it2,sao_paulo_2010
1,557872.287388383,26.4865243401601,0.173717048593196,A,fine,avg_pm10,sao_paulo_2010
2,607700.943283903,26.603504331533,0.18923330066956,A,fine,avg_pm10,sao_paulo_2010
3,607031.828279334,26.2072509261865,0.189024943512571,A,fine,avg_pm10,sao_paulo_2010
4,653382.326393418,26.1422217267838,0.20345812457431,A,fine,avg_pm10,sao_paulo_2010
5,785397.40334537,25.7369153312078,0.244566582650363,A,fine,avg_pm10,sao_paulo_2010
1,557872.287388383,26.4865243401601,0.173717048593196,B_native,fine,avg_pm10,sao_paulo_2010
2,607700.943283903,26.603504331533,0.18923330066956,B_native,fine,avg_pm10,sao_paulo_2010
3,607031.828279334,26.2072509261865,0.189024943512571,B_native,fine,avg_pm10,sao_paulo_2010
4,653382.326393418,26.1422217267838,0.20345812457431,B_native,fine,avg_pm10,sao_paulo_2010
5,785397.40334537,25.7369153312078,0.244566582650363,B_native,fine,avg_pm10,sao_paulo_2010
1,557872.287388383,26.4865243401601,0.173717048593196,B_common,fine,avg_pm10,sao_paulo_2010
2,607700.943283903,26.603504331533,0.18923330066956,B_common,fine,avg_pm10,sao_paulo_2010
3,607031.828279334,26.2072509261865,0.189024943512571,B_common,fine,avg_pm10,sao_paulo_2010
4,653382.326393418,26.1422217267838,0.20345812457431,B_common,fine,avg_pm10,sao_paulo_2010
5,785397.40334537,25.7369153312078,0.244566582650363,B_common,fine,avg_pm10,sao_paulo_2010
1,557872.287388383,26.4865243401601,0.173717048593196,baseline_common,fine,avg_pm10,sao_paulo_2010
2,607700.943283903,26.603504331533,0.18923330066956,baseline_common,fine,avg_pm10,sao_paulo_2010
3,607031.828279334,26.2072509261865,0.189024943512571,baseline_common,fine,avg_pm10,sao_paulo_2010
4,653382.326393418,26.1422217267838,0.20345812457431,baseline_common,fine,avg_pm10,sao_paulo_2010
5,785397.40334537,25.7369153312078,0.244566582650363,baseline_common,fine,avg_pm10,sao_paulo_2010
1,557872.287388383,26.4865243401601,0.173717048593196,A_common,fine,avg_pm10,sao_paulo_2010
2,607700.943283903,26.603504331533,0.18923330066956,A_common,fine,avg_pm10,sao_paulo_2010
3,607031.828279334,26.2072509261865,0.189024943512571,A_common,fine,avg_pm10,sao_paulo_2010
4,653382.326393418,26.1422217267838,0.20345812457431,A_common,fine,avg_pm10,sao_paulo_2010
5,785397.40334537,25.7369153312078,0.244566582650363,A_common,fine,avg_pm10,sao_paulo_2010
1,468184.673064926,27.1029420498146,0.145789029926822,C,fine,avg_pm10,sao_paulo_2010
2,520621.100909321,26.2723546029845,0.162117321705827,C,fine,avg_pm10,sao_paulo_2010
3,577602.825810422,26.3938955500638,0.179860983288137,C,fine,avg_pm10,sao_paulo_2010
4,780563.718287396,26.4491493407718,0.24306141108855,C,fine,avg_pm10,sao_paulo_2010
5,864412.470618342,25.3220790481691,0.269171253990665,C,fine,avg_pm10,sao_paulo_2010
1,472056.800893086,17.991165069118,0.165250160675303,A,fine,hrs_d_pm25_it1,sao_paulo_2010
2,514089.367110038,18.3792315531129,0.179964255055059,A,fine,hrs_d_pm25_it1,sao_paulo_2010
3,503980.310256212,15.8948720265428,0.176425436704789,A,fine,hrs_d_pm25_it1,sao_paulo_2010
4,585120.922586814,18.3773876337223,0.204829855833074,A,fine,hrs_d_pm25_it1,sao_paulo_2010
5,781371.914766022,13.8015223546477,0.273530291731775,A,fine,hrs_d_pm25_it1,sao_paulo_2010
1,472056.800893086,17.991165069118,0.165250160675303,B_native,fine,hrs_d_pm25_it1,sao_paulo_2010
2,514089.367110038,18.3792315531129,0.179964255055059,B_native,fine,hrs_d_pm25_it1,sao_paulo_2010
3,503980.310256212,15.8948720265428,0.176425436704789,B_native,fine,hrs_d_pm25_it1,sao_paulo_2010
4,585120.922586814,18.3773876337223,0.204829855833074,B_native,fine,hrs_d_pm25_it1,sao_paulo_2010
5,781371.914766022,13.8015223546477,0.273530291731775,B_native,fine,hrs_d_pm25_it1,sao_paulo_2010
1,472056.800893086,17.991165069118,0.165250160675303,B_common,fine,hrs_d_pm25_it1,sao_paulo_2010
2,514089.367110038,18.3792315531129,0.179964255055059,B_common,fine,hrs_d_pm25_it1,sao_paulo_2010
3,503980.310256212,15.8948720265428,0.176425436704789,B_common,fine,hrs_d_pm25_it1,sao_paulo_2010
4,585120.922586814,18.3773876337223,0.204829855833074,B_common,fine,hrs_d_pm25_it1,sao_paulo_2010
5,781371.914766022,13.8015223546477,0.273530291731775,B_common,fine,hrs_d_pm25_it1,sao_paulo_2010
1,472056.800893086,17.991165069118,0.165250160675303,baseline_common,fine,hrs_d_pm25_it1,sao_paulo_2010
2,514089.367110038,18.3792315531129,0.179964255055059,baseline_common,fine,hrs_d_pm25_it1,sao_paulo_2010
3,503980.310256212,15.8948720265428,0.176425436704789,baseline_common,fine,hrs_d_pm25_it1,sao_paulo_2010
4,585120.922586814,18.3773876337223,0.204829855833074,baseline_common,fine,hrs_d_pm25_it1,sao_paulo_2010
5,781371.914766022,13.8015223546477,0.273530291731775,baseline_common,fine,hrs_d_pm25_it1,sao_paulo_2010
1,472056.800893086,17.991165069118,0.165250160675303,A_common,fine,hrs_d_pm25_it1,sao_paulo_2010
2,514089.367110038,18.3792315531129,0.179964255055059,A_common,fine,hrs_d_pm25_it1,sao_paulo_2010
3,503980.310256212,15.8948720265428,0.176425436704789,A_common,fine,hrs_d_pm25_it1,sao_paulo_2010
4,585120.922586814,18.3773876337223,0.204829855833074,A_common,fine,hrs_d_pm25_it1,sao_paulo_2010
5,781371.914766022,13.8015223546477,0.273530291731775,A_common,fine,hrs_d_pm25_it1,sao_paulo_2010
1,441960.439642302,18.3309960004994,0.154714503688634,C,fine,hrs_d_pm25_it1,sao_paulo_2010
2,353928.289545477,14.8121248241162,0.123897604280405,C,fine,hrs_d_pm25_it1,sao_paulo_2010
3,436976.542216996,19.0158699859296,0.152969819894728,C,fine,hrs_d_pm25_it1,sao_paulo_2010
4,561060.705298593,19.9400764545189,0.196407236425326,C,fine,hrs_d_pm25_it1,sao_paulo_2010
5,1062693.3389088,13.7839861896356,0.372010835710907,C,fine,hrs_d_pm25_it1,sao_paulo_2010
1,472056.800893086,141.434056020109,0.165250160675303,A,fine,hrs_d_pm25_it2,sao_paulo_2010
2,514089.367110038,144.88547294165,0.179964255055059,A,fine,hrs_d_pm25_it2,sao_paulo_2010
3,503980.310256212,128.046484158599,0.176425436704789,A,fine,hrs_d_pm25_it2,sao_paulo_2010
4,585120.922586814,139.498978449903,0.204829855833074,A,fine,hrs_d_pm25_it2,sao_paulo_2010
5,781371.914766022,122.027289220931,0.273530291731775,A,fine,hrs_d_pm25_it2,sao_paulo_2010
1,472056.800893086,141.434056020109,0.165250160675303,B_native,fine,hrs_d_pm25_it2,sao_paulo_2010
2,514089.367110038,144.88547294165,0.179964255055059,B_native,fine,hrs_d_pm25_it2,sao_paulo_2010
3,503980.310256212,128.046484158599,0.176425436704789,B_native,fine,hrs_d_pm25_it2,sao_paulo_2010
4,585120.922586814,139.498978449903,0.204829855833074,B_native,fine,hrs_d_pm25_it2,sao_paulo_2010
5,781371.914766022,122.027289220931,0.273530291731775,B_native,fine,hrs_d_pm25_it2,sao_paulo_2010
1,472056.800893086,141.434056020109,0.165250160675303,B_common,fine,hrs_d_pm25_it2,sao_paulo_2010
2,514089.367110038,144.88547294165,0.179964255055059,B_common,fine,hrs_d_pm25_it2,sao_paulo_2010
3,503980.310256212,128.046484158599,0.176425436704789,B_common,fine,hrs_d_pm25_it2,sao_paulo_2010
4,585120.922586814,139.498978449903,0.204829855833074,B_common,fine,hrs_d_pm25_it2,sao_paulo_2010
5,781371.914766022,122.027289220931,0.273530291731775,B_common,fine,hrs_d_pm25_it2,sao_paulo_2010
1,472056.800893086,141.434056020109,0.165250160675303,baseline_common,fine,hrs_d_pm25_it2,sao_paulo_2010
2,514089.367110038,144.88547294165,0.179964255055059,baseline_common,fine,hrs_d_pm25_it2,sao_paulo_2010
3,503980.310256212,128.046484158599,0.176425436704789,baseline_common,fine,hrs_d_pm25_it2,sao_paulo_2010
4,585120.922586814,139.498978449903,0.204829855833074,baseline_common,fine,hrs_d_pm25_it2,sao_paulo_2010
5,781371.914766022,122.027289220931,0.273530291731775,baseline_common,fine,hrs_d_pm25_it2,sao_paulo_2010
1,472056.800893086,141.434056020109,0.165250160675303,A_common,fine,hrs_d_pm25_it2,sao_paulo_2010
2,514089.367110038,144.88547294165,0.179964255055059,A_common,fine,hrs_d_pm25_it2,sao_paulo_2010
3,503980.310256212,128.046484158599,0.176425436704789,A_common,fine,hrs_d_pm25_it2,sao_paulo_2010
4,585120.922586814,139.498978449903,0.204829855833074,A_common,fine,hrs_d_pm25_it2,sao_paulo_2010
5,781371.914766022,122.027289220931,0.273530291731775,A_common,fine,hrs_d_pm25_it2,sao_paulo_2010
1,441960.439642302,132.702755688931,0.154714503688634,C,fine,hrs_d_pm25_it2,sao_paulo_2010
2,353928.289545477,102.582505720921,0.123897604280405,C,fine,hrs_d_pm25_it2,sao_paulo_2010
3,436976.542216996,131.905573099491,0.152969819894728,C,fine,hrs_d_pm25_it2,sao_paulo_2010
4,561060.705298593,183.312290358627,0.196407236425326,C,fine,hrs_d_pm25_it2,sao_paulo_2010
5,1062693.3389088,119.798605751478,0.372010835710907,C,fine,hrs_d_pm25_it2,sao_paulo_2010
1,472056.800893086,14.2160809937141,0.165250160675303,A,fine,avg_pm25,sao_paulo_2010
2,514089.367110038,14.1852670996359,0.179964255055059,A,fine,avg_pm25,sao_paulo_2010
3,503980.310256212,13.8545421409133,0.176425436704789,A,fine,avg_pm25,sao_paulo_2010
4,585120.922586814,14.2663367637413,0.204829855833074,A,fine,avg_pm25,sao_paulo_2010
5,781371.914766022,14.1317294584027,0.273530291731775,A,fine,avg_pm25,sao_paulo_2010
1,472056.800893086,14.2160809937141,0.165250160675303,B_native,fine,avg_pm25,sao_paulo_2010
2,514089.367110038,14.1852670996359,0.179964255055059,B_native,fine,avg_pm25,sao_paulo_2010
3,503980.310256212,13.8545421409133,0.176425436704789,B_native,fine,avg_pm25,sao_paulo_2010
4,585120.922586814,14.2663367637413,0.204829855833074,B_native,fine,avg_pm25,sao_paulo_2010
5,781371.914766022,14.1317294584027,0.273530291731775,B_native,fine,avg_pm25,sao_paulo_2010
1,472056.800893086,14.2160809937141,0.165250160675303,B_common,fine,avg_pm25,sao_paulo_2010
2,514089.367110038,14.1852670996359,0.179964255055059,B_common,fine,avg_pm25,sao_paulo_2010
3,503980.310256212,13.8545421409133,0.176425436704789,B_common,fine,avg_pm25,sao_paulo_2010
4,585120.922586814,14.2663367637413,0.204829855833074,B_common,fine,avg_pm25,sao_paulo_2010
5,781371.914766022,14.1317294584027,0.273530291731775,B_common,fine,avg_pm25,sao_paulo_2010
1,472056.800893086,14.2160809937141,0.165250160675303,baseline_common,fine,avg_pm25,sao_paulo_2010
2,514089.367110038,14.1852670996359,0.179964255055059,baseline_common,fine,avg_pm25,sao_paulo_2010
3,503980.310256212,13.8545421409133,0.176425436704789,baseline_common,fine,avg_pm25,sao_paulo_2010
4,585120.922586814,14.2663367637413,0.204829855833074,baseline_common,fine,avg_pm25,sao_paulo_2010
5,781371.914766022,14.1317294584027,0.273530291731775,baseline_common,fine,avg_pm25,sao_paulo_2010
1,472056.800893086,14.2160809937141,0.165250160675303,A_common,fine,avg_pm25,sao_paulo_2010
2,514089.367110038,14.1852670996359,0.179964255055059,A_common,fine,avg_pm25,sao_paulo_2010
3,503980.310256212,13.8545421409133,0.176425436704789,A_common,fine,avg_pm25,sao_paulo_2010
4,585120.922586814,14.2663367637413,0.204829855833074,A_common,fine,avg_pm25,sao_paulo_2010
5,781371.914766022,14.1317294584027,0.273530291731775,A_common,fine,avg_pm25,sao_paulo_2010
1,441960.439642302,13.9996380401126,0.154714503688634,C,fine,avg_pm25,sao_paulo_2010
2,353928.289545477,13.342892761997,0.123897604280405,C,fine,avg_pm25,sao_paulo_2010
3,436976.542216996,13.6753809091753,0.152969819894728,C,fine,avg_pm25,sao_paulo_2010
4,561060.705298593,15.2510217437525,0.196407236425326,C,fine,avg_pm25,sao_paulo_2010
5,1062693.3389088,14.0521203628601,0.372010835710907,C,fine,avg_pm25,sao_paulo_2010
1,557872.287388383,4.89870532851326,0.173717048593196,A,municipio,hrs_d_pm10_it1,sao_paulo_2010
2,607700.943283903,5.27338881413516,0.18923330066956,A,municipio,hrs_d_pm10_it1,sao_paulo_2010
3,607031.828279334,5.47159847545624,0.189024943512571,A,municipio,hrs_d_pm10_it1,sao_paulo_2010
4,653382.326393418,3.68325084685452,0.20345812457431,A,municipio,hrs_d_pm10_it1,sao_paulo_2010
5,785397.40334537,4.16905831005237,0.244566582650363,A,municipio,hrs_d_pm10_it1,sao_paulo_2010
1,264087.278450985,7.05311155685015,0.232770756347798,B_native,municipio,hrs_d_pm10_it1,sao_paulo_2010
2,337023.142645322,7.36440733901254,0.297057595051189,B_native,municipio,hrs_d_pm10_it1,sao_paulo_2010
3,232108.007096965,9.05026251901293,0.204583714456993,B_native,municipio,hrs_d_pm10_it1,sao_paulo_2010
4,125484.985332335,4,0.110604475601506,B_native,municipio,hrs_d_pm10_it1,sao_paulo_2010
5,175834.629803148,5.95473994309351,0.154983458542515,B_native,municipio,hrs_d_pm10_it1,sao_paulo_2010
1,164559.342003054,6.14687418391547,0.220535041528155,B_common,municipio,hrs_d_pm10_it1,sao_paulo_2010
2,217070.615505265,6.66169710063919,0.290908292548395,B_common,municipio,hrs_d_pm10_it1,sao_paulo_2010
3,166887.323165048,7.77482365165539,0.223654897356381,B_common,municipio,hrs_d_pm10_it1,sao_paulo_2010
4,78856.7328434531,4,0.105680252732676,B_common,municipio,hrs_d_pm10_it1,sao_paulo_2010
5,118808.275079003,5.95286608521241,0.159221515834393,B_common,municipio,hrs_d_pm10_it1,sao_paulo_2010
1,164559.342003054,5.68499395073105,0.220535041528155,baseline_common,municipio,hrs_d_pm10_it1,sao_paulo_2010
2,217070.615505265,6.09324770909844,0.290908292548395,baseline_common,municipio,hrs_d_pm10_it1,sao_paulo_2010
3,166887.323165048,7.11154795950776,0.223654897356381,baseline_common,municipio,hrs_d_pm10_it1,sao_paulo_2010
4,78856.7328434531,3.39072179421976,0.105680252732676,baseline_common,municipio,hrs_d_pm10_it1,sao_paulo_2010
5,118808.275079003,5.36183688015891,0.159221515834393,baseline_common,municipio,hrs_d_pm10_it1,sao_paulo_2010
1,164559.342003054,5.56991130095129,0.220535041528155,A_common,municipio,hrs_d_pm10_it1,sao_paulo_2010
2,217070.615505265,6.03555618216167,0.290908292548395,A_common,municipio,hrs_d_pm10_it1,sao_paulo_2010
3,166887.323165048,7.24172702233785,0.223654897356381,A_common,municipio,hrs_d_pm10_it1,sao_paulo_2010
4,78856.7328434531,3.4045922047422,0.105680252732676,A_common,municipio,hrs_d_pm10_it1,sao_paulo_2010
5,118808.275079003,5.5255874092174,0.159221515834393,A_common,municipio,hrs_d_pm10_it1,sao_paulo_2010
1,454860.612383842,7.15752618605789,0.141640022081979,C,municipio,hrs_d_pm10_it1,sao_paulo_2010
2,470855.836470928,6.84379792676738,0.146620809231316,C,municipio,hrs_d_pm10_it1,sao_paulo_2010
3,0,,0,C,municipio,hrs_d_pm10_it1,sao_paulo_2010
4,0,,0,C,municipio,hrs_d_pm10_it1,sao_paulo_2010
5,2285668.33983564,3.67945589106658,0.711739168686704,C,municipio,hrs_d_pm10_it1,sao_paulo_2010
1,557872.287388383,67.0657241157052,0.173717048593196,A,municipio,hrs_d_pm10_it2,sao_paulo_2010
2,607700.943283903,70.8655527221627,0.18923330066956,A,municipio,hrs_d_pm10_it2,sao_paulo_2010
3,607031.828279334,65.3021444622361,0.189024943512571,A,municipio,hrs_d_pm10_it2,sao_paulo_2010
4,653382.326393418,60.174389979483,0.20345812457431,A,municipio,hrs_d_pm10_it2,sao_paulo_2010
5,785397.40334537,61.4053293291503,0.244566582650363,A,municipio,hrs_d_pm10_it2,sao_paulo_2010
1,264087.278450985,108.488281382698,0.232770756347798,B_native,municipio,hrs_d_pm10_it2,sao_paulo_2010
2,337023.142645322,110.937159089982,0.297057595051189,B_native,municipio,hrs_d_pm10_it2,sao_paulo_2010
3,232108.007096965,97.7665059592615,0.204583714456993,B_native,municipio,hrs_d_pm10_it2,sao_paulo_2010
4,125484.985332335,120.043467370392,0.110604475601506,B_native,municipio,hrs_d_pm10_it2,sao_paulo_2010
5,175834.629803148,108.146753814067,0.154983458542515,B_native,municipio,hrs_d_pm10_it2,sao_paulo_2010
1,164559.342003054,95.065841386504,0.220535041528155,B_common,municipio,hrs_d_pm10_it2,sao_paulo_2010
2,217070.615505265,99.5904274949202,0.290908292548395,B_common,municipio,hrs_d_pm10_it2,sao_paulo_2010
3,166887.323165048,85.9356307316069,0.223654897356381,B_common,municipio,hrs_d_pm10_it2,sao_paulo_2010
4,78856.7328434531,107.060495462765,0.105680252732676,B_common,municipio,hrs_d_pm10_it2,sao_paulo_2010
5,118808.275079003,98.7080962585119,0.159221515834393,B_common,municipio,hrs_d_pm10_it2,sao_paulo_2010
1,164559.342003054,88.8476464511205,0.220535041528155,baseline_common,municipio,hrs_d_pm10_it2,sao_paulo_2010
2,217070.615505265,92.8924500304438,0.290908292548395,baseline_common,municipio,hrs_d_pm10_it2,sao_paulo_2010
3,166887.323165048,81.6019310763566,0.223654897356381,baseline_common,municipio,hrs_d_pm10_it2,sao_paulo_2010
4,78856.7328434531,96.0697357164966,0.105680252732676,baseline_common,municipio,hrs_d_pm10_it2,sao_paulo_2010
5,118808.275079003,92.5036315539525,0.159221515834393,baseline_common,municipio,hrs_d_pm10_it2,sao_paulo_2010
1,164559.342003054,88.3968420150065,0.220535041528155,A_common,municipio,hrs_d_pm10_it2,sao_paulo_2010
2,217070.615505265,92.5443858908081,0.290908292548395,A_common,municipio,hrs_d_pm10_it2,sao_paulo_2010
3,166887.323165048,82.288607545042,0.223654897356381,A_common,municipio,hrs_d_pm10_it2,sao_paulo_2010
4,78856.7328434531,96.1550828167155,0.105680252732676,A_common,municipio,hrs_d_pm10_it2,sao_paulo_2010
5,118808.275079003,92.9121911870433,0.159221515834393,A_common,municipio,hrs_d_pm10_it2,sao_paulo_2010
1,454860.612383842,78.9393230216582,0.141640022081979,C,municipio,hrs_d_pm10_it2,sao_paulo_2010
2,470855.836470928,100.058395799884,0.146620809231316,C,municipio,hrs_d_pm10_it2,sao_paulo_2010
3,0,,0,C,municipio,hrs_d_pm10_it2,sao_paulo_2010
4,0,,0,C,municipio,hrs_d_pm10_it2,sao_paulo_2010
5,2285668.33983564,54.3388701729047,0.711739168686704,C,municipio,hrs_d_pm10_it2,sao_paulo_2010
1,557872.287388383,26.3011515549946,0.173717048593196,A,municipio,avg_pm10,sao_paulo_2010
2,607700.943283903,26.4289125887447,0.18923330066956,A,municipio,avg_pm10,sao_paulo_2010
3,607031.828279334,26.0952335126621,0.189024943512571,A,municipio,avg_pm10,sao_paulo_2010
4,653382.326393418,26.1755605960755,0.20345812457431,A,municipio,avg_pm10,sao_paulo_2010
5,785397.40334537,26.0953361398162,0.244566582650363,A,municipio,avg_pm10,sao_paulo_2010
1,264087.278450985,28.0185609857484,0.232770756347798,B_native,municipio,avg_pm10,sao_paulo_2010
2,337023.142645322,28.1084908294568,0.297057595051189,B_native,municipio,avg_pm10,sao_paulo_2010
3,232108.007096965,27.1771092956405,0.204583714456993,B_native,municipio,avg_pm10,sao_paulo_2010
4,125484.985332335,29.1974465461742,0.110604475601506,B_native,municipio,avg_pm10,sao_paulo_2010
5,175834.629803148,27.9071250506829,0.154983458542515,B_native,municipio,avg_pm10,sao_paulo_2010
1,164559.342003054,27.4996738436733,0.220535041528155,B_common,municipio,avg_pm10,sao_paulo_2010
2,217070.615505265,27.6629522963585,0.290908292548395,B_common,municipio,avg_pm10,sao_paulo_2010
3,166887.323165048,26.7689366595049,0.223654897356381,B_common,municipio,avg_pm10,sao_paulo_2010
4,78856.7328434531,28.610172007921,0.105680252732676,B_common,municipio,avg_pm10,sao_paulo_2010
5,118808.275079003,27.5824701734169,0.159221515834393,B_common,municipio,avg_pm10,sao_paulo_2010
1,164559.342003054,27.2993716244609,0.220535041528155,baseline_common,municipio,avg_pm10,sao_paulo_2010
2,217070.615505265,27.455268250716,0.290908292548395,baseline_common,municipio,avg_pm10,sao_paulo_2010
3,166887.323165048,26.6889533201407,0.223654897356381,baseline_common,municipio,avg_pm10,sao_paulo_2010
4,78856.7328434531,28.1950325796391,0.105680252732676,baseline_common,municipio,avg_pm10,sao_paulo_2010
5,118808.275079003,27.4074066145797,0.159221515834393,baseline_common,municipio,avg_pm10,sao_paulo_2010
1,164559.342003054,27.296548198052,0.220535041528155,A_common,municipio,avg_pm10,sao_paulo_2010
2,217070.615505265,27.4490001500159,0.290908292548395,A_common,municipio,avg_pm10,sao_paulo_2010
3,166887.323165048,26.7046514020751,0.223654897356381,A_common,municipio,avg_pm10,sao_paulo_2010
4,78856.7328434531,28.1952075067502,0.105680252732676,A_common,municipio,avg_pm10,sao_paulo_2010
5,118808.275079003,27.4027635352174,0.159221515834393,A_common,municipio,avg_pm10,sao_paulo_2010
1,454860.612383842,26.6857276882695,0.141640022081979,C,municipio,avg_pm10,sao_paulo_2010
2,470855.836470928,27.3507214571703,0.146620809231316,C,municipio,avg_pm10,sao_paulo_2010
3,0,,0,C,municipio,avg_pm10,sao_paulo_2010
4,0,,0,C,municipio,avg_pm10,sao_paulo_2010
5,2285668.33983564,25.8697842819524,0.711739168686704,C,municipio,avg_pm10,sao_paulo_2010
1,472056.800893086,17.2278616750709,0.165250160675303,A,municipio,hrs_d_pm25_it1,sao_paulo_2010
2,514089.367110038,18.0040273890918,0.179964255055059,A,municipio,hrs_d_pm25_it1,sao_paulo_2010
3,503980.310256212,15.1687869940125,0.176425436704789,A,municipio,hrs_d_pm25_it1,sao_paulo_2010
4,585120.922586814,17.1577160929893,0.204829855833074,A,municipio,hrs_d_pm25_it1,sao_paulo_2010
5,781371.914766022,15.5900545078999,0.273530291731775,A,municipio,hrs_d_pm25_it1,sao_paulo_2010
1,202830.314920874,25.6840017656911,0.23915711350574,B_native,municipio,hrs_d_pm25_it1,sao_paulo_2010
2,261687.512443097,26.0595983886881,0.308555602947238,B_native,municipio,hrs_d_pm25_it1,sao_paulo_2010
3,154261.383632364,10.5294777914641,0.181889513159362,B_native,municipio,hrs_d_pm25_it1,sao_paulo_2010
4,97654.529019453,50,0.115144401812746,B_native,municipio,hrs_d_pm25_it1,sao_paulo_2010
5,131671.139440394,21.4585978272349,0.155253368574914,B_native,municipio,hrs_d_pm25_it1,sao_paulo_2010
1,114968.502561313,23.6301481965046,0.230830328827437,B_common,municipio,hrs_d_pm25_it1,sao_paulo_2010
2,155379.097855747,24.3536854680669,0.311965516223237,B_common,municipio,hrs_d_pm25_it1,sao_paulo_2010
3,100479.974161108,10.0477657071375,0.201740693837528,B_common,municipio,hrs_d_pm25_it1,sao_paulo_2010
4,51026.2765305708,50,0.102449035413938,B_common,municipio,hrs_d_pm25_it1,sao_paulo_2010
5,76211.1265106485,22.4642550981409,0.153014425697861,B_common,municipio,hrs_d_pm25_it1,sao_paulo_2010
1,114968.502561313,20.3802809008345,0.230830328827437,baseline_common,municipio,hrs_d_pm25_it1,sao_paulo_2010
2,155379.097855747,21.5202559202105,0.311965516223237,baseline_common,municipio,hrs_d_pm25_it1,sao_paulo_2010
3,100479.974161108,10.0477657071375,0.201740693837528,baseline_common,municipio,hrs_d_pm25_it1,sao_paulo_2010
4,51026.2765305708,42.8718980166276,0.102449035413938,baseline_common,municipio,hrs_d_pm25_it1,sao_paulo_2010
5,76211.1265106485,21.3072985173873,0.153014425697861,baseline_common,municipio,hrs_d_pm25_it1,sao_paulo_2010
1,114968.502561313,20.9831011251651,0.230830328827437,A_common,municipio,hrs_d_pm25_it1,sao_paulo_2010
2,155379.097855747,21.6753589685234,0.311965516223237,A_common,municipio,hrs_d_pm25_it1,sao_paulo_2010
3,100479.974161108,10.0477657071375,0.201740693837528,A_common,municipio,hrs_d_pm25_it1,sao_paulo_2010
4,51026.2765305708,42.6562098798984,0.102449035413938,A_common,municipio,hrs_d_pm25_it1,sao_paulo_2010
5,76211.1265106485,19.6971431808734,0.153014425697861,A_common,municipio,hrs_d_pm25_it1,sao_paulo_2010
1,301394.101417515,9.55960825662639,0.105507268599046,C,municipio,hrs_d_pm25_it1,sao_paulo_2010
2,470855.836470928,29.181934954408,0.164829746090974,C,municipio,hrs_d_pm25_it1,sao_paulo_2010
3,0,,0,C,municipio,hrs_d_pm25_it1,sao_paulo_2010
4,0,,0,C,municipio,hrs_d_pm25_it1,sao_paulo_2010
5,2084369.37772373,14.8090565098467,0.72966298530998,C,municipio,hrs_d_pm25_it1,sao_paulo_2010
1,472056.800893086,140.558383905217,0.165250160675303,A,municipio,hrs_d_pm25_it2,sao_paulo_2010
2,514089.367110038,148.54670573463,0.179964255055059,A,municipio,hrs_d_pm25_it2,sao_paulo_2010
3,503980.310256212,125.933430185128,0.176425436704789,A,municipio,hrs_d_pm25_it2,sao_paulo_2010
4,585120.922586814,133.737207849251,0.204829855833074,A,municipio,hrs_d_pm25_it2,sao_paulo_2010
5,781371.914766022,123.206535714702,0.273530291731775,A,municipio,hrs_d_pm25_it2,sao_paulo_2010
1,202830.314920874,200.146489571157,0.23915711350574,B_native,municipio,hrs_d_pm25_it2,sao_paulo_2010
2,261687.512443097,203.584327280776,0.308555602947238,B_native,municipio,hrs_d_pm25_it2,sao_paulo_2010
3,154261.383632364,102.030039018909,0.181889513159362,B_native,municipio,hrs_d_pm25_it2,sao_paulo_2010
4,97654.529019453,362,0.115144401812746,B_native,municipio,hrs_d_pm25_it2,sao_paulo_2010
5,131671.139440394,162.613464899866,0.155253368574914,B_native,municipio,hrs_d_pm25_it2,sao_paulo_2010
1,114968.502561313,185.035003588395,0.230830328827437,B_common,municipio,hrs_d_pm25_it2,sao_paulo_2010
2,155379.097855747,191.418787808922,0.311965516223237,B_common,municipio,hrs_d_pm25_it2,sao_paulo_2010
3,100479.974161108,97.4537742178062,0.201740693837528,B_common,municipio,hrs_d_pm25_it2,sao_paulo_2010
4,51026.2765305708,362,0.102449035413938,B_common,municipio,hrs_d_pm25_it2,sao_paulo_2010
5,76211.1265106485,172.07886502972,0.153014425697861,B_common,municipio,hrs_d_pm25_it2,sao_paulo_2010
1,114968.502561313,172.737804729698,0.230830328827437,baseline_common,municipio,hrs_d_pm25_it2,sao_paulo_2010
2,155379.097855747,182.218003713084,0.311965516223237,baseline_common,municipio,hrs_d_pm25_it2,sao_paulo_2010
3,100479.974161108,96.9116970195486,0.201740693837528,baseline_common,municipio,hrs_d_pm25_it2,sao_paulo_2010
4,51026.2765305708,343.801359785159,0.102449035413938,baseline_common,municipio,hrs_d_pm25_it2,sao_paulo_2010
5,76211.1265106485,174.714516319481,0.153014425697861,baseline_common,municipio,hrs_d_pm25_it2,sao_paulo_2010
1,114968.502561313,177.290975058591,0.230830328827437,A_common,municipio,hrs_d_pm25_it2,sao_paulo_2010
2,155379.097855747,183.568157289953,0.311965516223237,A_common,municipio,hrs_d_pm25_it2,sao_paulo_2010
3,100479.974161108,96.7702119941146,0.201740693837528,A_common,municipio,hrs_d_pm25_it2,sao_paulo_2010
4,51026.2765305708,341.636006130619,0.102449035413938,A_common,municipio,hrs_d_pm25_it2,sao_paulo_2010
5,76211.1265106485,164.101682285741,0.153014425697861,A_common,municipio,hrs_d_pm25_it2,sao_paulo_2010
1,301394.101417515,92.1199177589478,0.105507268599046,C,municipio,hrs_d_pm25_it2,sao_paulo_2010
2,470855.836470928,245.201519950266,0.164829746090974,C,municipio,hrs_d_pm25_it2,sao_paulo_2010
3,0,,0,C,municipio,hrs_d_pm25_it2,sao_paulo_2010
4,0,,0,C,municipio,hrs_d_pm25_it2,sao_paulo_2010
5,2084369.37772373,114.919840730104,0.72966298530998,C,municipio,hrs_d_pm25_it2,sao_paulo_2010
1,472056.800893086,14.1991273801629,0.165250160675303,A,municipio,avg_pm25,sao_paulo_2010
2,514089.367110038,14.2942841081391,0.179964255055059,A,municipio,avg_pm25,sao_paulo_2010
3,503980.310256212,13.8441700855523,0.176425436704789,A,municipio,avg_pm25,sao_paulo_2010
4,585120.922586814,14.271445889238,0.204829855833074,A,municipio,avg_pm25,sao_paulo_2010
5,781371.914766022,14.0113796027686,0.273530291731775,A,municipio,avg_pm25,sao_paulo_2010
1,202830.314920874,15.3311546704513,0.23915711350574,B_native,municipio,avg_pm25,sao_paulo_2010
2,261687.512443097,15.3865798536706,0.308555602947238,B_native,municipio,avg_pm25,sao_paulo_2010
3,154261.383632364,12.9486518154421,0.181889513159362,B_native,municipio,avg_pm25,sao_paulo_2010
4,97654.529019453,19.1421604847052,0.115144401812746,B_native,municipio,avg_pm25,sao_paulo_2010
5,131671.139440394,15.0146661356226,0.155253368574914,B_native,municipio,avg_pm25,sao_paulo_2010
1,114968.502561313,14.9335304990917,0.230830328827437,B_common,municipio,avg_pm25,sao_paulo_2010
2,155379.097855747,15.0511382351375,0.311965516223237,B_common,municipio,avg_pm25,sao_paulo_2010
3,100479.974161108,12.7862602139118,0.201740693837528,B_common,municipio,avg_pm25,sao_paulo_2010
4,51026.2765305708,19.1421604847052,0.102449035413938,B_common,municipio,avg_pm25,sao_paulo_2010
5,76211.1265106485,15.0811293636358,0.153014425697861,B_common,municipio,avg_pm25,sao_paulo_2010
1,114968.502561313,14.5094437382284,0.230830328827437,baseline_common,municipio,avg_pm25,sao_paulo_2010
2,155379.097855747,14.6933693825465,0.311965516223237,baseline_common,municipio,avg_pm25,sao_paulo_2010
3,100479.974161108,12.7862602139118,0.201740693837528,baseline_common,municipio,avg_pm25,sao_paulo_2010
4,51026.2765305708,18.2829073758669,0.102449035413938,baseline_common,municipio,avg_pm25,sao_paulo_2010
5,76211.1265106485,14.9772613115313,0.153014425697861,baseline_common,municipio,avg_pm25,sao_paulo_2010
1,114968.502561313,14.6080754457864,0.230830328827437,A_common,municipio,avg_pm25,sao_paulo_2010
2,155379.097855747,14.7218373688568,0.311965516223237,A_common,municipio,avg_pm25,sao_paulo_2010
3,100479.974161108,12.7862602139118,0.201740693837528,A_common,municipio,avg_pm25,sao_paulo_2010
4,51026.2765305708,18.239239780771,0.102449035413938,A_common,municipio,avg_pm25,sao_paulo_2010
5,76211.1265106485,14.7409123095883,0.153014425697861,A_common,municipio,avg_pm25,sao_paulo_2010
1,301394.101417515,12.8012148030098,0.105507268599046,C,municipio,avg_pm25,sao_paulo_2010
2,470855.836470928,15.9995293360023,0.164829746090974,C,municipio,avg_pm25,sao_paulo_2010
3,0,,0,C,municipio,avg_pm25,sao_paulo_2010
4,0,,0,C,municipio,avg_pm25,sao_paulo_2010
5,2084369.37772373,13.9052586795856,0.72966298530998,C,municipio,avg_pm25,sao_paulo_2010
