edu_level,population,mean,share,design,level,outcome,city_id
1,93852,25.6386438221881,0.0220566772846682,A,fine,hrs_d_pm10_it1,bogota_2018
2,1160714,29.9297027519268,0.272785812958662,A,fine,hrs_d_pm10_it1,bogota_2018
3,1175411,26.4084052301706,0.276239836165975,A,fine,hrs_d_pm10_it1,bogota_2018
4,583352,20.9061561458605,0.137096777984121,A,fine,hrs_d_pm10_it1,bogota_2018
5,863437,10.534168677043,0.202921101997209,A,fine,hrs_d_pm10_it1,bogota_2018
6,378272,4.69712534895525,0.0888997936093638,A,fine,hrs_d_pm10_it1,bogota_2018
1,93852,25.6386438221881,0.0220566772846682,B_native,fine,hrs_d_pm10_it1,bogota_2018
2,1160714,29.9297027519268,0.272785812958662,B_native,fine,hrs_d_pm10_it1,bogota_2018
3,1175411,26.4084052301706,0.276239836165975,B_native,fine,hrs_d_pm10_it1,bogota_2018
4,583352,20.9061561458605,0.137096777984121,B_native,fine,hrs_d_pm10_it1,bogota_2018
5,863437,10.534168677043,0.202921101997209,B_native,fine,hrs_d_pm10_it1,bogota_2018
6,378272,4.69712534895525,0.0888997936093638,B_native,fine,hrs_d_pm10_it1,bogota_2018
1,93852,25.6386438221881,0.0220566772846682,B_common,fine,hrs_d_pm10_it1,bogota_2018
2,1160714,29.9297027519268,0.272785812958662,B_common,fine,hrs_d_pm10_it1,bogota_2018
3,1175411,26.4084052301706,0.276239836165975,B_common,fine,hrs_d_pm10_it1,bogota_2018
4,583352,20.9061561458605,0.137096777984121,B_common,fine,hrs_d_pm10_it1,bogota_2018
5,863437,10.534168677043,0.202921101997209,B_common,fine,hrs_d_pm10_it1,bogota_2018
6,378272,4.69712534895525,0.0888997936093638,B_common,fine,hrs_d_pm10_it1,bogota_2018
1,93852,25.6386438221881,0.0220566772846682,baseline_common,fine,hrs_d_pm10_it1,bogota_2018
2,1160714,29.9297027519268,0.272785812958662,baseline_common,fine,hrs_d_pm10_it1,bogota_2018
3,1175411,26.4084052301706,0.276239836165975,baseline_common,fine,hrs_d_pm10_it1,bogota_2018
4,583352,20.9061561458605,0.137096777984121,baseline_common,fine,hrs_d_pm10_it1,bogota_2018
5,863437,10.534168677043,0.202921101997209,baseline_common,fine,hrs_d_pm10_it1,bogota_2018
6,378272,4.69712534895525,0.0888997936093638,baseline_common,fine,hrs_d_pm10_it1,bogota_2018
1,93852,25.6386438221881,0.0220566772846682,A_common,fine,hrs_d_pm10_it1,bogota_2018
2,1160714,29.9297027519268,0.272785812958662,A_common,fine,hrs_d_pm10_it1,bogota_2018
3,1175411,26.4084052301706,0.276239836165975,A_common,fine,hrs_d_pm10_it1,bogota_2018
4,583352,20.9061561458605,0.137096777984121,A_common,fine,hrs_d_pm10_it1,bogota_2018
5,863437,10.534168677043,0.202921101997209,A_common,fine,hrs_d_pm10_it1,bogota_2018
6,378272,4.69712534895525,0.0888997936093638,A_common,fine,hrs_d_pm10_it1,bogota_2018
1,26,17.2692307692308,6.11040371437341e-06,C,fine,hrs_d_pm10_it1,bogota_2018
2,509161,49.8548180241613,0.119660740985157,C,fine,hrs_d_pm10_it1,bogota_2018
3,2214614,27.9799698728537,0.520468677365514,C,fine,hrs_d_pm10_it1,bogota_2018
4,619682,4.8903776453084,0.145634892097321,C,fine,hrs_d_pm10_it1,bogota_2018
5,898240,0.973877805486284,0.211100347399953,C,fine,hrs_d_pm10_it1,bogota_2018
6,13315,0.0117912129177619,0.00312923174834161,C,fine,hrs_d_pm10_it1,bogota_2018
1,93852,131.087478157098,0.0220566772846682,A,fine,hrs_d_pm10_it2,bogota_2018
2,1160714,149.944528970961,0.272785812958662,A,fine,hrs_d_pm10_it2,bogota_2018
3,1175411,136.214416914594,0.276239836165975,A,fine,hrs_d_pm10_it2,bogota_2018
4,583352,117.790664984435,0.137096777984121,A,fine,hrs_d_pm10_it2,bogota_2018
5,863437,74.4820629646402,0.202921101997209,A,fine,hrs_d_pm10_it2,bogota_2018
6,378272,43.9688160900093,0.0888997936093638,A,fine,hrs_d_pm10_it2,bogota_2018
1,93852,131.087478157098,0.0220566772846682,B_native,fine,hrs_d_pm10_it2,bogota_2018
2,1160714,149.944528970961,0.272785812958662,B_native,fine,hrs_d_pm10_it2,bogota_2018
3,1175411,136.214416914594,0.276239836165975,B_native,fine,hrs_d_pm10_it2,bogota_2018
4,583352,117.790664984435,0.137096777984121,B_native,fine,hrs_d_pm10_it2,bogota_2018
5,863437,74.4820629646402,0.202921101997209,B_native,fine,hrs_d_pm10_it2,bogota_2018
6,378272,43.9688160900093,0.0888997936093638,B_native,fine,hrs_d_pm10_it2,bogota_2018
1,93852,131.087478157098,0.0220566772846682,B_common,fine,hrs_d_pm10_it2,bogota_2018
2,1160714,149.944528970961,0.272785812958662,B_common,fine,hrs_d_pm10_it2,bogota_2018
3,1175411,136.214416914594,0.276239836165975,B_common,fine,hrs_d_pm10_it2,bogota_2018
4,583352,117.790664984435,0.137096777984121,B_common,fine,hrs_d_pm10_it2,bogota_2018
5,863437,74.4820629646402,0.202921101997209,B_common,fine,hrs_d_pm10_it2,bogota_2018
6,378272,43.9688160900093,0.0888997936093638,B_common,fine,hrs_d_pm10_it2,bogota_2018
1,93852,131.087478157098,0.0220566772846682,baseline_common,fine,hrs_d_pm10_it2,bogota_2018
2,1160714,149.944528970961,0.272785812958662,baseline_common,fine,hrs_d_pm10_it2,bogota_2018
3,1175411,136.214416914594,0.276239836165975,baseline_common,fine,hrs_d_pm10_it2,bogota_2018
4,583352,117.790664984435,0.137096777984121,baseline_common,fine,hrs_d_pm10_it2,bogota_2018
5,863437,74.4820629646402,0.202921101997209,baseline_common,fine,hrs_d_pm10_it2,bogota_2018
6,378272,43.9688160900093,0.0888997936093638,baseline_common,fine,hrs_d_pm10_it2,bogota_2018
1,93852,131.087478157098,0.0220566772846682,A_common,fine,hrs_d_pm10_it2,bogota_2018
2,1160714,149.944528970961,0.272785812958662,A_common,fine,hrs_d_pm10_it2,bogota_2018
3,1175411,136.214416914594,0.276239836165975,A_common,fine,hrs_d_pm10_it2,bogota_2018
4,583352,117.790664984435,0.137096777984121,A_common,fine,hrs_d_pm10_it2,bogota_2018
5,863437,74.4820629646402,0.202921101997209,A_common,fine,hrs_d_pm10_it2,bogota_2018
6,378272,43.9688160900093,0.0888997936093638,A_common,fine,hrs_d_pm10_it2,bogota_2018
1,26,149.307692307692,6.11040371437341e-06,C,fine,hrs_d_pm10_it2,bogota_2018
2,509161,227.775247907833,0.119660740985157,C,fine,hrs_d_pm10_it2,bogota_2018
3,2214614,137.831991037716,0.520468677365514,C,fine,hrs_d_pm10_it2,bogota_2018
4,619682,89.7339958236644,0.145634892097321,C,fine,hrs_d_pm10_it2,bogota_2018
5,898240,21.4227934627716,0.211100347399953,C,fine,hrs_d_pm10_it2,bogota_2018
6,13315,2.81314307172362,0.00312923174834161,C,fine,hrs_d_pm10_it2,bogota_2018
1,93852,33.0322851958859,0.0220566772846682,A,fine,avg_pm10,bogota_2018
2,1160714,34.8753872020454,0.272785812958662,A,fine,avg_pm10,bogota_2018
3,1175411,34.2911695955764,0.276239836165975,A,fine,avg_pm10,bogota_2018
4,583352,33.2942071366706,0.137096777984121,A,fine,avg_pm10,bogota_2018
5,863437,29.891309711998,0.202921101997209,A,fine,avg_pm10,bogota_2018
6,378272,27.006485656593,0.0888997936093638,A,fine,avg_pm10,bogota_2018
1,93852,33.0322851958859,0.0220566772846682,B_native,fine,avg_pm10,bogota_2018
2,1160714,34.8753872020454,0.272785812958662,B_native,fine,avg_pm10,bogota_2018
3,1175411,34.2911695955764,0.276239836165975,B_native,fine,avg_pm10,bogota_2018
4,583352,33.2942071366706,0.137096777984121,B_native,fine,avg_pm10,bogota_2018
5,863437,29.891309711998,0.202921101997209,B_native,fine,avg_pm10,bogota_2018
6,378272,27.006485656593,0.0888997936093638,B_native,fine,avg_pm10,bogota_2018
1,93852,33.0322851958859,0.0220566772846682,B_common,fine,avg_pm10,bogota_2018
2,1160714,34.8753872020454,0.272785812958662,B_common,fine,avg_pm10,bogota_2018
3,1175411,34.2911695955764,0.276239836165975,B_common,fine,avg_pm10,bogota_2018
4,583352,33.2942071366706,0.137096777984121,B_common,fine,avg_pm10,bogota_2018
5,863437,29.891309711998,0.202921101997209,B_common,fine,avg_pm10,bogota_2018
6,378272,27.006485656593,0.0888997936093638,B_common,fine,avg_pm10,bogota_2018
1,93852,33.0322851958859,0.0220566772846682,baseline_common,fine,avg_pm10,bogota_2018
2,1160714,34.8753872020454,0.272785812958662,baseline_common,fine,avg_pm10,bogota_2018
3,1175411,34.2911695955764,0.276239836165975,baseline_common,fine,avg_pm10,bogota_2018
4,583352,33.2942071366706,0.137096777984121,baseline_common,fine,avg_pm10,bogota_2018
5,863437,29.891309711998,0.202921101997209,baseline_common,fine,avg_pm10,bogota_2018
6,378272,27.006485656593,0.0888997936093638,baseline_common,fine,avg_pm10,bogota_2018
1,93852,33.0322851958859,0.0220566772846682,A_common,fine,avg_pm10,bogota_2018
2,1160714,34.8753872020454,0.272785812958662,A_common,fine,avg_pm10,bogota_2018
3,1175411,34.2911695955764,0.276239836165975,A_common,fine,avg_pm10,bogota_2018
4,583352,33.2942071366706,0.137096777984121,A_common,fine,avg_pm10,bogota_2018
5,863437,29.891309711998,0.202921101997209,A_common,fine,avg_pm10,bogota_2018
6,378272,27.006485656593,0.0888997936093638,A_common,fine,avg_pm10,bogota_2018
1,26,34.7263672977684,6.11040371437341e-06,C,fine,avg_pm10,bogota_2018
2,509161,38.2100779880764,0.119660740985157,C,fine,avg_pm10,bogota_2018
3,2214614,34.6199279002568,0.520468677365514,C,fine,avg_pm10,bogota_2018
4,619682,32.7532461339149,0.145634892097321,C,fine,avg_pm10,bogota_2018
5,898240,25.1970918162893,0.211100347399953,C,fine,avg_pm10,bogota_2018
6,13315,20.9254502041037,0.00312923174834161,C,fine,avg_pm10,bogota_2018
1,93722,13.2615287765946,0.0220451497236418,A,fine,hrs_d_pm25_it1,bogota_2018
2,1158931,14.7852331156902,0.27260202955944,A,fine,hrs_d_pm25_it1,bogota_2018
3,1174209,12.342385384544,0.276195698041524,A,fine,hrs_d_pm25_it1,bogota_2018
4,583014,9.53058760166994,0.1371356876825,A,fine,hrs_d_pm25_it1,bogota_2018
5,863242,5.12783321478797,0.203050501885747,A,fine,hrs_d_pm25_it1,bogota_2018
6,378248,2.5026411243417,0.0889709331071472,A,fine,hrs_d_pm25_it1,bogota_2018
1,93722,13.2615287765946,0.0220451497236418,B_native,fine,hrs_d_pm25_it1,bogota_2018
2,1158931,14.7852331156902,0.27260202955944,B_native,fine,hrs_d_pm25_it1,bogota_2018
3,1174209,12.342385384544,0.276195698041524,B_native,fine,hrs_d_pm25_it1,bogota_2018
4,583014,9.53058760166994,0.1371356876825,B_native,fine,hrs_d_pm25_it1,bogota_2018
5,863242,5.12783321478797,0.203050501885747,B_native,fine,hrs_d_pm25_it1,bogota_2018
6,378248,2.5026411243417,0.0889709331071472,B_native,fine,hrs_d_pm25_it1,bogota_2018
1,93722,13.2615287765946,0.0220451497236418,B_common,fine,hrs_d_pm25_it1,bogota_2018
2,1158931,14.7852331156902,0.27260202955944,B_common,fine,hrs_d_pm25_it1,bogota_2018
3,1174209,12.342385384544,0.276195698041524,B_common,fine,hrs_d_pm25_it1,bogota_2018
4,583014,9.53058760166994,0.1371356876825,B_common,fine,hrs_d_pm25_it1,bogota_2018
5,863242,5.12783321478797,0.203050501885747,B_common,fine,hrs_d_pm25_it1,bogota_2018
6,378248,2.5026411243417,0.0889709331071472,B_common,fine,hrs_d_pm25_it1,bogota_2018
1,93722,13.2615287765946,0.0220451497236418,baseline_common,fine,hrs_d_pm25_it1,bogota_2018
2,1158931,14.7852331156902,0.27260202955944,baseline_common,fine,hrs_d_pm25_it1,bogota_2018
3,1174209,12.342385384544,0.276195698041524,baseline_common,fine,hrs_d_pm25_it1,bogota_2018
4,583014,9.53058760166994,0.1371356876825,baseline_common,fine,hrs_d_pm25_it1,bogota_2018
5,863242,5.12783321478797,0.203050501885747,baseline_common,fine,hrs_d_pm25_it1,bogota_2018
6,378248,2.5026411243417,0.0889709331071472,baseline_common,fine,hrs_d_pm25_it1,bogota_2018
1,93722,13.2615287765946,0.0220451497236418,A_common,fine,hrs_d_pm25_it1,bogota_2018
2,1158931,14.7852331156902,0.27260202955944,A_common,fine,hrs_d_pm25_it1,bogota_2018
3,1174209,12.342385384544,0.276195698041524,A_common,fine,hrs_d_pm25_it1,bogota_2018
4,583014,9.53058760166994,0.1371356876825,A_common,fine,hrs_d_pm25_it1,bogota_2018
5,863242,5.12783321478797,0.203050501885747,A_common,fine,hrs_d_pm25_it1,bogota_2018
6,378248,2.5026411243417,0.0889709331071472,A_common,fine,hrs_d_pm25_it1,bogota_2018
1,26,44.1153846153846,6.11568140687017e-06,C,fine,hrs_d_pm25_it1,bogota_2018
2,506926,27.7404157608803,0.11923838126381,C,fine,hrs_d_pm25_it1,bogota_2018
3,2213194,12.0860480373614,0.520584207522947,C,fine,hrs_d_pm25_it1,bogota_2018
4,619682,3.77100835589867,0.145760680214312,C,fine,hrs_d_pm25_it1,bogota_2018
5,898223,0.712354281731819,0.211278680781659,C,fine,hrs_d_pm25_it1,bogota_2018
6,13315,0.84228313931656,0.00313193453586447,C,fine,hrs_d_pm25_it1,bogota_2018
1,93722,120.308625509486,0.0220451497236418,A,fine,hrs_d_pm25_it2,bogota_2018
2,1158931,137.995825463293,0.27260202955944,A,fine,hrs_d_pm25_it2,bogota_2018
3,1174209,126.627364464078,0.276195698041524,A,fine,hrs_d_pm25_it2,bogota_2018
4,583014,111.466546257894,0.1371356876825,A,fine,hrs_d_pm25_it2,bogota_2018
5,863242,76.4883196137352,0.203050501885747,A,fine,hrs_d_pm25_it2,bogota_2018
6,378248,50.3683482794357,0.0889709331071472,A,fine,hrs_d_pm25_it2,bogota_2018
1,93722,120.308625509486,0.0220451497236418,B_native,fine,hrs_d_pm25_it2,bogota_2018
2,1158931,137.995825463293,0.27260202955944,B_native,fine,hrs_d_pm25_it2,bogota_2018
3,1174209,126.627364464078,0.276195698041524,B_native,fine,hrs_d_pm25_it2,bogota_2018
4,583014,111.466546257894,0.1371356876825,B_native,fine,hrs_d_pm25_it2,bogota_2018
5,863242,76.4883196137352,0.203050501885747,B_native,fine,hrs_d_pm25_it2,bogota_2018
6,378248,50.3683482794357,0.0889709331071472,B_native,fine,hrs_d_pm25_it2,bogota_2018
1,93722,120.308625509486,0.0220451497236418,B_common,fine,hrs_d_pm25_it2,bogota_2018
2,1158931,137.995825463293,0.27260202955944,B_common,fine,hrs_d_pm25_it2,bogota_2018
3,1174209,126.627364464078,0.276195698041524,B_common,fine,hrs_d_pm25_it2,bogota_2018
4,583014,111.466546257894,0.1371356876825,B_common,fine,hrs_d_pm25_it2,bogota_2018
5,863242,76.4883196137352,0.203050501885747,B_common,fine,hrs_d_pm25_it2,bogota_2018
6,378248,50.3683482794357,0.0889709331071472,B_common,fine,hrs_d_pm25_it2,bogota_2018
1,93722,120.308625509486,0.0220451497236418,baseline_common,fine,hrs_d_pm25_it2,bogota_2018
2,1158931,137.995825463293,0.27260202955944,baseline_common,fine,hrs_d_pm25_it2,bogota_2018
3,1174209,126.627364464078,0.276195698041524,baseline_common,fine,hrs_d_pm25_it2,bogota_2018
4,583014,111.466546257894,0.1371356876825,baseline_common,fine,hrs_d_pm25_it2,bogota_2018
5,863242,76.4883196137352,0.203050501885747,baseline_common,fine,hrs_d_pm25_it2,bogota_2018
6,378248,50.3683482794357,0.0889709331071472,baseline_common,fine,hrs_d_pm25_it2,bogota_2018
1,93722,120.308625509486,0.0220451497236418,A_common,fine,hrs_d_pm25_it2,bogota_2018
2,1158931,137.995825463293,0.27260202955944,A_common,fine,hrs_d_pm25_it2,bogota_2018
3,1174209,126.627364464078,0.276195698041524,A_common,fine,hrs_d_pm25_it2,bogota_2018
4,583014,111.466546257894,0.1371356876825,A_common,fine,hrs_d_pm25_it2,bogota_2018
5,863242,76.4883196137352,0.203050501885747,A_common,fine,hrs_d_pm25_it2,bogota_2018
6,378248,50.3683482794357,0.0889709331071472,A_common,fine,hrs_d_pm25_it2,bogota_2018
1,26,214.653846153846,6.11568140687017e-06,C,fine,hrs_d_pm25_it2,bogota_2018
2,506926,193.109223042416,0.11923838126381,C,fine,hrs_d_pm25_it2,bogota_2018
3,2213194,129.953155936624,0.520584207522947,C,fine,hrs_d_pm25_it2,bogota_2018
4,619682,93.4358203078353,0.145760680214312,C,fine,hrs_d_pm25_it2,bogota_2018
5,898223,29.1301202485352,0.211278680781659,C,fine,hrs_d_pm25_it2,bogota_2018
6,13315,28.6412316935787,0.00313193453586447,C,fine,hrs_d_pm25_it2,bogota_2018
1,93722,15.7144335937271,0.0220451497236418,A,fine,avg_pm25,bogota_2018
2,1158931,16.4491224228433,0.27260202955944,A,fine,avg_pm25,bogota_2018
3,1174209,16.2982882337479,0.276195698041524,A,fine,avg_pm25,bogota_2018
4,583014,15.9928979178024,0.1371356876825,A,fine,avg_pm25,bogota_2018
5,863242,14.7393304407853,0.203050501885747,A,fine,avg_pm25,bogota_2018
6,378248,13.6368830801917,0.0889709331071472,A,fine,avg_pm25,bogota_2018
1,93722,15.7144335937271,0.0220451497236418,B_native,fine,avg_pm25,bogota_2018
2,1158931,16.4491224228433,0.27260202955944,B_native,fine,avg_pm25,bogota_2018
3,1174209,16.2982882337479,0.276195698041524,B_native,fine,avg_pm25,bogota_2018
4,583014,15.9928979178024,0.1371356876825,B_native,fine,avg_pm25,bogota_2018
5,863242,14.7393304407853,0.203050501885747,B_native,fine,avg_pm25,bogota_2018
6,378248,13.6368830801917,0.0889709331071472,B_native,fine,avg_pm25,bogota_2018
1,93722,15.7144335937271,0.0220451497236418,B_common,fine,avg_pm25,bogota_2018
2,1158931,16.4491224228433,0.27260202955944,B_common,fine,avg_pm25,bogota_2018
3,1174209,16.2982882337479,0.276195698041524,B_common,fine,avg_pm25,bogota_2018
4,583014,15.9928979178024,0.1371356876825,B_common,fine,avg_pm25,bogota_2018
5,863242,14.7393304407853,0.203050501885747,B_common,fine,avg_pm25,bogota_2018
6,378248,13.6368830801917,0.0889709331071472,B_common,fine,avg_pm25,bogota_2018
1,93722,15.7144335937271,0.0220451497236418,baseline_common,fine,avg_pm25,bogota_2018
2,1158931,16.4491224228433,0.27260202955944,baseline_common,fine,avg_pm25,bogota_2018
3,1174209,16.2982882337479,0.276195698041524,baseline_common,fine,avg_pm25,bogota_2018
4,583014,15.9928979178024,0.1371356876825,baseline_common,fine,avg_pm25,bogota_2018
5,863242,14.7393304407853,0.203050501885747,baseline_common,fine,avg_pm25,bogota_2018
6,378248,13.6368830801917,0.0889709331071472,baseline_common,fine,avg_pm25,bogota_2018
1,93722,15.7144335937271,0.0220451497236418,A_common,fine,avg_pm25,bogota_2018
2,1158931,16.4491224228433,0.27260202955944,A_common,fine,avg_pm25,bogota_2018
3,1174209,16.2982882337479,0.276195698041524,A_common,fine,avg_pm25,bogota_2018
4,583014,15.9928979178024,0.1371356876825,A_common,fine,avg_pm25,bogota_2018
5,863242,14.7393304407853,0.203050501885747,A_common,fine,avg_pm25,bogota_2018
6,378248,13.6368830801917,0.0889709331071472,A_common,fine,avg_pm25,bogota_2018
1,26,16.0869074119413,6.11568140687017e-06,C,fine,avg_pm25,bogota_2018
2,506926,17.1353329888808,0.11923838126381,C,fine,avg_pm25,bogota_2018
3,2213194,16.5250416173448,0.520584207522947,C,fine,avg_pm25,bogota_2018
4,619682,16.0315184956406,0.145760680214312,C,fine,avg_pm25,bogota_2018
5,898223,12.8281657054143,0.211278680781659,C,fine,avg_pm25,bogota_2018
6,13315,12.2204312798404,0.00313193453586447,C,fine,avg_pm25,bogota_2018
1,93852,25.659865047459,0.0220566772846682,A,seccion,hrs_d_pm10_it1,bogota_2018
2,1160714,29.903418920449,0.272785812958662,A,seccion,hrs_d_pm10_it1,bogota_2018
3,1175411,26.4109131366879,0.276239836165975,A,seccion,hrs_d_pm10_it1,bogota_2018
4,583352,20.9191757027914,0.137096777984121,A,seccion,hrs_d_pm10_it1,bogota_2018
5,863437,10.5440574672469,0.202921101997209,A,seccion,hrs_d_pm10_it1,bogota_2018
6,378272,4.71064337406493,0.0888997936093638,A,seccion,hrs_d_pm10_it1,bogota_2018
1,93581,25.360532586743,0.0221010720015379,B_native,seccion,hrs_d_pm10_it1,bogota_2018
2,1156259,29.5345904334583,0.273074271608834,B_native,seccion,hrs_d_pm10_it1,bogota_2018
3,1168053,25.8413616505415,0.275859666541418,B_native,seccion,hrs_d_pm10_it1,bogota_2018
4,580510,20.3656233312088,0.137099339690886,B_native,seccion,hrs_d_pm10_it1,bogota_2018
5,859397,10.3235664076091,0.202964223238753,B_native,seccion,hrs_d_pm10_it1,bogota_2018
6,376429,4.58908585682825,0.0889014269185724,B_native,seccion,hrs_d_pm10_it1,bogota_2018
1,91812,25.2659891953122,0.0220995379441354,B_common,seccion,hrs_d_pm10_it1,bogota_2018
2,1132852,29.3562495365679,0.272682282916065,B_common,seccion,hrs_d_pm10_it1,bogota_2018
3,1145235,25.7141678345492,0.275662923555221,B_common,seccion,hrs_d_pm10_it1,bogota_2018
4,569773,20.2964198022721,0.137146778558836,B_common,seccion,hrs_d_pm10_it1,bogota_2018
5,844742,10.252999140566,0.203332983509834,B_common,seccion,hrs_d_pm10_it1,bogota_2018
6,370062,4.57386600083229,0.0890754935159091,B_common,seccion,hrs_d_pm10_it1,bogota_2018
1,91812,25.4850673114626,0.0220995379441354,baseline_common,seccion,hrs_d_pm10_it1,bogota_2018
2,1132852,29.644400151123,0.272682282916065,baseline_common,seccion,hrs_d_pm10_it1,bogota_2018
3,1145235,25.9753465445957,0.275662923555221,baseline_common,seccion,hrs_d_pm10_it1,bogota_2018
4,569773,20.5530114624596,0.137146778558836,baseline_common,seccion,hrs_d_pm10_it1,bogota_2018
5,844742,10.4179347066915,0.203332983509834,baseline_common,seccion,hrs_d_pm10_it1,bogota_2018
6,370062,4.69022488123612,0.0890754935159091,baseline_common,seccion,hrs_d_pm10_it1,bogota_2018
1,91812,25.5064106404892,0.0220995379441354,A_common,seccion,hrs_d_pm10_it1,bogota_2018
2,1132852,29.6174657662785,0.272682282916065,A_common,seccion,hrs_d_pm10_it1,bogota_2018
3,1145235,25.9779063048324,0.275662923555221,A_common,seccion,hrs_d_pm10_it1,bogota_2018
4,569773,20.5666493651871,0.137146778558836,A_common,seccion,hrs_d_pm10_it1,bogota_2018
5,844742,10.4279660394875,0.203332983509834,A_common,seccion,hrs_d_pm10_it1,bogota_2018
6,370062,4.70342558801007,0.0890754935159091,A_common,seccion,hrs_d_pm10_it1,bogota_2018
1,0,,0,C,seccion,hrs_d_pm10_it1,bogota_2018
2,377013,57.6973844403243,0.0886039090602716,C,seccion,hrs_d_pm10_it1,bogota_2018
3,2398844,27.5519087527159,0.563765587992399,C,seccion,hrs_d_pm10_it1,bogota_2018
4,665105,4.02044789920389,0.156310002401859,C,seccion,hrs_d_pm10_it1,bogota_2018
5,812714,0.904879207199581,0.191000409397049,C,seccion,hrs_d_pm10_it1,bogota_2018
6,1362,0,0.000320091148422176,C,seccion,hrs_d_pm10_it1,bogota_2018
1,93852,131.096085869444,0.0220566772846682,A,seccion,hrs_d_pm10_it2,bogota_2018
2,1160714,149.84571447124,0.272785812958662,A,seccion,hrs_d_pm10_it2,bogota_2018
3,1175411,136.198568334016,0.276239836165975,A,seccion,hrs_d_pm10_it2,bogota_2018
4,583352,117.862680577559,0.137096777984121,A,seccion,hrs_d_pm10_it2,bogota_2018
5,863437,74.5108263503004,0.202921101997209,A,seccion,hrs_d_pm10_it2,bogota_2018
6,378272,44.0800962080178,0.0888997936093638,A,seccion,hrs_d_pm10_it2,bogota_2018
1,93581,130.455915196461,0.0221010720015379,B_native,seccion,hrs_d_pm10_it2,bogota_2018
2,1156259,149.145207950814,0.273074271608834,B_native,seccion,hrs_d_pm10_it2,bogota_2018
3,1168053,135.071944509367,0.275859666541418,B_native,seccion,hrs_d_pm10_it2,bogota_2018
4,580510,116.642547070679,0.137099339690886,B_native,seccion,hrs_d_pm10_it2,bogota_2018
5,859397,74.0960103421353,0.202964223238753,B_native,seccion,hrs_d_pm10_it2,bogota_2018
6,376429,43.6265112411637,0.0889014269185724,B_native,seccion,hrs_d_pm10_it2,bogota_2018
1,91812,130.761131442513,0.0220995379441354,B_common,seccion,hrs_d_pm10_it2,bogota_2018
2,1132852,149.367658793911,0.272682282916065,B_common,seccion,hrs_d_pm10_it2,bogota_2018
3,1145235,135.351043235668,0.275662923555221,B_common,seccion,hrs_d_pm10_it2,bogota_2018
4,569773,116.97637655698,0.137146778558836,B_common,seccion,hrs_d_pm10_it2,bogota_2018
5,844742,74.2768975616224,0.203332983509834,B_common,seccion,hrs_d_pm10_it2,bogota_2018
6,370062,43.9097367468154,0.0890754935159091,B_common,seccion,hrs_d_pm10_it2,bogota_2018
1,91812,131.636997342395,0.0220995379441354,baseline_common,seccion,hrs_d_pm10_it2,bogota_2018
2,1132852,150.334297860621,0.272682282916065,baseline_common,seccion,hrs_d_pm10_it2,bogota_2018
3,1145235,136.258009928093,0.275662923555221,baseline_common,seccion,hrs_d_pm10_it2,bogota_2018
4,569773,117.948456666076,0.137146778558836,baseline_common,seccion,hrs_d_pm10_it2,bogota_2018
5,844742,74.8939013331881,0.203332983509834,baseline_common,seccion,hrs_d_pm10_it2,bogota_2018
6,370062,44.3901049013409,0.0890754935159091,baseline_common,seccion,hrs_d_pm10_it2,bogota_2018
1,91812,131.640784179922,0.0220995379441354,A_common,seccion,hrs_d_pm10_it2,bogota_2018
2,1132852,150.23355318698,0.272682282916065,A_common,seccion,hrs_d_pm10_it2,bogota_2018
3,1145235,136.241971008731,0.275662923555221,A_common,seccion,hrs_d_pm10_it2,bogota_2018
4,569773,118.024992535045,0.137146778558836,A_common,seccion,hrs_d_pm10_it2,bogota_2018
5,844742,74.921167789659,0.203332983509834,A_common,seccion,hrs_d_pm10_it2,bogota_2018
6,370062,44.4988417002729,0.0890754935159091,A_common,seccion,hrs_d_pm10_it2,bogota_2018
1,0,,0,C,seccion,hrs_d_pm10_it2,bogota_2018
2,377013,270.115038473474,0.0886039090602716,C,seccion,hrs_d_pm10_it2,bogota_2018
3,2398844,134.289045056702,0.563765587992399,C,seccion,hrs_d_pm10_it2,bogota_2018
4,665105,86.6862330008044,0.156310002401859,C,seccion,hrs_d_pm10_it2,bogota_2018
5,812714,17.8115327163061,0.191000409397049,C,seccion,hrs_d_pm10_it2,bogota_2018
6,1362,2.30616740088106,0.000320091148422176,C,seccion,hrs_d_pm10_it2,bogota_2018
1,93852,33.0353489288903,0.0220566772846682,A,seccion,avg_pm10,bogota_2018
2,1160714,34.8735002106208,0.272785812958662,A,seccion,avg_pm10,bogota_2018
3,1175411,34.2925589624239,0.276239836165975,A,seccion,avg_pm10,bogota_2018
4,583352,33.295480237351,0.137096777984121,A,seccion,avg_pm10,bogota_2018
5,863437,29.8898343850449,0.202921101997209,A,seccion,avg_pm10,bogota_2018
6,378272,27.0059567040047,0.0888997936093638,A,seccion,avg_pm10,bogota_2018
1,93581,32.9679052610068,0.0221010720015379,B_native,seccion,avg_pm10,bogota_2018
2,1156259,34.7739129128813,0.273074271608834,B_native,seccion,avg_pm10,bogota_2018
3,1168053,34.1772826905294,0.275859666541418,B_native,seccion,avg_pm10,bogota_2018
4,580510,33.2129873256262,0.137099339690886,B_native,seccion,avg_pm10,bogota_2018
5,859397,29.8738385489606,0.202964223238753,B_native,seccion,avg_pm10,bogota_2018
6,376429,26.999591045484,0.0889014269185724,B_native,seccion,avg_pm10,bogota_2018
1,91812,33.0020924017846,0.0220995379441354,B_common,seccion,avg_pm10,bogota_2018
2,1132852,34.8108869375136,0.272682282916065,B_common,seccion,avg_pm10,bogota_2018
3,1145235,34.2210642617892,0.275662923555221,B_common,seccion,avg_pm10,bogota_2018
4,569773,33.2574980705679,0.137146778558836,B_common,seccion,avg_pm10,bogota_2018
5,844742,29.9121707080341,0.203332983509834,B_common,seccion,avg_pm10,bogota_2018
6,370062,27.049859450461,0.0890754935159091,B_common,seccion,avg_pm10,bogota_2018
1,91812,33.0385698285244,0.0220995379441354,baseline_common,seccion,avg_pm10,bogota_2018
2,1132852,34.8671457236019,0.272682282916065,baseline_common,seccion,avg_pm10,bogota_2018
3,1145235,34.2691886990763,0.275662923555221,baseline_common,seccion,avg_pm10,bogota_2018
4,569773,33.2948785940774,0.137146778558836,baseline_common,seccion,avg_pm10,bogota_2018
5,844742,29.9126378858386,0.203332983509834,baseline_common,seccion,avg_pm10,bogota_2018
6,370062,27.0386625828038,0.0890754935159091,baseline_common,seccion,avg_pm10,bogota_2018
1,91812,33.0413107818237,0.0220995379441354,A_common,seccion,avg_pm10,bogota_2018
2,1132852,34.8651755340027,0.272682282916065,A_common,seccion,avg_pm10,bogota_2018
3,1145235,34.2706157279514,0.275662923555221,A_common,seccion,avg_pm10,bogota_2018
4,569773,33.2964913236778,0.137146778558836,A_common,seccion,avg_pm10,bogota_2018
5,844742,29.9112567216889,0.203332983509834,A_common,seccion,avg_pm10,bogota_2018
6,370062,27.0371570702555,0.0890754935159091,A_common,seccion,avg_pm10,bogota_2018
1,0,,0,C,seccion,avg_pm10,bogota_2018
2,377013,39.7968782845105,0.0886039090602716,C,seccion,avg_pm10,bogota_2018
3,2398844,34.5838121812294,0.563765587992399,C,seccion,avg_pm10,bogota_2018
4,665105,32.1874519919202,0.156310002401859,C,seccion,avg_pm10,bogota_2018
5,812714,24.5249386722811,0.191000409397049,C,seccion,avg_pm10,bogota_2018
6,1362,21.3726272320995,0.000320091148422176,C,seccion,avg_pm10,bogota_2018
1,93722,13.2463431426201,0.0220451497236418,A,seccion,hrs_d_pm25_it1,bogota_2018
2,1158931,14.7616297459824,0.27260202955944,A,seccion,hrs_d_pm25_it1,bogota_2018
3,1174209,12.3436669030998,0.276195698041524,A,seccion,hrs_d_pm25_it1,bogota_2018
4,583014,9.53386828753716,0.1371356876825,A,seccion,hrs_d_pm25_it1,bogota_2018
5,863242,5.14564378639183,0.203050501885747,A,seccion,hrs_d_pm25_it1,bogota_2018
6,378248,2.52199077622255,0.0889709331071472,A,seccion,hrs_d_pm25_it1,bogota_2018
1,93416,13.0981630555793,0.0220922508029536,B_native,seccion,hrs_d_pm25_it1,bogota_2018
2,1154028,14.5622688530954,0.272919799709161,B_native,seccion,hrs_d_pm25_it1,bogota_2018
3,1166002,12.0925290008079,0.275751569546389,B_native,seccion,hrs_d_pm25_it1,bogota_2018
4,579802,9.32410374576148,0.137119242956818,B_native,seccion,hrs_d_pm25_it1,bogota_2018
5,858871,5.09283582749912,0.203117169857236,B_native,seccion,hrs_d_pm25_it1,bogota_2018
6,376332,2.52935705706663,0.0889999671274422,B_native,seccion,hrs_d_pm25_it1,bogota_2018
1,91682,13.0577103466329,0.0220877690201706,B_common,seccion,hrs_d_pm25_it1,bogota_2018
2,1131069,14.4823985097284,0.27249395538792,B_common,seccion,hrs_d_pm25_it1,bogota_2018
3,1144033,12.0574808593808,0.275617205726891,B_common,seccion,hrs_d_pm25_it1,bogota_2018
4,569435,9.33474057618517,0.1371866751598,B_common,seccion,hrs_d_pm25_it1,bogota_2018
5,844547,5.09555063246924,0.203465882754281,B_common,seccion,hrs_d_pm25_it1,bogota_2018
6,370038,2.5430199060637,0.0891485119509377,B_common,seccion,hrs_d_pm25_it1,bogota_2018
1,91682,13.2480203311446,0.0220877690201706,baseline_common,seccion,hrs_d_pm25_it1,bogota_2018
2,1131069,14.7183416749995,0.27249395538792,baseline_common,seccion,hrs_d_pm25_it1,bogota_2018
3,1144033,12.2040876443249,0.275617205726891,baseline_common,seccion,hrs_d_pm25_it1,bogota_2018
4,569435,9.41698525731646,0.1371866751598,baseline_common,seccion,hrs_d_pm25_it1,bogota_2018
5,844547,5.09006366726778,0.203465882754281,baseline_common,seccion,hrs_d_pm25_it1,bogota_2018
6,370038,2.50261594755133,0.0891485119509377,baseline_common,seccion,hrs_d_pm25_it1,bogota_2018
1,91682,13.2324516803963,0.0220877690201706,A_common,seccion,hrs_d_pm25_it1,bogota_2018
2,1131069,14.6940700905906,0.27249395538792,A_common,seccion,hrs_d_pm25_it1,bogota_2018
3,1144033,12.205371782211,0.275617205726891,A_common,seccion,hrs_d_pm25_it1,bogota_2018
4,569435,9.42039078067892,0.1371866751598,A_common,seccion,hrs_d_pm25_it1,bogota_2018
5,844547,5.10826706395578,0.203465882754281,A_common,seccion,hrs_d_pm25_it1,bogota_2018
6,370038,2.52248729883667,0.0891485119509377,A_common,seccion,hrs_d_pm25_it1,bogota_2018
1,0,,0,C,seccion,hrs_d_pm25_it1,bogota_2018
2,375470,34.8423176285722,0.0883174960706747,C,seccion,hrs_d_pm25_it1,bogota_2018
3,2396715,11.7559726542372,0.56375174473334,C,seccion,hrs_d_pm25_it1,bogota_2018
4,665105,3.44399606077236,0.15644501085063,C,seccion,hrs_d_pm25_it1,bogota_2018
5,812714,0.309523399375426,0.191165380727042,C,seccion,hrs_d_pm25_it1,bogota_2018
6,1362,0.0102790014684288,0.000320367618313737,C,seccion,hrs_d_pm25_it1,bogota_2018
1,93722,120.284147745551,0.0220451497236418,A,seccion,hrs_d_pm25_it2,bogota_2018
2,1158931,137.858881015791,0.27260202955944,A,seccion,hrs_d_pm25_it2,bogota_2018
3,1174209,126.602291668023,0.276195698041524,A,seccion,hrs_d_pm25_it2,bogota_2018
4,583014,111.501506958616,0.1371356876825,A,seccion,hrs_d_pm25_it2,bogota_2018
5,863242,76.5835092628331,0.203050501885747,A,seccion,hrs_d_pm25_it2,bogota_2018
6,378248,50.5548457907089,0.0889709331071472,A,seccion,hrs_d_pm25_it2,bogota_2018
1,93416,118.816252033913,0.0220922508029536,B_native,seccion,hrs_d_pm25_it2,bogota_2018
2,1154028,136.010099408333,0.272919799709161,B_native,seccion,hrs_d_pm25_it2,bogota_2018
3,1166002,124.575687691788,0.275751569546389,B_native,seccion,hrs_d_pm25_it2,bogota_2018
4,579802,109.882968668614,0.137119242956818,B_native,seccion,hrs_d_pm25_it2,bogota_2018
5,858871,75.9048634777516,0.203117169857236,B_native,seccion,hrs_d_pm25_it2,bogota_2018
6,376332,49.9290121488473,0.0889999671274422,B_native,seccion,hrs_d_pm25_it2,bogota_2018
1,91682,119.265668288214,0.0220877690201706,B_common,seccion,hrs_d_pm25_it2,bogota_2018
2,1131069,136.479615301984,0.27249395538792,B_common,seccion,hrs_d_pm25_it2,bogota_2018
3,1144033,125.135162185007,0.275617205726891,B_common,seccion,hrs_d_pm25_it2,bogota_2018
4,569435,110.508690192911,0.1371866751598,B_common,seccion,hrs_d_pm25_it2,bogota_2018
5,844547,76.338144591124,0.203465882754281,B_common,seccion,hrs_d_pm25_it2,bogota_2018
6,370038,50.3604035261244,0.0891485119509377,B_common,seccion,hrs_d_pm25_it2,bogota_2018
1,91682,120.264163085448,0.0220877690201706,baseline_common,seccion,hrs_d_pm25_it2,bogota_2018
2,1131069,137.69840389932,0.27249395538792,baseline_common,seccion,hrs_d_pm25_it2,bogota_2018
3,1144033,126.053959107823,0.275617205726891,baseline_common,seccion,hrs_d_pm25_it2,bogota_2018
4,569435,111.248857200558,0.1371866751598,baseline_common,seccion,hrs_d_pm25_it2,bogota_2018
5,844547,76.6567248477586,0.203465882754281,baseline_common,seccion,hrs_d_pm25_it2,bogota_2018
6,370038,50.6483280095558,0.0891485119509377,baseline_common,seccion,hrs_d_pm25_it2,bogota_2018
1,91682,120.235212750142,0.0220877690201706,A_common,seccion,hrs_d_pm25_it2,bogota_2018
2,1131069,137.558977351584,0.27249395538792,A_common,seccion,hrs_d_pm25_it2,bogota_2018
3,1144033,126.02826461465,0.275617205726891,A_common,seccion,hrs_d_pm25_it2,bogota_2018
4,569435,111.285660781767,0.1371866751598,A_common,seccion,hrs_d_pm25_it2,bogota_2018
5,844547,76.752292435912,0.203465882754281,A_common,seccion,hrs_d_pm25_it2,bogota_2018
6,370038,50.8359507943091,0.0891485119509377,A_common,seccion,hrs_d_pm25_it2,bogota_2018
1,0,,0,C,seccion,hrs_d_pm25_it2,bogota_2018
2,375470,215.442986124058,0.0883174960706747,C,seccion,hrs_d_pm25_it2,bogota_2018
3,2396715,129.235176063904,0.56375174473334,C,seccion,hrs_d_pm25_it2,bogota_2018
4,665105,90.1398485953346,0.15644501085063,C,seccion,hrs_d_pm25_it2,bogota_2018
5,812714,23.7969691675054,0.191165380727042,C,seccion,hrs_d_pm25_it2,bogota_2018
6,1362,23.1666666666667,0.000320367618313737,C,seccion,hrs_d_pm25_it2,bogota_2018
1,93722,15.7157604395747,0.0220451497236418,A,seccion,avg_pm25,bogota_2018
2,1158931,16.4484398716543,0.27260202955944,A,seccion,avg_pm25,bogota_2018
3,1174209,16.2986751419309,0.276195698041524,A,seccion,avg_pm25,bogota_2018
4,583014,15.9925868396922,0.1371356876825,A,seccion,avg_pm25,bogota_2018
5,863242,14.7390864897938,0.203050501885747,A,seccion,avg_pm25,bogota_2018
6,378248,13.6378226898386,0.0889709331071472,A,seccion,avg_pm25,bogota_2018
1,93416,15.6745233106164,0.0220922508029536,B_native,seccion,avg_pm25,bogota_2018
2,1154028,16.3936322149401,0.272919799709161,B_native,seccion,avg_pm25,bogota_2018
3,1166002,16.2445772286477,0.275751569546389,B_native,seccion,avg_pm25,bogota_2018
4,579802,15.959257837345,0.137119242956818,B_native,seccion,avg_pm25,bogota_2018
5,858871,14.7249286198277,0.203117169857236,B_native,seccion,avg_pm25,bogota_2018
6,376332,13.618747832683,0.0889999671274422,B_native,seccion,avg_pm25,bogota_2018
1,91682,15.6943211850965,0.0220877690201706,B_common,seccion,avg_pm25,bogota_2018
2,1131069,16.4161498015441,0.27249395538792,B_common,seccion,avg_pm25,bogota_2018
3,1144033,16.2659326303207,0.275617205726891,B_common,seccion,avg_pm25,bogota_2018
4,569435,15.9789290172836,0.1371866751598,B_common,seccion,avg_pm25,bogota_2018
5,844547,14.7420451010207,0.203465882754281,B_common,seccion,avg_pm25,bogota_2018
6,370038,13.6428250040498,0.0891485119509377,B_common,seccion,avg_pm25,bogota_2018
1,91682,15.7100976093721,0.0220877690201706,baseline_common,seccion,avg_pm25,bogota_2018
2,1131069,16.4401284645397,0.27249395538792,baseline_common,seccion,avg_pm25,bogota_2018
3,1144033,16.2824835840187,0.275617205726891,baseline_common,seccion,avg_pm25,bogota_2018
4,569435,15.9874621556086,0.1371866751598,baseline_common,seccion,avg_pm25,bogota_2018
5,844547,14.7387173625412,0.203465882754281,baseline_common,seccion,avg_pm25,bogota_2018
6,370038,13.638146489598,0.0891485119509377,baseline_common,seccion,avg_pm25,bogota_2018
1,91682,15.7111479721328,0.0220877690201706,A_common,seccion,avg_pm25,bogota_2018
2,1131069,16.4395386758803,0.27249395538792,A_common,seccion,avg_pm25,bogota_2018
3,1144033,16.2829043605623,0.275617205726891,A_common,seccion,avg_pm25,bogota_2018
4,569435,15.9872121350025,0.1371866751598,A_common,seccion,avg_pm25,bogota_2018
5,844547,14.738500651055,0.203465882754281,A_common,seccion,avg_pm25,bogota_2018
6,370038,13.6384587793716,0.0891485119509377,A_common,seccion,avg_pm25,bogota_2018
1,0,,0,C,seccion,avg_pm25,bogota_2018
2,375470,17.3658459875833,0.0883174960706747,C,seccion,avg_pm25,bogota_2018
3,2396715,16.5297303594277,0.56375174473334,C,seccion,avg_pm25,bogota_2018
4,665105,15.7760686388998,0.15644501085063,C,seccion,avg_pm25,bogota_2018
5,812714,12.5916690524657,0.191165380727042,C,seccion,avg_pm25,bogota_2018
6,1362,11.7652372672841,0.000320367618313737,C,seccion,avg_pm25,bogota_2018
1,93852,25.7422240792987,0.0220566772846682,A,sector,hrs_d_pm10_it1,bogota_2018
2,1160714,29.9219112242299,0.272785812958662,A,sector,hrs_d_pm10_it1,bogota_2018
3,1175411,26.385909705343,0.276239836165975,A,sector,hrs_d_pm10_it1,bogota_2018
4,583352,20.9216091531607,0.137096777984121,A,sector,hrs_d_pm10_it1,bogota_2018
5,863437,10.5316285258557,0.202921101997209,A,sector,hrs_d_pm10_it1,bogota_2018
6,378272,4.74353957104056,0.0888997936093638,A,sector,hrs_d_pm10_it1,bogota_2018
1,90473,21.5552153681209,0.0220637762704358,B_native,sector,hrs_d_pm10_it1,bogota_2018
2,1109782,25.0764636658371,0.27064407897336,B_native,sector,hrs_d_pm10_it1,bogota_2018
3,1123592,21.8299222493574,0.274011942869713,B_native,sector,hrs_d_pm10_it1,bogota_2018
4,561137,16.8597312242821,0.136845260188825,B_native,sector,hrs_d_pm10_it1,bogota_2018
5,841244,8.51248983648026,0.205155343636737,B_native,sector,hrs_d_pm10_it1,bogota_2018
6,374294,3.85516732835685,0.0912795980609298,B_native,sector,hrs_d_pm10_it1,bogota_2018
1,87634,22.1328251591848,0.0220523474624979,B_common,sector,hrs_d_pm10_it1,bogota_2018
2,1074838,25.7433008509189,0.270473800601322,B_common,sector,hrs_d_pm10_it1,bogota_2018
3,1089794,22.3759710550801,0.274237350235587,B_common,sector,hrs_d_pm10_it1,bogota_2018
4,544442,17.2605034145051,0.137004178254756,B_common,sector,hrs_d_pm10_it1,bogota_2018
5,815357,8.70890665070638,0.205177623638997,B_common,sector,hrs_d_pm10_it1,bogota_2018
6,361843,3.94773147470035,0.09105469980684,B_common,sector,hrs_d_pm10_it1,bogota_2018
1,87634,22.97791952895,0.0220523474624979,baseline_common,sector,hrs_d_pm10_it1,bogota_2018
2,1074838,27.115824896403,0.270473800601322,baseline_common,sector,hrs_d_pm10_it1,bogota_2018
3,1089794,23.9114933648011,0.274237350235587,baseline_common,sector,hrs_d_pm10_it1,bogota_2018
4,544442,18.6621733811866,0.137004178254756,baseline_common,sector,hrs_d_pm10_it1,bogota_2018
5,815357,9.50838835013374,0.205177623638997,baseline_common,sector,hrs_d_pm10_it1,bogota_2018
6,361843,4.28355668065984,0.09105469980684,baseline_common,sector,hrs_d_pm10_it1,bogota_2018
1,87634,23.0880874821675,0.0220523474624979,A_common,sector,hrs_d_pm10_it1,bogota_2018
2,1074838,27.1103962420956,0.270473800601322,A_common,sector,hrs_d_pm10_it1,bogota_2018
3,1089794,23.8867774231949,0.274237350235587,A_common,sector,hrs_d_pm10_it1,bogota_2018
4,544442,18.678130316015,0.137004178254756,A_common,sector,hrs_d_pm10_it1,bogota_2018
5,815357,9.50405341823691,0.205177623638997,A_common,sector,hrs_d_pm10_it1,bogota_2018
6,361843,4.32982446383752,0.09105469980684,A_common,sector,hrs_d_pm10_it1,bogota_2018
1,0,,0,C,sector,hrs_d_pm10_it1,bogota_2018
2,284606,56.7367588877255,0.0668868292128061,C,sector,hrs_d_pm10_it1,bogota_2018
3,2566908,28.1373134526052,0.603263237602108,C,sector,hrs_d_pm10_it1,bogota_2018
4,593810,3.7342500126303,0.139554570370464,C,sector,hrs_d_pm10_it1,bogota_2018
5,808885,0.820723588643627,0.190100534942344,C,sector,hrs_d_pm10_it1,bogota_2018
6,829,0,0.000194827872277521,C,sector,hrs_d_pm10_it1,bogota_2018
1,93852,130.858819022276,0.0220566772846682,A,sector,hrs_d_pm10_it2,bogota_2018
2,1160714,149.371696077888,0.272785812958662,A,sector,hrs_d_pm10_it2,bogota_2018
3,1175411,135.990978910238,0.276239836165975,A,sector,hrs_d_pm10_it2,bogota_2018
4,583352,118.172119951479,0.137096777984121,A,sector,hrs_d_pm10_it2,bogota_2018
5,863437,74.9891838050814,0.202921101997209,A,sector,hrs_d_pm10_it2,bogota_2018
6,378272,44.6947497286239,0.0888997936093638,A,sector,hrs_d_pm10_it2,bogota_2018
1,90473,122.649475534137,0.0220637762704358,B_native,sector,hrs_d_pm10_it2,bogota_2018
2,1109782,140.877253370482,0.27064407897336,B_native,sector,hrs_d_pm10_it2,bogota_2018
3,1123592,128.531922619599,0.274011942869713,B_native,sector,hrs_d_pm10_it2,bogota_2018
4,561137,111.822672538079,0.136845260188825,B_native,sector,hrs_d_pm10_it2,bogota_2018
5,841244,72.0812392124045,0.205155343636737,B_native,sector,hrs_d_pm10_it2,bogota_2018
6,374294,43.4003590760205,0.0912795980609298,B_native,sector,hrs_d_pm10_it2,bogota_2018
1,87634,124.987002761485,0.0220523474624979,B_common,sector,hrs_d_pm10_it2,bogota_2018
2,1074838,143.374906730131,0.270473800601322,B_common,sector,hrs_d_pm10_it2,bogota_2018
3,1089794,130.602813926302,0.274237350235587,B_common,sector,hrs_d_pm10_it2,bogota_2018
4,544442,113.435982161553,0.137004178254756,B_common,sector,hrs_d_pm10_it2,bogota_2018
5,815357,73.1157799589628,0.205177623638997,B_common,sector,hrs_d_pm10_it2,bogota_2018
6,361843,44.0881736001526,0.09105469980684,B_common,sector,hrs_d_pm10_it2,bogota_2018
1,87634,127.205764885775,0.0220523474624979,baseline_common,sector,hrs_d_pm10_it2,bogota_2018
2,1074838,146.428014268197,0.270473800601322,baseline_common,sector,hrs_d_pm10_it2,bogota_2018
3,1089794,133.311699275276,0.274237350235587,baseline_common,sector,hrs_d_pm10_it2,bogota_2018
4,544442,115.439503197769,0.137004178254756,baseline_common,sector,hrs_d_pm10_it2,bogota_2018
5,815357,73.7649238309109,0.205177623638997,baseline_common,sector,hrs_d_pm10_it2,bogota_2018
6,361843,43.8275052992596,0.09105469980684,baseline_common,sector,hrs_d_pm10_it2,bogota_2018
1,87634,126.953079162594,0.0220523474624979,A_common,sector,hrs_d_pm10_it2,bogota_2018
2,1074838,145.827365391835,0.270473800601322,A_common,sector,hrs_d_pm10_it2,bogota_2018
3,1089794,133.073259459216,0.274237350235587,A_common,sector,hrs_d_pm10_it2,bogota_2018
4,544442,115.844273691779,0.137004178254756,A_common,sector,hrs_d_pm10_it2,bogota_2018
5,815357,74.2884246070661,0.205177623638997,A_common,sector,hrs_d_pm10_it2,bogota_2018
6,361843,44.5627037142093,0.09105469980684,A_common,sector,hrs_d_pm10_it2,bogota_2018
1,0,,0,C,sector,hrs_d_pm10_it2,bogota_2018
2,284606,288.165931146919,0.0668868292128061,C,sector,hrs_d_pm10_it2,bogota_2018
3,2566908,138.553679757903,0.603263237602108,C,sector,hrs_d_pm10_it2,bogota_2018
4,593810,77.3493019652751,0.139554570370464,C,sector,hrs_d_pm10_it2,bogota_2018
5,808885,15.4625057950141,0.190100534942344,C,sector,hrs_d_pm10_it2,bogota_2018
6,829,3.78890229191797,0.000194827872277521,C,sector,hrs_d_pm10_it2,bogota_2018
1,93852,33.0373654290968,0.0220566772846682,A,sector,avg_pm10,bogota_2018
2,1160714,34.8602107203242,0.272785812958662,A,sector,avg_pm10,bogota_2018
3,1175411,34.2828614194416,0.276239836165975,A,sector,avg_pm10,bogota_2018
4,583352,33.2961171709438,0.137096777984121,A,sector,avg_pm10,bogota_2018
5,863437,29.9076510425299,0.202921101997209,A,sector,avg_pm10,bogota_2018
6,378272,27.0374769914625,0.0888997936093638,A,sector,avg_pm10,bogota_2018
1,90473,32.4344222500315,0.0220637762704358,B_native,sector,avg_pm10,bogota_2018
2,1109782,34.1951609430722,0.27064407897336,B_native,sector,avg_pm10,bogota_2018
3,1123592,33.651343165051,0.274011942869713,B_native,sector,avg_pm10,bogota_2018
4,561137,32.775269362831,0.136845260188825,B_native,sector,avg_pm10,bogota_2018
5,841244,29.6073396985461,0.205155343636737,B_native,sector,avg_pm10,bogota_2018
6,374294,26.8777453887485,0.0912795980609298,B_native,sector,avg_pm10,bogota_2018
1,87634,32.5987650689986,0.0220523474624979,B_common,sector,avg_pm10,bogota_2018
2,1074838,34.3613775194548,0.270473800601322,B_common,sector,avg_pm10,bogota_2018
3,1089794,33.7966844054685,0.274237350235587,B_common,sector,avg_pm10,bogota_2018
4,544442,32.9001138853716,0.137004178254756,B_common,sector,avg_pm10,bogota_2018
5,815357,29.707381750657,0.205177623638997,B_common,sector,avg_pm10,bogota_2018
6,361843,26.9610214549572,0.09105469980684,B_common,sector,avg_pm10,bogota_2018
1,87634,32.7575353729448,0.0220523474624979,baseline_common,sector,avg_pm10,bogota_2018
2,1074838,34.6219769773498,0.270473800601322,baseline_common,sector,avg_pm10,bogota_2018
3,1089794,34.0735133288769,0.274237350235587,baseline_common,sector,avg_pm10,bogota_2018
4,544442,33.1375740336374,0.137004178254756,baseline_common,sector,avg_pm10,bogota_2018
5,815357,29.808688494654,0.205177623638997,baseline_common,sector,avg_pm10,bogota_2018
6,361843,26.9671675377224,0.09105469980684,baseline_common,sector,avg_pm10,bogota_2018
1,87634,32.7619321774211,0.0220523474624979,A_common,sector,avg_pm10,bogota_2018
2,1074838,34.6072701233001,0.270473800601322,A_common,sector,avg_pm10,bogota_2018
3,1089794,34.0642888452281,0.274237350235587,A_common,sector,avg_pm10,bogota_2018
4,544442,33.138833398953,0.137004178254756,A_common,sector,avg_pm10,bogota_2018
5,815357,29.8254132847464,0.205177623638997,A_common,sector,avg_pm10,bogota_2018
6,361843,26.9975300077769,0.09105469980684,A_common,sector,avg_pm10,bogota_2018
1,0,,0,C,sector,avg_pm10,bogota_2018
2,284606,41.2282822414896,0.0668868292128061,C,sector,avg_pm10,bogota_2018
3,2566908,34.864716534648,0.603263237602108,C,sector,avg_pm10,bogota_2018
4,593810,31.1877222714607,0.139554570370464,C,sector,avg_pm10,bogota_2018
5,808885,24.1908487669914,0.190100534942344,C,sector,avg_pm10,bogota_2018
6,829,22.2970460561786,0.000194827872277521,C,sector,avg_pm10,bogota_2018
1,93722,13.2565534489263,0.0220451497236418,A,sector,hrs_d_pm25_it1,bogota_2018
2,1158931,14.774467276913,0.27260202955944,A,sector,hrs_d_pm25_it1,bogota_2018
3,1174209,12.342358281726,0.276195698041524,A,sector,hrs_d_pm25_it1,bogota_2018
4,583014,9.51266090435751,0.1371356876825,A,sector,hrs_d_pm25_it1,bogota_2018
5,863242,5.14137458031647,0.203050501885747,A,sector,hrs_d_pm25_it1,bogota_2018
6,378248,2.53423119423033,0.0889709331071472,A,sector,hrs_d_pm25_it1,bogota_2018
1,90373,11.6493200402775,0.0220612592784448,B_native,sector,hrs_d_pm25_it1,bogota_2018
2,1108314,12.9507368850344,0.270554286301553,B_native,sector,hrs_d_pm25_it1,bogota_2018
3,1122148,10.6610037178697,0.273931350921052,B_native,sector,hrs_d_pm25_it1,bogota_2018
4,560602,8.06247034437979,0.136850453941052,B_native,sector,hrs_d_pm25_it1,bogota_2018
5,840815,4.37079381314558,0.205254198933371,B_native,sector,hrs_d_pm25_it1,bogota_2018
6,374205,2.18035034272658,0.0913484506245275,B_native,sector,hrs_d_pm25_it1,bogota_2018
1,87569,11.9328186915461,0.0220468591112323,B_common,sector,hrs_d_pm25_it1,bogota_2018
2,1073818,13.2484489922873,0.270350399765959,B_common,sector,hrs_d_pm25_it1,bogota_2018
3,1089199,10.8900926277016,0.274222805982655,B_common,sector,hrs_d_pm25_it1,bogota_2018
4,544277,8.22893122435819,0.137030208595327,B_common,sector,hrs_d_pm25_it1,bogota_2018
5,815259,4.46141164954941,0.205254146012449,B_common,sector,hrs_d_pm25_it1,bogota_2018
6,361827,2.23008785966774,0.0910955805323784,B_common,sector,hrs_d_pm25_it1,bogota_2018
1,87569,12.2527150018842,0.0220468591112323,baseline_common,sector,hrs_d_pm25_it1,bogota_2018
2,1073818,13.7224781108158,0.270350399765959,baseline_common,sector,hrs_d_pm25_it1,bogota_2018
3,1089199,11.4312279023392,0.274222805982655,baseline_common,sector,hrs_d_pm25_it1,bogota_2018
4,544277,8.77620035386393,0.137030208595327,baseline_common,sector,hrs_d_pm25_it1,bogota_2018
5,815259,4.77266856299655,0.205254146012449,baseline_common,sector,hrs_d_pm25_it1,bogota_2018
6,361827,2.35500391070871,0.0910955805323784,baseline_common,sector,hrs_d_pm25_it1,bogota_2018
1,87569,12.2464150952126,0.0220468591112323,A_common,sector,hrs_d_pm25_it1,bogota_2018
2,1073818,13.717681929319,0.270350399765959,A_common,sector,hrs_d_pm25_it1,bogota_2018
3,1089199,11.4284055037414,0.274222805982655,A_common,sector,hrs_d_pm25_it1,bogota_2018
4,544277,8.75677974498524,0.137030208595327,A_common,sector,hrs_d_pm25_it1,bogota_2018
5,815259,4.78372928216292,0.205254146012449,A_common,sector,hrs_d_pm25_it1,bogota_2018
6,361827,2.3879077555862,0.0910955805323784,A_common,sector,hrs_d_pm25_it1,bogota_2018
1,0,,0,C,sector,hrs_d_pm25_it1,bogota_2018
2,283063,41.3166468242052,0.0665816586951112,C,sector,hrs_d_pm25_it1,bogota_2018
3,2564779,11.8660188655631,0.603283509347349,C,sector,hrs_d_pm25_it1,bogota_2018
4,593810,2.40618548020411,0.139675106777445,C,sector,hrs_d_pm25_it1,bogota_2018
5,808885,0.299655698894157,0.190264729030622,C,sector,hrs_d_pm25_it1,bogota_2018
6,829,0.0168878166465621,0.000194996149472899,C,sector,hrs_d_pm25_it1,bogota_2018
1,93722,120.069638572864,0.0220451497236418,A,sector,hrs_d_pm25_it2,bogota_2018
2,1158931,137.531874807736,0.27260202955944,A,sector,hrs_d_pm25_it2,bogota_2018
3,1174209,126.441049904546,0.276195698041524,A,sector,hrs_d_pm25_it2,bogota_2018
4,583014,111.643333894381,0.1371356876825,A,sector,hrs_d_pm25_it2,bogota_2018
5,863242,76.9655576199267,0.203050501885747,A,sector,hrs_d_pm25_it2,bogota_2018
6,378248,51.0392080368031,0.0889709331071472,A,sector,hrs_d_pm25_it2,bogota_2018
1,90373,111.546081241079,0.0220612592784448,B_native,sector,hrs_d_pm25_it2,bogota_2018
2,1108314,128.325627935765,0.270554286301553,B_native,sector,hrs_d_pm25_it2,bogota_2018
3,1122148,117.966518676681,0.273931350921052,B_native,sector,hrs_d_pm25_it2,bogota_2018
4,560602,104.495861591646,0.136850453941052,B_native,sector,hrs_d_pm25_it2,bogota_2018
5,840815,72.5374059692085,0.205254198933371,B_native,sector,hrs_d_pm25_it2,bogota_2018
6,374205,48.246455819671,0.0913484506245275,B_native,sector,hrs_d_pm25_it2,bogota_2018
1,87569,113.556772373785,0.0220468591112323,B_common,sector,hrs_d_pm25_it2,bogota_2018
2,1073818,130.451497367338,0.270350399765959,B_common,sector,hrs_d_pm25_it2,bogota_2018
3,1089199,119.790783869614,0.274222805982655,B_common,sector,hrs_d_pm25_it2,bogota_2018
4,544277,106.024744753131,0.137030208595327,B_common,sector,hrs_d_pm25_it2,bogota_2018
5,815259,73.6144231465093,0.205254146012449,B_common,sector,hrs_d_pm25_it2,bogota_2018
6,361827,49.0182269427102,0.0910955805323784,B_common,sector,hrs_d_pm25_it2,bogota_2018
1,87569,116.514268748073,0.0220468591112323,baseline_common,sector,hrs_d_pm25_it2,bogota_2018
2,1073818,134.096128021695,0.270350399765959,baseline_common,sector,hrs_d_pm25_it2,bogota_2018
3,1089199,123.114390483282,0.274222805982655,baseline_common,sector,hrs_d_pm25_it2,bogota_2018
4,544277,108.930410434393,0.137030208595327,baseline_common,sector,hrs_d_pm25_it2,bogota_2018
5,815259,75.4526426571188,0.205254146012449,baseline_common,sector,hrs_d_pm25_it2,bogota_2018
6,361827,50.0451320658768,0.0910955805323784,baseline_common,sector,hrs_d_pm25_it2,bogota_2018
1,87569,116.244253743085,0.0220468591112323,A_common,sector,hrs_d_pm25_it2,bogota_2018
2,1073818,133.62565183847,0.270350399765959,A_common,sector,hrs_d_pm25_it2,bogota_2018
3,1089199,122.903982468221,0.274222805982655,A_common,sector,hrs_d_pm25_it2,bogota_2018
4,544277,109.114705215151,0.137030208595327,A_common,sector,hrs_d_pm25_it2,bogota_2018
5,815259,75.9459182699706,0.205254146012449,A_common,sector,hrs_d_pm25_it2,bogota_2018
6,361827,50.7327184315355,0.0910955805323784,A_common,sector,hrs_d_pm25_it2,bogota_2018
1,0,,0,C,sector,hrs_d_pm25_it2,bogota_2018
2,283063,243.785235089009,0.0665816586951112,C,sector,hrs_d_pm25_it2,bogota_2018
3,2564779,131.147414260644,0.603283509347349,C,sector,hrs_d_pm25_it2,bogota_2018
4,593810,77.1188427274718,0.139675106777445,C,sector,hrs_d_pm25_it2,bogota_2018
5,808885,23.1979898255005,0.190264729030622,C,sector,hrs_d_pm25_it2,bogota_2018
6,829,32.8709288299156,0.000194996149472899,C,sector,hrs_d_pm25_it2,bogota_2018
1,93722,15.7147182410097,0.0220451497236418,A,sector,avg_pm25,bogota_2018
2,1158931,16.4413063295519,0.27260202955944,A,sector,avg_pm25,bogota_2018
3,1174209,16.2931124490861,0.276195698041524,A,sector,avg_pm25,bogota_2018
4,583014,15.9938461151127,0.1371356876825,A,sector,avg_pm25,bogota_2018
5,863242,14.7492058012142,0.203050501885747,A,sector,avg_pm25,bogota_2018
6,378248,13.6537639102121,0.0889709331071472,A,sector,avg_pm25,bogota_2018
1,90373,15.5080624457713,0.0220612592784448,B_native,sector,avg_pm25,bogota_2018
2,1108314,16.2295386361331,0.270554286301553,B_native,sector,avg_pm25,bogota_2018
3,1122148,16.0986493196882,0.273931350921052,B_native,sector,avg_pm25,bogota_2018
4,560602,15.8344517867757,0.136850453941052,B_native,sector,avg_pm25,bogota_2018
5,840815,14.6319704364347,0.205254198933371,B_native,sector,avg_pm25,bogota_2018
6,374205,13.5547584156209,0.0913484506245275,B_native,sector,avg_pm25,bogota_2018
1,87569,15.575478077133,0.0220468591112323,B_common,sector,avg_pm25,bogota_2018
2,1073818,16.2972874223361,0.270350399765959,B_common,sector,avg_pm25,bogota_2018
3,1089199,16.1562229188179,0.274222805982655,B_common,sector,avg_pm25,bogota_2018
4,544277,15.8818048362855,0.137030208595327,B_common,sector,avg_pm25,bogota_2018
5,815259,14.6698670494554,0.205254146012449,B_common,sector,avg_pm25,bogota_2018
6,361827,13.5905890172681,0.0910955805323784,B_common,sector,avg_pm25,bogota_2018
1,87569,15.6265733980789,0.0220468591112323,baseline_common,sector,avg_pm25,bogota_2018
2,1073818,16.3650580273307,0.270350399765959,baseline_common,sector,avg_pm25,bogota_2018
3,1089199,16.2176088596526,0.274222805982655,baseline_common,sector,avg_pm25,bogota_2018
4,544277,15.9350216707853,0.137030208595327,baseline_common,sector,avg_pm25,bogota_2018
5,815259,14.6998696868738,0.205254146012449,baseline_common,sector,avg_pm25,bogota_2018
6,361827,13.6111911301223,0.0910955805323784,baseline_common,sector,avg_pm25,bogota_2018
1,87569,15.626518608729,0.0220468591112323,A_common,sector,avg_pm25,bogota_2018
2,1073818,16.3572172888394,0.270350399765959,A_common,sector,avg_pm25,bogota_2018
3,1089199,16.211878637341,0.274222805982655,A_common,sector,avg_pm25,bogota_2018
4,544277,15.9356998941848,0.137030208595327,A_common,sector,avg_pm25,bogota_2018
5,815259,14.7101933829436,0.205254146012449,A_common,sector,avg_pm25,bogota_2018
6,361827,13.6282401128405,0.0910955805323784,A_common,sector,avg_pm25,bogota_2018
1,0,,0,C,sector,avg_pm25,bogota_2018
2,283063,17.9791344035015,0.0665816586951112,C,sector,avg_pm25,bogota_2018
3,2564779,16.6098891330315,0.603283509347349,C,sector,avg_pm25,bogota_2018
4,593810,15.2372134564636,0.139675106777445,C,sector,avg_pm25,bogota_2018
5,808885,12.5245126769885,0.190264729030622,C,sector,avg_pm25,bogota_2018
6,829,12.9991281031216,0.000194996149472899,C,sector,avg_pm25,bogota_2018
1,93852,27.1298115354785,0.0220566772846682,A,localidad,hrs_d_pm10_it1,bogota_2018
2,1160714,30.7350479198262,0.272785812958662,A,localidad,hrs_d_pm10_it1,bogota_2018
3,1175411,26.0775656289122,0.276239836165975,A,localidad,hrs_d_pm10_it1,bogota_2018
4,583352,20.1198424491612,0.137096777984121,A,localidad,hrs_d_pm10_it1,bogota_2018
5,863437,10.2178953169519,0.202921101997209,A,localidad,hrs_d_pm10_it1,bogota_2018
6,378272,4.76717858179256,0.0888997936093638,A,localidad,hrs_d_pm10_it1,bogota_2018
1,68157,3.82111888727497,0.0200353279297886,B_native,localidad,hrs_d_pm10_it1,bogota_2018
2,805632,4.55747164958691,0.23682235589494,B_native,localidad,hrs_d_pm10_it1,bogota_2018
3,892771,4.33827711697625,0.262437603638736,B_native,localidad,hrs_d_pm10_it1,bogota_2018
4,481388,4.12358845671267,0.141508083417185,B_native,localidad,hrs_d_pm10_it1,bogota_2018
5,793083,3.12318887178265,0.233133470964692,B_native,localidad,hrs_d_pm10_it1,bogota_2018
6,360810,2.44167567417755,0.106063158154658,B_native,localidad,hrs_d_pm10_it1,bogota_2018
1,58736,4.3174203214383,0.0198983738391401,B_common,localidad,hrs_d_pm10_it1,bogota_2018
2,683594,5.22681299133696,0.231585551726252,B_common,localidad,hrs_d_pm10_it1,bogota_2018
3,769935,4.90466987472969,0.26083584959545,B_common,localidad,hrs_d_pm10_it1,bogota_2018
4,420227,4.61918439319701,0.142363013199747,B_common,localidad,hrs_d_pm10_it1,bogota_2018
5,698558,3.46547459194512,0.236655002593334,B_common,localidad,hrs_d_pm10_it1,bogota_2018
6,320749,2.66188826777324,0.108662209046077,B_common,localidad,hrs_d_pm10_it1,bogota_2018
1,58736,2.30497480250613,0.0198983738391401,baseline_common,localidad,hrs_d_pm10_it1,bogota_2018
2,683594,2.88106536921038,0.231585551726252,baseline_common,localidad,hrs_d_pm10_it1,bogota_2018
3,769935,2.92942910765194,0.26083584959545,baseline_common,localidad,hrs_d_pm10_it1,bogota_2018
4,420227,2.93693884495761,0.142363013199747,baseline_common,localidad,hrs_d_pm10_it1,bogota_2018
5,698558,2.07621128095305,0.236655002593334,baseline_common,localidad,hrs_d_pm10_it1,bogota_2018
6,320749,1.44412921006769,0.108662209046077,baseline_common,localidad,hrs_d_pm10_it1,bogota_2018
1,58736,2.53122627892693,0.0198983738391401,A_common,localidad,hrs_d_pm10_it1,bogota_2018
2,683594,3.00379431752356,0.231585551726252,A_common,localidad,hrs_d_pm10_it1,bogota_2018
3,769935,2.84575489697536,0.26083584959545,A_common,localidad,hrs_d_pm10_it1,bogota_2018
4,420227,2.71044854111659,0.142363013199747,A_common,localidad,hrs_d_pm10_it1,bogota_2018
5,698558,2.05780263634036,0.236655002593334,A_common,localidad,hrs_d_pm10_it1,bogota_2018
6,320749,1.66076054468628,0.108662209046077,A_common,localidad,hrs_d_pm10_it1,bogota_2018
1,0,,0,C,localidad,hrs_d_pm10_it1,bogota_2018
2,342,0,8.03753103967579e-05,C,localidad,hrs_d_pm10_it1,bogota_2018
3,2880894,30.9246931681624,0.677054823012156,C,localidad,hrs_d_pm10_it1,bogota_2018
4,968994,2.20045841357119,0.227728636030983,C,localidad,hrs_d_pm10_it1,bogota_2018
5,404808,0.0786273986680105,0.0951361656464643,C,localidad,hrs_d_pm10_it1,bogota_2018
6,0,,0,C,localidad,hrs_d_pm10_it1,bogota_2018
1,93852,133.711696447526,0.0220566772846682,A,localidad,hrs_d_pm10_it2,bogota_2018
2,1160714,150.932114072894,0.272785812958662,A,localidad,hrs_d_pm10_it2,bogota_2018
3,1175411,134.905476438687,0.276239836165975,A,localidad,hrs_d_pm10_it2,bogota_2018
4,583352,114.788795667617,0.137096777984121,A,localidad,hrs_d_pm10_it2,bogota_2018
5,863437,74.7077005894126,0.202921101997209,A,localidad,hrs_d_pm10_it2,bogota_2018
6,378272,48.1462307855469,0.0888997936093638,A,localidad,hrs_d_pm10_it2,bogota_2018
1,68157,64.1082353976848,0.0200353279297886,B_native,localidad,hrs_d_pm10_it2,bogota_2018
2,805632,78.0584683825866,0.23682235589494,B_native,localidad,hrs_d_pm10_it2,bogota_2018
3,892771,73.5383452195468,0.262437603638736,B_native,localidad,hrs_d_pm10_it2,bogota_2018
4,481388,68.7378040167183,0.141508083417185,B_native,localidad,hrs_d_pm10_it2,bogota_2018
5,793083,50.4232217813268,0.233133470964692,B_native,localidad,hrs_d_pm10_it2,bogota_2018
6,360810,36.8440924586347,0.106063158154658,B_native,localidad,hrs_d_pm10_it2,bogota_2018
1,58736,72.0532041678017,0.0198983738391401,B_common,localidad,hrs_d_pm10_it2,bogota_2018
2,683594,89.0758505779747,0.231585551726252,B_common,localidad,hrs_d_pm10_it2,bogota_2018
3,769935,82.7031580587972,0.26083584959545,B_common,localidad,hrs_d_pm10_it2,bogota_2018
4,420227,76.5769286599862,0.142363013199747,B_common,localidad,hrs_d_pm10_it2,bogota_2018
5,698558,55.561074384661,0.236655002593334,B_common,localidad,hrs_d_pm10_it2,bogota_2018
6,320749,39.8428490813689,0.108662209046077,B_common,localidad,hrs_d_pm10_it2,bogota_2018
1,58736,61.9926450558431,0.0198983738391401,baseline_common,localidad,hrs_d_pm10_it2,bogota_2018
2,683594,78.3155147646118,0.231585551726252,baseline_common,localidad,hrs_d_pm10_it2,bogota_2018
3,769935,76.3418236604389,0.26083584959545,baseline_common,localidad,hrs_d_pm10_it2,bogota_2018
4,420227,73.4274166105462,0.142363013199747,baseline_common,localidad,hrs_d_pm10_it2,bogota_2018
5,698558,51.5174817266426,0.236655002593334,baseline_common,localidad,hrs_d_pm10_it2,bogota_2018
6,320749,34.9583381397916,0.108662209046077,baseline_common,localidad,hrs_d_pm10_it2,bogota_2018
1,58736,64.9262085112975,0.0198983738391401,A_common,localidad,hrs_d_pm10_it2,bogota_2018
2,683594,78.5516522083462,0.231585551726252,A_common,localidad,hrs_d_pm10_it2,bogota_2018
3,769935,74.2532287628279,0.26083584959545,A_common,localidad,hrs_d_pm10_it2,bogota_2018
4,420227,70.06424155182,0.142363013199747,A_common,localidad,hrs_d_pm10_it2,bogota_2018
5,698558,52.7266063756827,0.236655002593334,A_common,localidad,hrs_d_pm10_it2,bogota_2018
6,320749,40.4673235292677,0.108662209046077,A_common,localidad,hrs_d_pm10_it2,bogota_2018
1,0,,0,C,localidad,hrs_d_pm10_it2,bogota_2018
2,342,0.0233918128654971,8.03753103967579e-05,C,localidad,hrs_d_pm10_it2,bogota_2018
3,2880894,158.833289249795,0.677054823012156,C,localidad,hrs_d_pm10_it2,bogota_2018
4,968994,38.7992619149345,0.227728636030983,C,localidad,hrs_d_pm10_it2,bogota_2018
5,404808,2.30106865476967,0.0951361656464643,C,localidad,hrs_d_pm10_it2,bogota_2018
6,0,,0,C,localidad,hrs_d_pm10_it2,bogota_2018
1,93852,33.1386017235394,0.0220566772846682,A,localidad,avg_pm10,bogota_2018
2,1160714,34.5630537878238,0.272785812958662,A,localidad,avg_pm10,bogota_2018
3,1175411,33.9413043684262,0.276239836165975,A,localidad,avg_pm10,bogota_2018
4,583352,33.0689171125781,0.137096777984121,A,localidad,avg_pm10,bogota_2018
5,863437,30.3979746761245,0.202921101997209,A,localidad,avg_pm10,bogota_2018
6,378272,28.1849996727465,0.0888997936093638,A,localidad,avg_pm10,bogota_2018
1,68157,31.4434511038095,0.0200353279297886,B_native,localidad,avg_pm10,bogota_2018
2,805632,32.8709590666574,0.23682235589494,B_native,localidad,avg_pm10,bogota_2018
3,892771,32.7345674117689,0.262437603638736,B_native,localidad,avg_pm10,bogota_2018
4,481388,32.4801980374259,0.141508083417185,B_native,localidad,avg_pm10,bogota_2018
5,793083,30.6283525623727,0.233133470964692,B_native,localidad,avg_pm10,bogota_2018
6,360810,28.9393339620469,0.106063158154658,B_native,localidad,avg_pm10,bogota_2018
1,58736,32.131250143147,0.0198983738391401,B_common,localidad,avg_pm10,bogota_2018
2,683594,33.768198583174,0.231585551726252,B_common,localidad,avg_pm10,bogota_2018
3,769935,33.4088304910532,0.26083584959545,B_common,localidad,avg_pm10,bogota_2018
4,420227,33.0477142790691,0.142363013199747,B_common,localidad,avg_pm10,bogota_2018
5,698558,31.0228251291263,0.236655002593334,B_common,localidad,avg_pm10,bogota_2018
6,320749,29.2217851020693,0.108662209046077,B_common,localidad,avg_pm10,bogota_2018
1,58736,30.7377527361235,0.0198983738391401,baseline_common,localidad,avg_pm10,bogota_2018
2,683594,33.0295796824739,0.231585551726252,baseline_common,localidad,avg_pm10,bogota_2018
3,769935,32.6854686593699,0.26083584959545,baseline_common,localidad,avg_pm10,bogota_2018
4,420227,32.1464881772983,0.142363013199747,baseline_common,localidad,avg_pm10,bogota_2018
5,698558,29.2340601944588,0.236655002593334,baseline_common,localidad,avg_pm10,bogota_2018
6,320749,26.8851447812454,0.108662209046077,baseline_common,localidad,avg_pm10,bogota_2018
1,58736,30.9495240737218,0.0198983738391401,A_common,localidad,avg_pm10,bogota_2018
2,683594,32.4925741612829,0.231585551726252,A_common,localidad,avg_pm10,bogota_2018
3,769935,32.1496812219084,0.26083584959545,A_common,localidad,avg_pm10,bogota_2018
4,420227,31.8349359144774,0.142363013199747,A_common,localidad,avg_pm10,bogota_2018
5,698558,29.8605849895586,0.236655002593334,A_common,localidad,avg_pm10,bogota_2018
6,320749,28.2791763110663,0.108662209046077,A_common,localidad,avg_pm10,bogota_2018
1,0,,0,C,localidad,avg_pm10,bogota_2018
2,342,15.6139444811443,8.03753103967579e-05,C,localidad,avg_pm10,bogota_2018
3,2880894,35.5342631318983,0.677054823012156,C,localidad,avg_pm10,bogota_2018
4,968994,28.9722681169109,0.227728636030983,C,localidad,avg_pm10,bogota_2018
5,404808,21.9468913964699,0.0951361656464643,C,localidad,avg_pm10,bogota_2018
6,0,,0,C,localidad,avg_pm10,bogota_2018
1,93722,12.2830398053081,0.0220451497236418,A,localidad,hrs_d_pm25_it1,bogota_2018
2,1158931,14.0399837620792,0.27260202955944,A,localidad,hrs_d_pm25_it1,bogota_2018
3,1174209,12.1667382295732,0.276195698041524,A,localidad,hrs_d_pm25_it1,bogota_2018
4,583014,9.90605725504989,0.1371356876825,A,localidad,hrs_d_pm25_it1,bogota_2018
5,863242,5.88698130830426,0.203050501885747,A,localidad,hrs_d_pm25_it1,bogota_2018
6,378248,3.30145676125414,0.0889709331071472,A,localidad,hrs_d_pm25_it1,bogota_2018
1,68157,1.55733086843611,0.0200353279297886,B_native,localidad,hrs_d_pm25_it1,bogota_2018
2,805632,1.81834137670798,0.23682235589494,B_native,localidad,hrs_d_pm25_it1,bogota_2018
3,892771,1.71668770602988,0.262437603638736,B_native,localidad,hrs_d_pm25_it1,bogota_2018
4,481388,1.61735855484557,0.141508083417185,B_native,localidad,hrs_d_pm25_it1,bogota_2018
5,793083,1.2573122863559,0.233133470964692,B_native,localidad,hrs_d_pm25_it1,bogota_2018
6,360810,0.996615947451567,0.106063158154658,B_native,localidad,hrs_d_pm25_it1,bogota_2018
1,58736,1.66679719422501,0.0198983738391401,B_common,localidad,hrs_d_pm25_it1,bogota_2018
2,683594,1.98148316105759,0.231585551726252,B_common,localidad,hrs_d_pm25_it1,bogota_2018
3,769935,1.84308026002195,0.26083584959545,B_common,localidad,hrs_d_pm25_it1,bogota_2018
4,420227,1.71841171557277,0.142363013199747,B_common,localidad,hrs_d_pm25_it1,bogota_2018
5,698558,1.30773250037935,0.236655002593334,B_common,localidad,hrs_d_pm25_it1,bogota_2018
6,320749,1.00896027735083,0.108662209046077,B_common,localidad,hrs_d_pm25_it1,bogota_2018
1,58736,3.51241146826478,0.0198983738391401,baseline_common,localidad,hrs_d_pm25_it1,bogota_2018
2,683594,4.79167166476008,0.231585551726252,baseline_common,localidad,hrs_d_pm25_it1,bogota_2018
3,769935,4.25622033028762,0.26083584959545,baseline_common,localidad,hrs_d_pm25_it1,bogota_2018
4,420227,3.62538580338722,0.142363013199747,baseline_common,localidad,hrs_d_pm25_it1,bogota_2018
5,698558,2.26919167771323,0.236655002593334,baseline_common,localidad,hrs_d_pm25_it1,bogota_2018
6,320749,1.29003675771398,0.108662209046077,baseline_common,localidad,hrs_d_pm25_it1,bogota_2018
1,58736,3.400528757286,0.0198983738391401,A_common,localidad,hrs_d_pm25_it1,bogota_2018
2,683594,4.26569119670477,0.231585551726252,A_common,localidad,hrs_d_pm25_it1,bogota_2018
3,769935,4.00568652793482,0.26083584959545,A_common,localidad,hrs_d_pm25_it1,bogota_2018
4,420227,3.74118494243789,0.142363013199747,A_common,localidad,hrs_d_pm25_it1,bogota_2018
5,698558,2.7146160334796,0.236655002593334,A_common,localidad,hrs_d_pm25_it1,bogota_2018
6,320749,1.90347013395279,0.108662209046077,A_common,localidad,hrs_d_pm25_it1,bogota_2018
1,0,,0,C,localidad,hrs_d_pm25_it1,bogota_2018
2,342,0,8.04447323519076e-05,C,localidad,hrs_d_pm25_it1,bogota_2018
3,2877222,15.0069212594649,0.676775888032223,C,localidad,hrs_d_pm25_it1,bogota_2018
4,968994,0.615151383806298,0.227925330352644,C,localidad,hrs_d_pm25_it1,bogota_2018
5,404808,0.063798146281694,0.0952183368827807,C,localidad,hrs_d_pm25_it1,bogota_2018
6,0,,0,C,localidad,hrs_d_pm25_it1,bogota_2018
1,93722,117.12511541369,0.0220451497236418,A,localidad,hrs_d_pm25_it2,bogota_2018
2,1158931,133.136924805099,0.27260202955944,A,localidad,hrs_d_pm25_it2,bogota_2018
3,1174209,124.264018333672,0.276195698041524,A,localidad,hrs_d_pm25_it2,bogota_2018
4,583014,112.457558876924,0.1371356876825,A,localidad,hrs_d_pm25_it2,bogota_2018
5,863242,82.0779475539367,0.203050501885747,A,localidad,hrs_d_pm25_it2,bogota_2018
6,378248,59.0025624933981,0.0889709331071472,A,localidad,hrs_d_pm25_it2,bogota_2018
1,68157,60.5524450900128,0.0200353279297886,B_native,localidad,hrs_d_pm25_it2,bogota_2018
2,805632,71.6377241718303,0.23682235589494,B_native,localidad,hrs_d_pm25_it2,bogota_2018
3,892771,67.849666935866,0.262437603638736,B_native,localidad,hrs_d_pm25_it2,bogota_2018
4,481388,63.8376527873566,0.141508083417185,B_native,localidad,hrs_d_pm25_it2,bogota_2018
5,793083,49.0919411965709,0.233133470964692,B_native,localidad,hrs_d_pm25_it2,bogota_2018
6,360810,38.079238380311,0.106063158154658,B_native,localidad,hrs_d_pm25_it2,bogota_2018
1,58736,66.5701784254971,0.0198983738391401,B_common,localidad,hrs_d_pm25_it2,bogota_2018
2,683594,80.0560171680852,0.231585551726252,B_common,localidad,hrs_d_pm25_it2,bogota_2018
3,769935,74.4900634469144,0.26083584959545,B_common,localidad,hrs_d_pm25_it2,bogota_2018
4,420227,69.2498911302701,0.142363013199747,B_common,localidad,hrs_d_pm25_it2,bogota_2018
5,698558,52.4660200012025,0.236655002593334,B_common,localidad,hrs_d_pm25_it2,bogota_2018
6,320749,40.0258176954566,0.108662209046077,B_common,localidad,hrs_d_pm25_it2,bogota_2018
1,58736,83.1675463089077,0.0198983738391401,baseline_common,localidad,hrs_d_pm25_it2,bogota_2018
2,683594,105.981159869747,0.231585551726252,baseline_common,localidad,hrs_d_pm25_it2,bogota_2018
3,769935,99.329660295999,0.26083584959545,baseline_common,localidad,hrs_d_pm25_it2,bogota_2018
4,420227,91.2671746460842,0.142363013199747,baseline_common,localidad,hrs_d_pm25_it2,bogota_2018
5,698558,64.6617403279327,0.236655002593334,baseline_common,localidad,hrs_d_pm25_it2,bogota_2018
6,320749,44.784519982915,0.108662209046077,baseline_common,localidad,hrs_d_pm25_it2,bogota_2018
1,58736,83.4729733144459,0.0198983738391401,A_common,localidad,hrs_d_pm25_it2,bogota_2018
2,683594,100.562631227289,0.231585551726252,A_common,localidad,hrs_d_pm25_it2,bogota_2018
3,769935,95.6436707803023,0.26083584959545,A_common,localidad,hrs_d_pm25_it2,bogota_2018
4,420227,90.9531718724435,0.142363013199747,A_common,localidad,hrs_d_pm25_it2,bogota_2018
5,698558,69.9136561280135,0.236655002593334,A_common,localidad,hrs_d_pm25_it2,bogota_2018
6,320749,53.8630895970801,0.108662209046077,A_common,localidad,hrs_d_pm25_it2,bogota_2018
1,0,,0,C,localidad,hrs_d_pm25_it2,bogota_2018
2,342,0.0233918128654971,8.04447323519076e-05,C,localidad,hrs_d_pm25_it2,bogota_2018
3,2877222,149.751891581532,0.676775888032223,C,localidad,hrs_d_pm25_it2,bogota_2018
4,968994,34.2330241466923,0.227925330352644,C,localidad,hrs_d_pm25_it2,bogota_2018
5,404808,14.6127793917116,0.0952183368827807,C,localidad,hrs_d_pm25_it2,bogota_2018
6,0,,0,C,localidad,hrs_d_pm25_it2,bogota_2018
1,93722,15.7513288153936,0.0220451497236418,A,localidad,avg_pm25,bogota_2018
2,1158931,16.2932595047739,0.27260202955944,A,localidad,avg_pm25,bogota_2018
3,1174209,16.1461306701566,0.276195698041524,A,localidad,avg_pm25,bogota_2018
4,583014,15.9288782000511,0.1371356876825,A,localidad,avg_pm25,bogota_2018
5,863242,14.9758538588237,0.203050501885747,A,localidad,avg_pm25,bogota_2018
6,378248,14.1336580774837,0.0889709331071472,A,localidad,avg_pm25,bogota_2018
1,68157,14.895101825844,0.0200353279297886,B_native,localidad,avg_pm25,bogota_2018
2,805632,15.4829486410211,0.23682235589494,B_native,localidad,avg_pm25,bogota_2018
3,892771,15.41559233171,0.262437603638736,B_native,localidad,avg_pm25,bogota_2018
4,481388,15.3320526894373,0.141508083417185,B_native,localidad,avg_pm25,bogota_2018
5,793083,14.5166492512913,0.233133470964692,B_native,localidad,avg_pm25,bogota_2018
6,360810,13.8015679228098,0.106063158154658,B_native,localidad,avg_pm25,bogota_2018
1,58736,15.1788689575141,0.0198983738391401,B_common,localidad,avg_pm25,bogota_2018
2,683594,15.8600027269436,0.231585551726252,B_common,localidad,avg_pm25,bogota_2018
3,769935,15.6708834222501,0.26083584959545,B_common,localidad,avg_pm25,bogota_2018
4,420227,15.5279501675172,0.142363013199747,B_common,localidad,avg_pm25,bogota_2018
5,698558,14.6383431444394,0.236655002593334,B_common,localidad,avg_pm25,bogota_2018
6,320749,13.8895911030959,0.108662209046077,B_common,localidad,avg_pm25,bogota_2018
1,58736,15.3455630723915,0.0198983738391401,baseline_common,localidad,avg_pm25,bogota_2018
2,683594,16.4016916413262,0.231585551726252,baseline_common,localidad,avg_pm25,bogota_2018
3,769935,16.2020347096051,0.26083584959545,baseline_common,localidad,avg_pm25,bogota_2018
4,420227,15.931769630896,0.142363013199747,baseline_common,localidad,avg_pm25,bogota_2018
5,698558,14.6412306040987,0.236655002593334,baseline_common,localidad,avg_pm25,bogota_2018
6,320749,13.5887096301514,0.108662209046077,baseline_common,localidad,avg_pm25,bogota_2018
1,58736,15.4065394593856,0.0198983738391401,A_common,localidad,avg_pm25,bogota_2018
2,683594,16.1109626198271,0.231585551726252,A_common,localidad,avg_pm25,bogota_2018
3,769935,15.9622770848302,0.26083584959545,A_common,localidad,avg_pm25,bogota_2018
4,420227,15.8458709899839,0.142363013199747,A_common,localidad,avg_pm25,bogota_2018
5,698558,14.9502398009768,0.236655002593334,A_common,localidad,avg_pm25,bogota_2018
6,320749,14.2032420060412,0.108662209046077,A_common,localidad,avg_pm25,bogota_2018
1,0,,0,C,localidad,avg_pm25,bogota_2018
2,342,6.87141880786382,8.04447323519076e-05,C,localidad,avg_pm25,bogota_2018
3,2877222,16.8494194066869,0.676775888032223,C,localidad,avg_pm25,bogota_2018
4,968994,14.1757666483215,0.227925330352644,C,localidad,avg_pm25,bogota_2018
5,404808,11.5153256405195,0.0952183368827807,C,localidad,avg_pm25,bogota_2018
6,0,,0,C,localidad,avg_pm25,bogota_2018
1,93852,26.2495830725004,0.0220566772846682,A,municipio,hrs_d_pm10_it1,bogota_2018
2,1160714,28.9323291616095,0.272785812958662,A,municipio,hrs_d_pm10_it1,bogota_2018
3,1175411,25.1868487458677,0.276239836165975,A,municipio,hrs_d_pm10_it1,bogota_2018
4,583352,20.3185177499613,0.137096777984121,A,municipio,hrs_d_pm10_it1,bogota_2018
5,863437,12.2700398904334,0.202921101997209,A,municipio,hrs_d_pm10_it1,bogota_2018
6,378272,8.12979167937525,0.0888997936093638,A,municipio,hrs_d_pm10_it1,bogota_2018
1,4964,0,0.0221093889185819,B_native,municipio,hrs_d_pm10_it1,bogota_2018
2,73742,0,0.328442900409763,B_native,municipio,hrs_d_pm10_it1,bogota_2018
3,67917,0,0.302498663816141,B_native,municipio,hrs_d_pm10_it1,bogota_2018
4,29309,0,0.130540709068234,B_native,municipio,hrs_d_pm10_it1,bogota_2018
5,36597,0,0.163001068947087,B_native,municipio,hrs_d_pm10_it1,bogota_2018
6,11991,0,0.0534072688401924,B_native,municipio,hrs_d_pm10_it1,bogota_2018
1,2429,0,0.0192018846147765,B_common,municipio,hrs_d_pm10_it1,bogota_2018
2,36547,0,0.288913658713972,B_common,municipio,hrs_d_pm10_it1,bogota_2018
3,39304,0,0.310708469699126,B_common,municipio,hrs_d_pm10_it1,bogota_2018
4,18584,0,0.146911413619188,B_common,municipio,hrs_d_pm10_it1,bogota_2018
5,22479,0,0.177702414267419,B_common,municipio,hrs_d_pm10_it1,bogota_2018
6,7155,0,0.0565621590855191,B_common,municipio,hrs_d_pm10_it1,bogota_2018
1,2429,0.555784273363524,0.0192018846147765,baseline_common,municipio,hrs_d_pm10_it1,bogota_2018
2,36547,0.568747092784634,0.288913658713972,baseline_common,municipio,hrs_d_pm10_it1,bogota_2018
3,39304,0.432907592102585,0.310708469699126,baseline_common,municipio,hrs_d_pm10_it1,bogota_2018
4,18584,0.313065002152389,0.146911413619188,baseline_common,municipio,hrs_d_pm10_it1,bogota_2018
5,22479,0.23608701454691,0.177702414267419,baseline_common,municipio,hrs_d_pm10_it1,bogota_2018
6,7155,0.16198462613557,0.0565621590855191,baseline_common,municipio,hrs_d_pm10_it1,bogota_2018
1,2429,0.437058147110208,0.0192018846147765,A_common,municipio,hrs_d_pm10_it1,bogota_2018
2,36547,0.45115759866491,0.288913658713972,A_common,municipio,hrs_d_pm10_it1,bogota_2018
3,39304,0.448710177418055,0.310708469699126,A_common,municipio,hrs_d_pm10_it1,bogota_2018
4,18584,0.393237268114775,0.146911413619188,A_common,municipio,hrs_d_pm10_it1,bogota_2018
5,22479,0.31623667414052,0.177702414267419,A_common,municipio,hrs_d_pm10_it1,bogota_2018
6,7155,0.262484970715809,0.0565621590855191,A_common,municipio,hrs_d_pm10_it1,bogota_2018
1,0,,0,C,municipio,hrs_d_pm10_it1,bogota_2018
2,334,0,7.84951861769507e-05,C,municipio,hrs_d_pm10_it1,bogota_2018
3,4254704,21.4479839255563,0.999921504813823,C,municipio,hrs_d_pm10_it1,bogota_2018
4,0,,0,C,municipio,hrs_d_pm10_it1,bogota_2018
5,0,,0,C,municipio,hrs_d_pm10_it1,bogota_2018
6,0,,0,C,municipio,hrs_d_pm10_it1,bogota_2018
1,93852,126.389518635085,0.0220566772846682,A,municipio,hrs_d_pm10_it2,bogota_2018
2,1160714,131.334847312809,0.272785812958662,A,municipio,hrs_d_pm10_it2,bogota_2018
3,1175411,124.045951720658,0.276239836165975,A,municipio,hrs_d_pm10_it2,bogota_2018
4,583352,114.157857212163,0.137096777984121,A,municipio,hrs_d_pm10_it2,bogota_2018
5,863437,97.7812183305831,0.202921101997209,A,municipio,hrs_d_pm10_it2,bogota_2018
6,378272,90.0607194463063,0.0888997936093638,A,municipio,hrs_d_pm10_it2,bogota_2018
1,4964,9.68734891216761,0.0221093889185819,B_native,municipio,hrs_d_pm10_it2,bogota_2018
2,73742,9.83537197255295,0.328442900409763,B_native,municipio,hrs_d_pm10_it2,bogota_2018
3,67917,10.6638985820928,0.302498663816141,B_native,municipio,hrs_d_pm10_it2,bogota_2018
4,29309,11.4196321948889,0.130540709068234,B_native,municipio,hrs_d_pm10_it2,bogota_2018
5,36597,11.1417602535727,0.163001068947087,B_native,municipio,hrs_d_pm10_it2,bogota_2018
6,11991,11.1044116420649,0.0534072688401924,B_native,municipio,hrs_d_pm10_it2,bogota_2018
1,2429,12.7838616714697,0.0192018846147765,B_common,municipio,hrs_d_pm10_it2,bogota_2018
2,36547,12.9796152899007,0.288913658713972,B_common,municipio,hrs_d_pm10_it2,bogota_2018
3,39304,13.4134439242825,0.310708469699126,B_common,municipio,hrs_d_pm10_it2,bogota_2018
4,18584,14.2020555316401,0.146911413619188,B_common,municipio,hrs_d_pm10_it2,bogota_2018
5,22479,13.6024734196361,0.177702414267419,B_common,municipio,hrs_d_pm10_it2,bogota_2018
6,7155,13.2947589098532,0.0565621590855191,B_common,municipio,hrs_d_pm10_it2,bogota_2018
1,2429,27.1720872787155,0.0192018846147765,baseline_common,municipio,hrs_d_pm10_it2,bogota_2018
2,36547,29.0031739951296,0.288913658713972,baseline_common,municipio,hrs_d_pm10_it2,bogota_2018
3,39304,29.4240280887442,0.310708469699126,baseline_common,municipio,hrs_d_pm10_it2,bogota_2018
4,18584,28.4712117950926,0.146911413619188,baseline_common,municipio,hrs_d_pm10_it2,bogota_2018
5,22479,24.567107077717,0.177702414267419,baseline_common,municipio,hrs_d_pm10_it2,bogota_2018
6,7155,21.4716981132076,0.0565621590855191,baseline_common,municipio,hrs_d_pm10_it2,bogota_2018
1,2429,26.7327193875675,0.0192018846147765,A_common,municipio,hrs_d_pm10_it2,bogota_2018
2,36547,27.346173477806,0.288913658713972,A_common,municipio,hrs_d_pm10_it2,bogota_2018
3,39304,28.414519885199,0.310708469699126,A_common,municipio,hrs_d_pm10_it2,bogota_2018
4,18584,29.5569951077757,0.146911413619188,A_common,municipio,hrs_d_pm10_it2,bogota_2018
5,22479,27.0080449292281,0.177702414267419,A_common,municipio,hrs_d_pm10_it2,bogota_2018
6,7155,25.3023691697669,0.0565621590855191,A_common,municipio,hrs_d_pm10_it2,bogota_2018
1,0,,0,C,municipio,hrs_d_pm10_it2,bogota_2018
2,334,0,7.84951861769507e-05,C,municipio,hrs_d_pm10_it2,bogota_2018
3,4254704,116.602617009315,0.999921504813823,C,municipio,hrs_d_pm10_it2,bogota_2018
4,0,,0,C,municipio,hrs_d_pm10_it2,bogota_2018
5,0,,0,C,municipio,hrs_d_pm10_it2,bogota_2018
6,0,,0,C,municipio,hrs_d_pm10_it2,bogota_2018
1,93852,33.0097443143726,0.0220566772846682,A,municipio,avg_pm10,bogota_2018
2,1160714,33.2163444623699,0.272785812958662,A,municipio,avg_pm10,bogota_2018
3,1175411,33.0020211244732,0.276239836165975,A,municipio,avg_pm10,bogota_2018
4,583352,32.684528562207,0.137096777984121,A,municipio,avg_pm10,bogota_2018
5,863437,32.0652926671945,0.202921101997209,A,municipio,avg_pm10,bogota_2018
6,378272,31.8062196131042,0.0888997936093638,A,municipio,avg_pm10,bogota_2018
1,4964,25.2717580905401,0.0221093889185819,B_native,municipio,avg_pm10,bogota_2018
2,73742,25.2420369861071,0.328442900409763,B_native,municipio,avg_pm10,bogota_2018
3,67917,25.5532596141321,0.302498663816141,B_native,municipio,avg_pm10,bogota_2018
4,29309,25.8408815803528,0.130540709068234,B_native,municipio,avg_pm10,bogota_2018
5,36597,26.395429841137,0.163001068947087,B_native,municipio,avg_pm10,bogota_2018
6,11991,27.0312638016374,0.0534072688401924,B_native,municipio,avg_pm10,bogota_2018
1,2429,26.1508280644115,0.0192018846147765,B_common,municipio,avg_pm10,bogota_2018
2,36547,26.1831507883454,0.288913658713972,B_common,municipio,avg_pm10,bogota_2018
3,39304,26.1445780846435,0.310708469699126,B_common,municipio,avg_pm10,bogota_2018
4,18584,26.2766670445647,0.146911413619188,B_common,municipio,avg_pm10,bogota_2018
5,22479,26.4558548201185,0.177702414267419,B_common,municipio,avg_pm10,bogota_2018
6,7155,26.7837929464874,0.0565621590855191,B_common,municipio,avg_pm10,bogota_2018
1,2429,29.1389681087463,0.0192018846147765,baseline_common,municipio,avg_pm10,bogota_2018
2,36547,29.3158406262784,0.288913658713972,baseline_common,municipio,avg_pm10,bogota_2018
3,39304,29.3806907170197,0.310708469699126,baseline_common,municipio,avg_pm10,bogota_2018
4,18584,29.5787011447198,0.146911413619188,baseline_common,municipio,avg_pm10,bogota_2018
5,22479,29.2801251749925,0.177702414267419,baseline_common,municipio,avg_pm10,bogota_2018
6,7155,29.2127736659008,0.0565621590855191,baseline_common,municipio,avg_pm10,bogota_2018
1,2429,29.0646918996774,0.0192018846147765,A_common,municipio,avg_pm10,bogota_2018
2,36547,29.1823114252109,0.288913658713972,A_common,municipio,avg_pm10,bogota_2018
3,39304,29.3195294007121,0.310708469699126,A_common,municipio,avg_pm10,bogota_2018
4,18584,29.6544417805163,0.146911413619188,A_common,municipio,avg_pm10,bogota_2018
5,22479,29.4572473722975,0.177702414267419,A_common,municipio,avg_pm10,bogota_2018
6,7155,29.5124251508475,0.0565621590855191,A_common,municipio,avg_pm10,bogota_2018
1,0,,0,C,municipio,avg_pm10,bogota_2018
2,334,15.6919917257683,7.84951861769507e-05,C,municipio,avg_pm10,bogota_2018
3,4254704,32.7469961433241,0.999921504813823,C,municipio,avg_pm10,bogota_2018
4,0,,0,C,municipio,avg_pm10,bogota_2018
5,0,,0,C,municipio,avg_pm10,bogota_2018
6,0,,0,C,municipio,avg_pm10,bogota_2018
1,93722,11.3484463869517,0.0220451497236418,A,municipio,hrs_d_pm25_it1,bogota_2018
2,1158931,12.0879034121901,0.27260202955944,A,municipio,hrs_d_pm25_it1,bogota_2018
3,1174209,11.1987153637523,0.276195698041524,A,municipio,hrs_d_pm25_it1,bogota_2018
4,583014,10.0619325353009,0.1371356876825,A,municipio,hrs_d_pm25_it1,bogota_2018
5,863242,8.09645973702486,0.203050501885747,A,municipio,hrs_d_pm25_it1,bogota_2018
6,378248,7.08324890227848,0.0889709331071472,A,municipio,hrs_d_pm25_it1,bogota_2018
1,4964,0.612006446414182,0.0221093889185819,B_native,municipio,hrs_d_pm25_it1,bogota_2018
2,73742,0.590274199235171,0.328442900409763,B_native,municipio,hrs_d_pm25_it1,bogota_2018
3,67917,0.536331110031362,0.302498663816141,B_native,municipio,hrs_d_pm25_it1,bogota_2018
4,29309,0.517315500358252,0.130540709068234,B_native,municipio,hrs_d_pm25_it1,bogota_2018
5,36597,0.599912561138891,0.163001068947087,B_native,municipio,hrs_d_pm25_it1,bogota_2018
6,11991,0.655908598115253,0.0534072688401924,B_native,municipio,hrs_d_pm25_it1,bogota_2018
1,2429,0.322354878550844,0.0192018846147765,B_common,municipio,hrs_d_pm25_it1,bogota_2018
2,36547,0.301830519604892,0.288913658713972,B_common,municipio,hrs_d_pm25_it1,bogota_2018
3,39304,0.276129656014655,0.310708469699126,B_common,municipio,hrs_d_pm25_it1,bogota_2018
4,18584,0.274214377959535,0.146911413619188,B_common,municipio,hrs_d_pm25_it1,bogota_2018
5,22479,0.372569954179456,0.177702414267419,B_common,municipio,hrs_d_pm25_it1,bogota_2018
6,7155,0.442767295597484,0.0565621590855191,B_common,municipio,hrs_d_pm25_it1,bogota_2018
1,2429,2.13462330177028,0.0192018846147765,baseline_common,municipio,hrs_d_pm25_it1,bogota_2018
2,36547,2.14479984677265,0.288913658713972,baseline_common,municipio,hrs_d_pm25_it1,bogota_2018
3,39304,2.1222013026664,0.310708469699126,baseline_common,municipio,hrs_d_pm25_it1,bogota_2018
4,18584,2.16099870856651,0.146911413619188,baseline_common,municipio,hrs_d_pm25_it1,bogota_2018
5,22479,2.01859513323546,0.177702414267419,baseline_common,municipio,hrs_d_pm25_it1,bogota_2018
6,7155,1.91530398322851,0.0565621590855191,baseline_common,municipio,hrs_d_pm25_it1,bogota_2018
1,2429,2.04484513332052,0.0192018846147765,A_common,municipio,hrs_d_pm25_it1,bogota_2018
2,36547,2.07552919920149,0.288913658713972,A_common,municipio,hrs_d_pm25_it1,bogota_2018
3,39304,2.136388040399,0.310708469699126,A_common,municipio,hrs_d_pm25_it1,bogota_2018
4,18584,2.20263030211332,0.146911413619188,A_common,municipio,hrs_d_pm25_it1,bogota_2018
5,22479,2.06611688163486,0.177702414267419,A_common,municipio,hrs_d_pm25_it1,bogota_2018
6,7155,1.96734176745179,0.0565621590855191,A_common,municipio,hrs_d_pm25_it1,bogota_2018
1,0,,0,C,municipio,hrs_d_pm25_it1,bogota_2018
2,334,0,7.85629842267168e-05,C,municipio,hrs_d_pm25_it1,bogota_2018
3,4251032,10.303415264811,0.999921437015773,C,municipio,hrs_d_pm25_it1,bogota_2018
4,0,,0,C,municipio,hrs_d_pm25_it1,bogota_2018
5,0,,0,C,municipio,hrs_d_pm25_it1,bogota_2018
6,0,,0,C,municipio,hrs_d_pm25_it1,bogota_2018
1,93722,114.222454563697,0.0220451497236418,A,municipio,hrs_d_pm25_it2,bogota_2018
2,1158931,116.547087970741,0.27260202955944,A,municipio,hrs_d_pm25_it2,bogota_2018
3,1174209,113.719460198589,0.276195698041524,A,municipio,hrs_d_pm25_it2,bogota_2018
4,583014,109.548693672146,0.1371356876825,A,municipio,hrs_d_pm25_it2,bogota_2018
5,863242,102.486840927515,0.203050501885747,A,municipio,hrs_d_pm25_it2,bogota_2018
6,378248,99.4362644394048,0.0889709331071472,A,municipio,hrs_d_pm25_it2,bogota_2018
1,4964,14.2530217566479,0.0221093889185819,B_native,municipio,hrs_d_pm25_it2,bogota_2018
2,73742,14.3204686610073,0.328442900409763,B_native,municipio,hrs_d_pm25_it2,bogota_2018
3,67917,15.8219297083205,0.302498663816141,B_native,municipio,hrs_d_pm25_it2,bogota_2018
4,29309,17.2721007199154,0.130540709068234,B_native,municipio,hrs_d_pm25_it2,bogota_2018
5,36597,18.2492827280925,0.163001068947087,B_native,municipio,hrs_d_pm25_it2,bogota_2018
6,11991,19.6176298890835,0.0534072688401924,B_native,municipio,hrs_d_pm25_it2,bogota_2018
1,2429,19.080279950597,0.0192018846147765,B_common,municipio,hrs_d_pm25_it2,bogota_2018
2,36547,19.3333515746847,0.288913658713972,B_common,municipio,hrs_d_pm25_it2,bogota_2018
3,39304,19.7205882352941,0.310708469699126,B_common,municipio,hrs_d_pm25_it2,bogota_2018
4,18584,20.9394640551012,0.146911413619188,B_common,municipio,hrs_d_pm25_it2,bogota_2018
5,22479,20.8094666132835,0.177702414267419,B_common,municipio,hrs_d_pm25_it2,bogota_2018
6,7155,21.2648497554158,0.0565621590855191,B_common,municipio,hrs_d_pm25_it2,bogota_2018
1,2429,31.6764100452861,0.0192018846147765,baseline_common,municipio,hrs_d_pm25_it2,bogota_2018
2,36547,33.6448956138671,0.288913658713972,baseline_common,municipio,hrs_d_pm25_it2,bogota_2018
3,39304,32.8674180744962,0.310708469699126,baseline_common,municipio,hrs_d_pm25_it2,bogota_2018
4,18584,32.0175957813173,0.146911413619188,baseline_common,municipio,hrs_d_pm25_it2,bogota_2018
5,22479,28.6559010632146,0.177702414267419,baseline_common,municipio,hrs_d_pm25_it2,bogota_2018
6,7155,25.8974143955276,0.0565621590855191,baseline_common,municipio,hrs_d_pm25_it2,bogota_2018
1,2429,30.861167379946,0.0192018846147765,A_common,municipio,hrs_d_pm25_it2,bogota_2018
2,36547,31.4766226925999,0.288913658713972,A_common,municipio,hrs_d_pm25_it2,bogota_2018
3,39304,32.1878041236866,0.310708469699126,A_common,municipio,hrs_d_pm25_it2,bogota_2018
4,18584,33.0737218701277,0.146911413619188,A_common,municipio,hrs_d_pm25_it2,bogota_2018
5,22479,31.1462007014109,0.177702414267419,A_common,municipio,hrs_d_pm25_it2,bogota_2018
6,7155,30.3264520774609,0.0565621590855191,A_common,municipio,hrs_d_pm25_it2,bogota_2018
1,0,,0,C,municipio,hrs_d_pm25_it2,bogota_2018
2,334,0,7.85629842267168e-05,C,municipio,hrs_d_pm25_it2,bogota_2018
3,4251032,110.551134406892,0.999921437015773,C,municipio,hrs_d_pm25_it2,bogota_2018
4,0,,0,C,municipio,hrs_d_pm25_it2,bogota_2018
5,0,,0,C,municipio,hrs_d_pm25_it2,bogota_2018
6,0,,0,C,municipio,hrs_d_pm25_it2,bogota_2018
1,93722,15.7787762489796,0.0220451497236418,A,municipio,avg_pm25,bogota_2018
2,1158931,15.8097525470321,0.27260202955944,A,municipio,avg_pm25,bogota_2018
3,1174209,15.7770554099021,0.276195698041524,A,municipio,avg_pm25,bogota_2018
4,583014,15.7188415548894,0.1371356876825,A,municipio,avg_pm25,bogota_2018
5,863242,15.5936934101791,0.203050501885747,A,municipio,avg_pm25,bogota_2018
6,378248,15.5704839935678,0.0889709331071472,A,municipio,avg_pm25,bogota_2018
1,4964,11.4858514736985,0.0221093889185819,B_native,municipio,avg_pm25,bogota_2018
2,73742,11.4459320435913,0.328442900409763,B_native,municipio,avg_pm25,bogota_2018
3,67917,11.6087837832137,0.302498663816141,B_native,municipio,avg_pm25,bogota_2018
4,29309,11.8282596197997,0.130540709068234,B_native,municipio,avg_pm25,bogota_2018
5,36597,12.2404486014089,0.163001068947087,B_native,municipio,avg_pm25,bogota_2018
6,11991,12.6704734845966,0.0534072688401924,B_native,municipio,avg_pm25,bogota_2018
1,2429,11.7553166935289,0.0192018846147765,B_common,municipio,avg_pm25,bogota_2018
2,36547,11.7560241987966,0.288913658713972,B_common,municipio,avg_pm25,bogota_2018
3,39304,11.7495206412081,0.310708469699126,B_common,municipio,avg_pm25,bogota_2018
4,18584,11.9382087496495,0.146911413619188,B_common,municipio,avg_pm25,bogota_2018
5,22479,12.1520273084217,0.177702414267419,B_common,municipio,avg_pm25,bogota_2018
6,7155,12.4211945415946,0.0565621590855191,B_common,municipio,avg_pm25,bogota_2018
1,2429,12.8491212510758,0.0192018846147765,baseline_common,municipio,avg_pm25,bogota_2018
2,36547,12.8787246769063,0.288913658713972,baseline_common,municipio,avg_pm25,bogota_2018
3,39304,12.7898603266067,0.310708469699126,baseline_common,municipio,avg_pm25,bogota_2018
4,18584,12.9348279688282,0.146911413619188,baseline_common,municipio,avg_pm25,bogota_2018
5,22479,12.9909098856637,0.177702414267419,baseline_common,municipio,avg_pm25,bogota_2018
6,7155,13.1128094889921,0.0565621590855191,baseline_common,municipio,avg_pm25,bogota_2018
1,2429,12.7283408053817,0.0192018846147765,A_common,municipio,avg_pm25,bogota_2018
2,36547,12.7582067302991,0.288913658713972,A_common,municipio,avg_pm25,bogota_2018
3,39304,12.7954997277924,0.310708469699126,A_common,municipio,avg_pm25,bogota_2018
4,18584,13.0074853707082,0.146911413619188,A_common,municipio,avg_pm25,bogota_2018
5,22479,13.0849910350111,0.177702414267419,A_common,municipio,avg_pm25,bogota_2018
6,7155,13.2564340267847,0.0565621590855191,A_common,municipio,avg_pm25,bogota_2018
1,0,,0,C,municipio,avg_pm25,bogota_2018
2,334,6.89213483146068,7.85629842267168e-05,C,municipio,avg_pm25,bogota_2018
3,4251032,15.7320144910353,0.999921437015773,C,municipio,avg_pm25,bogota_2018
4,0,,0,C,municipio,avg_pm25,bogota_2018
5,0,,0,C,municipio,avg_pm25,bogota_2018
6,0,,0,C,municipio,avg_pm25,bogota_2018
1,28542,508.735652722304,0.0199696208766567,A,fine,hrs_d_pm10_it1,santiago_2017
2,494628,503.536841828607,0.346070129457605,A,fine,hrs_d_pm10_it1,santiago_2017
3,460529,487.602950085662,0.322212512532613,A,fine,hrs_d_pm10_it1,santiago_2017
4,245549,458.734843147396,0.171800169457017,A,fine,hrs_d_pm10_it1,santiago_2017
5,170723,421.296187391271,0.119447606507093,A,fine,hrs_d_pm10_it1,santiago_2017
6,29300,354.19385665529,0.0204999611690155,A,fine,hrs_d_pm10_it1,santiago_2017
1,28542,508.735652722304,0.0199696208766567,B_native,fine,hrs_d_pm10_it1,santiago_2017
2,494628,503.536841828607,0.346070129457605,B_native,fine,hrs_d_pm10_it1,santiago_2017
3,460529,487.602950085662,0.322212512532613,B_native,fine,hrs_d_pm10_it1,santiago_2017
4,245549,458.734843147396,0.171800169457017,B_native,fine,hrs_d_pm10_it1,santiago_2017
5,170723,421.296187391271,0.119447606507093,B_native,fine,hrs_d_pm10_it1,santiago_2017
6,29300,354.19385665529,0.0204999611690155,B_native,fine,hrs_d_pm10_it1,santiago_2017
1,28542,508.735652722304,0.0199696208766567,B_common,fine,hrs_d_pm10_it1,santiago_2017
2,494628,503.536841828607,0.346070129457605,B_common,fine,hrs_d_pm10_it1,santiago_2017
3,460529,487.602950085662,0.322212512532613,B_common,fine,hrs_d_pm10_it1,santiago_2017
4,245549,458.734843147396,0.171800169457017,B_common,fine,hrs_d_pm10_it1,santiago_2017
5,170723,421.296187391271,0.119447606507093,B_common,fine,hrs_d_pm10_it1,santiago_2017
6,29300,354.19385665529,0.0204999611690155,B_common,fine,hrs_d_pm10_it1,santiago_2017
1,28542,508.735652722304,0.0199696208766567,baseline_common,fine,hrs_d_pm10_it1,santiago_2017
2,494628,503.536841828607,0.346070129457605,baseline_common,fine,hrs_d_pm10_it1,santiago_2017
3,460529,487.602950085662,0.322212512532613,baseline_common,fine,hrs_d_pm10_it1,santiago_2017
4,245549,458.734843147396,0.171800169457017,baseline_common,fine,hrs_d_pm10_it1,santiago_2017
5,170723,421.296187391271,0.119447606507093,baseline_common,fine,hrs_d_pm10_it1,santiago_2017
6,29300,354.19385665529,0.0204999611690155,baseline_common,fine,hrs_d_pm10_it1,santiago_2017
1,28542,508.735652722304,0.0199696208766567,A_common,fine,hrs_d_pm10_it1,santiago_2017
2,494628,503.536841828607,0.346070129457605,A_common,fine,hrs_d_pm10_it1,santiago_2017
3,460529,487.602950085662,0.322212512532613,A_common,fine,hrs_d_pm10_it1,santiago_2017
4,245549,458.734843147396,0.171800169457017,A_common,fine,hrs_d_pm10_it1,santiago_2017
5,170723,421.296187391271,0.119447606507093,A_common,fine,hrs_d_pm10_it1,santiago_2017
6,29300,354.19385665529,0.0204999611690155,A_common,fine,hrs_d_pm10_it1,santiago_2017
1,0,,0,C,fine,hrs_d_pm10_it1,santiago_2017
2,409162,526.896266026659,0.28627321200808,C,fine,hrs_d_pm10_it1,santiago_2017
3,722401,488.830045916326,0.505433189367167,C,fine,hrs_d_pm10_it1,santiago_2017
4,225531,438.974872633917,0.157794428068575,C,fine,hrs_d_pm10_it1,santiago_2017
5,72177,212.866674979564,0.0504991705561786,C,fine,hrs_d_pm10_it1,santiago_2017
6,0,,0,C,fine,hrs_d_pm10_it1,santiago_2017
1,28542,1582.79899796791,0.0199696208766567,A,fine,hrs_d_pm10_it2,santiago_2017
2,494628,1570.6718624906,0.346070129457605,A,fine,hrs_d_pm10_it2,santiago_2017
3,460529,1551.5944555066,0.322212512532613,A,fine,hrs_d_pm10_it2,santiago_2017
4,245549,1518.05745900004,0.171800169457017,A,fine,hrs_d_pm10_it2,santiago_2017
5,170723,1454.59926313385,0.119447606507093,A,fine,hrs_d_pm10_it2,santiago_2017
6,29300,1307.51491467577,0.0204999611690155,A,fine,hrs_d_pm10_it2,santiago_2017
1,28542,1582.79899796791,0.0199696208766567,B_native,fine,hrs_d_pm10_it2,santiago_2017
2,494628,1570.6718624906,0.346070129457605,B_native,fine,hrs_d_pm10_it2,santiago_2017
3,460529,1551.5944555066,0.322212512532613,B_native,fine,hrs_d_pm10_it2,santiago_2017
4,245549,1518.05745900004,0.171800169457017,B_native,fine,hrs_d_pm10_it2,santiago_2017
5,170723,1454.59926313385,0.119447606507093,B_native,fine,hrs_d_pm10_it2,santiago_2017
6,29300,1307.51491467577,0.0204999611690155,B_native,fine,hrs_d_pm10_it2,santiago_2017
1,28542,1582.79899796791,0.0199696208766567,B_common,fine,hrs_d_pm10_it2,santiago_2017
2,494628,1570.6718624906,0.346070129457605,B_common,fine,hrs_d_pm10_it2,santiago_2017
3,460529,1551.5944555066,0.322212512532613,B_common,fine,hrs_d_pm10_it2,santiago_2017
4,245549,1518.05745900004,0.171800169457017,B_common,fine,hrs_d_pm10_it2,santiago_2017
5,170723,1454.59926313385,0.119447606507093,B_common,fine,hrs_d_pm10_it2,santiago_2017
6,29300,1307.51491467577,0.0204999611690155,B_common,fine,hrs_d_pm10_it2,santiago_2017
1,28542,1582.79899796791,0.0199696208766567,baseline_common,fine,hrs_d_pm10_it2,santiago_2017
2,494628,1570.6718624906,0.346070129457605,baseline_common,fine,hrs_d_pm10_it2,santiago_2017
3,460529,1551.5944555066,0.322212512532613,baseline_common,fine,hrs_d_pm10_it2,santiago_2017
4,245549,1518.05745900004,0.171800169457017,baseline_common,fine,hrs_d_pm10_it2,santiago_2017
5,170723,1454.59926313385,0.119447606507093,baseline_common,fine,hrs_d_pm10_it2,santiago_2017
6,29300,1307.51491467577,0.0204999611690155,baseline_common,fine,hrs_d_pm10_it2,santiago_2017
1,28542,1582.79899796791,0.0199696208766567,A_common,fine,hrs_d_pm10_it2,santiago_2017
2,494628,1570.6718624906,0.346070129457605,A_common,fine,hrs_d_pm10_it2,santiago_2017
3,460529,1551.5944555066,0.322212512532613,A_common,fine,hrs_d_pm10_it2,santiago_2017
4,245549,1518.05745900004,0.171800169457017,A_common,fine,hrs_d_pm10_it2,santiago_2017
5,170723,1454.59926313385,0.119447606507093,A_common,fine,hrs_d_pm10_it2,santiago_2017
6,29300,1307.51491467577,0.0204999611690155,A_common,fine,hrs_d_pm10_it2,santiago_2017
1,0,,0,C,fine,hrs_d_pm10_it2,santiago_2017
2,409162,1597.00299392417,0.28627321200808,C,fine,hrs_d_pm10_it2,santiago_2017
3,722401,1559.86955582841,0.505433189367167,C,fine,hrs_d_pm10_it2,santiago_2017
4,225531,1530.17615316741,0.157794428068575,C,fine,hrs_d_pm10_it2,santiago_2017
5,72177,978.754700250772,0.0504991705561786,C,fine,hrs_d_pm10_it2,santiago_2017
6,0,,0,C,fine,hrs_d_pm10_it2,santiago_2017
1,28542,68.5137244050006,0.0199696208766567,A,fine,avg_pm10,santiago_2017
2,494628,68.3160974750158,0.346070129457605,A,fine,avg_pm10,santiago_2017
3,460529,68.1026229086258,0.322212512532613,A,fine,avg_pm10,santiago_2017
4,245549,67.6508527999918,0.171800169457017,A,fine,avg_pm10,santiago_2017
5,170723,66.5321612895307,0.119447606507093,A,fine,avg_pm10,santiago_2017
6,29300,63.9809441852599,0.0204999611690155,A,fine,avg_pm10,santiago_2017
1,28542,68.5137244050006,0.0199696208766567,B_native,fine,avg_pm10,santiago_2017
2,494628,68.3160974750158,0.346070129457605,B_native,fine,avg_pm10,santiago_2017
3,460529,68.1026229086258,0.322212512532613,B_native,fine,avg_pm10,santiago_2017
4,245549,67.6508527999918,0.171800169457017,B_native,fine,avg_pm10,santiago_2017
5,170723,66.5321612895307,0.119447606507093,B_native,fine,avg_pm10,santiago_2017
6,29300,63.9809441852599,0.0204999611690155,B_native,fine,avg_pm10,santiago_2017
1,28542,68.5137244050006,0.0199696208766567,B_common,fine,avg_pm10,santiago_2017
2,494628,68.3160974750158,0.346070129457605,B_common,fine,avg_pm10,santiago_2017
3,460529,68.1026229086258,0.322212512532613,B_common,fine,avg_pm10,santiago_2017
4,245549,67.6508527999918,0.171800169457017,B_common,fine,avg_pm10,santiago_2017
5,170723,66.5321612895307,0.119447606507093,B_common,fine,avg_pm10,santiago_2017
6,29300,63.9809441852599,0.0204999611690155,B_common,fine,avg_pm10,santiago_2017
1,28542,68.5137244050006,0.0199696208766567,baseline_common,fine,avg_pm10,santiago_2017
2,494628,68.3160974750158,0.346070129457605,baseline_common,fine,avg_pm10,santiago_2017
3,460529,68.1026229086258,0.322212512532613,baseline_common,fine,avg_pm10,santiago_2017
4,245549,67.6508527999918,0.171800169457017,baseline_common,fine,avg_pm10,santiago_2017
5,170723,66.5321612895307,0.119447606507093,baseline_common,fine,avg_pm10,santiago_2017
6,29300,63.9809441852599,0.0204999611690155,baseline_common,fine,avg_pm10,santiago_2017
1,28542,68.5137244050006,0.0199696208766567,A_common,fine,avg_pm10,santiago_2017
2,494628,68.3160974750158,0.346070129457605,A_common,fine,avg_pm10,santiago_2017
3,460529,68.1026229086258,0.322212512532613,A_common,fine,avg_pm10,santiago_2017
4,245549,67.6508527999918,0.171800169457017,A_common,fine,avg_pm10,santiago_2017
5,170723,66.5321612895307,0.119447606507093,A_common,fine,avg_pm10,santiago_2017
6,29300,63.9809441852599,0.0204999611690155,A_common,fine,avg_pm10,santiago_2017
1,0,,0,C,fine,avg_pm10,santiago_2017
2,409162,68.5020060687468,0.28627321200808,C,fine,avg_pm10,santiago_2017
3,722401,68.4564734663234,0.505433189367167,C,fine,avg_pm10,santiago_2017
4,225531,67.6952296895263,0.157794428068575,C,fine,avg_pm10,santiago_2017
5,72177,58.2706645775999,0.0504991705561786,C,fine,avg_pm10,santiago_2017
6,0,,0,C,fine,avg_pm10,santiago_2017
1,28542,265.424462196062,0.0199696208766567,A,fine,hrs_d_pm25_it1,santiago_2017
2,494628,263.373571653849,0.346070129457605,A,fine,hrs_d_pm25_it1,santiago_2017
3,460529,244.192778304949,0.322212512532613,A,fine,hrs_d_pm25_it1,santiago_2017
4,245549,208.173562099622,0.171800169457017,A,fine,hrs_d_pm25_it1,santiago_2017
5,170723,176.233911072322,0.119447606507093,A,fine,hrs_d_pm25_it1,santiago_2017
6,29300,141.191774744027,0.0204999611690155,A,fine,hrs_d_pm25_it1,santiago_2017
1,28542,265.424462196062,0.0199696208766567,B_native,fine,hrs_d_pm25_it1,santiago_2017
2,494628,263.373571653849,0.346070129457605,B_native,fine,hrs_d_pm25_it1,santiago_2017
3,460529,244.192778304949,0.322212512532613,B_native,fine,hrs_d_pm25_it1,santiago_2017
4,245549,208.173562099622,0.171800169457017,B_native,fine,hrs_d_pm25_it1,santiago_2017
5,170723,176.233911072322,0.119447606507093,B_native,fine,hrs_d_pm25_it1,santiago_2017
6,29300,141.191774744027,0.0204999611690155,B_native,fine,hrs_d_pm25_it1,santiago_2017
1,28542,265.424462196062,0.0199696208766567,B_common,fine,hrs_d_pm25_it1,santiago_2017
2,494628,263.373571653849,0.346070129457605,B_common,fine,hrs_d_pm25_it1,santiago_2017
3,460529,244.192778304949,0.322212512532613,B_common,fine,hrs_d_pm25_it1,santiago_2017
4,245549,208.173562099622,0.171800169457017,B_common,fine,hrs_d_pm25_it1,santiago_2017
5,170723,176.233911072322,0.119447606507093,B_common,fine,hrs_d_pm25_it1,santiago_2017
6,29300,141.191774744027,0.0204999611690155,B_common,fine,hrs_d_pm25_it1,santiago_2017
1,28542,265.424462196062,0.0199696208766567,baseline_common,fine,hrs_d_pm25_it1,santiago_2017
2,494628,263.373571653849,0.346070129457605,baseline_common,fine,hrs_d_pm25_it1,santiago_2017
3,460529,244.192778304949,0.322212512532613,baseline_common,fine,hrs_d_pm25_it1,santiago_2017
4,245549,208.173562099622,0.171800169457017,baseline_common,fine,hrs_d_pm25_it1,santiago_2017
5,170723,176.233911072322,0.119447606507093,baseline_common,fine,hrs_d_pm25_it1,santiago_2017
6,29300,141.191774744027,0.0204999611690155,baseline_common,fine,hrs_d_pm25_it1,santiago_2017
1,28542,265.424462196062,0.0199696208766567,A_common,fine,hrs_d_pm25_it1,santiago_2017
2,494628,263.373571653849,0.346070129457605,A_common,fine,hrs_d_pm25_it1,santiago_2017
3,460529,244.192778304949,0.322212512532613,A_common,fine,hrs_d_pm25_it1,santiago_2017
4,245549,208.173562099622,0.171800169457017,A_common,fine,hrs_d_pm25_it1,santiago_2017
5,170723,176.233911072322,0.119447606507093,A_common,fine,hrs_d_pm25_it1,santiago_2017
6,29300,141.191774744027,0.0204999611690155,A_common,fine,hrs_d_pm25_it1,santiago_2017
1,0,,0,C,fine,hrs_d_pm25_it1,santiago_2017
2,409162,296.381890302619,0.28627321200808,C,fine,hrs_d_pm25_it1,santiago_2017
3,722401,238.60105813807,0.505433189367167,C,fine,hrs_d_pm25_it1,santiago_2017
4,225531,159.873170428899,0.157794428068575,C,fine,hrs_d_pm25_it1,santiago_2017
5,72177,82.5228119761143,0.0504991705561786,C,fine,hrs_d_pm25_it1,santiago_2017
6,0,,0,C,fine,hrs_d_pm25_it1,santiago_2017
1,28542,937.309298577535,0.0199696208766567,A,fine,hrs_d_pm25_it2,santiago_2017
2,494628,929.420214787679,0.346070129457605,A,fine,hrs_d_pm25_it2,santiago_2017
3,460529,900.402841080584,0.322212512532613,A,fine,hrs_d_pm25_it2,santiago_2017
4,245549,847.468533775336,0.171800169457017,A,fine,hrs_d_pm25_it2,santiago_2017
5,170723,786.587618539974,0.119447606507093,A,fine,hrs_d_pm25_it2,santiago_2017
6,29300,693.744641638225,0.0204999611690155,A,fine,hrs_d_pm25_it2,santiago_2017
1,28542,937.309298577535,0.0199696208766567,B_native,fine,hrs_d_pm25_it2,santiago_2017
2,494628,929.420214787679,0.346070129457605,B_native,fine,hrs_d_pm25_it2,santiago_2017
3,460529,900.402841080584,0.322212512532613,B_native,fine,hrs_d_pm25_it2,santiago_2017
4,245549,847.468533775336,0.171800169457017,B_native,fine,hrs_d_pm25_it2,santiago_2017
5,170723,786.587618539974,0.119447606507093,B_native,fine,hrs_d_pm25_it2,santiago_2017
6,29300,693.744641638225,0.0204999611690155,B_native,fine,hrs_d_pm25_it2,santiago_2017
1,28542,937.309298577535,0.0199696208766567,B_common,fine,hrs_d_pm25_it2,santiago_2017
2,494628,929.420214787679,0.346070129457605,B_common,fine,hrs_d_pm25_it2,santiago_2017
3,460529,900.402841080584,0.322212512532613,B_common,fine,hrs_d_pm25_it2,santiago_2017
4,245549,847.468533775336,0.171800169457017,B_common,fine,hrs_d_pm25_it2,santiago_2017
5,170723,786.587618539974,0.119447606507093,B_common,fine,hrs_d_pm25_it2,santiago_2017
6,29300,693.744641638225,0.0204999611690155,B_common,fine,hrs_d_pm25_it2,santiago_2017
1,28542,937.309298577535,0.0199696208766567,baseline_common,fine,hrs_d_pm25_it2,santiago_2017
2,494628,929.420214787679,0.346070129457605,baseline_common,fine,hrs_d_pm25_it2,santiago_2017
3,460529,900.402841080584,0.322212512532613,baseline_common,fine,hrs_d_pm25_it2,santiago_2017
4,245549,847.468533775336,0.171800169457017,baseline_common,fine,hrs_d_pm25_it2,santiago_2017
5,170723,786.587618539974,0.119447606507093,baseline_common,fine,hrs_d_pm25_it2,santiago_2017
6,29300,693.744641638225,0.0204999611690155,baseline_common,fine,hrs_d_pm25_it2,santiago_2017
1,28542,937.309298577535,0.0199696208766567,A_common,fine,hrs_d_pm25_it2,santiago_2017
2,494628,929.420214787679,0.346070129457605,A_common,fine,hrs_d_pm25_it2,santiago_2017
3,460529,900.402841080584,0.322212512532613,A_common,fine,hrs_d_pm25_it2,santiago_2017
4,245549,847.468533775336,0.171800169457017,A_common,fine,hrs_d_pm25_it2,santiago_2017
5,170723,786.587618539974,0.119447606507093,A_common,fine,hrs_d_pm25_it2,santiago_2017
6,29300,693.744641638225,0.0204999611690155,A_common,fine,hrs_d_pm25_it2,santiago_2017
1,0,,0,C,fine,hrs_d_pm25_it2,santiago_2017
2,409162,974.776220665653,0.28627321200808,C,fine,hrs_d_pm25_it2,santiago_2017
3,722401,896.223009104362,0.505433189367167,C,fine,hrs_d_pm25_it2,santiago_2017
4,225531,805.823802492784,0.157794428068575,C,fine,hrs_d_pm25_it2,santiago_2017
5,72177,496.417099630076,0.0504991705561786,C,fine,hrs_d_pm25_it2,santiago_2017
6,0,,0,C,fine,hrs_d_pm25_it2,santiago_2017
1,28542,24.4939802907594,0.0199696208766567,A,fine,avg_pm25,santiago_2017
2,494628,24.4041561796883,0.346070129457605,A,fine,avg_pm25,santiago_2017
3,460529,24.1477728567015,0.322212512532613,A,fine,avg_pm25,santiago_2017
4,245549,23.683500006273,0.171800169457017,A,fine,avg_pm25,santiago_2017
5,170723,23.10948803037,0.119447606507093,A,fine,avg_pm25,santiago_2017
6,29300,22.2565912111807,0.0204999611690155,A,fine,avg_pm25,santiago_2017
1,28542,24.4939802907594,0.0199696208766567,B_native,fine,avg_pm25,santiago_2017
2,494628,24.4041561796883,0.346070129457605,B_native,fine,avg_pm25,santiago_2017
3,460529,24.1477728567015,0.322212512532613,B_native,fine,avg_pm25,santiago_2017
4,245549,23.683500006273,0.171800169457017,B_native,fine,avg_pm25,santiago_2017
5,170723,23.10948803037,0.119447606507093,B_native,fine,avg_pm25,santiago_2017
6,29300,22.2565912111807,0.0204999611690155,B_native,fine,avg_pm25,santiago_2017
1,28542,24.4939802907594,0.0199696208766567,B_common,fine,avg_pm25,santiago_2017
2,494628,24.4041561796883,0.346070129457605,B_common,fine,avg_pm25,santiago_2017
3,460529,24.1477728567015,0.322212512532613,B_common,fine,avg_pm25,santiago_2017
4,245549,23.683500006273,0.171800169457017,B_common,fine,avg_pm25,santiago_2017
5,170723,23.10948803037,0.119447606507093,B_common,fine,avg_pm25,santiago_2017
6,29300,22.2565912111807,0.0204999611690155,B_common,fine,avg_pm25,santiago_2017
1,28542,24.4939802907594,0.0199696208766567,baseline_common,fine,avg_pm25,santiago_2017
2,494628,24.4041561796883,0.346070129457605,baseline_common,fine,avg_pm25,santiago_2017
3,460529,24.1477728567015,0.322212512532613,baseline_common,fine,avg_pm25,santiago_2017
4,245549,23.683500006273,0.171800169457017,baseline_common,fine,avg_pm25,santiago_2017
5,170723,23.10948803037,0.119447606507093,baseline_common,fine,avg_pm25,santiago_2017
6,29300,22.2565912111807,0.0204999611690155,baseline_common,fine,avg_pm25,santiago_2017
1,28542,24.4939802907594,0.0199696208766567,A_common,fine,avg_pm25,santiago_2017
2,494628,24.4041561796883,0.346070129457605,A_common,fine,avg_pm25,santiago_2017
3,460529,24.1477728567015,0.322212512532613,A_common,fine,avg_pm25,santiago_2017
4,245549,23.683500006273,0.171800169457017,A_common,fine,avg_pm25,santiago_2017
5,170723,23.10948803037,0.119447606507093,A_common,fine,avg_pm25,santiago_2017
6,29300,22.2565912111807,0.0204999611690155,A_common,fine,avg_pm25,santiago_2017
1,0,,0,C,fine,avg_pm25,santiago_2017
2,409162,24.7679415493091,0.28627321200808,C,fine,avg_pm25,santiago_2017
3,722401,24.1807142532015,0.505433189367167,C,fine,avg_pm25,santiago_2017
4,225531,23.1758699606919,0.157794428068575,C,fine,avg_pm25,santiago_2017
5,72177,20.4301237130403,0.0504991705561786,C,fine,avg_pm25,santiago_2017
6,0,,0,C,fine,avg_pm25,santiago_2017
1,28542,508.740119074126,0.0199696208766567,A,distrito,hrs_d_pm10_it1,santiago_2017
2,494628,503.617097335593,0.346070129457605,A,distrito,hrs_d_pm10_it1,santiago_2017
3,460529,487.615306868902,0.322212512532613,A,distrito,hrs_d_pm10_it1,santiago_2017
4,245549,458.619203964897,0.171800169457017,A,distrito,hrs_d_pm10_it1,santiago_2017
5,170723,421.173445444707,0.119447606507093,A,distrito,hrs_d_pm10_it1,santiago_2017
6,29300,354.14902957591,0.0204999611690155,A,distrito,hrs_d_pm10_it1,santiago_2017
1,27598,517.171425465613,0.0196514043939737,B_native,distrito,hrs_d_pm10_it1,santiago_2017
2,475823,514.712737719698,0.338814051487562,B_native,distrito,hrs_d_pm10_it1,santiago_2017
3,446674,495.614609312384,0.318058243578296,B_native,distrito,hrs_d_pm10_it1,santiago_2017
4,246454,459.563350564406,0.175489789785941,B_native,distrito,hrs_d_pm10_it1,santiago_2017
5,176703,417.667221269588,0.125822962193939,B_native,distrito,hrs_d_pm10_it1,santiago_2017
6,31126,345.231510634196,0.0221635485602879,B_native,distrito,hrs_d_pm10_it1,santiago_2017
1,25176,522.234945980299,0.0201223357447206,B_common,distrito,hrs_d_pm10_it1,santiago_2017
2,431579,518.32490922867,0.34494667692925,B_common,distrito,hrs_d_pm10_it1,santiago_2017
3,399040,501.140221531676,0.318939341260459,B_common,distrito,hrs_d_pm10_it1,santiago_2017
4,216779,467.968188800576,0.173264212758373,B_common,distrito,hrs_d_pm10_it1,santiago_2017
5,152758,432.604158211027,0.122094366209566,B_common,distrito,hrs_d_pm10_it1,santiago_2017
6,25815,372.489754018981,0.0206330670976312,B_common,distrito,hrs_d_pm10_it1,santiago_2017
1,25176,521.844733079123,0.0201223357447206,baseline_common,distrito,hrs_d_pm10_it1,santiago_2017
2,431579,517.998320122156,0.34494667692925,baseline_common,distrito,hrs_d_pm10_it1,santiago_2017
3,399040,500.999729350441,0.318939341260459,baseline_common,distrito,hrs_d_pm10_it1,santiago_2017
4,216779,468.102053243165,0.173264212758373,baseline_common,distrito,hrs_d_pm10_it1,santiago_2017
5,152758,432.704781418977,0.122094366209566,baseline_common,distrito,hrs_d_pm10_it1,santiago_2017
6,25815,372.520007747434,0.0206330670976312,baseline_common,distrito,hrs_d_pm10_it1,santiago_2017
1,25176,521.88669202618,0.0201223357447206,A_common,distrito,hrs_d_pm10_it1,santiago_2017
2,431579,518.083819431503,0.34494667692925,A_common,distrito,hrs_d_pm10_it1,santiago_2017
3,399040,501.019880939125,0.318939341260459,A_common,distrito,hrs_d_pm10_it1,santiago_2017
4,216779,467.975202599097,0.173264212758373,A_common,distrito,hrs_d_pm10_it1,santiago_2017
5,152758,432.566764127431,0.122094366209566,A_common,distrito,hrs_d_pm10_it1,santiago_2017
6,25815,372.45375569396,0.0206330670976312,A_common,distrito,hrs_d_pm10_it1,santiago_2017
1,0,,0,C,distrito,hrs_d_pm10_it1,santiago_2017
2,370880,554.577704378775,0.259488928271825,C,distrito,hrs_d_pm10_it1,santiago_2017
3,807624,471.507743702515,0.565060090073891,C,distrito,hrs_d_pm10_it1,santiago_2017
4,172519,462.265489598247,0.12070419115759,C,distrito,hrs_d_pm10_it1,santiago_2017
5,78248,215.359306308148,0.0547467904966938,C,distrito,hrs_d_pm10_it1,santiago_2017
6,0,,0,C,distrito,hrs_d_pm10_it1,santiago_2017
1,28542,1583.10532755432,0.0199696208766567,A,distrito,hrs_d_pm10_it2,santiago_2017
2,494628,1571.03154918125,0.346070129457605,A,distrito,hrs_d_pm10_it2,santiago_2017
3,460529,1551.68265770538,0.322212512532613,A,distrito,hrs_d_pm10_it2,santiago_2017
4,245549,1517.54529579407,0.171800169457017,A,distrito,hrs_d_pm10_it2,santiago_2017
5,170723,1454.05409070455,0.119447606507093,A,distrito,hrs_d_pm10_it2,santiago_2017
6,29300,1307.02169890354,0.0204999611690155,A,distrito,hrs_d_pm10_it2,santiago_2017
1,27598,1598.6821508805,0.0196514043939737,B_native,distrito,hrs_d_pm10_it2,santiago_2017
2,475823,1591.71952595818,0.338814051487562,B_native,distrito,hrs_d_pm10_it2,santiago_2017
3,446674,1567.89075253988,0.318058243578296,B_native,distrito,hrs_d_pm10_it2,santiago_2017
4,246454,1518.24105918346,0.175489789785941,B_native,distrito,hrs_d_pm10_it2,santiago_2017
5,176703,1443.69258586442,0.125822962193939,B_native,distrito,hrs_d_pm10_it2,santiago_2017
6,31126,1282.11726530875,0.0221635485602879,B_native,distrito,hrs_d_pm10_it2,santiago_2017
1,25176,1605.59115824595,0.0201223357447206,B_common,distrito,hrs_d_pm10_it2,santiago_2017
2,431579,1595.35256349359,0.34494667692925,B_common,distrito,hrs_d_pm10_it2,santiago_2017
3,399040,1575.63846481556,0.318939341260459,B_common,distrito,hrs_d_pm10_it2,santiago_2017
4,216779,1536.63319786511,0.173264212758373,B_common,distrito,hrs_d_pm10_it2,santiago_2017
5,152758,1480.77683001872,0.122094366209566,B_common,distrito,hrs_d_pm10_it2,santiago_2017
6,25815,1351.25547162502,0.0206330670976312,B_common,distrito,hrs_d_pm10_it2,santiago_2017
1,25176,1609.1605497299,0.0201223357447206,baseline_common,distrito,hrs_d_pm10_it2,santiago_2017
2,431579,1599.23928180009,0.34494667692925,baseline_common,distrito,hrs_d_pm10_it2,santiago_2017
3,399040,1580.16535184443,0.318939341260459,baseline_common,distrito,hrs_d_pm10_it2,santiago_2017
4,216779,1541.95308124864,0.173264212758373,baseline_common,distrito,hrs_d_pm10_it2,santiago_2017
5,152758,1485.60920540986,0.122094366209566,baseline_common,distrito,hrs_d_pm10_it2,santiago_2017
6,25815,1356.49556459423,0.0206330670976312,baseline_common,distrito,hrs_d_pm10_it2,santiago_2017
1,25176,1609.452362339,0.0201223357447206,A_common,distrito,hrs_d_pm10_it2,santiago_2017
2,431579,1599.59824179498,0.34494667692925,A_common,distrito,hrs_d_pm10_it2,santiago_2017
3,399040,1580.21987093432,0.318939341260459,A_common,distrito,hrs_d_pm10_it2,santiago_2017
4,216779,1541.43625148242,0.173264212758373,A_common,distrito,hrs_d_pm10_it2,santiago_2017
5,152758,1485.1259619665,0.122094366209566,A_common,distrito,hrs_d_pm10_it2,santiago_2017
6,25815,1356.25255112831,0.0206330670976312,A_common,distrito,hrs_d_pm10_it2,santiago_2017
1,0,,0,C,distrito,hrs_d_pm10_it2,santiago_2017
2,370880,1650.21296106557,0.259488928271825,C,distrito,hrs_d_pm10_it2,santiago_2017
3,807624,1522.48231355185,0.565060090073891,C,distrito,hrs_d_pm10_it2,santiago_2017
4,172519,1608.13706316406,0.12070419115759,C,distrito,hrs_d_pm10_it2,santiago_2017
5,78248,983.687314691749,0.0547467904966938,C,distrito,hrs_d_pm10_it2,santiago_2017
6,0,,0,C,distrito,hrs_d_pm10_it2,santiago_2017
1,28542,68.515686890558,0.0199696208766567,A,distrito,avg_pm10,santiago_2017
2,494628,68.3190802704886,0.346070129457605,A,distrito,avg_pm10,santiago_2017
3,460529,68.1036334240404,0.322212512532613,A,distrito,avg_pm10,santiago_2017
4,245549,67.6460117636051,0.171800169457017,A,distrito,avg_pm10,santiago_2017
5,170723,66.5271849045135,0.119447606507093,A,distrito,avg_pm10,santiago_2017
6,29300,63.9782222736523,0.0204999611690155,A,distrito,avg_pm10,santiago_2017
1,27598,68.9179005015213,0.0196514043939737,B_native,distrito,avg_pm10,santiago_2017
2,475823,68.8180367157109,0.338814051487562,B_native,distrito,avg_pm10,santiago_2017
3,446674,68.5598781918785,0.318058243578296,B_native,distrito,avg_pm10,santiago_2017
4,246454,67.7872249544963,0.175489789785941,B_native,distrito,avg_pm10,santiago_2017
5,176703,66.4272242720144,0.125822962193939,B_native,distrito,avg_pm10,santiago_2017
6,31126,63.6185074338461,0.0221635485602879,B_native,distrito,avg_pm10,santiago_2017
1,25176,68.9461020230541,0.0201223357447206,B_common,distrito,avg_pm10,santiago_2017
2,431579,68.7827892819754,0.34494667692925,B_common,distrito,avg_pm10,santiago_2017
3,399040,68.589198514162,0.318939341260459,B_common,distrito,avg_pm10,santiago_2017
4,216779,68.0427558245157,0.173264212758373,B_common,distrito,avg_pm10,santiago_2017
5,152758,67.0245040952813,0.122094366209566,B_common,distrito,avg_pm10,santiago_2017
6,25815,64.7700591374078,0.0206330670976312,B_common,distrito,avg_pm10,santiago_2017
1,25176,68.9352796680026,0.0201223357447206,baseline_common,distrito,avg_pm10,santiago_2017
2,431579,68.7709989738763,0.34494667692925,baseline_common,distrito,avg_pm10,santiago_2017
3,399040,68.5826905703677,0.318939341260459,baseline_common,distrito,avg_pm10,santiago_2017
4,216779,68.0491273428182,0.173264212758373,baseline_common,distrito,avg_pm10,santiago_2017
5,152758,67.0295049353918,0.122094366209566,baseline_common,distrito,avg_pm10,santiago_2017
6,25815,64.772743067239,0.0206330670976312,baseline_common,distrito,avg_pm10,santiago_2017
1,25176,68.9364127307366,0.0201223357447206,A_common,distrito,avg_pm10,santiago_2017
2,431579,68.7746092979204,0.34494667692925,A_common,distrito,avg_pm10,santiago_2017
3,399040,68.5836824811289,0.318939341260459,A_common,distrito,avg_pm10,santiago_2017
4,216779,68.0435214417709,0.173264212758373,A_common,distrito,avg_pm10,santiago_2017
5,152758,67.0239681739021,0.122094366209566,A_common,distrito,avg_pm10,santiago_2017
6,25815,64.7701086264589,0.0206330670976312,A_common,distrito,avg_pm10,santiago_2017
1,0,,0,C,distrito,avg_pm10,santiago_2017
2,370880,69.1071778819281,0.259488928271825,C,distrito,avg_pm10,santiago_2017
3,807624,67.9528694332113,0.565060090073891,C,distrito,avg_pm10,santiago_2017
4,172519,68.8353784774337,0.12070419115759,C,distrito,avg_pm10,santiago_2017
5,78248,58.3831955378576,0.0547467904966938,C,distrito,avg_pm10,santiago_2017
6,0,,0,C,distrito,avg_pm10,santiago_2017
1,28542,265.305544018402,0.0199696208766567,A,distrito,hrs_d_pm25_it1,santiago_2017
2,494628,263.396294083948,0.346070129457605,A,distrito,hrs_d_pm25_it1,santiago_2017
3,460529,244.202482704759,0.322212512532613,A,distrito,hrs_d_pm25_it1,santiago_2017
4,245549,208.135267927126,0.171800169457017,A,distrito,hrs_d_pm25_it1,santiago_2017
5,170723,176.205608655503,0.119447606507093,A,distrito,hrs_d_pm25_it1,santiago_2017
6,29300,141.219903846658,0.0204999611690155,A,distrito,hrs_d_pm25_it1,santiago_2017
1,27598,269.601202985724,0.0196514043939737,B_native,distrito,hrs_d_pm25_it1,santiago_2017
2,475823,269.669788976153,0.338814051487562,B_native,distrito,hrs_d_pm25_it1,santiago_2017
3,446674,247.752580181519,0.318058243578296,B_native,distrito,hrs_d_pm25_it1,santiago_2017
4,246454,207.919226305923,0.175489789785941,B_native,distrito,hrs_d_pm25_it1,santiago_2017
5,176703,174.249565655365,0.125822962193939,B_native,distrito,hrs_d_pm25_it1,santiago_2017
6,31126,137.909336246225,0.0221635485602879,B_native,distrito,hrs_d_pm25_it1,santiago_2017
1,25176,275.704401016841,0.0201223357447206,B_common,distrito,hrs_d_pm25_it1,santiago_2017
2,431579,275.06292938257,0.34494667692925,B_common,distrito,hrs_d_pm25_it1,santiago_2017
3,399040,253.919837610265,0.318939341260459,B_common,distrito,hrs_d_pm25_it1,santiago_2017
4,216779,212.583119213577,0.173264212758373,B_common,distrito,hrs_d_pm25_it1,santiago_2017
5,152758,179.728125531887,0.122094366209566,B_common,distrito,hrs_d_pm25_it1,santiago_2017
6,25815,146.531512686423,0.0206330670976312,B_common,distrito,hrs_d_pm25_it1,santiago_2017
1,25176,275.777724817286,0.0201223357447206,baseline_common,distrito,hrs_d_pm25_it1,santiago_2017
2,431579,275.110619376754,0.34494667692925,baseline_common,distrito,hrs_d_pm25_it1,santiago_2017
3,399040,253.973295910184,0.318939341260459,baseline_common,distrito,hrs_d_pm25_it1,santiago_2017
4,216779,212.68331342058,0.173264212758373,baseline_common,distrito,hrs_d_pm25_it1,santiago_2017
5,152758,179.760032207806,0.122094366209566,baseline_common,distrito,hrs_d_pm25_it1,santiago_2017
6,25815,146.50172380399,0.0206330670976312,baseline_common,distrito,hrs_d_pm25_it1,santiago_2017
1,25176,275.722326445129,0.0201223357447206,A_common,distrito,hrs_d_pm25_it1,santiago_2017
2,431579,275.122711422986,0.34494667692925,A_common,distrito,hrs_d_pm25_it1,santiago_2017
3,399040,253.997175707955,0.318939341260459,A_common,distrito,hrs_d_pm25_it1,santiago_2017
4,216779,212.648839245201,0.173264212758373,A_common,distrito,hrs_d_pm25_it1,santiago_2017
5,152758,179.726592388972,0.122094366209566,A_common,distrito,hrs_d_pm25_it1,santiago_2017
6,25815,146.500558495571,0.0206330670976312,A_common,distrito,hrs_d_pm25_it1,santiago_2017
1,0,,0,C,distrito,hrs_d_pm25_it1,santiago_2017
2,370880,320.206096311475,0.259488928271825,C,distrito,hrs_d_pm25_it1,santiago_2017
3,807624,226.8423944806,0.565060090073891,C,distrito,hrs_d_pm25_it1,santiago_2017
4,172519,157.548832302529,0.12070419115759,C,distrito,hrs_d_pm25_it1,santiago_2017
5,78248,83.1316966567836,0.0547467904966938,C,distrito,hrs_d_pm25_it1,santiago_2017
6,0,,0,C,distrito,hrs_d_pm25_it1,santiago_2017
1,28542,937.489360907828,0.0199696208766567,A,distrito,hrs_d_pm25_it2,santiago_2017
2,494628,929.725476153537,0.346070129457605,A,distrito,hrs_d_pm25_it2,santiago_2017
3,460529,900.472279236237,0.322212512532613,A,distrito,hrs_d_pm25_it2,santiago_2017
4,245549,847.081162270923,0.171800169457017,A,distrito,hrs_d_pm25_it2,santiago_2017
5,170723,786.11925531119,0.119447606507093,A,distrito,hrs_d_pm25_it2,santiago_2017
6,29300,693.225240826361,0.0204999611690155,A,distrito,hrs_d_pm25_it2,santiago_2017
1,27598,937.903869845641,0.0196514043939737,B_native,distrito,hrs_d_pm25_it2,santiago_2017
2,475823,933.153227145388,0.338814051487562,B_native,distrito,hrs_d_pm25_it2,santiago_2017
3,446674,896.271318679843,0.318058243578296,B_native,distrito,hrs_d_pm25_it2,santiago_2017
4,246454,834.936357291827,0.175489789785941,B_native,distrito,hrs_d_pm25_it2,santiago_2017
5,176703,771.775323565531,0.125822962193939,B_native,distrito,hrs_d_pm25_it2,santiago_2017
6,31126,674.410846237872,0.0221635485602879,B_native,distrito,hrs_d_pm25_it2,santiago_2017
1,25176,948.565220845249,0.0201223357447206,B_common,distrito,hrs_d_pm25_it2,santiago_2017
2,431579,942.154076078771,0.34494667692925,B_common,distrito,hrs_d_pm25_it2,santiago_2017
3,399040,908.861552726544,0.318939341260459,B_common,distrito,hrs_d_pm25_it2,santiago_2017
4,216779,849.258752000886,0.173264212758373,B_common,distrito,hrs_d_pm25_it2,santiago_2017
5,152758,791.85170662093,0.122094366209566,B_common,distrito,hrs_d_pm25_it2,santiago_2017
6,25815,707.431880689522,0.0206330670976312,B_common,distrito,hrs_d_pm25_it2,santiago_2017
1,25176,951.996266285351,0.0201223357447206,baseline_common,distrito,hrs_d_pm25_it2,santiago_2017
2,431579,945.979649148823,0.34494667692925,baseline_common,distrito,hrs_d_pm25_it2,santiago_2017
3,399040,913.179180032077,0.318939341260459,baseline_common,distrito,hrs_d_pm25_it2,santiago_2017
4,216779,854.206491403688,0.173264212758373,baseline_common,distrito,hrs_d_pm25_it2,santiago_2017
5,152758,796.557463438903,0.122094366209566,baseline_common,distrito,hrs_d_pm25_it2,santiago_2017
6,25815,712.811892310672,0.0206330670976312,baseline_common,distrito,hrs_d_pm25_it2,santiago_2017
1,25176,952.317364842041,0.0201223357447206,A_common,distrito,hrs_d_pm25_it2,santiago_2017
2,431579,946.229513344727,0.34494667692925,A_common,distrito,hrs_d_pm25_it2,santiago_2017
3,399040,913.212087347372,0.318939341260459,A_common,distrito,hrs_d_pm25_it2,santiago_2017
4,216779,853.877333594887,0.173264212758373,A_common,distrito,hrs_d_pm25_it2,santiago_2017
5,152758,796.217337826582,0.122094366209566,A_common,distrito,hrs_d_pm25_it2,santiago_2017
6,25815,712.580079579544,0.0206330670976312,A_common,distrito,hrs_d_pm25_it2,santiago_2017
1,0,,0,C,distrito,hrs_d_pm25_it2,santiago_2017
2,370880,1021.17287532355,0.259488928271825,C,distrito,hrs_d_pm25_it2,santiago_2017
3,807624,873.678039533248,0.565060090073891,C,distrito,hrs_d_pm25_it2,santiago_2017
4,172519,814.885629988581,0.12070419115759,C,distrito,hrs_d_pm25_it2,santiago_2017
5,78248,497.427768121869,0.0547467904966938,C,distrito,hrs_d_pm25_it2,santiago_2017
6,0,,0,C,distrito,hrs_d_pm25_it2,santiago_2017
1,28542,24.4925694154478,0.0199696208766567,A,distrito,avg_pm25,santiago_2017
2,494628,24.4042941480152,0.346070129457605,A,distrito,avg_pm25,santiago_2017
3,460529,24.14776737846,0.322212512532613,A,distrito,avg_pm25,santiago_2017
4,245549,23.6833334759524,0.171800169457017,A,distrito,avg_pm25,santiago_2017
5,170723,23.1094084712978,0.119447606507093,A,distrito,avg_pm25,santiago_2017
6,29300,22.2571341272308,0.0204999611690155,A,distrito,avg_pm25,santiago_2017
1,27598,24.5610881594084,0.0196514043939737,B_native,distrito,avg_pm25,santiago_2017
2,475823,24.5092209072491,0.338814051487562,B_native,distrito,avg_pm25,santiago_2017
3,446674,24.1905891715094,0.318058243578296,B_native,distrito,avg_pm25,santiago_2017
4,246454,23.6222451427217,0.175489789785941,B_native,distrito,avg_pm25,santiago_2017
5,176703,23.0058786751973,0.125822962193939,B_native,distrito,avg_pm25,santiago_2017
6,31126,22.1140788837052,0.0221635485602879,B_native,distrito,avg_pm25,santiago_2017
1,25176,24.6275253710889,0.0201223357447206,B_common,distrito,avg_pm25,santiago_2017
2,431579,24.5566341746989,0.34494667692925,B_common,distrito,avg_pm25,santiago_2017
3,399040,24.2752899261232,0.318939341260459,B_common,distrito,avg_pm25,santiago_2017
4,216779,23.7360803108687,0.173264212758373,B_common,distrito,avg_pm25,santiago_2017
5,152758,23.1721095217562,0.122094366209566,B_common,distrito,avg_pm25,santiago_2017
6,25815,22.3905196539623,0.0206330670976312,B_common,distrito,avg_pm25,santiago_2017
1,25176,24.6179881493116,0.0201223357447206,baseline_common,distrito,avg_pm25,santiago_2017
2,431579,24.5450800112822,0.34494667692925,baseline_common,distrito,avg_pm25,santiago_2017
3,399040,24.2640384740598,0.318939341260459,baseline_common,distrito,avg_pm25,santiago_2017
4,216779,23.7302821391175,0.173264212758373,baseline_common,distrito,avg_pm25,santiago_2017
5,152758,23.1685099757124,0.122094366209566,baseline_common,distrito,avg_pm25,santiago_2017
6,25815,22.3885291522579,0.0206330670976312,baseline_common,distrito,avg_pm25,santiago_2017
1,25176,24.6176205990892,0.0201223357447206,A_common,distrito,avg_pm25,santiago_2017
2,431579,24.5450217430047,0.34494667692925,A_common,distrito,avg_pm25,santiago_2017
3,399040,24.2642288457285,0.318939341260459,A_common,distrito,avg_pm25,santiago_2017
4,216779,23.7302316001955,0.173264212758373,A_common,distrito,avg_pm25,santiago_2017
5,152758,23.1683930000325,0.122094366209566,A_common,distrito,avg_pm25,santiago_2017
6,25815,22.3886320372696,0.0206330670976312,A_common,distrito,avg_pm25,santiago_2017
1,0,,0,C,distrito,avg_pm25,santiago_2017
2,370880,25.0978958792914,0.259488928271825,C,distrito,avg_pm25,santiago_2017
3,807624,24.0219236858824,0.565060090073891,C,distrito,avg_pm25,santiago_2017
4,172519,23.153068152983,0.12070419115759,C,distrito,avg_pm25,santiago_2017
5,78248,20.452930956488,0.0547467904966938,C,distrito,avg_pm25,santiago_2017
6,0,,0,C,distrito,avg_pm25,santiago_2017
1,28542,509.642702947209,0.0199696208766567,A,comuna,hrs_d_pm10_it1,santiago_2017
2,494628,503.836273568466,0.346070129457605,A,comuna,hrs_d_pm10_it1,santiago_2017
3,460529,487.440181386357,0.322212512532613,A,comuna,hrs_d_pm10_it1,santiago_2017
4,245549,458.519669521657,0.171800169457017,A,comuna,hrs_d_pm10_it1,santiago_2017
5,170723,421.140410705566,0.119447606507093,A,comuna,hrs_d_pm10_it1,santiago_2017
6,29300,354.287473664832,0.0204999611690155,A,comuna,hrs_d_pm10_it1,santiago_2017
1,25344,502.450797032828,0.0174859406661961,B_native,comuna,hrs_d_pm10_it1,santiago_2017
2,431380,503.452689044462,0.297628041531869,B_native,comuna,hrs_d_pm10_it1,santiago_2017
3,425233,479.875489437556,0.293386955780799,B_native,comuna,hrs_d_pm10_it1,santiago_2017
4,272427,415.050274018361,0.187959373337666,B_native,comuna,hrs_d_pm10_it1,santiago_2017
5,239771,333.026270900151,0.165428562163609,B_native,comuna,hrs_d_pm10_it1,santiago_2017
6,55238,236.452224917629,0.0381111265198604,B_native,comuna,hrs_d_pm10_it1,santiago_2017
1,19074,536.106742162106,0.0196272530077834,B_common,comuna,hrs_d_pm10_it1,santiago_2017
2,325270,531.546244658284,0.334704654809778,B_common,comuna,hrs_d_pm10_it1,santiago_2017
3,309262,515.083198065071,0.31823233300268,B_common,comuna,hrs_d_pm10_it1,santiago_2017
4,172165,486.436738012953,0.17715875086951,B_common,comuna,hrs_d_pm10_it1,santiago_2017
5,124968,452.678989821394,0.128592773087799,B_common,comuna,hrs_d_pm10_it1,santiago_2017
6,21073,398.510416172353,0.0216842352224504,B_common,comuna,hrs_d_pm10_it1,santiago_2017
1,19074,538.994285414701,0.0196272530077834,baseline_common,comuna,hrs_d_pm10_it1,santiago_2017
2,325270,533.379032803517,0.334704654809778,baseline_common,comuna,hrs_d_pm10_it1,santiago_2017
3,309262,515.454646868998,0.31823233300268,baseline_common,comuna,hrs_d_pm10_it1,santiago_2017
4,172165,486.266970638632,0.17715875086951,baseline_common,comuna,hrs_d_pm10_it1,santiago_2017
5,124968,452.413497855451,0.128592773087799,baseline_common,comuna,hrs_d_pm10_it1,santiago_2017
6,21073,398.208323447065,0.0216842352224504,baseline_common,comuna,hrs_d_pm10_it1,santiago_2017
1,19074,538.320079621519,0.0196272530077834,A_common,comuna,hrs_d_pm10_it1,santiago_2017
2,325270,533.258039086627,0.334704654809778,A_common,comuna,hrs_d_pm10_it1,santiago_2017
3,309262,515.729105136019,0.31823233300268,A_common,comuna,hrs_d_pm10_it1,santiago_2017
4,172165,486.280142247062,0.17715875086951,A_common,comuna,hrs_d_pm10_it1,santiago_2017
5,124968,452.285917971776,0.128592773087799,A_common,comuna,hrs_d_pm10_it1,santiago_2017
6,21073,398.077938853665,0.0216842352224504,A_common,comuna,hrs_d_pm10_it1,santiago_2017
1,0,,0,C,comuna,hrs_d_pm10_it1,santiago_2017
2,194524,585.49208837984,0.136100151755685,C,comuna,hrs_d_pm10_it1,santiago_2017
3,946044,483.511915936257,0.661906664306489,C,comuna,hrs_d_pm10_it1,santiago_2017
4,252208,438.245111178075,0.176459187935668,C,comuna,hrs_d_pm10_it1,santiago_2017
5,36495,33.9507055761063,0.0255339960021577,C,comuna,hrs_d_pm10_it1,santiago_2017
6,0,,0,C,comuna,hrs_d_pm10_it1,santiago_2017
1,28542,1584.94370537185,0.0199696208766567,A,comuna,hrs_d_pm10_it2,santiago_2017
2,494628,1571.42260985902,0.346070129457605,A,comuna,hrs_d_pm10_it2,santiago_2017
3,460529,1551.16822571564,0.322212512532613,A,comuna,hrs_d_pm10_it2,santiago_2017
4,245549,1517.33808558268,0.171800169457017,A,comuna,hrs_d_pm10_it2,santiago_2017
5,170723,1454.46156479468,0.119447606507093,A,comuna,hrs_d_pm10_it2,santiago_2017
6,29300,1307.80605578142,0.0204999611690155,A,comuna,hrs_d_pm10_it2,santiago_2017
1,25344,1562.51100852273,0.0174859406661961,B_native,comuna,hrs_d_pm10_it2,santiago_2017
2,431380,1560.9332537438,0.297628041531869,B_native,comuna,hrs_d_pm10_it2,santiago_2017
3,425233,1524.20130140417,0.293386955780799,B_native,comuna,hrs_d_pm10_it2,santiago_2017
4,272427,1408.86308625797,0.187959373337666,B_native,comuna,hrs_d_pm10_it2,santiago_2017
5,239771,1239.10288984072,0.165428562163609,B_native,comuna,hrs_d_pm10_it2,santiago_2017
6,55238,1016.58921394692,0.0381111265198604,B_native,comuna,hrs_d_pm10_it2,santiago_2017
1,19074,1626.34764601028,0.0196272530077834,B_common,comuna,hrs_d_pm10_it2,santiago_2017
2,325270,1612.6151966059,0.334704654809778,B_common,comuna,hrs_d_pm10_it2,santiago_2017
3,309262,1593.93124923204,0.31823233300268,B_common,comuna,hrs_d_pm10_it2,santiago_2017
4,172165,1570.27496877995,0.17715875086951,B_common,comuna,hrs_d_pm10_it2,santiago_2017
5,124968,1526.79910056975,0.128592773087799,B_common,comuna,hrs_d_pm10_it2,santiago_2017
6,21073,1417.77763014284,0.0216842352224504,B_common,comuna,hrs_d_pm10_it2,santiago_2017
1,19074,1626.14920834644,0.0196272530077834,baseline_common,comuna,hrs_d_pm10_it2,santiago_2017
2,325270,1611.07024010822,0.334704654809778,baseline_common,comuna,hrs_d_pm10_it2,santiago_2017
3,309262,1590.71183009875,0.31823233300268,baseline_common,comuna,hrs_d_pm10_it2,santiago_2017
4,172165,1567.35346905585,0.17715875086951,baseline_common,comuna,hrs_d_pm10_it2,santiago_2017
5,124968,1524.02867133986,0.128592773087799,baseline_common,comuna,hrs_d_pm10_it2,santiago_2017
6,21073,1415.29853366868,0.0216842352224504,baseline_common,comuna,hrs_d_pm10_it2,santiago_2017
1,19074,1625.37771836701,0.0196272530077834,A_common,comuna,hrs_d_pm10_it2,santiago_2017
2,325270,1610.63369025747,0.334704654809778,A_common,comuna,hrs_d_pm10_it2,santiago_2017
3,309262,1590.89955495323,0.31823233300268,A_common,comuna,hrs_d_pm10_it2,santiago_2017
4,172165,1567.50613877079,0.17715875086951,A_common,comuna,hrs_d_pm10_it2,santiago_2017
5,124968,1524.7042684851,0.128592773087799,A_common,comuna,hrs_d_pm10_it2,santiago_2017
6,21073,1416.06629721593,0.0216842352224504,A_common,comuna,hrs_d_pm10_it2,santiago_2017
1,0,,0,C,comuna,hrs_d_pm10_it2,santiago_2017
2,194524,1708.6625197919,0.136100151755685,C,comuna,hrs_d_pm10_it2,santiago_2017
3,946044,1532.32288350225,0.661906664306489,C,comuna,hrs_d_pm10_it2,santiago_2017
4,252208,1567.16215980461,0.176459187935668,C,comuna,hrs_d_pm10_it2,santiago_2017
5,36495,514,0.0255339960021577,C,comuna,hrs_d_pm10_it2,santiago_2017
6,0,,0,C,comuna,hrs_d_pm10_it2,santiago_2017
1,28542,68.539283816985,0.0199696208766567,A,comuna,avg_pm10,santiago_2017
2,494628,68.3232739930317,0.346070129457605,A,comuna,avg_pm10,santiago_2017
3,460529,68.0947467682107,0.322212512532613,A,comuna,avg_pm10,santiago_2017
4,245549,67.6442222663162,0.171800169457017,A,comuna,avg_pm10,santiago_2017
5,170723,66.5391111537706,0.119447606507093,A,comuna,avg_pm10,santiago_2017
6,29300,63.9968827905851,0.0204999611690155,A,comuna,avg_pm10,santiago_2017
1,25344,67.6710306370692,0.0174859406661961,B_native,comuna,avg_pm10,santiago_2017
2,431380,67.5923028311039,0.297628041531869,B_native,comuna,avg_pm10,santiago_2017
3,425233,67.0518285146993,0.293386955780799,B_native,comuna,avg_pm10,santiago_2017
4,272427,65.3307903001469,0.187959373337666,B_native,comuna,avg_pm10,santiago_2017
5,239771,62.6034929010378,0.165428562163609,B_native,comuna,avg_pm10,santiago_2017
6,55238,58.930000518529,0.0381111265198604,B_native,comuna,avg_pm10,santiago_2017
1,19074,68.481328810727,0.0196272530077834,B_common,comuna,avg_pm10,santiago_2017
2,325270,68.1679030748488,0.334704654809778,B_common,comuna,avg_pm10,santiago_2017
3,309262,67.9612822120266,0.31823233300268,B_common,comuna,avg_pm10,santiago_2017
4,172165,67.835820052129,0.17715875086951,B_common,comuna,avg_pm10,santiago_2017
5,124968,67.2769007620994,0.128592773087799,B_common,comuna,avg_pm10,santiago_2017
6,21073,65.5296245081325,0.0216842352224504,B_common,comuna,avg_pm10,santiago_2017
1,19074,68.6875398502368,0.0196272530077834,baseline_common,comuna,avg_pm10,santiago_2017
2,325270,68.3586142136418,0.334704654809778,baseline_common,comuna,avg_pm10,santiago_2017
3,309262,68.091287730524,0.31823233300268,baseline_common,comuna,avg_pm10,santiago_2017
4,172165,67.9226128794964,0.17715875086951,baseline_common,comuna,avg_pm10,santiago_2017
5,124968,67.3288388927517,0.128592773087799,baseline_common,comuna,avg_pm10,santiago_2017
6,21073,65.5571677101597,0.0216842352224504,baseline_common,comuna,avg_pm10,santiago_2017
1,19074,68.6750461484856,0.0196272530077834,A_common,comuna,avg_pm10,santiago_2017
2,325270,68.3465940865473,0.334704654809778,A_common,comuna,avg_pm10,santiago_2017
3,309262,68.0905647107244,0.31823233300268,A_common,comuna,avg_pm10,santiago_2017
4,172165,67.9303568176759,0.17715875086951,A_common,comuna,avg_pm10,santiago_2017
5,124968,67.3524567656401,0.128592773087799,A_common,comuna,avg_pm10,santiago_2017
6,21073,65.5835284592834,0.0216842352224504,A_common,comuna,avg_pm10,santiago_2017
1,0,,0,C,comuna,avg_pm10,santiago_2017
2,194524,70.3619299979673,0.136100151755685,C,comuna,avg_pm10,santiago_2017
3,946044,67.9546410593231,0.661906664306489,C,comuna,avg_pm10,santiago_2017
4,252208,67.9307219163307,0.176459187935668,C,comuna,avg_pm10,santiago_2017
5,36495,50.6036791244615,0.0255339960021577,C,comuna,avg_pm10,santiago_2017
6,0,,0,C,comuna,avg_pm10,santiago_2017
1,28542,265.839094902191,0.0199696208766567,A,comuna,hrs_d_pm25_it1,santiago_2017
2,494628,263.391884460394,0.346070129457605,A,comuna,hrs_d_pm25_it1,santiago_2017
3,460529,244.094697584133,0.322212512532613,A,comuna,hrs_d_pm25_it1,santiago_2017
4,245549,208.294410902844,0.171800169457017,A,comuna,hrs_d_pm25_it1,santiago_2017
5,170723,176.257178435189,0.119447606507093,A,comuna,hrs_d_pm25_it1,santiago_2017
6,29300,141.348054996172,0.0204999611690155,A,comuna,hrs_d_pm25_it1,santiago_2017
1,25344,275.31470959596,0.0174859406661961,B_native,comuna,hrs_d_pm25_it1,santiago_2017
2,431380,278.399874820344,0.297628041531869,B_native,comuna,hrs_d_pm25_it1,santiago_2017
3,425233,253.776696540485,0.293386955780799,B_native,comuna,hrs_d_pm25_it1,santiago_2017
4,272427,197.68778425046,0.187959373337666,B_native,comuna,hrs_d_pm25_it1,santiago_2017
5,239771,146.439677859291,0.165428562163609,B_native,comuna,hrs_d_pm25_it1,santiago_2017
6,55238,102.064846663529,0.0381111265198604,B_native,comuna,hrs_d_pm25_it1,santiago_2017
1,19074,305.043986578589,0.0196272530077834,B_common,comuna,hrs_d_pm25_it1,santiago_2017
2,325270,305.822774925447,0.334704654809778,B_common,comuna,hrs_d_pm25_it1,santiago_2017
3,309262,282.674011032717,0.31823233300268,B_common,comuna,hrs_d_pm25_it1,santiago_2017
4,172165,236.59731652775,0.17715875086951,B_common,comuna,hrs_d_pm25_it1,santiago_2017
5,124968,196.556150374496,0.128592773087799,B_common,comuna,hrs_d_pm25_it1,santiago_2017
6,21073,160.749822047169,0.0216842352224504,B_common,comuna,hrs_d_pm25_it1,santiago_2017
1,19074,302.2390164622,0.0196272530077834,baseline_common,comuna,hrs_d_pm25_it1,santiago_2017
2,325270,302.02188643281,0.334704654809778,baseline_common,comuna,hrs_d_pm25_it1,santiago_2017
3,309262,278.727994386637,0.31823233300268,baseline_common,comuna,hrs_d_pm25_it1,santiago_2017
4,172165,233.560520430982,0.17715875086951,baseline_common,comuna,hrs_d_pm25_it1,santiago_2017
5,124968,194.594752256578,0.128592773087799,baseline_common,comuna,hrs_d_pm25_it1,santiago_2017
6,21073,159.496369762255,0.0216842352224504,baseline_common,comuna,hrs_d_pm25_it1,santiago_2017
1,19074,301.412841059536,0.0196272530077834,A_common,comuna,hrs_d_pm25_it1,santiago_2017
2,325270,301.827868889343,0.334704654809778,A_common,comuna,hrs_d_pm25_it1,santiago_2017
3,309262,279.023781978427,0.31823233300268,A_common,comuna,hrs_d_pm25_it1,santiago_2017
4,172165,233.737012972754,0.17715875086951,A_common,comuna,hrs_d_pm25_it1,santiago_2017
5,124968,194.404469812592,0.128592773087799,A_common,comuna,hrs_d_pm25_it1,santiago_2017
6,21073,159.252037197535,0.0216842352224504,A_common,comuna,hrs_d_pm25_it1,santiago_2017
1,0,,0,C,comuna,hrs_d_pm25_it1,santiago_2017
2,194524,343.771899611359,0.136100151755685,C,comuna,hrs_d_pm25_it1,santiago_2017
3,946044,243.897003733442,0.661906664306489,C,comuna,hrs_d_pm25_it1,santiago_2017
4,252208,146.193744845524,0.176459187935668,C,comuna,hrs_d_pm25_it1,santiago_2017
5,36495,31.9507055761063,0.0255339960021577,C,comuna,hrs_d_pm25_it1,santiago_2017
6,0,,0,C,comuna,hrs_d_pm25_it1,santiago_2017
1,28542,939.363794807248,0.0199696208766567,A,comuna,hrs_d_pm25_it2,santiago_2017
2,494628,930.441488424944,0.346070129457605,A,comuna,hrs_d_pm25_it2,santiago_2017
3,460529,900.313953194305,0.322212512532613,A,comuna,hrs_d_pm25_it2,santiago_2017
4,245549,846.627408393943,0.171800169457017,A,comuna,hrs_d_pm25_it2,santiago_2017
5,170723,785.100422465021,0.119447606507093,A,comuna,hrs_d_pm25_it2,santiago_2017
6,29300,692.477545140264,0.0204999611690155,A,comuna,hrs_d_pm25_it2,santiago_2017
1,25344,971.101089015152,0.0174859406661961,B_native,comuna,hrs_d_pm25_it2,santiago_2017
2,431380,977.620204923733,0.297628041531869,B_native,comuna,hrs_d_pm25_it2,santiago_2017
3,425233,937.017964269001,0.293386955780799,B_native,comuna,hrs_d_pm25_it2,santiago_2017
4,272427,824.609421973593,0.187959373337666,B_native,comuna,hrs_d_pm25_it2,santiago_2017
5,239771,693.15120260582,0.165428562163609,B_native,comuna,hrs_d_pm25_it2,santiago_2017
6,55238,555.764473731851,0.0381111265198604,B_native,comuna,hrs_d_pm25_it2,santiago_2017
1,19074,1020.65046660375,0.0196272530077834,B_common,comuna,hrs_d_pm25_it2,santiago_2017
2,325270,1018.16374396655,0.334704654809778,B_common,comuna,hrs_d_pm25_it2,santiago_2017
3,309262,988.1265302559,0.31823233300268,B_common,comuna,hrs_d_pm25_it2,santiago_2017
4,172165,922.159138036186,0.17715875086951,B_common,comuna,hrs_d_pm25_it2,santiago_2017
5,124968,848.124919979515,0.128592773087799,B_common,comuna,hrs_d_pm25_it2,santiago_2017
6,21073,758.699046172828,0.0216842352224504,B_common,comuna,hrs_d_pm25_it2,santiago_2017
1,19074,1011.15015203943,0.0196272530077834,baseline_common,comuna,hrs_d_pm25_it2,santiago_2017
2,325270,1006.42672856396,0.334704654809778,baseline_common,comuna,hrs_d_pm25_it2,santiago_2017
3,309262,976.514492566174,0.31823233300268,baseline_common,comuna,hrs_d_pm25_it2,santiago_2017
4,172165,912.724072837104,0.17715875086951,baseline_common,comuna,hrs_d_pm25_it2,santiago_2017
5,124968,841.290314320466,0.128592773087799,baseline_common,comuna,hrs_d_pm25_it2,santiago_2017
6,21073,753.952972998624,0.0216842352224504,baseline_common,comuna,hrs_d_pm25_it2,santiago_2017
1,19074,1010.20162602477,0.0196272530077834,A_common,comuna,hrs_d_pm25_it2,santiago_2017
2,325270,1007.02005259117,0.334704654809778,A_common,comuna,hrs_d_pm25_it2,santiago_2017
3,309262,977.352904999831,0.31823233300268,A_common,comuna,hrs_d_pm25_it2,santiago_2017
4,172165,912.005352303341,0.17715875086951,A_common,comuna,hrs_d_pm25_it2,santiago_2017
5,124968,839.345959663333,0.128592773087799,A_common,comuna,hrs_d_pm25_it2,santiago_2017
6,21073,751.873229607839,0.0216842352224504,A_common,comuna,hrs_d_pm25_it2,santiago_2017
1,0,,0,C,comuna,hrs_d_pm25_it2,santiago_2017
2,194524,1051.49666365076,0.136100151755685,C,comuna,hrs_d_pm25_it2,santiago_2017
3,946044,908.917814604817,0.661906664306489,C,comuna,hrs_d_pm25_it2,santiago_2017
4,252208,747.447916005836,0.176459187935668,C,comuna,hrs_d_pm25_it2,santiago_2017
5,36495,299,0.0255339960021577,C,comuna,hrs_d_pm25_it2,santiago_2017
6,0,,0,C,comuna,hrs_d_pm25_it2,santiago_2017
1,28542,24.5156843072324,0.0199696208766567,A,comuna,avg_pm25,santiago_2017
2,494628,24.4143027448809,0.346070129457605,A,comuna,avg_pm25,santiago_2017
3,460529,24.1452450517469,0.322212512532613,A,comuna,avg_pm25,santiago_2017
4,245549,23.6760859375964,0.171800169457017,A,comuna,avg_pm25,santiago_2017
5,170723,23.0965472447054,0.119447606507093,A,comuna,avg_pm25,santiago_2017
6,29300,22.2482238591497,0.0204999611690155,A,comuna,avg_pm25,santiago_2017
1,25344,24.7512451438619,0.0174859406661961,B_native,comuna,avg_pm25,santiago_2017
2,431380,24.777802816481,0.297628041531869,B_native,comuna,avg_pm25,santiago_2017
3,425233,24.396036621034,0.293386955780799,B_native,comuna,avg_pm25,santiago_2017
4,272427,23.4088352198324,0.187959373337666,B_native,comuna,avg_pm25,santiago_2017
5,239771,22.2415469151515,0.165428562163609,B_native,comuna,avg_pm25,santiago_2017
6,55238,21.0341605062953,0.0381111265198604,B_native,comuna,avg_pm25,santiago_2017
1,19074,25.0755447835113,0.0196272530077834,B_common,comuna,avg_pm25,santiago_2017
2,325270,24.9983663615748,0.334704654809778,B_common,comuna,avg_pm25,santiago_2017
3,309262,24.7272307928763,0.31823233300268,B_common,comuna,avg_pm25,santiago_2017
4,172165,24.1783972538044,0.17715875086951,B_common,comuna,avg_pm25,santiago_2017
5,124968,23.5236551735271,0.128592773087799,B_common,comuna,avg_pm25,santiago_2017
6,21073,22.7208315213581,0.0216842352224504,B_common,comuna,avg_pm25,santiago_2017
1,19074,25.0686552965299,0.0196272530077834,baseline_common,comuna,avg_pm25,santiago_2017
2,325270,24.9748885616703,0.334704654809778,baseline_common,comuna,avg_pm25,santiago_2017
3,309262,24.6959530765558,0.31823233300268,baseline_common,comuna,avg_pm25,santiago_2017
4,172165,24.147806890393,0.17715875086951,baseline_common,comuna,avg_pm25,santiago_2017
5,124968,23.5018441478149,0.128592773087799,baseline_common,comuna,avg_pm25,santiago_2017
6,21073,22.7063652370278,0.0216842352224504,baseline_common,comuna,avg_pm25,santiago_2017
1,19074,25.0607381081357,0.0196272530077834,A_common,comuna,avg_pm25,santiago_2017
2,325270,24.9805789833229,0.334704654809778,A_common,comuna,avg_pm25,santiago_2017
3,309262,24.7027176922896,0.31823233300268,A_common,comuna,avg_pm25,santiago_2017
4,172165,24.14153091686,0.17715875086951,A_common,comuna,avg_pm25,santiago_2017
5,124968,23.4845705636528,0.128592773087799,A_common,comuna,avg_pm25,santiago_2017
6,21073,22.6879566850997,0.0216842352224504,A_common,comuna,avg_pm25,santiago_2017
1,0,,0,C,comuna,avg_pm25,santiago_2017
2,194524,25.565496295054,0.136100151755685,C,comuna,avg_pm25,santiago_2017
3,946044,24.3068160290406,0.661906664306489,C,comuna,avg_pm25,santiago_2017
4,252208,22.3879785019692,0.176459187935668,C,comuna,avg_pm25,santiago_2017
5,36495,18.8762153189471,0.0255339960021577,C,comuna,avg_pm25,santiago_2017
6,0,,0,C,comuna,avg_pm25,santiago_2017
1,158579.901720592,5.92652652783607,0.0493805358607496,A,fine,hrs_d_pm10_it1,sao_paulo_2010
2,1380503.53257749,5.49520507663821,0.42987795714772,A,fine,hrs_d_pm10_it1,sao_paulo_2010
3,940183.530558005,5.00543007855269,0.2927657669268,A,fine,hrs_d_pm10_it1,sao_paulo_2010
5,578425.645930213,2.41367610586688,0.180117203010759,A,fine,hrs_d_pm10_it1,sao_paulo_2010
6,153692.177904101,1.69170405732519,0.0478585370539718,A,fine,hrs_d_pm10_it1,sao_paulo_2010
1,158579.901720592,5.92652652783607,0.0493805358607496,B_native,fine,hrs_d_pm10_it1,sao_paulo_2010
2,1380503.53257749,5.49520507663821,0.42987795714772,B_native,fine,hrs_d_pm10_it1,sao_paulo_2010
3,940183.530558005,5.00543007855269,0.2927657669268,B_native,fine,hrs_d_pm10_it1,sao_paulo_2010
5,578425.645930213,2.41367610586688,0.180117203010759,B_native,fine,hrs_d_pm10_it1,sao_paulo_2010
6,153692.177904101,1.69170405732519,0.0478585370539718,B_native,fine,hrs_d_pm10_it1,sao_paulo_2010
1,158579.901720592,5.92652652783607,0.0493805358607496,B_common,fine,hrs_d_pm10_it1,sao_paulo_2010
2,1380503.53257749,5.49520507663821,0.42987795714772,B_common,fine,hrs_d_pm10_it1,sao_paulo_2010
3,940183.530558005,5.00543007855269,0.2927657669268,B_common,fine,hrs_d_pm10_it1,sao_paulo_2010
5,578425.645930213,2.41367610586688,0.180117203010759,B_common,fine,hrs_d_pm10_it1,sao_paulo_2010
6,153692.177904101,1.69170405732519,0.0478585370539718,B_common,fine,hrs_d_pm10_it1,sao_paulo_2010
1,158579.901720592,5.92652652783607,0.0493805358607496,baseline_common,fine,hrs_d_pm10_it1,sao_paulo_2010
2,1380503.53257749,5.49520507663821,0.42987795714772,baseline_common,fine,hrs_d_pm10_it1,sao_paulo_2010
3,940183.530558005,5.00543007855269,0.2927657669268,baseline_common,fine,hrs_d_pm10_it1,sao_paulo_2010
5,578425.645930213,2.41367610586688,0.180117203010759,baseline_common,fine,hrs_d_pm10_it1,sao_paulo_2010
6,153692.177904101,1.69170405732519,0.0478585370539718,baseline_common,fine,hrs_d_pm10_it1,sao_paulo_2010
1,158579.901720592,5.92652652783607,0.0493805358607496,A_common,fine,hrs_d_pm10_it1,sao_paulo_2010
2,1380503.53257749,5.49520507663821,0.42987795714772,A_common,fine,hrs_d_pm10_it1,sao_paulo_2010
3,940183.530558005,5.00543007855269,0.2927657669268,A_common,fine,hrs_d_pm10_it1,sao_paulo_2010
5,578425.645930213,2.41367610586688,0.180117203010759,A_common,fine,hrs_d_pm10_it1,sao_paulo_2010
6,153692.177904101,1.69170405732519,0.0478585370539718,A_common,fine,hrs_d_pm10_it1,sao_paulo_2010
1,0,,0,C,fine,hrs_d_pm10_it1,sao_paulo_2010
2,1691747.07464228,6.87012521891504,0.526796751544735,C,fine,hrs_d_pm10_it1,sao_paulo_2010
3,956744.400362112,3.28767504484905,0.297922691709663,C,fine,hrs_d_pm10_it1,sao_paulo_2010
5,562893.313686012,0.213461140513941,0.175280556745602,C,fine,hrs_d_pm10_it1,sao_paulo_2010
6,0,,0,C,fine,hrs_d_pm10_it1,sao_paulo_2010
1,158579.901720592,73.3767564437955,0.0493805358607496,A,fine,hrs_d_pm10_it2,sao_paulo_2010
2,1380503.53257749,70.3335001045442,0.42987795714772,A,fine,hrs_d_pm10_it2,sao_paulo_2010
3,940183.530558005,66.3633482589325,0.2927657669268,A,fine,hrs_d_pm10_it2,sao_paulo_2010
5,578425.645930213,50.6667429040502,0.180117203010759,A,fine,hrs_d_pm10_it2,sao_paulo_2010
6,153692.177904101,44.1643094321247,0.0478585370539718,A,fine,hrs_d_pm10_it2,sao_paulo_2010
1,158579.901720592,73.3767564437955,0.0493805358607496,B_native,fine,hrs_d_pm10_it2,sao_paulo_2010
2,1380503.53257749,70.3335001045442,0.42987795714772,B_native,fine,hrs_d_pm10_it2,sao_paulo_2010
3,940183.530558005,66.3633482589325,0.2927657669268,B_native,fine,hrs_d_pm10_it2,sao_paulo_2010
5,578425.645930213,50.6667429040502,0.180117203010759,B_native,fine,hrs_d_pm10_it2,sao_paulo_2010
6,153692.177904101,44.1643094321247,0.0478585370539718,B_native,fine,hrs_d_pm10_it2,sao_paulo_2010
1,158579.901720592,73.3767564437955,0.0493805358607496,B_common,fine,hrs_d_pm10_it2,sao_paulo_2010
2,1380503.53257749,70.3335001045442,0.42987795714772,B_common,fine,hrs_d_pm10_it2,sao_paulo_2010
3,940183.530558005,66.3633482589325,0.2927657669268,B_common,fine,hrs_d_pm10_it2,sao_paulo_2010
5,578425.645930213,50.6667429040502,0.180117203010759,B_common,fine,hrs_d_pm10_it2,sao_paulo_2010
6,153692.177904101,44.1643094321247,0.0478585370539718,B_common,fine,hrs_d_pm10_it2,sao_paulo_2010
1,158579.901720592,73.3767564437955,0.0493805358607496,baseline_common,fine,hrs_d_pm10_it2,sao_paulo_2010
2,1380503.53257749,70.3335001045442,0.42987795714772,baseline_common,fine,hrs_d_pm10_it2,sao_paulo_2010
3,940183.530558005,66.3633482589325,0.2927657669268,baseline_common,fine,hrs_d_pm10_it2,sao_paulo_2010
5,578425.645930213,50.6667429040502,0.180117203010759,baseline_common,fine,hrs_d_pm10_it2,sao_paulo_2010
6,153692.177904101,44.1643094321247,0.0478585370539718,baseline_common,fine,hrs_d_pm10_it2,sao_paulo_2010
1,158579.901720592,73.3767564437955,0.0493805358607496,A_common,fine,hrs_d_pm10_it2,sao_paulo_2010
2,1380503.53257749,70.3335001045442,0.42987795714772,A_common,fine,hrs_d_pm10_it2,sao_paulo_2010
3,940183.530558005,66.3633482589325,0.2927657669268,A_common,fine,hrs_d_pm10_it2,sao_paulo_2010
5,578425.645930213,50.6667429040502,0.180117203010759,A_common,fine,hrs_d_pm10_it2,sao_paulo_2010
6,153692.177904101,44.1643094321247,0.0478585370539718,A_common,fine,hrs_d_pm10_it2,sao_paulo_2010
1,0,,0,C,fine,hrs_d_pm10_it2,sao_paulo_2010
2,1691747.07464228,76.5592967641002,0.526796751544735,C,fine,hrs_d_pm10_it2,sao_paulo_2010
3,956744.400362112,63.6745627762367,0.297922691709663,C,fine,hrs_d_pm10_it2,sao_paulo_2010
5,562893.313686012,29.8117876171684,0.175280556745602,C,fine,hrs_d_pm10_it2,sao_paulo_2010
6,0,,0,C,fine,hrs_d_pm10_it2,sao_paulo_2010
1,158579.901720592,26.5022245677594,0.0493805358607496,A,fine,avg_pm10,sao_paulo_2010
2,1380503.53257749,26.4365162189913,0.42987795714772,A,fine,avg_pm10,sao_paulo_2010
3,940183.530558005,26.2581242118262,0.2927657669268,A,fine,avg_pm10,sao_paulo_2010
5,578425.645930213,25.6825155669377,0.180117203010759,A,fine,avg_pm10,sao_paulo_2010
6,153692.177904101,25.4077626653882,0.0478585370539718,A,fine,avg_pm10,sao_paulo_2010
1,158579.901720592,26.5022245677594,0.0493805358607496,B_native,fine,avg_pm10,sao_paulo_2010
2,1380503.53257749,26.4365162189913,0.42987795714772,B_native,fine,avg_pm10,sao_paulo_2010
3,940183.530558005,26.2581242118262,0.2927657669268,B_native,fine,avg_pm10,sao_paulo_2010
5,578425.645930213,25.6825155669377,0.180117203010759,B_native,fine,avg_pm10,sao_paulo_2010
6,153692.177904101,25.4077626653882,0.0478585370539718,B_native,fine,avg_pm10,sao_paulo_2010
1,158579.901720592,26.5022245677594,0.0493805358607496,B_common,fine,avg_pm10,sao_paulo_2010
2,1380503.53257749,26.4365162189913,0.42987795714772,B_common,fine,avg_pm10,sao_paulo_2010
3,940183.530558005,26.2581242118262,0.2927657669268,B_common,fine,avg_pm10,sao_paulo_2010
5,578425.645930213,25.6825155669377,0.180117203010759,B_common,fine,avg_pm10,sao_paulo_2010
6,153692.177904101,25.4077626653882,0.0478585370539718,B_common,fine,avg_pm10,sao_paulo_2010
1,158579.901720592,26.5022245677594,0.0493805358607496,baseline_common,fine,avg_pm10,sao_paulo_2010
2,1380503.53257749,26.4365162189913,0.42987795714772,baseline_common,fine,avg_pm10,sao_paulo_2010
3,940183.530558005,26.2581242118262,0.2927657669268,baseline_common,fine,avg_pm10,sao_paulo_2010
5,578425.645930213,25.6825155669377,0.180117203010759,baseline_common,fine,avg_pm10,sao_paulo_2010
6,153692.177904101,25.4077626653882,0.0478585370539718,baseline_common,fine,avg_pm10,sao_paulo_2010
1,158579.901720592,26.5022245677594,0.0493805358607496,A_common,fine,avg_pm10,sao_paulo_2010
2,1380503.53257749,26.4365162189913,0.42987795714772,A_common,fine,avg_pm10,sao_paulo_2010
3,940183.530558005,26.2581242118262,0.2927657669268,A_common,fine,avg_pm10,sao_paulo_2010
5,578425.645930213,25.6825155669377,0.180117203010759,A_common,fine,avg_pm10,sao_paulo_2010
6,153692.177904101,25.4077626653882,0.0478585370539718,A_common,fine,avg_pm10,sao_paulo_2010
1,0,,0,C,fine,avg_pm10,sao_paulo_2010
2,1691747.07464228,26.593714187197,0.526796751544735,C,fine,avg_pm10,sao_paulo_2010
3,956744.400362112,26.3746549794546,0.297922691709663,C,fine,avg_pm10,sao_paulo_2010
5,562893.313686012,24.7340627042109,0.175280556745602,C,fine,avg_pm10,sao_paulo_2010
6,0,,0,C,fine,avg_pm10,sao_paulo_2010
1,132222.621035176,17.9526459301868,0.0462863988605498,A,fine,hrs_d_pm25_it1,sao_paulo_2010
2,1177495.28238905,17.4751132733116,0.412198879967566,A,fine,hrs_d_pm25_it1,sao_paulo_2010
3,818809.076932977,17.1551355271149,0.286635699919122,A,fine,hrs_d_pm25_it1,sao_paulo_2010
5,571033.027386125,14.8043711618714,0.199898188836461,A,fine,hrs_d_pm25_it1,sao_paulo_2010
6,157059.307868842,12.9763906150731,0.0549808324163014,A,fine,hrs_d_pm25_it1,sao_paulo_2010
1,132222.621035176,17.9526459301868,0.0462863988605498,B_native,fine,hrs_d_pm25_it1,sao_paulo_2010
2,1177495.28238905,17.4751132733116,0.412198879967566,B_native,fine,hrs_d_pm25_it1,sao_paulo_2010
3,818809.076932977,17.1551355271149,0.286635699919122,B_native,fine,hrs_d_pm25_it1,sao_paulo_2010
5,571033.027386125,14.8043711618714,0.199898188836461,B_native,fine,hrs_d_pm25_it1,sao_paulo_2010
6,157059.307868842,12.9763906150731,0.0549808324163014,B_native,fine,hrs_d_pm25_it1,sao_paulo_2010
1,132222.621035176,17.9526459301868,0.0462863988605498,B_common,fine,hrs_d_pm25_it1,sao_paulo_2010
2,1177495.28238905,17.4751132733116,0.412198879967566,B_common,fine,hrs_d_pm25_it1,sao_paulo_2010
3,818809.076932977,17.1551355271149,0.286635699919122,B_common,fine,hrs_d_pm25_it1,sao_paulo_2010
5,571033.027386125,14.8043711618714,0.199898188836461,B_common,fine,hrs_d_pm25_it1,sao_paulo_2010
6,157059.307868842,12.9763906150731,0.0549808324163014,B_common,fine,hrs_d_pm25_it1,sao_paulo_2010
1,132222.621035176,17.9526459301868,0.0462863988605498,baseline_common,fine,hrs_d_pm25_it1,sao_paulo_2010
2,1177495.28238905,17.4751132733116,0.412198879967566,baseline_common,fine,hrs_d_pm25_it1,sao_paulo_2010
3,818809.076932977,17.1551355271149,0.286635699919122,baseline_common,fine,hrs_d_pm25_it1,sao_paulo_2010
5,571033.027386125,14.8043711618714,0.199898188836461,baseline_common,fine,hrs_d_pm25_it1,sao_paulo_2010
6,157059.307868842,12.9763906150731,0.0549808324163014,baseline_common,fine,hrs_d_pm25_it1,sao_paulo_2010
1,132222.621035176,17.9526459301868,0.0462863988605498,A_common,fine,hrs_d_pm25_it1,sao_paulo_2010
2,1177495.28238905,17.4751132733116,0.412198879967566,A_common,fine,hrs_d_pm25_it1,sao_paulo_2010
3,818809.076932977,17.1551355271149,0.286635699919122,A_common,fine,hrs_d_pm25_it1,sao_paulo_2010
5,571033.027386125,14.8043711618714,0.199898188836461,A_common,fine,hrs_d_pm25_it1,sao_paulo_2010
6,157059.307868842,12.9763906150731,0.0549808324163014,A_common,fine,hrs_d_pm25_it1,sao_paulo_2010
1,0,,0,C,fine,hrs_d_pm25_it1,sao_paulo_2010
2,1311650.21071445,18.0393795388047,0.459161710328688,C,fine,hrs_d_pm25_it1,sao_paulo_2010
3,1042656.99696078,17.3828446133898,0.364996830786093,C,fine,hrs_d_pm25_it1,sao_paulo_2010
5,502312.10793694,11.3545686212363,0.175841458885219,C,fine,hrs_d_pm25_it1,sao_paulo_2010
6,0,,0,C,fine,hrs_d_pm25_it1,sao_paulo_2010
1,132222.621035176,137.492319895121,0.0462863988605498,A,fine,hrs_d_pm25_it2,sao_paulo_2010
2,1177495.28238905,135.928288865372,0.412198879967566,A,fine,hrs_d_pm25_it2,sao_paulo_2010
3,818809.076932977,136.661671001733,0.286635699919122,A,fine,hrs_d_pm25_it2,sao_paulo_2010
5,571033.027386125,129.570982641714,0.199898188836461,A,fine,hrs_d_pm25_it2,sao_paulo_2010
6,157059.307868842,118.622212360334,0.0549808324163014,A,fine,hrs_d_pm25_it2,sao_paulo_2010
1,132222.621035176,137.492319895121,0.0462863988605498,B_native,fine,hrs_d_pm25_it2,sao_paulo_2010
2,1177495.28238905,135.928288865372,0.412198879967566,B_native,fine,hrs_d_pm25_it2,sao_paulo_2010
3,818809.076932977,136.661671001733,0.286635699919122,B_native,fine,hrs_d_pm25_it2,sao_paulo_2010
5,571033.027386125,129.570982641714,0.199898188836461,B_native,fine,hrs_d_pm25_it2,sao_paulo_2010
6,157059.307868842,118.622212360334,0.0549808324163014,B_native,fine,hrs_d_pm25_it2,sao_paulo_2010
1,132222.621035176,137.492319895121,0.0462863988605498,B_common,fine,hrs_d_pm25_it2,sao_paulo_2010
2,1177495.28238905,135.928288865372,0.412198879967566,B_common,fine,hrs_d_pm25_it2,sao_paulo_2010
3,818809.076932977,136.661671001733,0.286635699919122,B_common,fine,hrs_d_pm25_it2,sao_paulo_2010
5,571033.027386125,129.570982641714,0.199898188836461,B_common,fine,hrs_d_pm25_it2,sao_paulo_2010
6,157059.307868842,118.622212360334,0.0549808324163014,B_common,fine,hrs_d_pm25_it2,sao_paulo_2010
1,132222.621035176,137.492319895121,0.0462863988605498,baseline_common,fine,hrs_d_pm25_it2,sao_paulo_2010
2,1177495.28238905,135.928288865372,0.412198879967566,baseline_common,fine,hrs_d_pm25_it2,sao_paulo_2010
3,818809.076932977,136.661671001733,0.286635699919122,baseline_common,fine,hrs_d_pm25_it2,sao_paulo_2010
5,571033.027386125,129.570982641714,0.199898188836461,baseline_common,fine,hrs_d_pm25_it2,sao_paulo_2010
6,157059.307868842,118.622212360334,0.0549808324163014,baseline_common,fine,hrs_d_pm25_it2,sao_paulo_2010
1,132222.621035176,137.492319895121,0.0462863988605498,A_common,fine,hrs_d_pm25_it2,sao_paulo_2010
2,1177495.28238905,135.928288865372,0.412198879967566,A_common,fine,hrs_d_pm25_it2,sao_paulo_2010
3,818809.076932977,136.661671001733,0.286635699919122,A_common,fine,hrs_d_pm25_it2,sao_paulo_2010
5,571033.027386125,129.570982641714,0.199898188836461,A_common,fine,hrs_d_pm25_it2,sao_paulo_2010
6,157059.307868842,118.622212360334,0.0549808324163014,A_common,fine,hrs_d_pm25_it2,sao_paulo_2010
1,0,,0,C,fine,hrs_d_pm25_it2,sao_paulo_2010
2,1311650.21071445,129.072546491416,0.459161710328688,C,fine,hrs_d_pm25_it2,sao_paulo_2010
3,1042656.99696078,152.145140235324,0.364996830786093,C,fine,hrs_d_pm25_it2,sao_paulo_2010
5,502312.10793694,109.137595605164,0.175841458885219,C,fine,hrs_d_pm25_it2,sao_paulo_2010
6,0,,0,C,fine,hrs_d_pm25_it2,sao_paulo_2010
1,132222.621035176,14.088461181814,0.0462863988605498,A,fine,avg_pm25,sao_paulo_2010
2,1177495.28238905,14.1170810367358,0.412198879967566,A,fine,avg_pm25,sao_paulo_2010
3,818809.076932977,14.1255586224494,0.286635699919122,A,fine,avg_pm25,sao_paulo_2010
5,571033.027386125,14.2122379965709,0.199898188836461,A,fine,avg_pm25,sao_paulo_2010
6,157059.307868842,14.058226288331,0.0549808324163014,A,fine,avg_pm25,sao_paulo_2010
1,132222.621035176,14.088461181814,0.0462863988605498,B_native,fine,avg_pm25,sao_paulo_2010
2,1177495.28238905,14.1170810367358,0.412198879967566,B_native,fine,avg_pm25,sao_paulo_2010
3,818809.076932977,14.1255586224494,0.286635699919122,B_native,fine,avg_pm25,sao_paulo_2010
5,571033.027386125,14.2122379965709,0.199898188836461,B_native,fine,avg_pm25,sao_paulo_2010
6,157059.307868842,14.058226288331,0.0549808324163014,B_native,fine,avg_pm25,sao_paulo_2010
1,132222.621035176,14.088461181814,0.0462863988605498,B_common,fine,avg_pm25,sao_paulo_2010
2,1177495.28238905,14.1170810367358,0.412198879967566,B_common,fine,avg_pm25,sao_paulo_2010
3,818809.076932977,14.1255586224494,0.286635699919122,B_common,fine,avg_pm25,sao_paulo_2010
5,571033.027386125,14.2122379965709,0.199898188836461,B_common,fine,avg_pm25,sao_paulo_2010
6,157059.307868842,14.058226288331,0.0549808324163014,B_common,fine,avg_pm25,sao_paulo_2010
1,132222.621035176,14.088461181814,0.0462863988605498,baseline_common,fine,avg_pm25,sao_paulo_2010
2,1177495.28238905,14.1170810367358,0.412198879967566,baseline_common,fine,avg_pm25,sao_paulo_2010
3,818809.076932977,14.1255586224494,0.286635699919122,baseline_common,fine,avg_pm25,sao_paulo_2010
5,571033.027386125,14.2122379965709,0.199898188836461,baseline_common,fine,avg_pm25,sao_paulo_2010
6,157059.307868842,14.058226288331,0.0549808324163014,baseline_common,fine,avg_pm25,sao_paulo_2010
1,132222.621035176,14.088461181814,0.0462863988605498,A_common,fine,avg_pm25,sao_paulo_2010
2,1177495.28238905,14.1170810367358,0.412198879967566,A_common,fine,avg_pm25,sao_paulo_2010
3,818809.076932977,14.1255586224494,0.286635699919122,A_common,fine,avg_pm25,sao_paulo_2010
5,571033.027386125,14.2122379965709,0.199898188836461,A_common,fine,avg_pm25,sao_paulo_2010
6,157059.307868842,14.058226288331,0.0549808324163014,A_common,fine,avg_pm25,sao_paulo_2010
1,0,,0,C,fine,avg_pm25,sao_paulo_2010
2,1311650.21071445,13.8124288601457,0.459161710328688,C,fine,avg_pm25,sao_paulo_2010
3,1042656.99696078,14.6229276845266,0.364996830786093,C,fine,avg_pm25,sao_paulo_2010
5,502312.10793694,13.9586615180181,0.175841458885219,C,fine,avg_pm25,sao_paulo_2010
6,0,,0,C,fine,avg_pm25,sao_paulo_2010
1,158579.901720592,4.83383299873855,0.0493805358607496,A,municipio,hrs_d_pm10_it1,sao_paulo_2010
2,1380503.53257749,4.76213989882565,0.42987795714772,A,municipio,hrs_d_pm10_it1,sao_paulo_2010
3,940183.530558005,4.84314255423396,0.2927657669268,A,municipio,hrs_d_pm10_it1,sao_paulo_2010
5,578425.645930213,4.2097513275925,0.180117203010759,A,municipio,hrs_d_pm10_it1,sao_paulo_2010
6,153692.177904101,3.9735112403978,0.0478585370539718,A,municipio,hrs_d_pm10_it1,sao_paulo_2010
1,70496.4920057863,6.87488373668696,0.0621367369920434,B_native,municipio,hrs_d_pm10_it1,sao_paulo_2010
2,568157.250573278,7.14349571499839,0.500782899184495,B_native,municipio,hrs_d_pm10_it1,sao_paulo_2010
3,358833.343543646,7.34772587558658,0.316281455393794,B_native,municipio,hrs_d_pm10_it1,sao_paulo_2010
5,115966.401074267,5.96484893078218,0.102214643004848,B_native,municipio,hrs_d_pm10_it1,sao_paulo_2010
6,21084.5561317776,5.81588692995686,0.0185842654248201,B_native,municipio,hrs_d_pm10_it1,sao_paulo_2010
1,44233.2944951012,6.00695683111148,0.0592794752316355,B_common,municipio,hrs_d_pm10_it1,sao_paulo_2010
2,359187.231959831,6.39229733550658,0.481366600962555,B_common,municipio,hrs_d_pm10_it1,sao_paulo_2010
3,239986.346985673,6.68783371667707,0.321618926974644,B_common,municipio,hrs_d_pm10_it1,sao_paulo_2010
5,87432.2292894136,5.94628592557915,0.117172748034458,B_common,municipio,hrs_d_pm10_it1,sao_paulo_2010
6,15343.1858658042,5.94111015465075,0.0205622487967079,B_common,municipio,hrs_d_pm10_it1,sao_paulo_2010
1,44233.2944951012,5.57462424644615,0.0592794752316355,baseline_common,municipio,hrs_d_pm10_it1,sao_paulo_2010
2,359187.231959831,5.89039510740839,0.481366600962555,baseline_common,municipio,hrs_d_pm10_it1,sao_paulo_2010
3,239986.346985673,6.0263877824507,0.321618926974644,baseline_common,municipio,hrs_d_pm10_it1,sao_paulo_2010
5,87432.2292894136,5.25668559790034,0.117172748034458,baseline_common,municipio,hrs_d_pm10_it1,sao_paulo_2010
6,15343.1858658042,5.29418672604432,0.0205622487967079,baseline_common,municipio,hrs_d_pm10_it1,sao_paulo_2010
1,44233.2944951012,5.458778871351,0.0592794752316355,A_common,municipio,hrs_d_pm10_it1,sao_paulo_2010
2,359187.231959831,5.81707168316208,0.481366600962555,A_common,municipio,hrs_d_pm10_it1,sao_paulo_2010
3,239986.346985673,6.12147240235288,0.321618926974644,A_common,municipio,hrs_d_pm10_it1,sao_paulo_2010
5,87432.2292894136,5.45319094047633,0.117172748034458,A_common,municipio,hrs_d_pm10_it1,sao_paulo_2010
6,15343.1858658042,5.44239699683835,0.0205622487967079,A_common,municipio,hrs_d_pm10_it1,sao_paulo_2010
1,0,,0,C,municipio,hrs_d_pm10_it1,sao_paulo_2010
2,925716.448854769,6.99795164016369,0.288260831313296,C,municipio,hrs_d_pm10_it1,sao_paulo_2010
3,2285668.33983564,3.67945589106658,0.711739168686704,C,municipio,hrs_d_pm10_it1,sao_paulo_2010
5,0,,0,C,municipio,hrs_d_pm10_it1,sao_paulo_2010
6,0,,0,C,municipio,hrs_d_pm10_it1,sao_paulo_2010
1,158579.901720592,66.4448856565452,0.0493805358607496,A,municipio,hrs_d_pm10_it2,sao_paulo_2010
2,1380503.53257749,65.8557758212346,0.42987795714772,A,municipio,hrs_d_pm10_it2,sao_paulo_2010
3,940183.530558005,65.8926580576691,0.2927657669268,A,municipio,hrs_d_pm10_it2,sao_paulo_2010
5,578425.645930213,60.9291328503283,0.180117203010759,A,municipio,hrs_d_pm10_it2,sao_paulo_2010
6,153692.177904101,58.6822441200277,0.0478585370539718,A,municipio,hrs_d_pm10_it2,sao_paulo_2010
1,70496.4920057863,107.80502245152,0.0621367369920434,B_native,municipio,hrs_d_pm10_it2,sao_paulo_2010
2,568157.250573278,109.112703584052,0.500782899184495,B_native,municipio,hrs_d_pm10_it2,sao_paulo_2010
3,358833.343543646,108.607935757284,0.316281455393794,B_native,municipio,hrs_d_pm10_it2,sao_paulo_2010
5,115966.401074267,103.561611571212,0.102214643004848,B_native,municipio,hrs_d_pm10_it2,sao_paulo_2010
6,21084.5561317776,106.043745693585,0.0185842654248201,B_native,municipio,hrs_d_pm10_it2,sao_paulo_2010
1,44233.2944951012,94.1085416789606,0.0592794752316355,B_common,municipio,hrs_d_pm10_it2,sao_paulo_2010
2,359187.231959831,96.6518011173882,0.481366600962555,B_common,municipio,hrs_d_pm10_it2,sao_paulo_2010
3,239986.346985673,96.4194600308146,0.321618926974644,B_common,municipio,hrs_d_pm10_it2,sao_paulo_2010
5,87432.2292894136,94.8187199512762,0.117172748034458,B_common,municipio,hrs_d_pm10_it2,sao_paulo_2010
6,15343.1858658042,95.4876536910767,0.0205622487967079,B_common,municipio,hrs_d_pm10_it2,sao_paulo_2010
1,44233.2944951012,87.6805086803202,0.0592794752316355,baseline_common,municipio,hrs_d_pm10_it2,sao_paulo_2010
2,359187.231959831,90.502737810726,0.481366600962555,baseline_common,municipio,hrs_d_pm10_it2,sao_paulo_2010
3,239986.346985673,89.7253457269875,0.321618926974644,baseline_common,municipio,hrs_d_pm10_it2,sao_paulo_2010
5,87432.2292894136,87.9437179744421,0.117172748034458,baseline_common,municipio,hrs_d_pm10_it2,sao_paulo_2010
6,15343.1858658042,88.730129156517,0.0205622487967079,baseline_common,municipio,hrs_d_pm10_it2,sao_paulo_2010
1,44233.2944951012,87.6441606391143,0.0592794752316355,A_common,municipio,hrs_d_pm10_it2,sao_paulo_2010
2,359187.231959831,90.0873972775268,0.481366600962555,A_common,municipio,hrs_d_pm10_it2,sao_paulo_2010
3,239986.346985673,90.250117899175,0.321618926974644,A_common,municipio,hrs_d_pm10_it2,sao_paulo_2010
5,87432.2292894136,88.4304128128484,0.117172748034458,A_common,municipio,hrs_d_pm10_it2,sao_paulo_2010
6,15343.1858658042,88.8885914767899,0.0205622487967079,A_common,municipio,hrs_d_pm10_it2,sao_paulo_2010
1,0,,0,C,municipio,hrs_d_pm10_it2,sao_paulo_2010
2,925716.448854769,89.681315011521,0.288260831313296,C,municipio,hrs_d_pm10_it2,sao_paulo_2010
3,2285668.33983564,54.3388701729047,0.711739168686704,C,municipio,hrs_d_pm10_it2,sao_paulo_2010
5,0,,0,C,municipio,hrs_d_pm10_it2,sao_paulo_2010
6,0,,0,C,municipio,hrs_d_pm10_it2,sao_paulo_2010
1,158579.901720592,26.2784834472573,0.0493805358607496,A,municipio,avg_pm10,sao_paulo_2010
2,1380503.53257749,26.2578115809046,0.42987795714772,A,municipio,avg_pm10,sao_paulo_2010
3,940183.530558005,26.2354224258792,0.2927657669268,A,municipio,avg_pm10,sao_paulo_2010
5,578425.645930213,26.0898616452092,0.180117203010759,A,municipio,avg_pm10,sao_paulo_2010
6,153692.177904101,26.0173019128304,0.0478585370539718,A,municipio,avg_pm10,sao_paulo_2010
1,70496.4920057863,27.9818936338241,0.0621367369920434,B_native,municipio,avg_pm10,sao_paulo_2010
2,568157.250573278,28.0048212975695,0.500782899184495,B_native,municipio,avg_pm10,sao_paulo_2010
3,358833.343543646,27.9552005835488,0.316281455393794,B_native,municipio,avg_pm10,sao_paulo_2010
5,115966.401074267,27.9646229771018,0.102214643004848,B_native,municipio,avg_pm10,sao_paulo_2010
6,21084.5561317776,28.1476103900657,0.0185842654248201,B_native,municipio,avg_pm10,sao_paulo_2010
1,44233.2944951012,27.4727361219992,0.0592794752316355,B_common,municipio,avg_pm10,sao_paulo_2010
2,359187.231959831,27.5379961113407,0.481366600962555,B_common,municipio,avg_pm10,sao_paulo_2010
3,239986.346985673,27.4587097634251,0.321618926974644,B_common,municipio,avg_pm10,sao_paulo_2010
5,87432.2292894136,27.5668690263231,0.117172748034458,B_common,municipio,avg_pm10,sao_paulo_2010
6,15343.1858658042,27.6483912033382,0.0205622487967079,B_common,municipio,avg_pm10,sao_paulo_2010
1,44233.2944951012,27.26184649588,0.0592794752316355,baseline_common,municipio,avg_pm10,sao_paulo_2010
2,359187.231959831,27.3466881917898,0.481366600962555,baseline_common,municipio,avg_pm10,sao_paulo_2010
3,239986.346985673,27.2666790709629,0.321618926974644,baseline_common,municipio,avg_pm10,sao_paulo_2010
5,87432.2292894136,27.3658752195802,0.117172748034458,baseline_common,municipio,avg_pm10,sao_paulo_2010
6,15343.1858658042,27.4381569738913,0.0205622487967079,baseline_common,municipio,avg_pm10,sao_paulo_2010
1,44233.2944951012,27.2755350672812,0.0592794752316355,A_common,municipio,avg_pm10,sao_paulo_2010
2,359187.231959831,27.3399208791941,0.481366600962555,A_common,municipio,avg_pm10,sao_paulo_2010
3,239986.346985673,27.2776530496347,0.321618926974644,A_common,municipio,avg_pm10,sao_paulo_2010
5,87432.2292894136,27.3606625628655,0.117172748034458,A_common,municipio,avg_pm10,sao_paulo_2010
6,15343.1858658042,27.4319078119614,0.0205622487967079,A_common,municipio,avg_pm10,sao_paulo_2010
1,0,,0,C,municipio,avg_pm10,sao_paulo_2010
2,925716.448854769,27.02396970362,0.288260831313296,C,municipio,avg_pm10,sao_paulo_2010
3,2285668.33983564,25.8697842819524,0.711739168686704,C,municipio,avg_pm10,sao_paulo_2010
5,0,,0,C,municipio,avg_pm10,sao_paulo_2010
6,0,,0,C,municipio,avg_pm10,sao_paulo_2010
1,132222.621035176,17.10504877036,0.0462863988605498,A,municipio,hrs_d_pm25_it1,sao_paulo_2010
2,1177495.28238905,16.7839382805898,0.412198879967566,A,municipio,hrs_d_pm25_it1,sao_paulo_2010
3,818809.076932977,16.6032951726674,0.286635699919122,A,municipio,hrs_d_pm25_it1,sao_paulo_2010
5,571033.027386125,16.0740022951518,0.199898188836461,A,municipio,hrs_d_pm25_it1,sao_paulo_2010
6,157059.307868842,15.6345409981578,0.0549808324163014,A,municipio,hrs_d_pm25_it1,sao_paulo_2010
1,54392.176415968,24.1242607424787,0.0641337854946019,B_native,municipio,hrs_d_pm25_it1,sao_paulo_2010
2,434374.673245244,24.671775906937,0.512170939900467,B_native,municipio,hrs_d_pm25_it1,sao_paulo_2010
3,266450.562951678,24.4211090865296,0.314171713199588,B_native,municipio,hrs_d_pm25_it1,sao_paulo_2010
5,78393.2208289424,29.9953256660014,0.092433403848837,B_native,municipio,hrs_d_pm25_it1,sao_paulo_2010
6,14494.2460143484,32.7059329243488,0.0170901575565069,B_native,municipio,hrs_d_pm25_it1,sao_paulo_2010
1,30429.6015780352,23.2571882896313,0.0610956460409648,B_common,municipio,hrs_d_pm25_it1,sao_paulo_2010
2,248414.268600124,23.3201960986842,0.498758755910674,B_common,municipio,hrs_d_pm25_it1,sao_paulo_2010
3,159042.840854366,22.3896470034717,0.319321470091205,B_common,municipio,hrs_d_pm25_it1,sao_paulo_2010
5,51291.4237311887,28.196957734218,0.10298139005145,B_common,municipio,hrs_d_pm25_it1,sao_paulo_2010
6,8886.84285567456,29.9053425937433,0.017842737905707,B_common,municipio,hrs_d_pm25_it1,sao_paulo_2010
1,30429.6015780352,19.7034084456148,0.0610956460409648,baseline_common,municipio,hrs_d_pm25_it1,sao_paulo_2010
2,248414.268600124,20.4791837739191,0.498758755910674,baseline_common,municipio,hrs_d_pm25_it1,sao_paulo_2010
3,159042.840854366,20.1027128605213,0.319321470091205,baseline_common,municipio,hrs_d_pm25_it1,sao_paulo_2010
5,51291.4237311887,26.7263997939518,0.10298139005145,baseline_common,municipio,hrs_d_pm25_it1,sao_paulo_2010
6,8886.84285567456,28.4710926452871,0.017842737905707,baseline_common,municipio,hrs_d_pm25_it1,sao_paulo_2010
1,30429.6015780352,20.6183159508822,0.0610956460409648,A_common,municipio,hrs_d_pm25_it1,sao_paulo_2010
2,248414.268600124,20.7431172417104,0.498758755910674,A_common,municipio,hrs_d_pm25_it1,sao_paulo_2010
3,159042.840854366,20.0335128735871,0.319321470091205,A_common,municipio,hrs_d_pm25_it1,sao_paulo_2010
5,51291.4237311887,24.7330844702811,0.10298139005145,A_common,municipio,hrs_d_pm25_it1,sao_paulo_2010
6,8886.84285567456,26.1674881493991,0.017842737905707,A_common,municipio,hrs_d_pm25_it1,sao_paulo_2010
1,0,,0,C,municipio,hrs_d_pm25_it1,sao_paulo_2010
2,772249.937888442,21.5237232373964,0.27033701469002,C,municipio,hrs_d_pm25_it1,sao_paulo_2010
3,2084369.37772373,14.8090565098467,0.72966298530998,C,municipio,hrs_d_pm25_it1,sao_paulo_2010
5,0,,0,C,municipio,hrs_d_pm25_it1,sao_paulo_2010
6,0,,0,C,municipio,hrs_d_pm25_it1,sao_paulo_2010
1,132222.621035176,139.307660021142,0.0462863988605498,A,municipio,hrs_d_pm25_it2,sao_paulo_2010
2,1177495.28238905,136.092092330044,0.412198879967566,A,municipio,hrs_d_pm25_it2,sao_paulo_2010
3,818809.076932977,134.427097082136,0.286635699919122,A,municipio,hrs_d_pm25_it2,sao_paulo_2010
5,571033.027386125,127.222180173128,0.199898188836461,A,municipio,hrs_d_pm25_it2,sao_paulo_2010
6,157059.307868842,123.028319849741,0.0549808324163014,A,municipio,hrs_d_pm25_it2,sao_paulo_2010
1,54392.176415968,187.756617025888,0.0641337854946019,B_native,municipio,hrs_d_pm25_it2,sao_paulo_2010
2,434374.673245244,192.707503112939,0.512170939900467,B_native,municipio,hrs_d_pm25_it2,sao_paulo_2010
3,266450.562951678,191.852864675814,0.314171713199588,B_native,municipio,hrs_d_pm25_it2,sao_paulo_2010
5,78393.2208289424,226.806509017978,0.092433403848837,B_native,municipio,hrs_d_pm25_it2,sao_paulo_2010
6,14494.2460143484,245.189719845766,0.0170901575565069,B_native,municipio,hrs_d_pm25_it2,sao_paulo_2010
1,30429.6015780352,181.619896607504,0.0610956460409648,B_common,municipio,hrs_d_pm25_it2,sao_paulo_2010
2,248414.268600124,183.186125136555,0.498758755910674,B_common,municipio,hrs_d_pm25_it2,sao_paulo_2010
3,159042.840854366,177.805790237325,0.319321470091205,B_common,municipio,hrs_d_pm25_it2,sao_paulo_2010
5,51291.4237311887,215.628613485967,0.10298139005145,B_common,municipio,hrs_d_pm25_it2,sao_paulo_2010
6,8886.84285567456,227.567864393198,0.017842737905707,B_common,municipio,hrs_d_pm25_it2,sao_paulo_2010
1,30429.6015780352,166.898169677046,0.0610956460409648,baseline_common,municipio,hrs_d_pm25_it2,sao_paulo_2010
2,248414.268600124,173.536083590419,0.498758755910674,baseline_common,municipio,hrs_d_pm25_it2,sao_paulo_2010
3,159042.840854366,171.61036578756,0.319321470091205,baseline_common,municipio,hrs_d_pm25_it2,sao_paulo_2010
5,51291.4237311887,219.327081034914,0.10298139005145,baseline_common,municipio,hrs_d_pm25_it2,sao_paulo_2010
6,8886.84285567456,229.2795710781,0.017842737905707,baseline_common,municipio,hrs_d_pm25_it2,sao_paulo_2010
1,30429.6015780352,173.912461675798,0.0610956460409648,A_common,municipio,hrs_d_pm25_it2,sao_paulo_2010
2,248414.268600124,175.628116136421,0.498758755910674,A_common,municipio,hrs_d_pm25_it2,sao_paulo_2010
3,159042.840854366,170.829834862711,0.319321470091205,A_common,municipio,hrs_d_pm25_it2,sao_paulo_2010
5,51291.4237311887,205.695777046976,0.10298139005145,A_common,municipio,hrs_d_pm25_it2,sao_paulo_2010
6,8886.84285567456,216.891418521238,0.017842737905707,A_common,municipio,hrs_d_pm25_it2,sao_paulo_2010
1,0,,0,C,municipio,hrs_d_pm25_it2,sao_paulo_2010
2,772249.937888442,185.456753816441,0.27033701469002,C,municipio,hrs_d_pm25_it2,sao_paulo_2010
3,2084369.37772373,114.919840730104,0.72966298530998,C,municipio,hrs_d_pm25_it2,sao_paulo_2010
5,0,,0,C,municipio,hrs_d_pm25_it2,sao_paulo_2010
6,0,,0,C,municipio,hrs_d_pm25_it2,sao_paulo_2010
1,132222.621035176,14.1800601435404,0.0462863988605498,A,municipio,avg_pm25,sao_paulo_2010
2,1177495.28238905,14.1442548931103,0.412198879967566,A,municipio,avg_pm25,sao_paulo_2010
3,818809.076932977,14.1203918996016,0.286635699919122,A,municipio,avg_pm25,sao_paulo_2010
5,571033.027386125,14.0728469737759,0.199898188836461,A,municipio,avg_pm25,sao_paulo_2010
6,157059.307868842,14.0040076522915,0.0549808324163014,A,municipio,avg_pm25,sao_paulo_2010
1,54392.176415968,15.1401531486801,0.0641337854946019,B_native,municipio,avg_pm25,sao_paulo_2010
2,434374.673245244,15.2176196588891,0.512170939900467,B_native,municipio,avg_pm25,sao_paulo_2010
3,266450.562951678,15.1816075685829,0.314171713199588,B_native,municipio,avg_pm25,sao_paulo_2010
5,78393.2208289424,16.0950207331604,0.092433403848837,B_native,municipio,avg_pm25,sao_paulo_2010
6,14494.2460143484,16.5134289208912,0.0170901575565069,B_native,municipio,avg_pm25,sao_paulo_2010
1,30429.6015780352,14.9016863969248,0.0610956460409648,B_common,municipio,avg_pm25,sao_paulo_2010
2,248414.268600124,14.9199233654829,0.498758755910674,B_common,municipio,avg_pm25,sao_paulo_2010
3,159042.840854366,14.8010215319261,0.319321470091205,B_common,municipio,avg_pm25,sao_paulo_2010
5,51291.4237311887,15.7910709323288,0.10298139005145,B_common,municipio,avg_pm25,sao_paulo_2010
6,8886.84285567456,16.0537097180268,0.017842737905707,B_common,municipio,avg_pm25,sao_paulo_2010
1,30429.6015780352,14.4277146821282,0.0610956460409648,baseline_common,municipio,avg_pm25,sao_paulo_2010
2,248414.268600124,14.5579326816335,0.498758755910674,baseline_common,municipio,avg_pm25,sao_paulo_2010
3,159042.840854366,14.5253443212714,0.319321470091205,baseline_common,municipio,avg_pm25,sao_paulo_2010
5,51291.4237311887,15.6661944776475,0.10298139005145,baseline_common,municipio,avg_pm25,sao_paulo_2010
6,8886.84285567456,15.8837044492517,0.017842737905707,baseline_common,municipio,avg_pm25,sao_paulo_2010
1,30429.6015780352,14.5772364288935,0.0610956460409648,A_common,municipio,avg_pm25,sao_paulo_2010
2,248414.268600124,14.6030709204132,0.498758755910674,A_common,municipio,avg_pm25,sao_paulo_2010
3,159042.840854366,14.5113342924589,0.319321470091205,A_common,municipio,avg_pm25,sao_paulo_2010
5,51291.4237311887,15.365186908594,0.10298139005145,A_common,municipio,avg_pm25,sao_paulo_2010
6,8886.84285567456,15.5941396444141,0.017842737905707,A_common,municipio,avg_pm25,sao_paulo_2010
1,0,,0,C,municipio,avg_pm25,sao_paulo_2010
2,772249.937888442,14.7512895014254,0.27033701469002,C,municipio,avg_pm25,sao_paulo_2010
3,2084369.37772373,13.9052586795856,0.72966298530998,C,municipio,avg_pm25,sao_paulo_2010
5,0,,0,C,municipio,avg_pm25,sao_paulo_2010
6,0,,0,C,municipio,avg_pm25,sao_paulo_2010
