edu_level,population,mean,share,design,level,outcome,city_id
1,126030,0.542458144886138,0.0227053343753682,A,fine,hrs_d_pm10_it1,bogota_2018
2,1615122,0.614139365323486,0.290977426541406,A,fine,hrs_d_pm10_it1,bogota_2018
3,1571559,0.599618595292954,0.283129196109016,A,fine,hrs_d_pm10_it1,bogota_2018
4,738063,0.552404063067787,0.132968080656093,A,fine,hrs_d_pm10_it1,bogota_2018
5,1047859,0.276374015969706,0.188780361606276,A,fine,hrs_d_pm10_it1,bogota_2018
6,452045,0.122872722848389,0.081439600711841,A,fine,hrs_d_pm10_it1,bogota_2018
1,126040,0.542415106315455,0.0227062319094619,B_native,fine,hrs_d_pm10_it1,bogota_2018
2,1615233,0.614097161214512,0.290985838510122,B_native,fine,hrs_d_pm10_it1,bogota_2018
3,1571617,0.599596466569145,0.283128372539295,B_native,fine,hrs_d_pm10_it1,bogota_2018
4,738079,0.552392088109809,0.13296566916458,B_native,fine,hrs_d_pm10_it1,bogota_2018
5,1047879,0.276368741047392,0.188776448643724,B_native,fine,hrs_d_pm10_it1,bogota_2018
6,452051,0.12287109197856,0.0814374392328162,B_native,fine,hrs_d_pm10_it1,bogota_2018
1,126030,0.542458144886138,0.0227053343753682,B_common,fine,hrs_d_pm10_it1,bogota_2018
2,1615122,0.614139365323486,0.290977426541406,B_common,fine,hrs_d_pm10_it1,bogota_2018
3,1571559,0.599618595292954,0.283129196109016,B_common,fine,hrs_d_pm10_it1,bogota_2018
4,738063,0.552404063067787,0.132968080656093,B_common,fine,hrs_d_pm10_it1,bogota_2018
5,1047859,0.276374015969706,0.188780361606276,B_common,fine,hrs_d_pm10_it1,bogota_2018
6,452045,0.122872722848389,0.081439600711841,B_common,fine,hrs_d_pm10_it1,bogota_2018
1,126030,0.542458144886138,0.0227053343753682,baseline_common,fine,hrs_d_pm10_it1,bogota_2018
2,1615122,0.614139365323486,0.290977426541406,baseline_common,fine,hrs_d_pm10_it1,bogota_2018
3,1571559,0.599618595292954,0.283129196109016,baseline_common,fine,hrs_d_pm10_it1,bogota_2018
4,738063,0.552404063067787,0.132968080656093,baseline_common,fine,hrs_d_pm10_it1,bogota_2018
5,1047859,0.276374015969706,0.188780361606276,baseline_common,fine,hrs_d_pm10_it1,bogota_2018
6,452045,0.122872722848389,0.081439600711841,baseline_common,fine,hrs_d_pm10_it1,bogota_2018
1,126030,0.542458144886138,0.0227053343753682,A_common,fine,hrs_d_pm10_it1,bogota_2018
2,1615122,0.614139365323486,0.290977426541406,A_common,fine,hrs_d_pm10_it1,bogota_2018
3,1571559,0.599618595292954,0.283129196109016,A_common,fine,hrs_d_pm10_it1,bogota_2018
4,738063,0.552404063067787,0.132968080656093,A_common,fine,hrs_d_pm10_it1,bogota_2018
5,1047859,0.276374015969706,0.188780361606276,A_common,fine,hrs_d_pm10_it1,bogota_2018
6,452045,0.122872722848389,0.081439600711841,A_common,fine,hrs_d_pm10_it1,bogota_2018
1,60,0,1.08094903001039e-05,C,fine,hrs_d_pm10_it1,bogota_2018
2,832914,0.697909988306116,0.150056263397012,C,fine,hrs_d_pm10_it1,bogota_2018
3,2948009,0.70289575099669,0.531107911501982,C,fine,hrs_d_pm10_it1,bogota_2018
4,701192,0.140282547433513,0.126325468708507,C,fine,hrs_d_pm10_it1,bogota_2018
5,1051115,0.00348106534489566,0.189366956613228,C,fine,hrs_d_pm10_it1,bogota_2018
6,17388,0,0.0031325902889701,C,fine,hrs_d_pm10_it1,bogota_2018
1,126030,25.2573038165516,0.0227053343753682,A,fine,hrs_d_pm10_it2,bogota_2018
2,1615122,28.7542365220708,0.290977426541406,A,fine,hrs_d_pm10_it2,bogota_2018
3,1571559,26.3021337410813,0.283129196109016,A,fine,hrs_d_pm10_it2,bogota_2018
4,738063,22.2738302827807,0.132968080656093,A,fine,hrs_d_pm10_it2,bogota_2018
5,1047859,12.8873149918071,0.188780361606276,A,fine,hrs_d_pm10_it2,bogota_2018
6,452045,6.58336448804876,0.081439600711841,A,fine,hrs_d_pm10_it2,bogota_2018
1,126040,25.2552999047921,0.0227062319094619,B_native,fine,hrs_d_pm10_it2,bogota_2018
2,1615233,28.752260509784,0.290985838510122,B_native,fine,hrs_d_pm10_it2,bogota_2018
3,1571617,26.3011630696283,0.283128372539295,B_native,fine,hrs_d_pm10_it2,bogota_2018
4,738079,22.2733474329984,0.13296566916458,B_native,fine,hrs_d_pm10_it2,bogota_2018
5,1047879,12.8870690222822,0.188776448643724,B_native,fine,hrs_d_pm10_it2,bogota_2018
6,452051,6.58327710811391,0.0814374392328162,B_native,fine,hrs_d_pm10_it2,bogota_2018
1,126030,25.2573038165516,0.0227053343753682,B_common,fine,hrs_d_pm10_it2,bogota_2018
2,1615122,28.7542365220708,0.290977426541406,B_common,fine,hrs_d_pm10_it2,bogota_2018
3,1571559,26.3021337410813,0.283129196109016,B_common,fine,hrs_d_pm10_it2,bogota_2018
4,738063,22.2738302827807,0.132968080656093,B_common,fine,hrs_d_pm10_it2,bogota_2018
5,1047859,12.8873149918071,0.188780361606276,B_common,fine,hrs_d_pm10_it2,bogota_2018
6,452045,6.58336448804876,0.081439600711841,B_common,fine,hrs_d_pm10_it2,bogota_2018
1,126030,25.2573038165516,0.0227053343753682,baseline_common,fine,hrs_d_pm10_it2,bogota_2018
2,1615122,28.7542365220708,0.290977426541406,baseline_common,fine,hrs_d_pm10_it2,bogota_2018
3,1571559,26.3021337410813,0.283129196109016,baseline_common,fine,hrs_d_pm10_it2,bogota_2018
4,738063,22.2738302827807,0.132968080656093,baseline_common,fine,hrs_d_pm10_it2,bogota_2018
5,1047859,12.8873149918071,0.188780361606276,baseline_common,fine,hrs_d_pm10_it2,bogota_2018
6,452045,6.58336448804876,0.081439600711841,baseline_common,fine,hrs_d_pm10_it2,bogota_2018
1,126030,25.2573038165516,0.0227053343753682,A_common,fine,hrs_d_pm10_it2,bogota_2018
2,1615122,28.7542365220708,0.290977426541406,A_common,fine,hrs_d_pm10_it2,bogota_2018
3,1571559,26.3021337410813,0.283129196109016,A_common,fine,hrs_d_pm10_it2,bogota_2018
4,738063,22.2738302827807,0.132968080656093,A_common,fine,hrs_d_pm10_it2,bogota_2018
5,1047859,12.8873149918071,0.188780361606276,A_common,fine,hrs_d_pm10_it2,bogota_2018
6,452045,6.58336448804876,0.081439600711841,A_common,fine,hrs_d_pm10_it2,bogota_2018
1,60,28.75,1.08094903001039e-05,C,fine,hrs_d_pm10_it2,bogota_2018
2,832914,39.9237244181272,0.150056263397012,C,fine,hrs_d_pm10_it2,bogota_2018
3,2948009,27.0861208361304,0.531107911501982,C,fine,hrs_d_pm10_it2,bogota_2018
4,701192,12.3511548905293,0.126325468708507,C,fine,hrs_d_pm10_it2,bogota_2018
5,1051115,2.00283318190683,0.189366956613228,C,fine,hrs_d_pm10_it2,bogota_2018
6,17388,0.521509086726478,0.0031325902889701,C,fine,hrs_d_pm10_it2,bogota_2018
1,126030,32.3621695197593,0.0227053343753682,A,fine,avg_pm10,bogota_2018
2,1615122,33.212082061989,0.290977426541406,A,fine,avg_pm10,bogota_2018
3,1571559,33.08352562479,0.283129196109016,A,fine,avg_pm10,bogota_2018
4,738063,32.4507285434102,0.132968080656093,A,fine,avg_pm10,bogota_2018
5,1047859,30.644537520109,0.188780361606276,A,fine,avg_pm10,bogota_2018
6,452045,29.2423286498603,0.081439600711841,A,fine,avg_pm10,bogota_2018
1,126040,32.3616106495107,0.0227062319094619,B_native,fine,avg_pm10,bogota_2018
2,1615233,33.2115780872312,0.290985838510122,B_native,fine,avg_pm10,bogota_2018
3,1571617,33.0832746497918,0.283128372539295,B_native,fine,avg_pm10,bogota_2018
4,738079,32.4506089538008,0.13296566916458,B_native,fine,avg_pm10,bogota_2018
5,1047879,30.6444813425606,0.188776448643724,B_native,fine,avg_pm10,bogota_2018
6,452051,29.2423102018792,0.0814374392328162,B_native,fine,avg_pm10,bogota_2018
1,126030,32.3621695197593,0.0227053343753682,B_common,fine,avg_pm10,bogota_2018
2,1615122,33.212082061989,0.290977426541406,B_common,fine,avg_pm10,bogota_2018
3,1571559,33.08352562479,0.283129196109016,B_common,fine,avg_pm10,bogota_2018
4,738063,32.4507285434102,0.132968080656093,B_common,fine,avg_pm10,bogota_2018
5,1047859,30.644537520109,0.188780361606276,B_common,fine,avg_pm10,bogota_2018
6,452045,29.2423286498603,0.081439600711841,B_common,fine,avg_pm10,bogota_2018
1,126030,32.3621695197593,0.0227053343753682,baseline_common,fine,avg_pm10,bogota_2018
2,1615122,33.212082061989,0.290977426541406,baseline_common,fine,avg_pm10,bogota_2018
3,1571559,33.08352562479,0.283129196109016,baseline_common,fine,avg_pm10,bogota_2018
4,738063,32.4507285434102,0.132968080656093,baseline_common,fine,avg_pm10,bogota_2018
5,1047859,30.644537520109,0.188780361606276,baseline_common,fine,avg_pm10,bogota_2018
6,452045,29.2423286498603,0.081439600711841,baseline_common,fine,avg_pm10,bogota_2018
1,126030,32.3621695197593,0.0227053343753682,A_common,fine,avg_pm10,bogota_2018
2,1615122,33.212082061989,0.290977426541406,A_common,fine,avg_pm10,bogota_2018
3,1571559,33.08352562479,0.283129196109016,A_common,fine,avg_pm10,bogota_2018
4,738063,32.4507285434102,0.132968080656093,A_common,fine,avg_pm10,bogota_2018
5,1047859,30.644537520109,0.188780361606276,A_common,fine,avg_pm10,bogota_2018
6,452045,29.2423286498603,0.081439600711841,A_common,fine,avg_pm10,bogota_2018
1,60,33.0563203325043,1.08094903001039e-05,C,fine,avg_pm10,bogota_2018
2,832914,34.1165896264768,0.150056263397012,C,fine,avg_pm10,bogota_2018
3,2948009,33.2870729690825,0.531107911501982,C,fine,avg_pm10,bogota_2018
4,701192,31.6744537888857,0.126325468708507,C,fine,avg_pm10,bogota_2018
5,1051115,28.3016541416253,0.189366956613228,C,fine,avg_pm10,bogota_2018
6,17388,27.9871193191782,0.0031325902889701,C,fine,avg_pm10,bogota_2018
1,126030,0.197437118146473,0.0227053343753682,A,fine,hrs_d_pm25_it1,bogota_2018
2,1615122,0.238790010909393,0.290977426541406,A,fine,hrs_d_pm25_it1,bogota_2018
3,1571559,0.193278139732584,0.283129196109016,A,fine,hrs_d_pm25_it1,bogota_2018
4,738063,0.19216787726793,0.132968080656093,A,fine,hrs_d_pm25_it1,bogota_2018
5,1047859,0.135701463651121,0.188780361606276,A,fine,hrs_d_pm25_it1,bogota_2018
6,452045,0.0967713391365904,0.081439600711841,A,fine,hrs_d_pm25_it1,bogota_2018
1,126040,0.197421453506823,0.0227062319094619,B_native,fine,hrs_d_pm25_it1,bogota_2018
2,1615233,0.238773601084178,0.290985838510122,B_native,fine,hrs_d_pm25_it1,bogota_2018
3,1571617,0.193271006867449,0.283128372539295,B_native,fine,hrs_d_pm25_it1,bogota_2018
4,738079,0.19216371147262,0.13296566916458,B_native,fine,hrs_d_pm25_it1,bogota_2018
5,1047879,0.135698873629494,0.188776448643724,B_native,fine,hrs_d_pm25_it1,bogota_2018
6,452051,0.0967700547062168,0.0814374392328162,B_native,fine,hrs_d_pm25_it1,bogota_2018
1,126030,0.197437118146473,0.0227053343753682,B_common,fine,hrs_d_pm25_it1,bogota_2018
2,1615122,0.238790010909393,0.290977426541406,B_common,fine,hrs_d_pm25_it1,bogota_2018
3,1571559,0.193278139732584,0.283129196109016,B_common,fine,hrs_d_pm25_it1,bogota_2018
4,738063,0.19216787726793,0.132968080656093,B_common,fine,hrs_d_pm25_it1,bogota_2018
5,1047859,0.135701463651121,0.188780361606276,B_common,fine,hrs_d_pm25_it1,bogota_2018
6,452045,0.0967713391365904,0.081439600711841,B_common,fine,hrs_d_pm25_it1,bogota_2018
1,126030,0.197437118146473,0.0227053343753682,baseline_common,fine,hrs_d_pm25_it1,bogota_2018
2,1615122,0.238790010909393,0.290977426541406,baseline_common,fine,hrs_d_pm25_it1,bogota_2018
3,1571559,0.193278139732584,0.283129196109016,baseline_common,fine,hrs_d_pm25_it1,bogota_2018
4,738063,0.19216787726793,0.132968080656093,baseline_common,fine,hrs_d_pm25_it1,bogota_2018
5,1047859,0.135701463651121,0.188780361606276,baseline_common,fine,hrs_d_pm25_it1,bogota_2018
6,452045,0.0967713391365904,0.081439600711841,baseline_common,fine,hrs_d_pm25_it1,bogota_2018
1,126030,0.197437118146473,0.0227053343753682,A_common,fine,hrs_d_pm25_it1,bogota_2018
2,1615122,0.238790010909393,0.290977426541406,A_common,fine,hrs_d_pm25_it1,bogota_2018
3,1571559,0.193278139732584,0.283129196109016,A_common,fine,hrs_d_pm25_it1,bogota_2018
4,738063,0.19216787726793,0.132968080656093,A_common,fine,hrs_d_pm25_it1,bogota_2018
5,1047859,0.135701463651121,0.188780361606276,A_common,fine,hrs_d_pm25_it1,bogota_2018
6,452045,0.0967713391365904,0.081439600711841,A_common,fine,hrs_d_pm25_it1,bogota_2018
1,60,0,1.08094903001039e-05,C,fine,hrs_d_pm25_it1,bogota_2018
2,832914,0.294570627939979,0.150056263397012,C,fine,hrs_d_pm25_it1,bogota_2018
3,2948009,0.219699464960928,0.531107911501982,C,fine,hrs_d_pm25_it1,bogota_2018
4,701192,0.133451322890164,0.126325468708507,C,fine,hrs_d_pm25_it1,bogota_2018
5,1051115,0.0527782402496397,0.189366956613228,C,fine,hrs_d_pm25_it1,bogota_2018
6,17388,0,0.0031325902889701,C,fine,hrs_d_pm25_it1,bogota_2018
1,126030,18.3109180353884,0.0227053343753682,A,fine,hrs_d_pm25_it2,bogota_2018
2,1615122,20.6457920825795,0.290977426541406,A,fine,hrs_d_pm25_it2,bogota_2018
3,1571559,18.4992507440064,0.283129196109016,A,fine,hrs_d_pm25_it2,bogota_2018
4,738063,15.9338701438766,0.132968080656093,A,fine,hrs_d_pm25_it2,bogota_2018
5,1047859,10.3171361795814,0.188780361606276,A,fine,hrs_d_pm25_it2,bogota_2018
6,452045,6.24203563804489,0.081439600711841,A,fine,hrs_d_pm25_it2,bogota_2018
1,126040,18.3094652491273,0.0227062319094619,B_native,fine,hrs_d_pm25_it2,bogota_2018
2,1615233,20.6443875279913,0.290985838510122,B_native,fine,hrs_d_pm25_it2,bogota_2018
3,1571617,18.4985807610887,0.283128372539295,B_native,fine,hrs_d_pm25_it2,bogota_2018
4,738079,15.9335369249091,0.13296566916458,B_native,fine,hrs_d_pm25_it2,bogota_2018
5,1047879,10.31695644249,0.188776448643724,B_native,fine,hrs_d_pm25_it2,bogota_2018
6,452051,6.24196606135148,0.0814374392328162,B_native,fine,hrs_d_pm25_it2,bogota_2018
1,126030,18.3109180353884,0.0227053343753682,B_common,fine,hrs_d_pm25_it2,bogota_2018
2,1615122,20.6457920825795,0.290977426541406,B_common,fine,hrs_d_pm25_it2,bogota_2018
3,1571559,18.4992507440064,0.283129196109016,B_common,fine,hrs_d_pm25_it2,bogota_2018
4,738063,15.9338701438766,0.132968080656093,B_common,fine,hrs_d_pm25_it2,bogota_2018
5,1047859,10.3171361795814,0.188780361606276,B_common,fine,hrs_d_pm25_it2,bogota_2018
6,452045,6.24203563804489,0.081439600711841,B_common,fine,hrs_d_pm25_it2,bogota_2018
1,126030,18.3109180353884,0.0227053343753682,baseline_common,fine,hrs_d_pm25_it2,bogota_2018
2,1615122,20.6457920825795,0.290977426541406,baseline_common,fine,hrs_d_pm25_it2,bogota_2018
3,1571559,18.4992507440064,0.283129196109016,baseline_common,fine,hrs_d_pm25_it2,bogota_2018
4,738063,15.9338701438766,0.132968080656093,baseline_common,fine,hrs_d_pm25_it2,bogota_2018
5,1047859,10.3171361795814,0.188780361606276,baseline_common,fine,hrs_d_pm25_it2,bogota_2018
6,452045,6.24203563804489,0.081439600711841,baseline_common,fine,hrs_d_pm25_it2,bogota_2018
1,126030,18.3109180353884,0.0227053343753682,A_common,fine,hrs_d_pm25_it2,bogota_2018
2,1615122,20.6457920825795,0.290977426541406,A_common,fine,hrs_d_pm25_it2,bogota_2018
3,1571559,18.4992507440064,0.283129196109016,A_common,fine,hrs_d_pm25_it2,bogota_2018
4,738063,15.9338701438766,0.132968080656093,A_common,fine,hrs_d_pm25_it2,bogota_2018
5,1047859,10.3171361795814,0.188780361606276,A_common,fine,hrs_d_pm25_it2,bogota_2018
6,452045,6.24203563804489,0.081439600711841,A_common,fine,hrs_d_pm25_it2,bogota_2018
1,60,22.0666666666667,1.08094903001039e-05,C,fine,hrs_d_pm25_it2,bogota_2018
2,832914,28.5996489433483,0.150056263397012,C,fine,hrs_d_pm25_it2,bogota_2018
3,2948009,18.6941752891528,0.531107911501982,C,fine,hrs_d_pm25_it2,bogota_2018
4,701192,11.607739392349,0.126325468708507,C,fine,hrs_d_pm25_it2,bogota_2018
5,1051115,2.86188476046865,0.189366956613228,C,fine,hrs_d_pm25_it2,bogota_2018
6,17388,2.20002300437083,0.0031325902889701,C,fine,hrs_d_pm25_it2,bogota_2018
1,126030,15.3733873415495,0.0227053343753682,A,fine,avg_pm25,bogota_2018
2,1615122,15.6620939467877,0.290977426541406,A,fine,avg_pm25,bogota_2018
3,1571559,15.6728104656334,0.283129196109016,A,fine,avg_pm25,bogota_2018
4,738063,15.4902032230359,0.132968080656093,A,fine,avg_pm25,bogota_2018
5,1047859,14.8945787302197,0.188780361606276,A,fine,avg_pm25,bogota_2018
6,452045,14.4376553015708,0.081439600711841,A,fine,avg_pm25,bogota_2018
1,126040,15.3731889452179,0.0227062319094619,B_native,fine,avg_pm25,bogota_2018
2,1615233,15.6619213889717,0.290985838510122,B_native,fine,avg_pm25,bogota_2018
3,1571617,15.6727248078473,0.283128372539295,B_native,fine,avg_pm25,bogota_2018
4,738079,15.4901638883847,0.13296566916458,B_native,fine,avg_pm25,bogota_2018
5,1047879,14.8945628077705,0.188776448643724,B_native,fine,avg_pm25,bogota_2018
6,452051,14.4376513075907,0.0814374392328162,B_native,fine,avg_pm25,bogota_2018
1,126030,15.3733873415495,0.0227053343753682,B_common,fine,avg_pm25,bogota_2018
2,1615122,15.6620939467877,0.290977426541406,B_common,fine,avg_pm25,bogota_2018
3,1571559,15.6728104656334,0.283129196109016,B_common,fine,avg_pm25,bogota_2018
4,738063,15.4902032230359,0.132968080656093,B_common,fine,avg_pm25,bogota_2018
5,1047859,14.8945787302197,0.188780361606276,B_common,fine,avg_pm25,bogota_2018
6,452045,14.4376553015708,0.081439600711841,B_common,fine,avg_pm25,bogota_2018
1,126030,15.3733873415495,0.0227053343753682,baseline_common,fine,avg_pm25,bogota_2018
2,1615122,15.6620939467877,0.290977426541406,baseline_common,fine,avg_pm25,bogota_2018
3,1571559,15.6728104656334,0.283129196109016,baseline_common,fine,avg_pm25,bogota_2018
4,738063,15.4902032230359,0.132968080656093,baseline_common,fine,avg_pm25,bogota_2018
5,1047859,14.8945787302197,0.188780361606276,baseline_common,fine,avg_pm25,bogota_2018
6,452045,14.4376553015708,0.081439600711841,baseline_common,fine,avg_pm25,bogota_2018
1,126030,15.3733873415495,0.0227053343753682,A_common,fine,avg_pm25,bogota_2018
2,1615122,15.6620939467877,0.290977426541406,A_common,fine,avg_pm25,bogota_2018
3,1571559,15.6728104656334,0.283129196109016,A_common,fine,avg_pm25,bogota_2018
4,738063,15.4902032230359,0.132968080656093,A_common,fine,avg_pm25,bogota_2018
5,1047859,14.8945787302197,0.188780361606276,A_common,fine,avg_pm25,bogota_2018
6,452045,14.4376553015708,0.081439600711841,A_common,fine,avg_pm25,bogota_2018
1,60,15.314907534457,1.08094903001039e-05,C,fine,avg_pm25,bogota_2018
2,832914,15.7653422023119,0.150056263397012,C,fine,avg_pm25,bogota_2018
3,2948009,15.764776430665,0.531107911501982,C,fine,avg_pm25,bogota_2018
4,701192,15.3235488574149,0.126325468708507,C,fine,avg_pm25,bogota_2018
5,1051115,14.1110367611683,0.189366956613228,C,fine,avg_pm25,bogota_2018
6,17388,14.2174355203723,0.0031325902889701,C,fine,avg_pm25,bogota_2018
1,126030,0.538242258396248,0.0227053343753682,A,seccion,hrs_d_pm10_it1,bogota_2018
2,1615122,0.600511503105186,0.290977426541406,A,seccion,hrs_d_pm10_it1,bogota_2018
3,1571559,0.6006842807446,0.283129196109016,A,seccion,hrs_d_pm10_it1,bogota_2018
4,738063,0.561312478720681,0.132968080656093,A,seccion,hrs_d_pm10_it1,bogota_2018
5,1047859,0.287201699829543,0.188780361606276,A,seccion,hrs_d_pm10_it1,bogota_2018
6,452045,0.130031239823309,0.081439600711841,A,seccion,hrs_d_pm10_it1,bogota_2018
1,126040,0.647151697873691,0.0227062319094619,B_native,seccion,hrs_d_pm10_it1,bogota_2018
2,1615233,0.739952068834651,0.290985838510122,B_native,seccion,hrs_d_pm10_it1,bogota_2018
3,1571617,0.83467155165667,0.283128372539295,B_native,seccion,hrs_d_pm10_it1,bogota_2018
4,738079,0.793783592271288,0.13296566916458,B_native,seccion,hrs_d_pm10_it1,bogota_2018
5,1047879,0.384586388313918,0.188776448643724,B_native,seccion,hrs_d_pm10_it1,bogota_2018
6,452051,0.166722338851147,0.0814374392328162,B_native,seccion,hrs_d_pm10_it1,bogota_2018
1,126030,0.647203046893597,0.0227053343753682,B_common,seccion,hrs_d_pm10_it1,bogota_2018
2,1615122,0.740002922379857,0.290977426541406,B_common,seccion,hrs_d_pm10_it1,bogota_2018
3,1571559,0.834702356068083,0.283129196109016,B_common,seccion,hrs_d_pm10_it1,bogota_2018
4,738063,0.793800800202693,0.132968080656093,B_common,seccion,hrs_d_pm10_it1,bogota_2018
5,1047859,0.384593728736404,0.188780361606276,B_common,seccion,hrs_d_pm10_it1,bogota_2018
6,452045,0.166724551759228,0.081439600711841,B_common,seccion,hrs_d_pm10_it1,bogota_2018
1,126030,0.542458144886138,0.0227053343753682,baseline_common,seccion,hrs_d_pm10_it1,bogota_2018
2,1615122,0.614139365323486,0.290977426541406,baseline_common,seccion,hrs_d_pm10_it1,bogota_2018
3,1571559,0.599618595292954,0.283129196109016,baseline_common,seccion,hrs_d_pm10_it1,bogota_2018
4,738063,0.552404063067787,0.132968080656093,baseline_common,seccion,hrs_d_pm10_it1,bogota_2018
5,1047859,0.276374015969706,0.188780361606276,baseline_common,seccion,hrs_d_pm10_it1,bogota_2018
6,452045,0.122872722848389,0.081439600711841,baseline_common,seccion,hrs_d_pm10_it1,bogota_2018
1,126030,0.538242258396248,0.0227053343753682,A_common,seccion,hrs_d_pm10_it1,bogota_2018
2,1615122,0.600511503105186,0.290977426541406,A_common,seccion,hrs_d_pm10_it1,bogota_2018
3,1571559,0.6006842807446,0.283129196109016,A_common,seccion,hrs_d_pm10_it1,bogota_2018
4,738063,0.561312478720681,0.132968080656093,A_common,seccion,hrs_d_pm10_it1,bogota_2018
5,1047859,0.287201699829543,0.188780361606276,A_common,seccion,hrs_d_pm10_it1,bogota_2018
6,452045,0.130031239823309,0.081439600711841,A_common,seccion,hrs_d_pm10_it1,bogota_2018
1,8,0,1.44126537334718e-06,C,seccion,hrs_d_pm10_it1,bogota_2018
2,665156,0.781346030104216,0.119833288834265,C,seccion,hrs_d_pm10_it1,bogota_2018
3,3173443,0.672720449051708,0.571721688773876,C,seccion,hrs_d_pm10_it1,bogota_2018
4,761210,0.13256394424666,0.137138201855701,C,seccion,hrs_d_pm10_it1,bogota_2018
5,949376,0,0.171037844385857,C,seccion,hrs_d_pm10_it1,bogota_2018
6,1485,0,0.000267534884927571,C,seccion,hrs_d_pm10_it1,bogota_2018
1,126030,25.2383666476236,0.0227053343753682,A,seccion,hrs_d_pm10_it2,bogota_2018
2,1615122,28.6773241066948,0.290977426541406,A,seccion,hrs_d_pm10_it2,bogota_2018
3,1571559,26.3015290250243,0.283129196109016,A,seccion,hrs_d_pm10_it2,bogota_2018
4,738063,22.3081880728322,0.132968080656093,A,seccion,hrs_d_pm10_it2,bogota_2018
5,1047859,12.9536934928623,0.188780361606276,A,seccion,hrs_d_pm10_it2,bogota_2018
6,452045,6.65471662806723,0.081439600711841,A,seccion,hrs_d_pm10_it2,bogota_2018
1,126040,25.5562916534434,0.0227062319094619,B_native,seccion,hrs_d_pm10_it2,bogota_2018
2,1615233,29.0736166237317,0.290985838510122,B_native,seccion,hrs_d_pm10_it2,bogota_2018
3,1571617,27.0507070106775,0.283128372539295,B_native,seccion,hrs_d_pm10_it2,bogota_2018
4,738079,22.9909101871209,0.13296566916458,B_native,seccion,hrs_d_pm10_it2,bogota_2018
5,1047879,13.1896621651927,0.188776448643724,B_native,seccion,hrs_d_pm10_it2,bogota_2018
6,452051,6.7261570044088,0.0814374392328162,B_native,seccion,hrs_d_pm10_it2,bogota_2018
1,126030,25.5583194477505,0.0227053343753682,B_common,seccion,hrs_d_pm10_it2,bogota_2018
2,1615122,29.0756147213647,0.290977426541406,B_common,seccion,hrs_d_pm10_it2,bogota_2018
3,1571559,27.05170534482,0.283129196109016,B_common,seccion,hrs_d_pm10_it2,bogota_2018
4,738063,22.9914085924914,0.132968080656093,B_common,seccion,hrs_d_pm10_it2,bogota_2018
5,1047859,13.189913910173,0.188780361606276,B_common,seccion,hrs_d_pm10_it2,bogota_2018
6,452045,6.72624628079063,0.081439600711841,B_common,seccion,hrs_d_pm10_it2,bogota_2018
1,126030,25.2573038165516,0.0227053343753682,baseline_common,seccion,hrs_d_pm10_it2,bogota_2018
2,1615122,28.7542365220708,0.290977426541406,baseline_common,seccion,hrs_d_pm10_it2,bogota_2018
3,1571559,26.3021337410813,0.283129196109016,baseline_common,seccion,hrs_d_pm10_it2,bogota_2018
4,738063,22.2738302827807,0.132968080656093,baseline_common,seccion,hrs_d_pm10_it2,bogota_2018
5,1047859,12.8873149918071,0.188780361606276,baseline_common,seccion,hrs_d_pm10_it2,bogota_2018
6,452045,6.58336448804876,0.081439600711841,baseline_common,seccion,hrs_d_pm10_it2,bogota_2018
1,126030,25.2383666476236,0.0227053343753682,A_common,seccion,hrs_d_pm10_it2,bogota_2018
2,1615122,28.6773241066948,0.290977426541406,A_common,seccion,hrs_d_pm10_it2,bogota_2018
3,1571559,26.3015290250243,0.283129196109016,A_common,seccion,hrs_d_pm10_it2,bogota_2018
4,738063,22.3081880728322,0.132968080656093,A_common,seccion,hrs_d_pm10_it2,bogota_2018
5,1047859,12.9536934928623,0.188780361606276,A_common,seccion,hrs_d_pm10_it2,bogota_2018
6,452045,6.65471662806723,0.081439600711841,A_common,seccion,hrs_d_pm10_it2,bogota_2018
1,8,6,1.44126537334718e-06,C,seccion,hrs_d_pm10_it2,bogota_2018
2,665156,44.8506245151513,0.119833288834265,C,seccion,hrs_d_pm10_it2,bogota_2018
3,3173443,26.5128474026475,0.571721688773876,C,seccion,hrs_d_pm10_it2,bogota_2018
4,761210,11.3543700161585,0.137138201855701,C,seccion,hrs_d_pm10_it2,bogota_2018
5,949376,1.33359174868545,0.171037844385857,C,seccion,hrs_d_pm10_it2,bogota_2018
6,1485,0.558249158249158,0.000267534884927571,C,seccion,hrs_d_pm10_it2,bogota_2018
1,126030,32.361871576324,0.0227053343753682,A,seccion,avg_pm10,bogota_2018
2,1615122,33.2091433895986,0.290977426541406,A,seccion,avg_pm10,bogota_2018
3,1571559,33.0831884731678,0.283129196109016,A,seccion,avg_pm10,bogota_2018
4,738063,32.452534544742,0.132968080656093,A,seccion,avg_pm10,bogota_2018
5,1047859,30.6466027965264,0.188780361606276,A,seccion,avg_pm10,bogota_2018
6,452045,29.2458777130242,0.081439600711841,A,seccion,avg_pm10,bogota_2018
1,126040,32.3518800966498,0.0227062319094619,B_native,seccion,avg_pm10,bogota_2018
2,1615233,33.2088461397817,0.290985838510122,B_native,seccion,avg_pm10,bogota_2018
3,1571617,33.0853869565548,0.283128372539295,B_native,seccion,avg_pm10,bogota_2018
4,738079,32.4467556826291,0.13296566916458,B_native,seccion,avg_pm10,bogota_2018
5,1047879,30.6184214965615,0.188776448643724,B_native,seccion,avg_pm10,bogota_2018
6,452051,29.2001972681235,0.0814374392328162,B_native,seccion,avg_pm10,bogota_2018
1,126030,32.3524370597324,0.0227053343753682,B_common,seccion,avg_pm10,bogota_2018
2,1615122,33.209351869127,0.290977426541406,B_common,seccion,avg_pm10,bogota_2018
3,1571559,33.0856394664757,0.283129196109016,B_common,seccion,avg_pm10,bogota_2018
4,738063,32.4468757737149,0.132968080656093,B_common,seccion,avg_pm10,bogota_2018
5,1047859,30.6184795322176,0.188780361606276,B_common,seccion,avg_pm10,bogota_2018
6,452045,29.2002162133931,0.081439600711841,B_common,seccion,avg_pm10,bogota_2018
1,126030,32.3621695197593,0.0227053343753682,baseline_common,seccion,avg_pm10,bogota_2018
2,1615122,33.212082061989,0.290977426541406,baseline_common,seccion,avg_pm10,bogota_2018
3,1571559,33.08352562479,0.283129196109016,baseline_common,seccion,avg_pm10,bogota_2018
4,738063,32.4507285434102,0.132968080656093,baseline_common,seccion,avg_pm10,bogota_2018
5,1047859,30.644537520109,0.188780361606276,baseline_common,seccion,avg_pm10,bogota_2018
6,452045,29.2423286498603,0.081439600711841,baseline_common,seccion,avg_pm10,bogota_2018
1,126030,32.361871576324,0.0227053343753682,A_common,seccion,avg_pm10,bogota_2018
2,1615122,33.2091433895986,0.290977426541406,A_common,seccion,avg_pm10,bogota_2018
3,1571559,33.0831884731678,0.283129196109016,A_common,seccion,avg_pm10,bogota_2018
4,738063,32.452534544742,0.132968080656093,A_common,seccion,avg_pm10,bogota_2018
5,1047859,30.6466027965264,0.188780361606276,A_common,seccion,avg_pm10,bogota_2018
6,452045,29.2458777130242,0.081439600711841,A_common,seccion,avg_pm10,bogota_2018
1,8,34.0686996051534,1.44126537334718e-06,C,seccion,avg_pm10,bogota_2018
2,665156,34.596299654638,0.119833288834265,C,seccion,avg_pm10,bogota_2018
3,3173443,33.2410669113773,0.571721688773876,C,seccion,avg_pm10,bogota_2018
4,761210,31.258490074819,0.137138201855701,C,seccion,avg_pm10,bogota_2018
5,949376,28.0794161567436,0.171037844385857,C,seccion,avg_pm10,bogota_2018
6,1485,27.2909526024758,0.000267534884927571,C,seccion,avg_pm10,bogota_2018
1,126030,0.195173723365277,0.0227053343753682,A,seccion,hrs_d_pm25_it1,bogota_2018
2,1615122,0.235745681991241,0.290977426541406,A,seccion,hrs_d_pm25_it1,bogota_2018
3,1571559,0.19399993913206,0.283129196109016,A,seccion,hrs_d_pm25_it1,bogota_2018
4,738063,0.192696943129307,0.132968080656093,A,seccion,hrs_d_pm25_it1,bogota_2018
5,1047859,0.138390226843415,0.188780361606276,A,seccion,hrs_d_pm25_it1,bogota_2018
6,452045,0.099596187919277,0.081439600711841,A,seccion,hrs_d_pm25_it1,bogota_2018
1,126040,0.208219612821327,0.0227062319094619,B_native,seccion,hrs_d_pm25_it1,bogota_2018
2,1615233,0.244926892900281,0.290985838510122,B_native,seccion,hrs_d_pm25_it1,bogota_2018
3,1571617,0.215399171681141,0.283128372539295,B_native,seccion,hrs_d_pm25_it1,bogota_2018
4,738079,0.213105914136563,0.13296566916458,B_native,seccion,hrs_d_pm25_it1,bogota_2018
5,1047879,0.150059310282962,0.188776448643724,B_native,seccion,hrs_d_pm25_it1,bogota_2018
6,452051,0.106109708860283,0.0814374392328162,B_native,seccion,hrs_d_pm25_it1,bogota_2018
1,126030,0.208236134253749,0.0227053343753682,B_common,seccion,hrs_d_pm25_it1,bogota_2018
2,1615122,0.244943725613297,0.290977426541406,B_common,seccion,hrs_d_pm25_it1,bogota_2018
3,1571559,0.21540712120894,0.283129196109016,B_common,seccion,hrs_d_pm25_it1,bogota_2018
4,738063,0.213110533924611,0.132968080656093,B_common,seccion,hrs_d_pm25_it1,bogota_2018
5,1047859,0.150062174395601,0.188780361606276,B_common,seccion,hrs_d_pm25_it1,bogota_2018
6,452045,0.106111117256025,0.081439600711841,B_common,seccion,hrs_d_pm25_it1,bogota_2018
1,126030,0.197437118146473,0.0227053343753682,baseline_common,seccion,hrs_d_pm25_it1,bogota_2018
2,1615122,0.238790010909393,0.290977426541406,baseline_common,seccion,hrs_d_pm25_it1,bogota_2018
3,1571559,0.193278139732584,0.283129196109016,baseline_common,seccion,hrs_d_pm25_it1,bogota_2018
4,738063,0.19216787726793,0.132968080656093,baseline_common,seccion,hrs_d_pm25_it1,bogota_2018
5,1047859,0.135701463651121,0.188780361606276,baseline_common,seccion,hrs_d_pm25_it1,bogota_2018
6,452045,0.0967713391365904,0.081439600711841,baseline_common,seccion,hrs_d_pm25_it1,bogota_2018
1,126030,0.195173723365277,0.0227053343753682,A_common,seccion,hrs_d_pm25_it1,bogota_2018
2,1615122,0.235745681991241,0.290977426541406,A_common,seccion,hrs_d_pm25_it1,bogota_2018
3,1571559,0.19399993913206,0.283129196109016,A_common,seccion,hrs_d_pm25_it1,bogota_2018
4,738063,0.192696943129307,0.132968080656093,A_common,seccion,hrs_d_pm25_it1,bogota_2018
5,1047859,0.138390226843415,0.188780361606276,A_common,seccion,hrs_d_pm25_it1,bogota_2018
6,452045,0.099596187919277,0.081439600711841,A_common,seccion,hrs_d_pm25_it1,bogota_2018
1,8,0,1.44126537334718e-06,C,seccion,hrs_d_pm25_it1,bogota_2018
2,665156,0.324905736398679,0.119833288834265,C,seccion,hrs_d_pm25_it1,bogota_2018
3,3173443,0.229241237356398,0.571721688773876,C,seccion,hrs_d_pm25_it1,bogota_2018
4,761210,0.12937559937468,0.137138201855701,C,seccion,hrs_d_pm25_it1,bogota_2018
5,949376,0,0.171037844385857,C,seccion,hrs_d_pm25_it1,bogota_2018
6,1485,0,0.000267534884927571,C,seccion,hrs_d_pm25_it1,bogota_2018
1,126030,18.2828252494309,0.0227053343753682,A,seccion,hrs_d_pm25_it2,bogota_2018
2,1615122,20.5867587673748,0.290977426541406,A,seccion,hrs_d_pm25_it2,bogota_2018
3,1571559,18.49636245755,0.283129196109016,A,seccion,hrs_d_pm25_it2,bogota_2018
4,738063,15.9579695117535,0.132968080656093,A,seccion,hrs_d_pm25_it2,bogota_2018
5,1047859,10.3743486259663,0.188780361606276,A,seccion,hrs_d_pm25_it2,bogota_2018
6,452045,6.30681149905517,0.081439600711841,A,seccion,hrs_d_pm25_it2,bogota_2018
1,126040,18.3898286258331,0.0227062319094619,B_native,seccion,hrs_d_pm25_it2,bogota_2018
2,1615233,20.691678538019,0.290985838510122,B_native,seccion,hrs_d_pm25_it2,bogota_2018
3,1571617,18.7204134340619,0.283128372539295,B_native,seccion,hrs_d_pm25_it2,bogota_2018
4,738079,16.1249662976456,0.13296566916458,B_native,seccion,hrs_d_pm25_it2,bogota_2018
5,1047879,10.4003525216175,0.188776448643724,B_native,seccion,hrs_d_pm25_it2,bogota_2018
6,452051,6.28376886678715,0.0814374392328162,B_native,seccion,hrs_d_pm25_it2,bogota_2018
1,126030,18.3912877886218,0.0227053343753682,B_common,seccion,hrs_d_pm25_it2,bogota_2018
2,1615122,20.6930863427035,0.290977426541406,B_common,seccion,hrs_d_pm25_it2,bogota_2018
3,1571559,18.7210916039423,0.283129196109016,B_common,seccion,hrs_d_pm25_it2,bogota_2018
4,738063,16.1253036664892,0.132968080656093,B_common,seccion,hrs_d_pm25_it2,bogota_2018
5,1047859,10.4005338504513,0.188780361606276,B_common,seccion,hrs_d_pm25_it2,bogota_2018
6,452045,6.28383899832981,0.081439600711841,B_common,seccion,hrs_d_pm25_it2,bogota_2018
1,126030,18.3109180353884,0.0227053343753682,baseline_common,seccion,hrs_d_pm25_it2,bogota_2018
2,1615122,20.6457920825795,0.290977426541406,baseline_common,seccion,hrs_d_pm25_it2,bogota_2018
3,1571559,18.4992507440064,0.283129196109016,baseline_common,seccion,hrs_d_pm25_it2,bogota_2018
4,738063,15.9338701438766,0.132968080656093,baseline_common,seccion,hrs_d_pm25_it2,bogota_2018
5,1047859,10.3171361795814,0.188780361606276,baseline_common,seccion,hrs_d_pm25_it2,bogota_2018
6,452045,6.24203563804489,0.081439600711841,baseline_common,seccion,hrs_d_pm25_it2,bogota_2018
1,126030,18.2828252494309,0.0227053343753682,A_common,seccion,hrs_d_pm25_it2,bogota_2018
2,1615122,20.5867587673748,0.290977426541406,A_common,seccion,hrs_d_pm25_it2,bogota_2018
3,1571559,18.49636245755,0.283129196109016,A_common,seccion,hrs_d_pm25_it2,bogota_2018
4,738063,15.9579695117535,0.132968080656093,A_common,seccion,hrs_d_pm25_it2,bogota_2018
5,1047859,10.3743486259663,0.188780361606276,A_common,seccion,hrs_d_pm25_it2,bogota_2018
6,452045,6.30681149905517,0.081439600711841,A_common,seccion,hrs_d_pm25_it2,bogota_2018
1,8,4,1.44126537334718e-06,C,seccion,hrs_d_pm25_it2,bogota_2018
2,665156,32.1016889271088,0.119833288834265,C,seccion,hrs_d_pm25_it2,bogota_2018
3,3173443,18.5223358352427,0.571721688773876,C,seccion,hrs_d_pm25_it2,bogota_2018
4,761210,10.7238895968261,0.137138201855701,C,seccion,hrs_d_pm25_it2,bogota_2018
5,949376,1.91949554233518,0.171037844385857,C,seccion,hrs_d_pm25_it2,bogota_2018
6,1485,0.641077441077441,0.000267534884927571,C,seccion,hrs_d_pm25_it2,bogota_2018
1,126030,15.3733771456122,0.0227053343753682,A,seccion,avg_pm25,bogota_2018
2,1615122,15.6611945261328,0.290977426541406,A,seccion,avg_pm25,bogota_2018
3,1571559,15.6728050347005,0.283129196109016,A,seccion,avg_pm25,bogota_2018
4,738063,15.4908486243414,0.132968080656093,A,seccion,avg_pm25,bogota_2018
5,1047859,14.8950976227324,0.188780361606276,A,seccion,avg_pm25,bogota_2018
6,452045,14.4385326501438,0.081439600711841,A,seccion,avg_pm25,bogota_2018
1,126040,15.3685677578569,0.0227062319094619,B_native,seccion,avg_pm25,bogota_2018
2,1615233,15.661210747858,0.290985838510122,B_native,seccion,avg_pm25,bogota_2018
3,1571617,15.6734460669333,0.283128372539295,B_native,seccion,avg_pm25,bogota_2018
4,738079,15.4889158492613,0.13296566916458,B_native,seccion,avg_pm25,bogota_2018
5,1047879,14.883192743942,0.188776448643724,B_native,seccion,avg_pm25,bogota_2018
6,452051,14.4163169617699,0.0814374392328162,B_native,seccion,avg_pm25,bogota_2018
1,126030,15.3687656375389,0.0227053343753682,B_common,seccion,avg_pm25,bogota_2018
2,1615122,15.661384116623,0.290977426541406,B_common,seccion,avg_pm25,bogota_2018
3,1571559,15.6735323457899,0.283129196109016,B_common,seccion,avg_pm25,bogota_2018
4,738063,15.4889555072757,0.132968080656093,B_common,seccion,avg_pm25,bogota_2018
5,1047859,14.8832093561573,0.188780361606276,B_common,seccion,avg_pm25,bogota_2018
6,452045,14.4163211519516,0.081439600711841,B_common,seccion,avg_pm25,bogota_2018
1,126030,15.3733873415495,0.0227053343753682,baseline_common,seccion,avg_pm25,bogota_2018
2,1615122,15.6620939467877,0.290977426541406,baseline_common,seccion,avg_pm25,bogota_2018
3,1571559,15.6728104656334,0.283129196109016,baseline_common,seccion,avg_pm25,bogota_2018
4,738063,15.4902032230359,0.132968080656093,baseline_common,seccion,avg_pm25,bogota_2018
5,1047859,14.8945787302197,0.188780361606276,baseline_common,seccion,avg_pm25,bogota_2018
6,452045,14.4376553015708,0.081439600711841,baseline_common,seccion,avg_pm25,bogota_2018
1,126030,15.3733771456122,0.0227053343753682,A_common,seccion,avg_pm25,bogota_2018
2,1615122,15.6611945261328,0.290977426541406,A_common,seccion,avg_pm25,bogota_2018
3,1571559,15.6728050347005,0.283129196109016,A_common,seccion,avg_pm25,bogota_2018
4,738063,15.4908486243414,0.132968080656093,A_common,seccion,avg_pm25,bogota_2018
5,1047859,14.8950976227324,0.188780361606276,A_common,seccion,avg_pm25,bogota_2018
6,452045,14.4385326501438,0.081439600711841,A_common,seccion,avg_pm25,bogota_2018
1,8,16.1233874000214,1.44126537334718e-06,C,seccion,avg_pm25,bogota_2018
2,665156,15.8676801066056,0.119833288834265,C,seccion,avg_pm25,bogota_2018
3,3173443,15.746116931898,0.571721688773876,C,seccion,avg_pm25,bogota_2018
4,761210,15.1578160154734,0.137138201855701,C,seccion,avg_pm25,bogota_2018
5,949376,14.0599399814239,0.171037844385857,C,seccion,avg_pm25,bogota_2018
6,1485,13.8815453630278,0.000267534884927571,C,seccion,avg_pm25,bogota_2018
1,126030,0.534039251776124,0.0227053343753682,A,sector,hrs_d_pm10_it1,bogota_2018
2,1615122,0.58890915749343,0.290977426541406,A,sector,hrs_d_pm10_it1,bogota_2018
3,1571559,0.59500677695964,0.283129196109016,A,sector,hrs_d_pm10_it1,bogota_2018
4,738063,0.5579752036243,0.132968080656093,A,sector,hrs_d_pm10_it1,bogota_2018
5,1047859,0.30829775064243,0.188780361606276,A,sector,hrs_d_pm10_it1,bogota_2018
6,452045,0.145588142746584,0.081439600711841,A,sector,hrs_d_pm10_it1,bogota_2018
1,126040,0.940986988257696,0.0227062319094619,B_native,sector,hrs_d_pm10_it1,bogota_2018
2,1615233,1.11449803217245,0.290985838510122,B_native,sector,hrs_d_pm10_it1,bogota_2018
3,1571617,1.28119319147095,0.283128372539295,B_native,sector,hrs_d_pm10_it1,bogota_2018
4,738079,1.22308858536823,0.13296566916458,B_native,sector,hrs_d_pm10_it1,bogota_2018
5,1047879,0.65390087977715,0.188776448643724,B_native,sector,hrs_d_pm10_it1,bogota_2018
6,452051,0.285003240784779,0.0814374392328162,B_native,sector,hrs_d_pm10_it1,bogota_2018
1,126030,0.941061651987622,0.0227053343753682,B_common,sector,hrs_d_pm10_it1,bogota_2018
2,1615122,1.11457462656072,0.290977426541406,B_common,sector,hrs_d_pm10_it1,bogota_2018
3,1571559,1.28124047522237,0.283129196109016,B_common,sector,hrs_d_pm10_it1,bogota_2018
4,738063,1.22311509993049,0.132968080656093,B_common,sector,hrs_d_pm10_it1,bogota_2018
5,1047859,0.653913360480752,0.188780361606276,B_common,sector,hrs_d_pm10_it1,bogota_2018
6,452045,0.285007023637027,0.081439600711841,B_common,sector,hrs_d_pm10_it1,bogota_2018
1,126030,0.542458144886138,0.0227053343753682,baseline_common,sector,hrs_d_pm10_it1,bogota_2018
2,1615122,0.614139365323486,0.290977426541406,baseline_common,sector,hrs_d_pm10_it1,bogota_2018
3,1571559,0.599618595292954,0.283129196109016,baseline_common,sector,hrs_d_pm10_it1,bogota_2018
4,738063,0.552404063067787,0.132968080656093,baseline_common,sector,hrs_d_pm10_it1,bogota_2018
5,1047859,0.276374015969706,0.188780361606276,baseline_common,sector,hrs_d_pm10_it1,bogota_2018
6,452045,0.122872722848389,0.081439600711841,baseline_common,sector,hrs_d_pm10_it1,bogota_2018
1,126030,0.534039251776124,0.0227053343753682,A_common,sector,hrs_d_pm10_it1,bogota_2018
2,1615122,0.58890915749343,0.290977426541406,A_common,sector,hrs_d_pm10_it1,bogota_2018
3,1571559,0.59500677695964,0.283129196109016,A_common,sector,hrs_d_pm10_it1,bogota_2018
4,738063,0.5579752036243,0.132968080656093,A_common,sector,hrs_d_pm10_it1,bogota_2018
5,1047859,0.30829775064243,0.188780361606276,A_common,sector,hrs_d_pm10_it1,bogota_2018
6,452045,0.145588142746584,0.081439600711841,A_common,sector,hrs_d_pm10_it1,bogota_2018
1,8,0,1.44126537334718e-06,C,sector,hrs_d_pm10_it1,bogota_2018
2,506848,0.854698055432792,0.0913128089937842,C,sector,hrs_d_pm10_it1,bogota_2018
3,3419241,0.649919675155978,0.616004207053625,C,sector,hrs_d_pm10_it1,bogota_2018
4,680122,0.14707949456127,0.122529536031454,C,sector,hrs_d_pm10_it1,bogota_2018
5,943630,0,0.17000265553145,C,sector,hrs_d_pm10_it1,bogota_2018
6,829,0,0.000149351124313102,C,sector,hrs_d_pm10_it1,bogota_2018
1,126030,25.1343283961451,0.0227053343753682,A,sector,hrs_d_pm10_it2,bogota_2018
2,1615122,28.5563442181706,0.290977426541406,A,sector,hrs_d_pm10_it2,bogota_2018
3,1571559,26.298889420074,0.283129196109016,A,sector,hrs_d_pm10_it2,bogota_2018
4,738063,22.3444993929709,0.132968080656093,A,sector,hrs_d_pm10_it2,bogota_2018
5,1047859,13.0897514874589,0.188780361606276,A,sector,hrs_d_pm10_it2,bogota_2018
6,452045,6.76184706104506,0.081439600711841,A,sector,hrs_d_pm10_it2,bogota_2018
1,126040,26.0237622976833,0.0227062319094619,B_native,sector,hrs_d_pm10_it2,bogota_2018
2,1615233,29.9728986468206,0.290985838510122,B_native,sector,hrs_d_pm10_it2,bogota_2018
3,1571617,28.2038327404196,0.283128372539295,B_native,sector,hrs_d_pm10_it2,bogota_2018
4,738079,24.0712471158236,0.13296566916458,B_native,sector,hrs_d_pm10_it2,bogota_2018
5,1047879,13.9629308345715,0.188776448643724,B_native,sector,hrs_d_pm10_it2,bogota_2018
6,452051,7.10036256971006,0.0814374392328162,B_native,sector,hrs_d_pm10_it2,bogota_2018
1,126030,26.0258271840038,0.0227053343753682,B_common,sector,hrs_d_pm10_it2,bogota_2018
2,1615122,29.974958548023,0.290977426541406,B_common,sector,hrs_d_pm10_it2,bogota_2018
3,1571559,28.2048736318522,0.283129196109016,B_common,sector,hrs_d_pm10_it2,bogota_2018
4,738063,24.0717689411338,0.132968080656093,B_common,sector,hrs_d_pm10_it2,bogota_2018
5,1047859,13.9631973385732,0.188780361606276,B_common,sector,hrs_d_pm10_it2,bogota_2018
6,452045,7.10045681292792,0.081439600711841,B_common,sector,hrs_d_pm10_it2,bogota_2018
1,126030,25.2573038165516,0.0227053343753682,baseline_common,sector,hrs_d_pm10_it2,bogota_2018
2,1615122,28.7542365220708,0.290977426541406,baseline_common,sector,hrs_d_pm10_it2,bogota_2018
3,1571559,26.3021337410813,0.283129196109016,baseline_common,sector,hrs_d_pm10_it2,bogota_2018
4,738063,22.2738302827807,0.132968080656093,baseline_common,sector,hrs_d_pm10_it2,bogota_2018
5,1047859,12.8873149918071,0.188780361606276,baseline_common,sector,hrs_d_pm10_it2,bogota_2018
6,452045,6.58336448804876,0.081439600711841,baseline_common,sector,hrs_d_pm10_it2,bogota_2018
1,126030,25.1343283961451,0.0227053343753682,A_common,sector,hrs_d_pm10_it2,bogota_2018
2,1615122,28.5563442181706,0.290977426541406,A_common,sector,hrs_d_pm10_it2,bogota_2018
3,1571559,26.298889420074,0.283129196109016,A_common,sector,hrs_d_pm10_it2,bogota_2018
4,738063,22.3444993929709,0.132968080656093,A_common,sector,hrs_d_pm10_it2,bogota_2018
5,1047859,13.0897514874589,0.188780361606276,A_common,sector,hrs_d_pm10_it2,bogota_2018
6,452045,6.76184706104506,0.081439600711841,A_common,sector,hrs_d_pm10_it2,bogota_2018
1,8,6,1.44126537334718e-06,C,sector,hrs_d_pm10_it2,bogota_2018
2,506848,44.8100752099249,0.0913128089937842,C,sector,hrs_d_pm10_it2,bogota_2018
3,3419241,27.3649511689875,0.616004207053625,C,sector,hrs_d_pm10_it2,bogota_2018
4,680122,9.53543775969606,0.122529536031454,C,sector,hrs_d_pm10_it2,bogota_2018
5,943630,1.18085584392188,0.17000265553145,C,sector,hrs_d_pm10_it2,bogota_2018
6,829,1,0.000149351124313102,C,sector,hrs_d_pm10_it2,bogota_2018
1,126030,32.3585248714405,0.0227053343753682,A,sector,avg_pm10,bogota_2018
2,1615122,33.2017170729038,0.290977426541406,A,sector,avg_pm10,bogota_2018
3,1571559,33.0822535178568,0.283129196109016,A,sector,avg_pm10,bogota_2018
4,738063,32.4550282505048,0.132968080656093,A,sector,avg_pm10,bogota_2018
5,1047859,30.6541933215119,0.188780361606276,A,sector,avg_pm10,bogota_2018
6,452045,29.2558464943909,0.081439600711841,A,sector,avg_pm10,bogota_2018
1,126040,32.3630051659106,0.0227062319094619,B_native,sector,avg_pm10,bogota_2018
2,1615233,33.2196107505354,0.290985838510122,B_native,sector,avg_pm10,bogota_2018
3,1571617,33.0977329819163,0.283128372539295,B_native,sector,avg_pm10,bogota_2018
4,738079,32.4581805759658,0.13296566916458,B_native,sector,avg_pm10,bogota_2018
5,1047879,30.6339557082143,0.188776448643724,B_native,sector,avg_pm10,bogota_2018
6,452051,29.220288988762,0.0814374392328162,B_native,sector,avg_pm10,bogota_2018
1,126030,32.363556558816,0.0227053343753682,B_common,sector,avg_pm10,bogota_2018
2,1615122,33.2201101471826,0.290977426541406,B_common,sector,avg_pm10,bogota_2018
3,1571559,33.0979814459754,0.283129196109016,B_common,sector,avg_pm10,bogota_2018
4,738063,32.4583009236182,0.132968080656093,B_common,sector,avg_pm10,bogota_2018
5,1047859,30.6340082410518,0.188780361606276,B_common,sector,avg_pm10,bogota_2018
6,452045,29.2203006757175,0.081439600711841,B_common,sector,avg_pm10,bogota_2018
1,126030,32.3621695197593,0.0227053343753682,baseline_common,sector,avg_pm10,bogota_2018
2,1615122,33.212082061989,0.290977426541406,baseline_common,sector,avg_pm10,bogota_2018
3,1571559,33.08352562479,0.283129196109016,baseline_common,sector,avg_pm10,bogota_2018
4,738063,32.4507285434102,0.132968080656093,baseline_common,sector,avg_pm10,bogota_2018
5,1047859,30.644537520109,0.188780361606276,baseline_common,sector,avg_pm10,bogota_2018
6,452045,29.2423286498603,0.081439600711841,baseline_common,sector,avg_pm10,bogota_2018
1,126030,32.3585248714405,0.0227053343753682,A_common,sector,avg_pm10,bogota_2018
2,1615122,33.2017170729038,0.290977426541406,A_common,sector,avg_pm10,bogota_2018
3,1571559,33.0822535178568,0.283129196109016,A_common,sector,avg_pm10,bogota_2018
4,738063,32.4550282505048,0.132968080656093,A_common,sector,avg_pm10,bogota_2018
5,1047859,30.6541933215119,0.188780361606276,A_common,sector,avg_pm10,bogota_2018
6,452045,29.2558464943909,0.081439600711841,A_common,sector,avg_pm10,bogota_2018
1,8,34.0686996051534,1.44126537334718e-06,C,sector,avg_pm10,bogota_2018
2,506848,34.5693302443847,0.0913128089937842,C,sector,avg_pm10,bogota_2018
3,3419241,33.3886946387998,0.616004207053625,C,sector,avg_pm10,bogota_2018
4,680122,30.6640925483757,0.122529536031454,C,sector,avg_pm10,bogota_2018
5,943630,28.0075649682612,0.17000265553145,C,sector,avg_pm10,bogota_2018
6,829,28.7110480784425,0.000149351124313102,C,sector,avg_pm10,bogota_2018
1,126030,0.193966005395948,0.0227053343753682,A,sector,hrs_d_pm25_it1,bogota_2018
2,1615122,0.234185801332254,0.290977426541406,A,sector,hrs_d_pm25_it1,bogota_2018
3,1571559,0.192779135713917,0.283129196109016,A,sector,hrs_d_pm25_it1,bogota_2018
4,738063,0.19199011029188,0.132968080656093,A,sector,hrs_d_pm25_it1,bogota_2018
5,1047859,0.14168389233171,0.188780361606276,A,sector,hrs_d_pm25_it1,bogota_2018
6,452045,0.103221578644101,0.081439600711841,A,sector,hrs_d_pm25_it1,bogota_2018
1,126040,0.240971120279276,0.0227062319094619,B_native,sector,hrs_d_pm25_it1,bogota_2018
2,1615233,0.305238934568573,0.290985838510122,B_native,sector,hrs_d_pm25_it1,bogota_2018
3,1571617,0.286600361283952,0.283128372539295,B_native,sector,hrs_d_pm25_it1,bogota_2018
4,738079,0.275954200024659,0.13296566916458,B_native,sector,hrs_d_pm25_it1,bogota_2018
5,1047879,0.185078620718614,0.188776448643724,B_native,sector,hrs_d_pm25_it1,bogota_2018
6,452051,0.118860482556172,0.0814374392328162,B_native,sector,hrs_d_pm25_it1,bogota_2018
1,126030,0.240990240418948,0.0227053343753682,B_common,sector,hrs_d_pm25_it1,bogota_2018
2,1615122,0.305259912254307,0.290977426541406,B_common,sector,hrs_d_pm25_it1,bogota_2018
3,1571559,0.286610938564826,0.283129196109016,B_common,sector,hrs_d_pm25_it1,bogota_2018
4,738063,0.275960182260864,0.132968080656093,B_common,sector,hrs_d_pm25_it1,bogota_2018
5,1047859,0.185082153228631,0.188780361606276,B_common,sector,hrs_d_pm25_it1,bogota_2018
6,452045,0.118862060193122,0.081439600711841,B_common,sector,hrs_d_pm25_it1,bogota_2018
1,126030,0.197437118146473,0.0227053343753682,baseline_common,sector,hrs_d_pm25_it1,bogota_2018
2,1615122,0.238790010909393,0.290977426541406,baseline_common,sector,hrs_d_pm25_it1,bogota_2018
3,1571559,0.193278139732584,0.283129196109016,baseline_common,sector,hrs_d_pm25_it1,bogota_2018
4,738063,0.19216787726793,0.132968080656093,baseline_common,sector,hrs_d_pm25_it1,bogota_2018
5,1047859,0.135701463651121,0.188780361606276,baseline_common,sector,hrs_d_pm25_it1,bogota_2018
6,452045,0.0967713391365904,0.081439600711841,baseline_common,sector,hrs_d_pm25_it1,bogota_2018
1,126030,0.193966005395948,0.0227053343753682,A_common,sector,hrs_d_pm25_it1,bogota_2018
2,1615122,0.234185801332254,0.290977426541406,A_common,sector,hrs_d_pm25_it1,bogota_2018
3,1571559,0.192779135713917,0.283129196109016,A_common,sector,hrs_d_pm25_it1,bogota_2018
4,738063,0.19199011029188,0.132968080656093,A_common,sector,hrs_d_pm25_it1,bogota_2018
5,1047859,0.14168389233171,0.188780361606276,A_common,sector,hrs_d_pm25_it1,bogota_2018
6,452045,0.103221578644101,0.081439600711841,A_common,sector,hrs_d_pm25_it1,bogota_2018
1,8,0,1.44126537334718e-06,C,sector,hrs_d_pm25_it1,bogota_2018
2,506848,0.331996969505651,0.0913128089937842,C,sector,hrs_d_pm25_it1,bogota_2018
3,3419241,0.249941434370961,0.616004207053625,C,sector,hrs_d_pm25_it1,bogota_2018
4,680122,0.0282258183090681,0.122529536031454,C,sector,hrs_d_pm25_it1,bogota_2018
5,943630,0,0.17000265553145,C,sector,hrs_d_pm25_it1,bogota_2018
6,829,0,0.000149351124313102,C,sector,hrs_d_pm25_it1,bogota_2018
1,126030,18.2193885774775,0.0227053343753682,A,sector,hrs_d_pm25_it2,bogota_2018
2,1615122,20.5259858452944,0.290977426541406,A,sector,hrs_d_pm25_it2,bogota_2018
3,1571559,18.4938431037639,0.283129196109016,A,sector,hrs_d_pm25_it2,bogota_2018
4,738063,15.9692794873419,0.132968080656093,A,sector,hrs_d_pm25_it2,bogota_2018
5,1047859,10.445849342611,0.188780361606276,A,sector,hrs_d_pm25_it2,bogota_2018
6,452045,6.37644893486182,0.081439600711841,A,sector,hrs_d_pm25_it2,bogota_2018
1,126040,18.6610520469692,0.0227062319094619,B_native,sector,hrs_d_pm25_it2,bogota_2018
2,1615233,21.2476416715112,0.290985838510122,B_native,sector,hrs_d_pm25_it2,bogota_2018
3,1571617,19.2475507709576,0.283128372539295,B_native,sector,hrs_d_pm25_it2,bogota_2018
4,738079,16.4607325232123,0.13296566916458,B_native,sector,hrs_d_pm25_it2,bogota_2018
5,1047879,10.5077027023158,0.188776448643724,B_native,sector,hrs_d_pm25_it2,bogota_2018
6,452051,6.24115420605197,0.0814374392328162,B_native,sector,hrs_d_pm25_it2,bogota_2018
1,126030,18.6625327303023,0.0227053343753682,B_common,sector,hrs_d_pm25_it2,bogota_2018
2,1615122,21.249087685017,0.290977426541406,B_common,sector,hrs_d_pm25_it2,bogota_2018
3,1571559,19.2482483953832,0.283129196109016,B_common,sector,hrs_d_pm25_it2,bogota_2018
4,738063,16.461077170919,0.132968080656093,B_common,sector,hrs_d_pm25_it2,bogota_2018
5,1047859,10.5078860800928,0.188780361606276,B_common,sector,hrs_d_pm25_it2,bogota_2018
6,452045,6.2412237719696,0.081439600711841,B_common,sector,hrs_d_pm25_it2,bogota_2018
1,126030,18.3109180353884,0.0227053343753682,baseline_common,sector,hrs_d_pm25_it2,bogota_2018
2,1615122,20.6457920825795,0.290977426541406,baseline_common,sector,hrs_d_pm25_it2,bogota_2018
3,1571559,18.4992507440064,0.283129196109016,baseline_common,sector,hrs_d_pm25_it2,bogota_2018
4,738063,15.9338701438766,0.132968080656093,baseline_common,sector,hrs_d_pm25_it2,bogota_2018
5,1047859,10.3171361795814,0.188780361606276,baseline_common,sector,hrs_d_pm25_it2,bogota_2018
6,452045,6.24203563804489,0.081439600711841,baseline_common,sector,hrs_d_pm25_it2,bogota_2018
1,126030,18.2193885774775,0.0227053343753682,A_common,sector,hrs_d_pm25_it2,bogota_2018
2,1615122,20.5259858452944,0.290977426541406,A_common,sector,hrs_d_pm25_it2,bogota_2018
3,1571559,18.4938431037639,0.283129196109016,A_common,sector,hrs_d_pm25_it2,bogota_2018
4,738063,15.9692794873419,0.132968080656093,A_common,sector,hrs_d_pm25_it2,bogota_2018
5,1047859,10.445849342611,0.188780361606276,A_common,sector,hrs_d_pm25_it2,bogota_2018
6,452045,6.37644893486182,0.081439600711841,A_common,sector,hrs_d_pm25_it2,bogota_2018
1,8,4,1.44126537334718e-06,C,sector,hrs_d_pm25_it2,bogota_2018
2,506848,34.3885444946019,0.0913128089937842,C,sector,hrs_d_pm25_it2,bogota_2018
3,3419241,19.0469864510867,0.616004207053625,C,sector,hrs_d_pm25_it2,bogota_2018
4,680122,8.54133376070764,0.122529536031454,C,sector,hrs_d_pm25_it2,bogota_2018
5,943630,1.85733285291905,0.17000265553145,C,sector,hrs_d_pm25_it2,bogota_2018
6,829,1,0.000149351124313102,C,sector,hrs_d_pm25_it2,bogota_2018
1,126030,15.3719737222675,0.0227053343753682,A,sector,avg_pm25,bogota_2018
2,1615122,15.6581599389741,0.290977426541406,A,sector,avg_pm25,bogota_2018
3,1571559,15.67252167775,0.283129196109016,A,sector,avg_pm25,bogota_2018
4,738063,15.4921607062735,0.132968080656093,A,sector,avg_pm25,bogota_2018
5,1047859,14.8979667351359,0.188780361606276,A,sector,avg_pm25,bogota_2018
6,452045,14.4424102386439,0.081439600711841,A,sector,avg_pm25,bogota_2018
1,126040,15.3659139738536,0.0227062319094619,B_native,sector,avg_pm25,bogota_2018
2,1615233,15.6567208270817,0.290985838510122,B_native,sector,avg_pm25,bogota_2018
3,1571617,15.668305595262,0.283128372539295,B_native,sector,avg_pm25,bogota_2018
4,738079,15.4844082889459,0.13296566916458,B_native,sector,avg_pm25,bogota_2018
5,1047879,14.8834655245236,0.188776448643724,B_native,sector,avg_pm25,bogota_2018
6,452051,14.4212374969509,0.0814374392328162,B_native,sector,avg_pm25,bogota_2018
1,126030,15.3661093765855,0.0227053343753682,B_common,sector,avg_pm25,bogota_2018
2,1615122,15.6568914215367,0.290977426541406,B_common,sector,avg_pm25,bogota_2018
3,1571559,15.6683900229373,0.283129196109016,B_common,sector,avg_pm25,bogota_2018
4,738063,15.4844479622948,0.132968080656093,B_common,sector,avg_pm25,bogota_2018
5,1047859,14.883479678234,0.188780361606276,B_common,sector,avg_pm25,bogota_2018
6,452045,14.4212381936144,0.081439600711841,B_common,sector,avg_pm25,bogota_2018
1,126030,15.3733873415495,0.0227053343753682,baseline_common,sector,avg_pm25,bogota_2018
2,1615122,15.6620939467877,0.290977426541406,baseline_common,sector,avg_pm25,bogota_2018
3,1571559,15.6728104656334,0.283129196109016,baseline_common,sector,avg_pm25,bogota_2018
4,738063,15.4902032230359,0.132968080656093,baseline_common,sector,avg_pm25,bogota_2018
5,1047859,14.8945787302197,0.188780361606276,baseline_common,sector,avg_pm25,bogota_2018
6,452045,14.4376553015708,0.081439600711841,baseline_common,sector,avg_pm25,bogota_2018
1,126030,15.3719737222675,0.0227053343753682,A_common,sector,avg_pm25,bogota_2018
2,1615122,15.6581599389741,0.290977426541406,A_common,sector,avg_pm25,bogota_2018
3,1571559,15.67252167775,0.283129196109016,A_common,sector,avg_pm25,bogota_2018
4,738063,15.4921607062735,0.132968080656093,A_common,sector,avg_pm25,bogota_2018
5,1047859,14.8979667351359,0.188780361606276,A_common,sector,avg_pm25,bogota_2018
6,452045,14.4424102386439,0.081439600711841,A_common,sector,avg_pm25,bogota_2018
1,8,16.1233874000214,1.44126537334718e-06,C,sector,avg_pm25,bogota_2018
2,506848,15.8382624998963,0.0913128089937842,C,sector,avg_pm25,bogota_2018
3,3419241,15.7872464131931,0.616004207053625,C,sector,avg_pm25,bogota_2018
4,680122,14.9270877878843,0.122529536031454,C,sector,avg_pm25,bogota_2018
5,943630,14.0506416117544,0.17000265553145,C,sector,avg_pm25,bogota_2018
6,829,14.6108061484639,0.000149351124313102,C,sector,avg_pm25,bogota_2018
1,126030,0.576321276307214,0.0227053343753682,A,localidad,hrs_d_pm10_it1,bogota_2018
2,1615122,0.650337017150642,0.290977426541406,A,localidad,hrs_d_pm10_it1,bogota_2018
3,1571559,0.607147474294985,0.283129196109016,A,localidad,hrs_d_pm10_it1,bogota_2018
4,738063,0.499272360877637,0.132968080656093,A,localidad,hrs_d_pm10_it1,bogota_2018
5,1047859,0.256191001324173,0.188780361606276,A,localidad,hrs_d_pm10_it1,bogota_2018
6,452045,0.12015418775913,0.081439600711841,A,localidad,hrs_d_pm10_it1,bogota_2018
1,126011,0.0369967701232432,0.0227029543514071,B_native,localidad,hrs_d_pm10_it1,bogota_2018
2,1614998,0.0426706410781933,0.29096845411602,B_native,localidad,hrs_d_pm10_it1,bogota_2018
3,1571490,0.0325010022335491,0.283129772271411,B_native,localidad,hrs_d_pm10_it1,bogota_2018
4,738055,0.0278637770897833,0.132972748203155,B_native,localidad,hrs_d_pm10_it1,bogota_2018
5,1047832,0.0152371754250681,0.188784170143429,B_native,localidad,hrs_d_pm10_it1,bogota_2018
6,452037,0.00672953762634475,0.0814419009145789,B_native,localidad,hrs_d_pm10_it1,bogota_2018
1,126011,0.0369967701232432,0.0227029543514071,B_common,localidad,hrs_d_pm10_it1,bogota_2018
2,1614998,0.0426706410781933,0.29096845411602,B_common,localidad,hrs_d_pm10_it1,bogota_2018
3,1571490,0.0325010022335491,0.283129772271411,B_common,localidad,hrs_d_pm10_it1,bogota_2018
4,738055,0.0278637770897833,0.132972748203155,B_common,localidad,hrs_d_pm10_it1,bogota_2018
5,1047832,0.0152371754250681,0.188784170143429,B_common,localidad,hrs_d_pm10_it1,bogota_2018
6,452037,0.00672953762634475,0.0814419009145789,B_common,localidad,hrs_d_pm10_it1,bogota_2018
1,126011,0.542539936989628,0.0227029543514071,baseline_common,localidad,hrs_d_pm10_it1,bogota_2018
2,1614998,0.614186519116432,0.29096845411602,baseline_common,localidad,hrs_d_pm10_it1,bogota_2018
3,1571490,0.599644922971193,0.283129772271411,baseline_common,localidad,hrs_d_pm10_it1,bogota_2018
4,738055,0.552410050741476,0.132972748203155,baseline_common,localidad,hrs_d_pm10_it1,bogota_2018
5,1047832,0.276381137434245,0.188784170143429,baseline_common,localidad,hrs_d_pm10_it1,bogota_2018
6,452037,0.12287489740884,0.0814419009145789,baseline_common,localidad,hrs_d_pm10_it1,bogota_2018
1,126011,0.576408174310165,0.0227029543514071,A_common,localidad,hrs_d_pm10_it1,bogota_2018
2,1614998,0.650386950209461,0.29096845411602,A_common,localidad,hrs_d_pm10_it1,bogota_2018
3,1571490,0.607174132546534,0.283129772271411,A_common,localidad,hrs_d_pm10_it1,bogota_2018
4,738055,0.499277772640835,0.132972748203155,A_common,localidad,hrs_d_pm10_it1,bogota_2018
5,1047832,0.256197602723096,0.188784170143429,A_common,localidad,hrs_d_pm10_it1,bogota_2018
6,452037,0.120156314207855,0.0814419009145789,A_common,localidad,hrs_d_pm10_it1,bogota_2018
1,0,,0,C,localidad,hrs_d_pm10_it1,bogota_2018
2,26430,0.0125236473704124,0.00476158047719576,C,localidad,hrs_d_pm10_it1,bogota_2018
3,3929288,0.685957608604918,0.707893342038576,C,localidad,hrs_d_pm10_it1,bogota_2018
4,1033512,0.0578706391411034,0.186195632317349,C,localidad,hrs_d_pm10_it1,bogota_2018
5,561448,0,0.101149445166879,C,localidad,hrs_d_pm10_it1,bogota_2018
6,0,,0,C,localidad,hrs_d_pm10_it1,bogota_2018
1,126030,24.9028219055273,0.0227053343753682,A,localidad,hrs_d_pm10_it2,bogota_2018
2,1615122,28.2231281514118,0.290977426541406,A,localidad,hrs_d_pm10_it2,bogota_2018
3,1571559,26.4029269098837,0.283129196109016,A,localidad,hrs_d_pm10_it2,bogota_2018
4,738063,22.2273884471013,0.132968080656093,A,localidad,hrs_d_pm10_it2,bogota_2018
5,1047859,13.2914470849689,0.188780361606276,A,localidad,hrs_d_pm10_it2,bogota_2018
6,452045,7.48054211528263,0.081439600711841,A,localidad,hrs_d_pm10_it2,bogota_2018
1,126011,21.8258485370325,0.0227029543514071,B_native,localidad,hrs_d_pm10_it2,bogota_2018
2,1614998,24.384737937756,0.29096845411602,B_native,localidad,hrs_d_pm10_it2,bogota_2018
3,1571490,21.850315942195,0.283129772271411,B_native,localidad,hrs_d_pm10_it2,bogota_2018
4,738055,17.8111048634587,0.132972748203155,B_native,localidad,hrs_d_pm10_it2,bogota_2018
5,1047832,10.1762534452088,0.188784170143429,B_native,localidad,hrs_d_pm10_it2,bogota_2018
6,452037,5.34050752482651,0.0814419009145789,B_native,localidad,hrs_d_pm10_it2,bogota_2018
1,126011,21.8258485370325,0.0227029543514071,B_common,localidad,hrs_d_pm10_it2,bogota_2018
2,1614998,24.384737937756,0.29096845411602,B_common,localidad,hrs_d_pm10_it2,bogota_2018
3,1571490,21.850315942195,0.283129772271411,B_common,localidad,hrs_d_pm10_it2,bogota_2018
4,738055,17.8111048634587,0.132972748203155,B_common,localidad,hrs_d_pm10_it2,bogota_2018
5,1047832,10.1762534452088,0.188784170143429,B_common,localidad,hrs_d_pm10_it2,bogota_2018
6,452037,5.34050752482651,0.0814419009145789,B_common,localidad,hrs_d_pm10_it2,bogota_2018
1,126011,25.2609613446445,0.0227029543514071,baseline_common,localidad,hrs_d_pm10_it2,bogota_2018
2,1614998,28.7563675001455,0.29096845411602,baseline_common,localidad,hrs_d_pm10_it2,bogota_2018
3,1571490,26.3032446913439,0.283129772271411,baseline_common,localidad,hrs_d_pm10_it2,bogota_2018
4,738055,22.274060876222,0.132972748203155,baseline_common,localidad,hrs_d_pm10_it2,bogota_2018
5,1047832,12.8876212980707,0.188784170143429,baseline_common,localidad,hrs_d_pm10_it2,bogota_2018
6,452037,6.58346330057053,0.0814419009145789,baseline_common,localidad,hrs_d_pm10_it2,bogota_2018
1,126011,24.9064259846649,0.0227029543514071,A_common,localidad,hrs_d_pm10_it2,bogota_2018
2,1614998,28.2252183508367,0.29096845411602,A_common,localidad,hrs_d_pm10_it2,bogota_2018
3,1571490,26.4040422857097,0.283129772271411,A_common,localidad,hrs_d_pm10_it2,bogota_2018
4,738055,22.2276185371455,0.132972748203155,A_common,localidad,hrs_d_pm10_it2,bogota_2018
5,1047832,13.2917638047019,0.188784170143429,A_common,localidad,hrs_d_pm10_it2,bogota_2018
6,452037,7.4806568057547,0.0814419009145789,A_common,localidad,hrs_d_pm10_it2,bogota_2018
1,0,,0,C,localidad,hrs_d_pm10_it2,bogota_2018
2,26430,12.3208096859629,0.00476158047719576,C,localidad,hrs_d_pm10_it2,bogota_2018
3,3929288,30.1539586815728,0.707893342038576,C,localidad,hrs_d_pm10_it2,bogota_2018
4,1033512,4.71850254278615,0.186195632317349,C,localidad,hrs_d_pm10_it2,bogota_2018
5,561448,0.34523767116456,0.101149445166879,C,localidad,hrs_d_pm10_it2,bogota_2018
6,0,,0,C,localidad,hrs_d_pm10_it2,bogota_2018
1,126030,32.3284426425383,0.0227053343753682,A,localidad,avg_pm10,bogota_2018
2,1615122,33.0617447156611,0.290977426541406,A,localidad,avg_pm10,bogota_2018
3,1571559,32.9896660947145,0.283129196109016,A,localidad,avg_pm10,bogota_2018
4,738063,32.4459363870142,0.132968080656093,A,localidad,avg_pm10,bogota_2018
5,1047859,30.8548532367422,0.188780361606276,A,localidad,avg_pm10,bogota_2018
6,452045,29.6300257489694,0.081439600711841,A,localidad,avg_pm10,bogota_2018
1,126011,32.2247749285566,0.0227029543514071,B_native,localidad,avg_pm10,bogota_2018
2,1614998,32.940201584111,0.29096845411602,B_native,localidad,avg_pm10,bogota_2018
3,1571490,32.8304934302494,0.283129772271411,B_native,localidad,avg_pm10,bogota_2018
4,738055,32.2801507281185,0.132972748203155,B_native,localidad,avg_pm10,bogota_2018
5,1047832,30.6694950896053,0.188784170143429,B_native,localidad,avg_pm10,bogota_2018
6,452037,29.4441544332131,0.0814419009145789,B_native,localidad,avg_pm10,bogota_2018
1,126011,32.2247749285566,0.0227029543514071,B_common,localidad,avg_pm10,bogota_2018
2,1614998,32.940201584111,0.29096845411602,B_common,localidad,avg_pm10,bogota_2018
3,1571490,32.8304934302494,0.283129772271411,B_common,localidad,avg_pm10,bogota_2018
4,738055,32.2801507281185,0.132972748203155,B_common,localidad,avg_pm10,bogota_2018
5,1047832,30.6694950896053,0.188784170143429,B_common,localidad,avg_pm10,bogota_2018
6,452037,29.4441544332131,0.0814419009145789,B_common,localidad,avg_pm10,bogota_2018
1,126011,32.3651861393602,0.0227029543514071,baseline_common,localidad,avg_pm10,bogota_2018
2,1614998,33.2136834383656,0.29096845411602,baseline_common,localidad,avg_pm10,bogota_2018
3,1571490,33.084435739203,0.283129772271411,baseline_common,localidad,avg_pm10,bogota_2018
4,738055,32.4509463619362,0.132972748203155,baseline_common,localidad,avg_pm10,bogota_2018
5,1047832,30.6450087834113,0.188784170143429,baseline_common,localidad,avg_pm10,bogota_2018
6,452037,29.2426275078145,0.0814419009145789,baseline_common,localidad,avg_pm10,bogota_2018
1,126011,32.3314541767843,0.0227029543514071,A_common,localidad,avg_pm10,bogota_2018
2,1614998,33.063334549094,0.29096845411602,A_common,localidad,avg_pm10,bogota_2018
3,1571490,32.9905720880019,0.283129772271411,A_common,localidad,avg_pm10,bogota_2018
4,738055,32.4461541535965,0.132972748203155,A_common,localidad,avg_pm10,bogota_2018
5,1047832,30.8553299193525,0.188784170143429,A_common,localidad,avg_pm10,bogota_2018
6,452037,29.6303314682575,0.0814419009145789,A_common,localidad,avg_pm10,bogota_2018
1,0,,0,C,localidad,avg_pm10,bogota_2018
2,26430,29.1086984565378,0.00476158047719576,C,localidad,avg_pm10,bogota_2018
3,3929288,33.7243619987933,0.707893342038576,C,localidad,avg_pm10,bogota_2018
4,1033512,29.644852916743,0.186195632317349,C,localidad,avg_pm10,bogota_2018
5,561448,26.8469760252027,0.101149445166879,C,localidad,avg_pm10,bogota_2018
6,0,,0,C,localidad,avg_pm10,bogota_2018
1,126030,0.205754102361428,0.0227053343753682,A,localidad,hrs_d_pm25_it1,bogota_2018
2,1615122,0.244211358737652,0.290977426541406,A,localidad,hrs_d_pm25_it1,bogota_2018
3,1571559,0.187442827599827,0.283129196109016,A,localidad,hrs_d_pm25_it1,bogota_2018
4,738063,0.175169097523892,0.132968080656093,A,localidad,hrs_d_pm25_it1,bogota_2018
5,1047859,0.139237918850588,0.188780361606276,A,localidad,hrs_d_pm25_it1,bogota_2018
6,452045,0.118939786420284,0.081439600711841,A,localidad,hrs_d_pm25_it1,bogota_2018
1,126011,0.183015768464658,0.0227029543514071,B_native,localidad,hrs_d_pm25_it1,bogota_2018
2,1614998,0.204712327817124,0.29096845411602,B_native,localidad,hrs_d_pm25_it1,bogota_2018
3,1571490,0.156910957117131,0.283129772271411,B_native,localidad,hrs_d_pm25_it1,bogota_2018
4,738055,0.112135274471415,0.132972748203155,B_native,localidad,hrs_d_pm25_it1,bogota_2018
5,1047832,0.0600067568083433,0.188784170143429,B_native,localidad,hrs_d_pm25_it1,bogota_2018
6,452037,0.0292542424624533,0.0814419009145789,B_native,localidad,hrs_d_pm25_it1,bogota_2018
1,126011,0.183015768464658,0.0227029543514071,B_common,localidad,hrs_d_pm25_it1,bogota_2018
2,1614998,0.204712327817124,0.29096845411602,B_common,localidad,hrs_d_pm25_it1,bogota_2018
3,1571490,0.156910957117131,0.283129772271411,B_common,localidad,hrs_d_pm25_it1,bogota_2018
4,738055,0.112135274471415,0.132972748203155,B_common,localidad,hrs_d_pm25_it1,bogota_2018
5,1047832,0.0600067568083433,0.188784170143429,B_common,localidad,hrs_d_pm25_it1,bogota_2018
6,452037,0.0292542424624533,0.0814419009145789,B_common,localidad,hrs_d_pm25_it1,bogota_2018
1,126011,0.197466887811382,0.0227029543514071,baseline_common,localidad,hrs_d_pm25_it1,bogota_2018
2,1614998,0.238808345273493,0.29096845411602,baseline_common,localidad,hrs_d_pm25_it1,bogota_2018
3,1571490,0.193286626068254,0.283129772271411,baseline_common,localidad,hrs_d_pm25_it1,bogota_2018
4,738055,0.192169960233316,0.132972748203155,baseline_common,localidad,hrs_d_pm25_it1,bogota_2018
5,1047832,0.135704960337153,0.188784170143429,baseline_common,localidad,hrs_d_pm25_it1,bogota_2018
6,452037,0.0967730517634618,0.0814419009145789,baseline_common,localidad,hrs_d_pm25_it1,bogota_2018
1,126011,0.205785126065271,0.0227029543514071,A_common,localidad,hrs_d_pm25_it1,bogota_2018
2,1614998,0.244230109354361,0.29096845411602,A_common,localidad,hrs_d_pm25_it1,bogota_2018
3,1571490,0.187451057722262,0.283129772271411,A_common,localidad,hrs_d_pm25_it1,bogota_2018
4,738055,0.175170996234395,0.132972748203155,A_common,localidad,hrs_d_pm25_it1,bogota_2018
5,1047832,0.139241506662192,0.188784170143429,A_common,localidad,hrs_d_pm25_it1,bogota_2018
6,452037,0.118941891376939,0.0814419009145789,A_common,localidad,hrs_d_pm25_it1,bogota_2018
1,0,,0,C,localidad,hrs_d_pm25_it1,bogota_2018
2,26430,0.786227771471812,0.00476158047719576,C,localidad,hrs_d_pm25_it1,bogota_2018
3,3929288,0.258601558348485,0.707893342038576,C,localidad,hrs_d_pm25_it1,bogota_2018
4,1033512,0.00501106905386682,0.186195632317349,C,localidad,hrs_d_pm25_it1,bogota_2018
5,561448,0,0.101149445166879,C,localidad,hrs_d_pm25_it1,bogota_2018
6,0,,0,C,localidad,hrs_d_pm25_it1,bogota_2018
1,126030,17.8715356707013,0.0227053343753682,A,localidad,hrs_d_pm25_it2,bogota_2018
2,1615122,20.1482845586351,0.290977426541406,A,localidad,hrs_d_pm25_it2,bogota_2018
3,1571559,18.4410893889466,0.283129196109016,A,localidad,hrs_d_pm25_it2,bogota_2018
4,738063,16.020954270269,0.132968080656093,A,localidad,hrs_d_pm25_it2,bogota_2018
5,1047859,10.8180614581864,0.188780361606276,A,localidad,hrs_d_pm25_it2,bogota_2018
6,452045,7.04320625726068,0.081439600711841,A,localidad,hrs_d_pm25_it2,bogota_2018
1,126011,15.0267357611637,0.0227029543514071,B_native,localidad,hrs_d_pm25_it2,bogota_2018
2,1614998,16.7716362497043,0.29096845411602,B_native,localidad,hrs_d_pm25_it2,bogota_2018
3,1571490,14.9083054935125,0.283129772271411,B_native,localidad,hrs_d_pm25_it2,bogota_2018
4,738055,12.5205777347217,0.132972748203155,B_native,localidad,hrs_d_pm25_it2,bogota_2018
5,1047832,7.92866127394468,0.188784170143429,B_native,localidad,hrs_d_pm25_it2,bogota_2018
6,452037,4.73488895820475,0.0814419009145789,B_native,localidad,hrs_d_pm25_it2,bogota_2018
1,126011,15.0267357611637,0.0227029543514071,B_common,localidad,hrs_d_pm25_it2,bogota_2018
2,1614998,16.7716362497043,0.29096845411602,B_common,localidad,hrs_d_pm25_it2,bogota_2018
3,1571490,14.9083054935125,0.283129772271411,B_common,localidad,hrs_d_pm25_it2,bogota_2018
4,738055,12.5205777347217,0.132972748203155,B_common,localidad,hrs_d_pm25_it2,bogota_2018
5,1047832,7.92866127394468,0.188784170143429,B_common,localidad,hrs_d_pm25_it2,bogota_2018
6,452037,4.73488895820475,0.0814419009145789,B_common,localidad,hrs_d_pm25_it2,bogota_2018
1,126011,18.3135281840474,0.0227029543514071,baseline_common,localidad,hrs_d_pm25_it2,bogota_2018
2,1614998,20.647300492013,0.29096845411602,baseline_common,localidad,hrs_d_pm25_it2,bogota_2018
3,1571490,18.5000190901628,0.283129772271411,baseline_common,localidad,hrs_d_pm25_it2,bogota_2018
4,738055,15.9340320165841,0.132972748203155,baseline_common,localidad,hrs_d_pm25_it2,bogota_2018
5,1047832,10.3173762587896,0.188784170143429,baseline_common,localidad,hrs_d_pm25_it2,bogota_2018
6,452037,6.24212840984256,0.0814419009145789,baseline_common,localidad,hrs_d_pm25_it2,bogota_2018
1,126011,17.8740795690733,0.0227029543514071,A_common,localidad,hrs_d_pm25_it2,bogota_2018
2,1614998,20.1497547693011,0.29096845411602,A_common,localidad,hrs_d_pm25_it2,bogota_2018
3,1571490,18.4418551813906,0.283129772271411,A_common,localidad,hrs_d_pm25_it2,bogota_2018
4,738055,16.0211170869075,0.132972748203155,A_common,localidad,hrs_d_pm25_it2,bogota_2018
5,1047832,10.8183144449814,0.188784170143429,A_common,localidad,hrs_d_pm25_it2,bogota_2018
6,452037,7.04331320790865,0.0814419009145789,A_common,localidad,hrs_d_pm25_it2,bogota_2018
1,0,,0,C,localidad,hrs_d_pm25_it2,bogota_2018
2,26430,25.7038214150586,0.00476158047719576,C,localidad,hrs_d_pm25_it2,bogota_2018
3,3929288,21.7406084766502,0.707893342038576,C,localidad,hrs_d_pm25_it2,bogota_2018
4,1033512,3.34598533930907,0.186195632317349,C,localidad,hrs_d_pm25_it2,bogota_2018
5,561448,0.990415853293626,0.101149445166879,C,localidad,hrs_d_pm25_it2,bogota_2018
6,0,,0,C,localidad,hrs_d_pm25_it2,bogota_2018
1,126030,15.3649674616365,0.0227053343753682,A,localidad,avg_pm25,bogota_2018
2,1615122,15.6087181099822,0.290977426541406,A,localidad,avg_pm25,bogota_2018
3,1571559,15.6386044890887,0.283129196109016,A,localidad,avg_pm25,bogota_2018
4,738063,15.4903907373372,0.132968080656093,A,localidad,avg_pm25,bogota_2018
5,1047859,14.9704377316275,0.188780361606276,A,localidad,avg_pm25,bogota_2018
6,452045,14.571126950392,0.081439600711841,A,localidad,avg_pm25,bogota_2018
1,126011,15.2042573951471,0.0227029543514071,B_native,localidad,avg_pm25,bogota_2018
2,1614998,15.4439646758955,0.29096845411602,B_native,localidad,avg_pm25,bogota_2018
3,1571490,15.4580850975335,0.283129772271411,B_native,localidad,avg_pm25,bogota_2018
4,738055,15.3042637577213,0.132972748203155,B_native,localidad,avg_pm25,bogota_2018
5,1047832,14.7804661092785,0.188784170143429,B_native,localidad,avg_pm25,bogota_2018
6,452037,14.3849592796617,0.0814419009145789,B_native,localidad,avg_pm25,bogota_2018
1,126011,15.2042573951471,0.0227029543514071,B_common,localidad,avg_pm25,bogota_2018
2,1614998,15.4439646758955,0.29096845411602,B_common,localidad,avg_pm25,bogota_2018
3,1571490,15.4580850975335,0.283129772271411,B_common,localidad,avg_pm25,bogota_2018
4,738055,15.3042637577213,0.132972748203155,B_common,localidad,avg_pm25,bogota_2018
5,1047832,14.7804661092785,0.188784170143429,B_common,localidad,avg_pm25,bogota_2018
6,452037,14.3849592796617,0.0814419009145789,B_common,localidad,avg_pm25,bogota_2018
1,126011,15.3747996816457,0.0227029543514071,baseline_common,localidad,avg_pm25,bogota_2018
2,1614998,15.6628353040968,0.29096845411602,baseline_common,localidad,avg_pm25,bogota_2018
3,1571490,15.6732348868575,0.283129772271411,baseline_common,localidad,avg_pm25,bogota_2018
4,738055,15.4903060194768,0.132972748203155,baseline_common,localidad,avg_pm25,bogota_2018
5,1047832,14.894807753055,0.188784170143429,baseline_common,localidad,avg_pm25,bogota_2018
6,452037,14.4378045129049,0.0814419009145789,baseline_common,localidad,avg_pm25,bogota_2018
1,126011,15.3663785321791,0.0227029543514071,A_common,localidad,avg_pm25,bogota_2018
2,1614998,15.6094553690795,0.29096845411602,A_common,localidad,avg_pm25,bogota_2018
3,1571490,15.6390274084181,0.283129772271411,A_common,localidad,avg_pm25,bogota_2018
4,738055,15.4904935358107,0.132972748203155,A_common,localidad,avg_pm25,bogota_2018
5,1047832,14.9706687091588,0.188784170143429,A_common,localidad,avg_pm25,bogota_2018
6,452037,14.5712785238628,0.0814419009145789,A_common,localidad,avg_pm25,bogota_2018
1,0,,0,C,localidad,avg_pm25,bogota_2018
2,26430,13.9240490381038,0.00476158047719576,C,localidad,avg_pm25,bogota_2018
3,3929288,15.868781210553,0.707893342038576,C,localidad,avg_pm25,bogota_2018
4,1033512,14.580350963335,0.186195632317349,C,localidad,avg_pm25,bogota_2018
5,561448,13.6096113771199,0.101149445166879,C,localidad,avg_pm25,bogota_2018
6,0,,0,C,localidad,avg_pm25,bogota_2018
1,126030,0.566541379244262,0.0227053343753682,A,municipio,hrs_d_pm10_it1,bogota_2018
2,1615122,0.637232929685645,0.290977426541406,A,municipio,hrs_d_pm10_it1,bogota_2018
3,1571559,0.602795402924282,0.283129196109016,A,municipio,hrs_d_pm10_it1,bogota_2018
4,738063,0.502768712410708,0.132968080656093,A,municipio,hrs_d_pm10_it1,bogota_2018
5,1047859,0.272260598258659,0.188780361606276,A,municipio,hrs_d_pm10_it1,bogota_2018
6,452045,0.142648037545533,0.081439600711841,A,municipio,hrs_d_pm10_it1,bogota_2018
1,28342,0.495695434337732,0.0261775849233662,B_native,municipio,hrs_d_pm10_it1,bogota_2018
2,388139,0.180376102375695,0.358497693690299,B_native,municipio,hrs_d_pm10_it1,bogota_2018
3,334279,0.153168461075928,0.308750861287063,B_native,municipio,hrs_d_pm10_it1,bogota_2018
4,139276,0.147850311611476,0.128639803746622,B_native,municipio,hrs_d_pm10_it1,bogota_2018
5,148263,0.108354747981627,0.136940486680299,B_native,municipio,hrs_d_pm10_it1,bogota_2018
6,44383,0.0687425365567898,0.0409935696723507,B_native,municipio,hrs_d_pm10_it1,bogota_2018
1,26281,0.177390510254557,0.0244099753866159,B_common,municipio,hrs_d_pm10_it1,bogota_2018
2,386061,0.178502879078695,0.358576138949519,B_common,municipio,hrs_d_pm10_it1,bogota_2018
3,333507,0.153145211344889,0.309763618631867,B_common,municipio,hrs_d_pm10_it1,bogota_2018
4,138881,0.14807641074013,0.12899363767241,B_common,municipio,hrs_d_pm10_it1,bogota_2018
5,147628,0.108150215406292,0.137117912041982,B_common,municipio,hrs_d_pm10_it1,bogota_2018
6,44292,0.0686805743700894,0.0411387173176055,B_common,municipio,hrs_d_pm10_it1,bogota_2018
1,26281,2.32852631178418,0.0244099753866159,baseline_common,municipio,hrs_d_pm10_it1,bogota_2018
2,386061,2.37738854740572,0.358576138949519,baseline_common,municipio,hrs_d_pm10_it1,bogota_2018
3,333507,2.67095143430273,0.309763618631867,baseline_common,municipio,hrs_d_pm10_it1,bogota_2018
4,138881,2.7262764525025,0.12899363767241,baseline_common,municipio,hrs_d_pm10_it1,bogota_2018
5,147628,1.77052456173626,0.137117912041982,baseline_common,municipio,hrs_d_pm10_it1,bogota_2018
6,44292,0.949200758602005,0.0411387173176055,baseline_common,municipio,hrs_d_pm10_it1,bogota_2018
1,26281,2.52673585023189,0.0244099753866159,A_common,municipio,hrs_d_pm10_it1,bogota_2018
2,386061,2.50646846487068,0.358576138949519,A_common,municipio,hrs_d_pm10_it1,bogota_2018
3,333507,2.65457400367633,0.309763618631867,A_common,municipio,hrs_d_pm10_it1,bogota_2018
4,138881,2.45580125351465,0.12899363767241,A_common,municipio,hrs_d_pm10_it1,bogota_2018
5,147628,1.62707221433535,0.137117912041982,A_common,municipio,hrs_d_pm10_it1,bogota_2018
6,44292,0.994772537268552,0.0411387173176055,A_common,municipio,hrs_d_pm10_it1,bogota_2018
1,0,,0,C,municipio,hrs_d_pm10_it1,bogota_2018
2,26175,0.0126456542502388,0.00471564014342032,C,municipio,hrs_d_pm10_it1,bogota_2018
3,5524503,0.49871182982433,0.99528435985658,C,municipio,hrs_d_pm10_it1,bogota_2018
4,0,,0,C,municipio,hrs_d_pm10_it1,bogota_2018
5,0,,0,C,municipio,hrs_d_pm10_it1,bogota_2018
6,0,,0,C,municipio,hrs_d_pm10_it1,bogota_2018
1,126030,23.192769036582,0.0227053343753682,A,municipio,hrs_d_pm10_it2,bogota_2018
2,1615122,24.6467907033795,0.290977426541406,A,municipio,hrs_d_pm10_it2,bogota_2018
3,1571559,24.5134458612326,0.283129196109016,A,municipio,hrs_d_pm10_it2,bogota_2018
4,738063,22.5867358064873,0.132968080656093,A,municipio,hrs_d_pm10_it2,bogota_2018
5,1047859,17.9831150822452,0.188780361606276,A,municipio,hrs_d_pm10_it2,bogota_2018
6,452045,15.5012667023993,0.081439600711841,A,municipio,hrs_d_pm10_it2,bogota_2018
1,28342,47.7641662550279,0.0261775849233662,B_native,municipio,hrs_d_pm10_it2,bogota_2018
2,388139,41.4891829988741,0.358497693690299,B_native,municipio,hrs_d_pm10_it2,bogota_2018
3,334279,44.3857735604091,0.308750861287063,B_native,municipio,hrs_d_pm10_it2,bogota_2018
4,139276,41.0318073465637,0.128639803746622,B_native,municipio,hrs_d_pm10_it2,bogota_2018
5,148263,26.8192468788572,0.136940486680299,B_native,municipio,hrs_d_pm10_it2,bogota_2018
6,44383,15.0702295924115,0.0409935696723507,B_native,municipio,hrs_d_pm10_it2,bogota_2018
1,26281,40.7857767969255,0.0244099753866159,B_common,municipio,hrs_d_pm10_it2,bogota_2018
2,386061,41.5878138428901,0.358576138949519,B_common,municipio,hrs_d_pm10_it2,bogota_2018
3,333507,44.4598044418858,0.309763618631867,B_common,municipio,hrs_d_pm10_it2,bogota_2018
4,138881,41.1109943044765,0.12899363767241,B_common,municipio,hrs_d_pm10_it2,bogota_2018
5,147628,26.8824342265695,0.137117912041982,B_common,municipio,hrs_d_pm10_it2,bogota_2018
6,44292,15.0660390138174,0.0411387173176055,B_common,municipio,hrs_d_pm10_it2,bogota_2018
1,26281,56.7190365663407,0.0244099753866159,baseline_common,municipio,hrs_d_pm10_it2,bogota_2018
2,386061,56.7770171035147,0.358576138949519,baseline_common,municipio,hrs_d_pm10_it2,bogota_2018
3,333507,59.6895627378136,0.309763618631867,baseline_common,municipio,hrs_d_pm10_it2,bogota_2018
4,138881,55.9615138139846,0.12899363767241,baseline_common,municipio,hrs_d_pm10_it2,bogota_2018
5,147628,37.642141057252,0.137117912041982,baseline_common,municipio,hrs_d_pm10_it2,bogota_2018
6,44292,22.2491194798158,0.0411387173176055,baseline_common,municipio,hrs_d_pm10_it2,bogota_2018
1,26281,55.1059296739228,0.0244099753866159,A_common,municipio,hrs_d_pm10_it2,bogota_2018
2,386061,56.0440955174343,0.358576138949519,A_common,municipio,hrs_d_pm10_it2,bogota_2018
3,333507,60.6292044549308,0.309763618631867,A_common,municipio,hrs_d_pm10_it2,bogota_2018
4,138881,56.2480666479146,0.12899363767241,A_common,municipio,hrs_d_pm10_it2,bogota_2018
5,147628,37.4877646557163,0.137117912041982,A_common,municipio,hrs_d_pm10_it2,bogota_2018
6,44292,22.0992206312129,0.0411387173176055,A_common,municipio,hrs_d_pm10_it2,bogota_2018
1,0,,0,C,municipio,hrs_d_pm10_it2,bogota_2018
2,26175,12.4310983763133,0.00471564014342032,C,municipio,hrs_d_pm10_it2,bogota_2018
3,5524503,22.3647819541414,0.99528435985658,C,municipio,hrs_d_pm10_it2,bogota_2018
4,0,,0,C,municipio,hrs_d_pm10_it2,bogota_2018
5,0,,0,C,municipio,hrs_d_pm10_it2,bogota_2018
6,0,,0,C,municipio,hrs_d_pm10_it2,bogota_2018
1,126030,32.1262164170855,0.0227053343753682,A,municipio,avg_pm10,bogota_2018
2,1615122,32.2149696139993,0.290977426541406,A,municipio,avg_pm10,bogota_2018
3,1571559,32.4388110356346,0.283129196109016,A,municipio,avg_pm10,bogota_2018
4,738063,32.3607333552584,0.132968080656093,A,municipio,avg_pm10,bogota_2018
5,1047859,32.0332694900433,0.188780361606276,A,municipio,avg_pm10,bogota_2018
6,452045,31.9313052380694,0.081439600711841,A,municipio,avg_pm10,bogota_2018
1,28342,31.2975722406266,0.0261775849233662,B_native,municipio,avg_pm10,bogota_2018
2,388139,31.6548728802552,0.358497693690299,B_native,municipio,avg_pm10,bogota_2018
3,334279,32.6666535122182,0.308750861287063,B_native,municipio,avg_pm10,bogota_2018
4,139276,32.3076611365829,0.128639803746622,B_native,municipio,avg_pm10,bogota_2018
5,148263,30.0706445231865,0.136940486680299,B_native,municipio,avg_pm10,bogota_2018
6,44383,28.1218631657391,0.0409935696723507,B_native,municipio,avg_pm10,bogota_2018
1,26281,31.2133279531348,0.0244099753866159,B_common,municipio,avg_pm10,bogota_2018
2,386061,31.6958393569091,0.358576138949519,B_common,municipio,avg_pm10,bogota_2018
3,333507,32.6862060925484,0.309763618631867,B_common,municipio,avg_pm10,bogota_2018
4,138881,32.3304100288321,0.12899363767241,B_common,municipio,avg_pm10,bogota_2018
5,147628,30.0967295384627,0.137117912041982,B_common,municipio,avg_pm10,bogota_2018
6,44292,28.1285410515525,0.0411387173176055,B_common,municipio,avg_pm10,bogota_2018
1,26281,31.2418906493147,0.0244099753866159,baseline_common,municipio,avg_pm10,bogota_2018
2,386061,31.7425637235745,0.358576138949519,baseline_common,municipio,avg_pm10,bogota_2018
3,333507,32.6163318705261,0.309763618631867,baseline_common,municipio,avg_pm10,bogota_2018
4,138881,32.1879438651567,0.12899363767241,baseline_common,municipio,avg_pm10,bogota_2018
5,147628,29.8107769271144,0.137117912041982,baseline_common,municipio,avg_pm10,bogota_2018
6,44292,27.6884869826616,0.0411387173176055,baseline_common,municipio,avg_pm10,bogota_2018
1,26281,31.141715575731,0.0244099753866159,A_common,municipio,avg_pm10,bogota_2018
2,386061,31.6717387540108,0.358576138949519,A_common,municipio,avg_pm10,bogota_2018
3,333507,32.6363268167704,0.309763618631867,A_common,municipio,avg_pm10,bogota_2018
4,138881,32.2534319217547,0.12899363767241,A_common,municipio,avg_pm10,bogota_2018
5,147628,29.8847436003996,0.137117912041982,A_common,municipio,avg_pm10,bogota_2018
6,44292,27.7490207900313,0.0411387173176055,A_common,municipio,avg_pm10,bogota_2018
1,0,,0,C,municipio,avg_pm10,bogota_2018
2,26175,29.2719104046487,0.00471564014342032,C,municipio,avg_pm10,bogota_2018
3,5524503,32.2612502478478,0.99528435985658,C,municipio,avg_pm10,bogota_2018
4,0,,0,C,municipio,avg_pm10,bogota_2018
5,0,,0,C,municipio,avg_pm10,bogota_2018
6,0,,0,C,municipio,avg_pm10,bogota_2018
1,126030,0.191406097423561,0.0227053343753682,A,municipio,hrs_d_pm25_it1,bogota_2018
2,1615122,0.225442894901557,0.290977426541406,A,municipio,hrs_d_pm25_it1,bogota_2018
3,1571559,0.181202549146348,0.283129196109016,A,municipio,hrs_d_pm25_it1,bogota_2018
4,738063,0.181480787906141,0.132968080656093,A,municipio,hrs_d_pm25_it1,bogota_2018
5,1047859,0.161490343067439,0.188780361606276,A,municipio,hrs_d_pm25_it1,bogota_2018
6,452045,0.150656005316904,0.081439600711841,A,municipio,hrs_d_pm25_it1,bogota_2018
1,28342,0.189542022440195,0.0261775849233662,B_native,municipio,hrs_d_pm25_it1,bogota_2018
2,388139,0.172082681719693,0.358497693690299,B_native,municipio,hrs_d_pm25_it1,bogota_2018
3,334279,0.157168114060411,0.308750861287063,B_native,municipio,hrs_d_pm25_it1,bogota_2018
4,139276,0.159761911599989,0.128639803746622,B_native,municipio,hrs_d_pm25_it1,bogota_2018
5,148263,0.168362976602389,0.136940486680299,B_native,municipio,hrs_d_pm25_it1,bogota_2018
6,44383,0.168825901809251,0.0409935696723507,B_native,municipio,hrs_d_pm25_it1,bogota_2018
1,26281,0.160762528062098,0.0244099753866159,B_common,municipio,hrs_d_pm25_it1,bogota_2018
2,386061,0.172211127257092,0.358576138949519,B_common,municipio,hrs_d_pm25_it1,bogota_2018
3,333507,0.157046178940772,0.309763618631867,B_common,municipio,hrs_d_pm25_it1,bogota_2018
4,138881,0.159143439347355,0.12899363767241,B_common,municipio,hrs_d_pm25_it1,bogota_2018
5,147628,0.168260763540792,0.137117912041982,B_common,municipio,hrs_d_pm25_it1,bogota_2018
6,44292,0.1689244107288,0.0411387173176055,B_common,municipio,hrs_d_pm25_it1,bogota_2018
1,26281,0.698185000570755,0.0244099753866159,baseline_common,municipio,hrs_d_pm25_it1,bogota_2018
2,386061,0.783194883710087,0.358576138949519,baseline_common,municipio,hrs_d_pm25_it1,bogota_2018
3,333507,0.726209644775072,0.309763618631867,baseline_common,municipio,hrs_d_pm25_it1,bogota_2018
4,138881,0.858569566751392,0.12899363767241,baseline_common,municipio,hrs_d_pm25_it1,bogota_2018
5,147628,0.860182350231663,0.137117912041982,baseline_common,municipio,hrs_d_pm25_it1,bogota_2018
6,44292,0.92113699990969,0.0411387173176055,baseline_common,municipio,hrs_d_pm25_it1,bogota_2018
1,26281,0.754793605373322,0.0244099753866159,A_common,municipio,hrs_d_pm25_it1,bogota_2018
2,386061,0.806363391012416,0.358576138949519,A_common,municipio,hrs_d_pm25_it1,bogota_2018
3,333507,0.694353745499768,0.309763618631867,A_common,municipio,hrs_d_pm25_it1,bogota_2018
4,138881,0.77906706714123,0.12899363767241,A_common,municipio,hrs_d_pm25_it1,bogota_2018
5,147628,0.88422587534942,0.137117912041982,A_common,municipio,hrs_d_pm25_it1,bogota_2018
6,44292,1.1420186450818,0.0411387173176055,A_common,municipio,hrs_d_pm25_it1,bogota_2018
1,0,,0,C,municipio,hrs_d_pm25_it1,bogota_2018
2,26175,0.79388729703916,0.00471564014342032,C,municipio,hrs_d_pm25_it1,bogota_2018
3,5524503,0.184867127413995,0.99528435985658,C,municipio,hrs_d_pm25_it1,bogota_2018
4,0,,0,C,municipio,hrs_d_pm25_it1,bogota_2018
5,0,,0,C,municipio,hrs_d_pm25_it1,bogota_2018
6,0,,0,C,municipio,hrs_d_pm25_it1,bogota_2018
1,126030,16.3805420082621,0.0227053343753682,A,municipio,hrs_d_pm25_it2,bogota_2018
2,1615122,17.1361609313785,0.290977426541406,A,municipio,hrs_d_pm25_it2,bogota_2018
3,1571559,16.8954241037157,0.283129196109016,A,municipio,hrs_d_pm25_it2,bogota_2018
4,738063,16.2583425296544,0.132968080656093,A,municipio,hrs_d_pm25_it2,bogota_2018
5,1047859,14.7740751546376,0.188780361606276,A,municipio,hrs_d_pm25_it2,bogota_2018
6,452045,13.8640398570395,0.081439600711841,A,municipio,hrs_d_pm25_it2,bogota_2018
1,28342,22.9317267659304,0.0261775849233662,B_native,municipio,hrs_d_pm25_it2,bogota_2018
2,388139,22.0733268236379,0.358497693690299,B_native,municipio,hrs_d_pm25_it2,bogota_2018
3,334279,22.8075619467571,0.308750861287063,B_native,municipio,hrs_d_pm25_it2,bogota_2018
4,139276,21.6059407220196,0.128639803746622,B_native,municipio,hrs_d_pm25_it2,bogota_2018
5,148263,16.6884387878297,0.136940486680299,B_native,municipio,hrs_d_pm25_it2,bogota_2018
6,44383,12.4997859540815,0.0409935696723507,B_native,municipio,hrs_d_pm25_it2,bogota_2018
1,26281,21.3315322856817,0.0244099753866159,B_common,municipio,hrs_d_pm25_it2,bogota_2018
2,386061,22.1285884873116,0.358576138949519,B_common,municipio,hrs_d_pm25_it2,bogota_2018
3,333507,22.8330229950196,0.309763618631867,B_common,municipio,hrs_d_pm25_it2,bogota_2018
4,138881,21.6193143770566,0.12899363767241,B_common,municipio,hrs_d_pm25_it2,bogota_2018
5,147628,16.713211585878,0.137117912041982,B_common,municipio,hrs_d_pm25_it2,bogota_2018
6,44292,12.5022803215028,0.0411387173176055,B_common,municipio,hrs_d_pm25_it2,bogota_2018
1,26281,27.8626003576728,0.0244099753866159,baseline_common,municipio,hrs_d_pm25_it2,bogota_2018
2,386061,29.1803031127205,0.358576138949519,baseline_common,municipio,hrs_d_pm25_it2,bogota_2018
3,333507,29.9067455855499,0.309763618631867,baseline_common,municipio,hrs_d_pm25_it2,bogota_2018
4,138881,29.0373053189421,0.12899363767241,baseline_common,municipio,hrs_d_pm25_it2,bogota_2018
5,147628,23.1764638144525,0.137117912041982,baseline_common,municipio,hrs_d_pm25_it2,bogota_2018
6,44292,17.6435473674704,0.0411387173176055,baseline_common,municipio,hrs_d_pm25_it2,bogota_2018
1,26281,27.7959857058052,0.0244099753866159,A_common,municipio,hrs_d_pm25_it2,bogota_2018
2,386061,29.116850923289,0.358576138949519,A_common,municipio,hrs_d_pm25_it2,bogota_2018
3,333507,29.9718150832748,0.309763618631867,A_common,municipio,hrs_d_pm25_it2,bogota_2018
4,138881,28.7071669516601,0.12899363767241,A_common,municipio,hrs_d_pm25_it2,bogota_2018
5,147628,23.3183976995336,0.137117912041982,A_common,municipio,hrs_d_pm25_it2,bogota_2018
6,44292,18.3854821503659,0.0411387173176055,A_common,municipio,hrs_d_pm25_it2,bogota_2018
1,0,,0,C,municipio,hrs_d_pm25_it2,bogota_2018
2,26175,25.9444890162369,0.00471564014342032,C,municipio,hrs_d_pm25_it2,bogota_2018
3,5524503,16.1896101785084,0.99528435985658,C,municipio,hrs_d_pm25_it2,bogota_2018
4,0,,0,C,municipio,hrs_d_pm25_it2,bogota_2018
5,0,,0,C,municipio,hrs_d_pm25_it2,bogota_2018
6,0,,0,C,municipio,hrs_d_pm25_it2,bogota_2018
1,126030,15.3174017883972,0.0227053343753682,A,municipio,avg_pm25,bogota_2018
2,1615122,15.3329621431764,0.290977426541406,A,municipio,avg_pm25,bogota_2018
3,1571559,15.4492409485771,0.283129196109016,A,municipio,avg_pm25,bogota_2018
4,738063,15.4426160887926,0.132968080656093,A,municipio,avg_pm25,bogota_2018
5,1047859,15.3620233157396,0.188780361606276,A,municipio,avg_pm25,bogota_2018
6,452045,15.360953951816,0.081439600711841,A,municipio,avg_pm25,bogota_2018
1,28342,14.2185837226133,0.0261775849233662,B_native,municipio,avg_pm25,bogota_2018
2,388139,14.454123442815,0.358497693690299,B_native,municipio,avg_pm25,bogota_2018
3,334279,14.8823132042515,0.308750861287063,B_native,municipio,avg_pm25,bogota_2018
4,139276,14.7733289580823,0.128639803746622,B_native,municipio,avg_pm25,bogota_2018
5,148263,13.9881917751858,0.136940486680299,B_native,municipio,avg_pm25,bogota_2018
6,44383,13.3146448579649,0.0409935696723507,B_native,municipio,avg_pm25,bogota_2018
1,26281,14.2539320421991,0.0244099753866159,B_common,municipio,avg_pm25,bogota_2018
2,386061,14.4726121618082,0.358576138949519,B_common,municipio,avg_pm25,bogota_2018
3,333507,14.8905805665673,0.309763618631867,B_common,municipio,avg_pm25,bogota_2018
4,138881,14.7826439282895,0.12899363767241,B_common,municipio,avg_pm25,bogota_2018
5,147628,13.9996650914693,0.137117912041982,B_common,municipio,avg_pm25,bogota_2018
6,44292,13.3180973854715,0.0411387173176055,B_common,municipio,avg_pm25,bogota_2018
1,26281,14.2440270565387,0.0244099753866159,baseline_common,municipio,avg_pm25,bogota_2018
2,386061,14.4791713272076,0.358576138949519,baseline_common,municipio,avg_pm25,bogota_2018
3,333507,14.8600845929159,0.309763618631867,baseline_common,municipio,avg_pm25,bogota_2018
4,138881,14.7159798099518,0.12899363767241,baseline_common,municipio,avg_pm25,bogota_2018
5,147628,13.8473281488239,0.137117912041982,baseline_common,municipio,avg_pm25,bogota_2018
6,44292,13.08380523485,0.0411387173176055,baseline_common,municipio,avg_pm25,bogota_2018
1,26281,14.2185508701885,0.0244099753866159,A_common,municipio,avg_pm25,bogota_2018
2,386061,14.4607999112109,0.358576138949519,A_common,municipio,avg_pm25,bogota_2018
3,333507,14.8639106607327,0.309763618631867,A_common,municipio,avg_pm25,bogota_2018
4,138881,14.7337614740675,0.12899363767241,A_common,municipio,avg_pm25,bogota_2018
5,147628,13.8686662240504,0.137117912041982,A_common,municipio,avg_pm25,bogota_2018
6,44292,13.0966089782323,0.0411387173176055,A_common,municipio,avg_pm25,bogota_2018
1,0,,0,C,municipio,avg_pm25,bogota_2018
2,26175,14.0011825118356,0.00471564014342032,C,municipio,avg_pm25,bogota_2018
3,5524503,15.3976927919818,0.99528435985658,C,municipio,avg_pm25,bogota_2018
4,0,,0,C,municipio,avg_pm25,bogota_2018
5,0,,0,C,municipio,avg_pm25,bogota_2018
6,0,,0,C,municipio,avg_pm25,bogota_2018
1,70342,382.466819254499,0.0178946889086356,A,fine,hrs_d_pm10_it1,santiago_2017
2,1215478,386.388322947844,0.309212144739851,A,fine,hrs_d_pm10_it1,santiago_2017
3,1194791,381.461100728077,0.303949464840887,A,fine,hrs_d_pm10_it1,santiago_2017
4,717905,356.630712977344,0.182631808037219,A,fine,hrs_d_pm10_it1,santiago_2017
5,593003,318.832434237264,0.150857300146252,A,fine,hrs_d_pm10_it1,santiago_2017
6,139368,277.565101027496,0.0354545933271549,A,fine,hrs_d_pm10_it1,santiago_2017
1,70342,382.466819254499,0.0178946889086356,B_native,fine,hrs_d_pm10_it1,santiago_2017
2,1215478,386.388322947844,0.309212144739851,B_native,fine,hrs_d_pm10_it1,santiago_2017
3,1194791,381.461100728077,0.303949464840887,B_native,fine,hrs_d_pm10_it1,santiago_2017
4,717905,356.630712977344,0.182631808037219,B_native,fine,hrs_d_pm10_it1,santiago_2017
5,593003,318.832434237264,0.150857300146252,B_native,fine,hrs_d_pm10_it1,santiago_2017
6,139368,277.565101027496,0.0354545933271549,B_native,fine,hrs_d_pm10_it1,santiago_2017
1,70342,382.466819254499,0.0178946889086356,B_common,fine,hrs_d_pm10_it1,santiago_2017
2,1215478,386.388322947844,0.309212144739851,B_common,fine,hrs_d_pm10_it1,santiago_2017
3,1194791,381.461100728077,0.303949464840887,B_common,fine,hrs_d_pm10_it1,santiago_2017
4,717905,356.630712977344,0.182631808037219,B_common,fine,hrs_d_pm10_it1,santiago_2017
5,593003,318.832434237264,0.150857300146252,B_common,fine,hrs_d_pm10_it1,santiago_2017
6,139368,277.565101027496,0.0354545933271549,B_common,fine,hrs_d_pm10_it1,santiago_2017
1,70342,382.466819254499,0.0178946889086356,baseline_common,fine,hrs_d_pm10_it1,santiago_2017
2,1215478,386.388322947844,0.309212144739851,baseline_common,fine,hrs_d_pm10_it1,santiago_2017
3,1194791,381.461100728077,0.303949464840887,baseline_common,fine,hrs_d_pm10_it1,santiago_2017
4,717905,356.630712977344,0.182631808037219,baseline_common,fine,hrs_d_pm10_it1,santiago_2017
5,593003,318.832434237264,0.150857300146252,baseline_common,fine,hrs_d_pm10_it1,santiago_2017
6,139368,277.565101027496,0.0354545933271549,baseline_common,fine,hrs_d_pm10_it1,santiago_2017
1,70342,382.466819254499,0.0178946889086356,A_common,fine,hrs_d_pm10_it1,santiago_2017
2,1215478,386.388322947844,0.309212144739851,A_common,fine,hrs_d_pm10_it1,santiago_2017
3,1194791,381.461100728077,0.303949464840887,A_common,fine,hrs_d_pm10_it1,santiago_2017
4,717905,356.630712977344,0.182631808037219,A_common,fine,hrs_d_pm10_it1,santiago_2017
5,593003,318.832434237264,0.150857300146252,A_common,fine,hrs_d_pm10_it1,santiago_2017
6,139368,277.565101027496,0.0354545933271549,A_common,fine,hrs_d_pm10_it1,santiago_2017
1,0,,0,C,fine,hrs_d_pm10_it1,santiago_2017
2,864725,399.126495706728,0.219982156698984,C,fine,hrs_d_pm10_it1,santiago_2017
3,1944964,389.577380352541,0.494790107169196,C,fine,hrs_d_pm10_it1,santiago_2017
4,597918,348.607392652504,0.152107654074004,C,fine,hrs_d_pm10_it1,santiago_2017
5,523280,238.511424094175,0.133120082057815,C,fine,hrs_d_pm10_it1,santiago_2017
6,0,,0,C,fine,hrs_d_pm10_it1,santiago_2017
1,70342,1492.85434022348,0.0178946889086356,A,fine,hrs_d_pm10_it2,santiago_2017
2,1215478,1499.77194321905,0.309212144739851,A,fine,hrs_d_pm10_it2,santiago_2017
3,1194791,1490.11753938555,0.303949464840887,A,fine,hrs_d_pm10_it2,santiago_2017
4,717905,1442.21040806235,0.182631808037219,A,fine,hrs_d_pm10_it2,santiago_2017
5,593003,1365.74269607405,0.150857300146252,A,fine,hrs_d_pm10_it2,santiago_2017
6,139368,1279.47205958326,0.0354545933271549,A,fine,hrs_d_pm10_it2,santiago_2017
1,70342,1492.85434022348,0.0178946889086356,B_native,fine,hrs_d_pm10_it2,santiago_2017
2,1215478,1499.77194321905,0.309212144739851,B_native,fine,hrs_d_pm10_it2,santiago_2017
3,1194791,1490.11753938555,0.303949464840887,B_native,fine,hrs_d_pm10_it2,santiago_2017
4,717905,1442.21040806235,0.182631808037219,B_native,fine,hrs_d_pm10_it2,santiago_2017
5,593003,1365.74269607405,0.150857300146252,B_native,fine,hrs_d_pm10_it2,santiago_2017
6,139368,1279.47205958326,0.0354545933271549,B_native,fine,hrs_d_pm10_it2,santiago_2017
1,70342,1492.85434022348,0.0178946889086356,B_common,fine,hrs_d_pm10_it2,santiago_2017
2,1215478,1499.77194321905,0.309212144739851,B_common,fine,hrs_d_pm10_it2,santiago_2017
3,1194791,1490.11753938555,0.303949464840887,B_common,fine,hrs_d_pm10_it2,santiago_2017
4,717905,1442.21040806235,0.182631808037219,B_common,fine,hrs_d_pm10_it2,santiago_2017
5,593003,1365.74269607405,0.150857300146252,B_common,fine,hrs_d_pm10_it2,santiago_2017
6,139368,1279.47205958326,0.0354545933271549,B_common,fine,hrs_d_pm10_it2,santiago_2017
1,70342,1492.85434022348,0.0178946889086356,baseline_common,fine,hrs_d_pm10_it2,santiago_2017
2,1215478,1499.77194321905,0.309212144739851,baseline_common,fine,hrs_d_pm10_it2,santiago_2017
3,1194791,1490.11753938555,0.303949464840887,baseline_common,fine,hrs_d_pm10_it2,santiago_2017
4,717905,1442.21040806235,0.182631808037219,baseline_common,fine,hrs_d_pm10_it2,santiago_2017
5,593003,1365.74269607405,0.150857300146252,baseline_common,fine,hrs_d_pm10_it2,santiago_2017
6,139368,1279.47205958326,0.0354545933271549,baseline_common,fine,hrs_d_pm10_it2,santiago_2017
1,70342,1492.85434022348,0.0178946889086356,A_common,fine,hrs_d_pm10_it2,santiago_2017
2,1215478,1499.77194321905,0.309212144739851,A_common,fine,hrs_d_pm10_it2,santiago_2017
3,1194791,1490.11753938555,0.303949464840887,A_common,fine,hrs_d_pm10_it2,santiago_2017
4,717905,1442.21040806235,0.182631808037219,A_common,fine,hrs_d_pm10_it2,santiago_2017
5,593003,1365.74269607405,0.150857300146252,A_common,fine,hrs_d_pm10_it2,santiago_2017
6,139368,1279.47205958326,0.0354545933271549,A_common,fine,hrs_d_pm10_it2,santiago_2017
1,0,,0,C,fine,hrs_d_pm10_it2,santiago_2017
2,864725,1524.67555118679,0.219982156698984,C,fine,hrs_d_pm10_it2,santiago_2017
3,1944964,1506.89720221043,0.494790107169196,C,fine,hrs_d_pm10_it2,santiago_2017
4,597918,1429.66471656649,0.152107654074004,C,fine,hrs_d_pm10_it2,santiago_2017
5,523280,1199.73643938236,0.133120082057815,C,fine,hrs_d_pm10_it2,santiago_2017
6,0,,0,C,fine,hrs_d_pm10_it2,santiago_2017
1,70342,67.0726172387697,0.0178946889086356,A,fine,avg_pm10,santiago_2017
2,1215478,67.1449129263277,0.309212144739851,A,fine,avg_pm10,santiago_2017
3,1194791,67.0307054633545,0.303949464840887,A,fine,avg_pm10,santiago_2017
4,717905,66.4935156011708,0.182631808037219,A,fine,avg_pm10,santiago_2017
5,593003,65.5637731374011,0.150857300146252,A,fine,avg_pm10,santiago_2017
6,139368,64.4603410136213,0.0354545933271549,A,fine,avg_pm10,santiago_2017
1,70342,67.0726172387697,0.0178946889086356,B_native,fine,avg_pm10,santiago_2017
2,1215478,67.1449129263277,0.309212144739851,B_native,fine,avg_pm10,santiago_2017
3,1194791,67.0307054633545,0.303949464840887,B_native,fine,avg_pm10,santiago_2017
4,717905,66.4935156011708,0.182631808037219,B_native,fine,avg_pm10,santiago_2017
5,593003,65.5637731374011,0.150857300146252,B_native,fine,avg_pm10,santiago_2017
6,139368,64.4603410136213,0.0354545933271549,B_native,fine,avg_pm10,santiago_2017
1,70342,67.0726172387697,0.0178946889086356,B_common,fine,avg_pm10,santiago_2017
2,1215478,67.1449129263277,0.309212144739851,B_common,fine,avg_pm10,santiago_2017
3,1194791,67.0307054633545,0.303949464840887,B_common,fine,avg_pm10,santiago_2017
4,717905,66.4935156011708,0.182631808037219,B_common,fine,avg_pm10,santiago_2017
5,593003,65.5637731374011,0.150857300146252,B_common,fine,avg_pm10,santiago_2017
6,139368,64.4603410136213,0.0354545933271549,B_common,fine,avg_pm10,santiago_2017
1,70342,67.0726172387697,0.0178946889086356,baseline_common,fine,avg_pm10,santiago_2017
2,1215478,67.1449129263277,0.309212144739851,baseline_common,fine,avg_pm10,santiago_2017
3,1194791,67.0307054633545,0.303949464840887,baseline_common,fine,avg_pm10,santiago_2017
4,717905,66.4935156011708,0.182631808037219,baseline_common,fine,avg_pm10,santiago_2017
5,593003,65.5637731374011,0.150857300146252,baseline_common,fine,avg_pm10,santiago_2017
6,139368,64.4603410136213,0.0354545933271549,baseline_common,fine,avg_pm10,santiago_2017
1,70342,67.0726172387697,0.0178946889086356,A_common,fine,avg_pm10,santiago_2017
2,1215478,67.1449129263277,0.309212144739851,A_common,fine,avg_pm10,santiago_2017
3,1194791,67.0307054633545,0.303949464840887,A_common,fine,avg_pm10,santiago_2017
4,717905,66.4935156011708,0.182631808037219,A_common,fine,avg_pm10,santiago_2017
5,593003,65.5637731374011,0.150857300146252,A_common,fine,avg_pm10,santiago_2017
6,139368,64.4603410136213,0.0354545933271549,A_common,fine,avg_pm10,santiago_2017
1,0,,0,C,fine,avg_pm10,santiago_2017
2,864725,67.4509426937068,0.219982156698984,C,fine,avg_pm10,santiago_2017
3,1944964,67.2279712205527,0.494790107169196,C,fine,avg_pm10,santiago_2017
4,597918,66.4566133464091,0.152107654074004,C,fine,avg_pm10,santiago_2017
5,523280,63.4459846279265,0.133120082057815,C,fine,avg_pm10,santiago_2017
6,0,,0,C,fine,avg_pm10,santiago_2017
1,70342,158.374072389184,0.0178946889086356,A,fine,hrs_d_pm25_it1,santiago_2017
2,1215478,161.001766383267,0.309212144739851,A,fine,hrs_d_pm25_it1,santiago_2017
3,1194791,156.597545512144,0.303949464840887,A,fine,hrs_d_pm25_it1,santiago_2017
4,717905,138.635827860232,0.182631808037219,A,fine,hrs_d_pm25_it1,santiago_2017
5,593003,117.079545971943,0.150857300146252,A,fine,hrs_d_pm25_it1,santiago_2017
6,139368,97.0573876356122,0.0354545933271549,A,fine,hrs_d_pm25_it1,santiago_2017
1,70342,158.374072389184,0.0178946889086356,B_native,fine,hrs_d_pm25_it1,santiago_2017
2,1215478,161.001766383267,0.309212144739851,B_native,fine,hrs_d_pm25_it1,santiago_2017
3,1194791,156.597545512144,0.303949464840887,B_native,fine,hrs_d_pm25_it1,santiago_2017
4,717905,138.635827860232,0.182631808037219,B_native,fine,hrs_d_pm25_it1,santiago_2017
5,593003,117.079545971943,0.150857300146252,B_native,fine,hrs_d_pm25_it1,santiago_2017
6,139368,97.0573876356122,0.0354545933271549,B_native,fine,hrs_d_pm25_it1,santiago_2017
1,70342,158.374072389184,0.0178946889086356,B_common,fine,hrs_d_pm25_it1,santiago_2017
2,1215478,161.001766383267,0.309212144739851,B_common,fine,hrs_d_pm25_it1,santiago_2017
3,1194791,156.597545512144,0.303949464840887,B_common,fine,hrs_d_pm25_it1,santiago_2017
4,717905,138.635827860232,0.182631808037219,B_common,fine,hrs_d_pm25_it1,santiago_2017
5,593003,117.079545971943,0.150857300146252,B_common,fine,hrs_d_pm25_it1,santiago_2017
6,139368,97.0573876356122,0.0354545933271549,B_common,fine,hrs_d_pm25_it1,santiago_2017
1,70342,158.374072389184,0.0178946889086356,baseline_common,fine,hrs_d_pm25_it1,santiago_2017
2,1215478,161.001766383267,0.309212144739851,baseline_common,fine,hrs_d_pm25_it1,santiago_2017
3,1194791,156.597545512144,0.303949464840887,baseline_common,fine,hrs_d_pm25_it1,santiago_2017
4,717905,138.635827860232,0.182631808037219,baseline_common,fine,hrs_d_pm25_it1,santiago_2017
5,593003,117.079545971943,0.150857300146252,baseline_common,fine,hrs_d_pm25_it1,santiago_2017
6,139368,97.0573876356122,0.0354545933271549,baseline_common,fine,hrs_d_pm25_it1,santiago_2017
1,70342,158.374072389184,0.0178946889086356,A_common,fine,hrs_d_pm25_it1,santiago_2017
2,1215478,161.001766383267,0.309212144739851,A_common,fine,hrs_d_pm25_it1,santiago_2017
3,1194791,156.597545512144,0.303949464840887,A_common,fine,hrs_d_pm25_it1,santiago_2017
4,717905,138.635827860232,0.182631808037219,A_common,fine,hrs_d_pm25_it1,santiago_2017
5,593003,117.079545971943,0.150857300146252,A_common,fine,hrs_d_pm25_it1,santiago_2017
6,139368,97.0573876356122,0.0354545933271549,A_common,fine,hrs_d_pm25_it1,santiago_2017
1,0,,0,C,fine,hrs_d_pm25_it1,santiago_2017
2,864725,172.042351036457,0.219982156698984,C,fine,hrs_d_pm25_it1,santiago_2017
3,1944964,160.419728077229,0.494790107169196,C,fine,hrs_d_pm25_it1,santiago_2017
4,597918,124.130377409611,0.152107654074004,C,fine,hrs_d_pm25_it1,santiago_2017
5,523280,79.1519970188045,0.133120082057815,C,fine,hrs_d_pm25_it1,santiago_2017
6,0,,0,C,fine,hrs_d_pm25_it1,santiago_2017
1,70342,841.156023428393,0.0178946889086356,A,fine,hrs_d_pm25_it2,santiago_2017
2,1215478,844.982413503165,0.309212144739851,A,fine,hrs_d_pm25_it2,santiago_2017
3,1194791,837.345678030718,0.303949464840887,A,fine,hrs_d_pm25_it2,santiago_2017
4,717905,800.098447566182,0.182631808037219,A,fine,hrs_d_pm25_it2,santiago_2017
5,593003,746.002384473603,0.150857300146252,A,fine,hrs_d_pm25_it2,santiago_2017
6,139368,688.154583548591,0.0354545933271549,A,fine,hrs_d_pm25_it2,santiago_2017
1,70342,841.156023428393,0.0178946889086356,B_native,fine,hrs_d_pm25_it2,santiago_2017
2,1215478,844.982413503165,0.309212144739851,B_native,fine,hrs_d_pm25_it2,santiago_2017
3,1194791,837.345678030718,0.303949464840887,B_native,fine,hrs_d_pm25_it2,santiago_2017
4,717905,800.098447566182,0.182631808037219,B_native,fine,hrs_d_pm25_it2,santiago_2017
5,593003,746.002384473603,0.150857300146252,B_native,fine,hrs_d_pm25_it2,santiago_2017
6,139368,688.154583548591,0.0354545933271549,B_native,fine,hrs_d_pm25_it2,santiago_2017
1,70342,841.156023428393,0.0178946889086356,B_common,fine,hrs_d_pm25_it2,santiago_2017
2,1215478,844.982413503165,0.309212144739851,B_common,fine,hrs_d_pm25_it2,santiago_2017
3,1194791,837.345678030718,0.303949464840887,B_common,fine,hrs_d_pm25_it2,santiago_2017
4,717905,800.098447566182,0.182631808037219,B_common,fine,hrs_d_pm25_it2,santiago_2017
5,593003,746.002384473603,0.150857300146252,B_common,fine,hrs_d_pm25_it2,santiago_2017
6,139368,688.154583548591,0.0354545933271549,B_common,fine,hrs_d_pm25_it2,santiago_2017
1,70342,841.156023428393,0.0178946889086356,baseline_common,fine,hrs_d_pm25_it2,santiago_2017
2,1215478,844.982413503165,0.309212144739851,baseline_common,fine,hrs_d_pm25_it2,santiago_2017
3,1194791,837.345678030718,0.303949464840887,baseline_common,fine,hrs_d_pm25_it2,santiago_2017
4,717905,800.098447566182,0.182631808037219,baseline_common,fine,hrs_d_pm25_it2,santiago_2017
5,593003,746.002384473603,0.150857300146252,baseline_common,fine,hrs_d_pm25_it2,santiago_2017
6,139368,688.154583548591,0.0354545933271549,baseline_common,fine,hrs_d_pm25_it2,santiago_2017
1,70342,841.156023428393,0.0178946889086356,A_common,fine,hrs_d_pm25_it2,santiago_2017
2,1215478,844.982413503165,0.309212144739851,A_common,fine,hrs_d_pm25_it2,santiago_2017
3,1194791,837.345678030718,0.303949464840887,A_common,fine,hrs_d_pm25_it2,santiago_2017
4,717905,800.098447566182,0.182631808037219,A_common,fine,hrs_d_pm25_it2,santiago_2017
5,593003,746.002384473603,0.150857300146252,A_common,fine,hrs_d_pm25_it2,santiago_2017
6,139368,688.154583548591,0.0354545933271549,A_common,fine,hrs_d_pm25_it2,santiago_2017
1,0,,0,C,fine,hrs_d_pm25_it2,santiago_2017
2,864725,861.187552111943,0.219982156698984,C,fine,hrs_d_pm25_it2,santiago_2017
3,1944964,850.736083547048,0.494790107169196,C,fine,hrs_d_pm25_it2,santiago_2017
4,597918,782.725480751541,0.152107654074004,C,fine,hrs_d_pm25_it2,santiago_2017
5,523280,634.488516664119,0.133120082057815,C,fine,hrs_d_pm25_it2,santiago_2017
6,0,,0,C,fine,hrs_d_pm25_it2,santiago_2017
1,70342,23.7240688584726,0.0178946889086356,A,fine,avg_pm25,santiago_2017
2,1215478,23.7337979671321,0.309212144739851,A,fine,avg_pm25,santiago_2017
3,1194791,23.678499427864,0.303949464840887,A,fine,avg_pm25,santiago_2017
4,717905,23.4865256630277,0.182631808037219,A,fine,avg_pm25,santiago_2017
5,593003,23.2132300007142,0.150857300146252,A,fine,avg_pm25,santiago_2017
6,139368,22.9167395206059,0.0354545933271549,A,fine,avg_pm25,santiago_2017
1,70342,23.7240688584726,0.0178946889086356,B_native,fine,avg_pm25,santiago_2017
2,1215478,23.7337979671321,0.309212144739851,B_native,fine,avg_pm25,santiago_2017
3,1194791,23.678499427864,0.303949464840887,B_native,fine,avg_pm25,santiago_2017
4,717905,23.4865256630277,0.182631808037219,B_native,fine,avg_pm25,santiago_2017
5,593003,23.2132300007142,0.150857300146252,B_native,fine,avg_pm25,santiago_2017
6,139368,22.9167395206059,0.0354545933271549,B_native,fine,avg_pm25,santiago_2017
1,70342,23.7240688584726,0.0178946889086356,B_common,fine,avg_pm25,santiago_2017
2,1215478,23.7337979671321,0.309212144739851,B_common,fine,avg_pm25,santiago_2017
3,1194791,23.678499427864,0.303949464840887,B_common,fine,avg_pm25,santiago_2017
4,717905,23.4865256630277,0.182631808037219,B_common,fine,avg_pm25,santiago_2017
5,593003,23.2132300007142,0.150857300146252,B_common,fine,avg_pm25,santiago_2017
6,139368,22.9167395206059,0.0354545933271549,B_common,fine,avg_pm25,santiago_2017
1,70342,23.7240688584726,0.0178946889086356,baseline_common,fine,avg_pm25,santiago_2017
2,1215478,23.7337979671321,0.309212144739851,baseline_common,fine,avg_pm25,santiago_2017
3,1194791,23.678499427864,0.303949464840887,baseline_common,fine,avg_pm25,santiago_2017
4,717905,23.4865256630277,0.182631808037219,baseline_common,fine,avg_pm25,santiago_2017
5,593003,23.2132300007142,0.150857300146252,baseline_common,fine,avg_pm25,santiago_2017
6,139368,22.9167395206059,0.0354545933271549,baseline_common,fine,avg_pm25,santiago_2017
1,70342,23.7240688584726,0.0178946889086356,A_common,fine,avg_pm25,santiago_2017
2,1215478,23.7337979671321,0.309212144739851,A_common,fine,avg_pm25,santiago_2017
3,1194791,23.678499427864,0.303949464840887,A_common,fine,avg_pm25,santiago_2017
4,717905,23.4865256630277,0.182631808037219,A_common,fine,avg_pm25,santiago_2017
5,593003,23.2132300007142,0.150857300146252,A_common,fine,avg_pm25,santiago_2017
6,139368,22.9167395206059,0.0354545933271549,A_common,fine,avg_pm25,santiago_2017
1,0,,0,C,fine,avg_pm25,santiago_2017
2,864725,23.8515164563678,0.219982156698984,C,fine,avg_pm25,santiago_2017
3,1944964,23.7364995139804,0.494790107169196,C,fine,avg_pm25,santiago_2017
4,597918,23.379886270121,0.152107654074004,C,fine,avg_pm25,santiago_2017
5,523280,22.6592659560664,0.133120082057815,C,fine,avg_pm25,santiago_2017
6,0,,0,C,fine,avg_pm25,santiago_2017
1,70342,382.370182177468,0.0178946889086356,A,distrito,hrs_d_pm10_it1,santiago_2017
2,1215478,386.316985832749,0.309212144739851,A,distrito,hrs_d_pm10_it1,santiago_2017
3,1194791,381.414025989087,0.303949464840887,A,distrito,hrs_d_pm10_it1,santiago_2017
4,717905,356.653104017915,0.182631808037219,A,distrito,hrs_d_pm10_it1,santiago_2017
5,593003,318.971696082469,0.150857300146252,A,distrito,hrs_d_pm10_it1,santiago_2017
6,139368,277.967196864383,0.0354545933271549,A,distrito,hrs_d_pm10_it1,santiago_2017
1,70342,382.147195132353,0.0178946889086356,B_native,distrito,hrs_d_pm10_it1,santiago_2017
2,1215478,386.117221372991,0.309212144739851,B_native,distrito,hrs_d_pm10_it1,santiago_2017
3,1194791,381.504632190902,0.303949464840887,B_native,distrito,hrs_d_pm10_it1,santiago_2017
4,717905,356.58459545483,0.182631808037219,B_native,distrito,hrs_d_pm10_it1,santiago_2017
5,593003,318.204214818475,0.150857300146252,B_native,distrito,hrs_d_pm10_it1,santiago_2017
6,139368,276.313163710464,0.0354545933271549,B_native,distrito,hrs_d_pm10_it1,santiago_2017
1,70342,382.147195132353,0.0178946889086356,B_common,distrito,hrs_d_pm10_it1,santiago_2017
2,1215478,386.117221372991,0.309212144739851,B_common,distrito,hrs_d_pm10_it1,santiago_2017
3,1194791,381.504632190902,0.303949464840887,B_common,distrito,hrs_d_pm10_it1,santiago_2017
4,717905,356.58459545483,0.182631808037219,B_common,distrito,hrs_d_pm10_it1,santiago_2017
5,593003,318.204214818475,0.150857300146252,B_common,distrito,hrs_d_pm10_it1,santiago_2017
6,139368,276.313163710464,0.0354545933271549,B_common,distrito,hrs_d_pm10_it1,santiago_2017
1,70342,382.466819254499,0.0178946889086356,baseline_common,distrito,hrs_d_pm10_it1,santiago_2017
2,1215478,386.388322947844,0.309212144739851,baseline_common,distrito,hrs_d_pm10_it1,santiago_2017
3,1194791,381.461100728077,0.303949464840887,baseline_common,distrito,hrs_d_pm10_it1,santiago_2017
4,717905,356.630712977344,0.182631808037219,baseline_common,distrito,hrs_d_pm10_it1,santiago_2017
5,593003,318.832434237264,0.150857300146252,baseline_common,distrito,hrs_d_pm10_it1,santiago_2017
6,139368,277.565101027496,0.0354545933271549,baseline_common,distrito,hrs_d_pm10_it1,santiago_2017
1,70342,382.370182177468,0.0178946889086356,A_common,distrito,hrs_d_pm10_it1,santiago_2017
2,1215478,386.316985832749,0.309212144739851,A_common,distrito,hrs_d_pm10_it1,santiago_2017
3,1194791,381.414025989087,0.303949464840887,A_common,distrito,hrs_d_pm10_it1,santiago_2017
4,717905,356.653104017915,0.182631808037219,A_common,distrito,hrs_d_pm10_it1,santiago_2017
5,593003,318.971696082469,0.150857300146252,A_common,distrito,hrs_d_pm10_it1,santiago_2017
6,139368,277.967196864383,0.0354545933271549,A_common,distrito,hrs_d_pm10_it1,santiago_2017
1,0,,0,C,distrito,hrs_d_pm10_it1,santiago_2017
2,739392,411.554816660175,0.188098004343549,C,distrito,hrs_d_pm10_it1,santiago_2017
3,2169126,384.477152087984,0.551815913304046,C,distrito,hrs_d_pm10_it1,santiago_2017
4,506405,344.100905401803,0.128827157839948,C,distrito,hrs_d_pm10_it1,santiago_2017
5,515964,239.476760006512,0.131258924512457,C,distrito,hrs_d_pm10_it1,santiago_2017
6,0,,0,C,distrito,hrs_d_pm10_it1,santiago_2017
1,70342,1492.65453536633,0.0178946889086356,A,distrito,hrs_d_pm10_it2,santiago_2017
2,1215478,1499.69052953133,0.309212144739851,A,distrito,hrs_d_pm10_it2,santiago_2017
3,1194791,1490.02703575011,0.303949464840887,A,distrito,hrs_d_pm10_it2,santiago_2017
4,717905,1442.07436827526,0.182631808037219,A,distrito,hrs_d_pm10_it2,santiago_2017
5,593003,1366.0027103083,0.150857300146252,A,distrito,hrs_d_pm10_it2,santiago_2017
6,139368,1280.72282746012,0.0354545933271549,A,distrito,hrs_d_pm10_it2,santiago_2017
1,70342,1492.5952062779,0.0178946889086356,B_native,distrito,hrs_d_pm10_it2,santiago_2017
2,1215478,1499.70686923169,0.309212144739851,B_native,distrito,hrs_d_pm10_it2,santiago_2017
3,1194791,1490.23707828398,0.303949464840887,B_native,distrito,hrs_d_pm10_it2,santiago_2017
4,717905,1441.48050786664,0.182631808037219,B_native,distrito,hrs_d_pm10_it2,santiago_2017
5,593003,1363.39894064617,0.150857300146252,B_native,distrito,hrs_d_pm10_it2,santiago_2017
6,139368,1275.75274094484,0.0354545933271549,B_native,distrito,hrs_d_pm10_it2,santiago_2017
1,70342,1492.5952062779,0.0178946889086356,B_common,distrito,hrs_d_pm10_it2,santiago_2017
2,1215478,1499.70686923169,0.309212144739851,B_common,distrito,hrs_d_pm10_it2,santiago_2017
3,1194791,1490.23707828398,0.303949464840887,B_common,distrito,hrs_d_pm10_it2,santiago_2017
4,717905,1441.48050786664,0.182631808037219,B_common,distrito,hrs_d_pm10_it2,santiago_2017
5,593003,1363.39894064617,0.150857300146252,B_common,distrito,hrs_d_pm10_it2,santiago_2017
6,139368,1275.75274094484,0.0354545933271549,B_common,distrito,hrs_d_pm10_it2,santiago_2017
1,70342,1492.85434022348,0.0178946889086356,baseline_common,distrito,hrs_d_pm10_it2,santiago_2017
2,1215478,1499.77194321905,0.309212144739851,baseline_common,distrito,hrs_d_pm10_it2,santiago_2017
3,1194791,1490.11753938555,0.303949464840887,baseline_common,distrito,hrs_d_pm10_it2,santiago_2017
4,717905,1442.21040806235,0.182631808037219,baseline_common,distrito,hrs_d_pm10_it2,santiago_2017
5,593003,1365.74269607405,0.150857300146252,baseline_common,distrito,hrs_d_pm10_it2,santiago_2017
6,139368,1279.47205958326,0.0354545933271549,baseline_common,distrito,hrs_d_pm10_it2,santiago_2017
1,70342,1492.65453536633,0.0178946889086356,A_common,distrito,hrs_d_pm10_it2,santiago_2017
2,1215478,1499.69052953133,0.309212144739851,A_common,distrito,hrs_d_pm10_it2,santiago_2017
3,1194791,1490.02703575011,0.303949464840887,A_common,distrito,hrs_d_pm10_it2,santiago_2017
4,717905,1442.07436827526,0.182631808037219,A_common,distrito,hrs_d_pm10_it2,santiago_2017
5,593003,1366.0027103083,0.150857300146252,A_common,distrito,hrs_d_pm10_it2,santiago_2017
6,139368,1280.72282746012,0.0354545933271549,A_common,distrito,hrs_d_pm10_it2,santiago_2017
1,0,,0,C,distrito,hrs_d_pm10_it2,santiago_2017
2,739392,1552.34697832814,0.188098004343549,C,distrito,hrs_d_pm10_it2,santiago_2017
3,2169126,1494.66165958086,0.551815913304046,C,distrito,hrs_d_pm10_it2,santiago_2017
4,506405,1422.69423880096,0.128827157839948,C,distrito,hrs_d_pm10_it2,santiago_2017
5,515964,1204.62735384639,0.131258924512457,C,distrito,hrs_d_pm10_it2,santiago_2017
6,0,,0,C,distrito,hrs_d_pm10_it2,santiago_2017
1,70342,67.0677267583807,0.0178946889086356,A,distrito,avg_pm10,santiago_2017
2,1215478,67.1418093388581,0.309212144739851,A,distrito,avg_pm10,santiago_2017
3,1194791,67.0274412714215,0.303949464840887,A,distrito,avg_pm10,santiago_2017
4,717905,66.4916333209586,0.182631808037219,A,distrito,avg_pm10,santiago_2017
5,593003,65.5725993973341,0.150857300146252,A,distrito,avg_pm10,santiago_2017
6,139368,64.4912599047784,0.0354545933271549,A,distrito,avg_pm10,santiago_2017
1,70342,67.0632617901038,0.0178946889086356,B_native,distrito,avg_pm10,santiago_2017
2,1215478,67.1377991059653,0.309212144739851,B_native,distrito,avg_pm10,santiago_2017
3,1194791,67.026637250282,0.303949464840887,B_native,distrito,avg_pm10,santiago_2017
4,717905,66.4784513939543,0.182631808037219,B_native,distrito,avg_pm10,santiago_2017
5,593003,65.5302232938695,0.150857300146252,B_native,distrito,avg_pm10,santiago_2017
6,139368,64.4119647035057,0.0354545933271549,B_native,distrito,avg_pm10,santiago_2017
1,70342,67.0632617901038,0.0178946889086356,B_common,distrito,avg_pm10,santiago_2017
2,1215478,67.1377991059653,0.309212144739851,B_common,distrito,avg_pm10,santiago_2017
3,1194791,67.026637250282,0.303949464840887,B_common,distrito,avg_pm10,santiago_2017
4,717905,66.4784513939543,0.182631808037219,B_common,distrito,avg_pm10,santiago_2017
5,593003,65.5302232938695,0.150857300146252,B_common,distrito,avg_pm10,santiago_2017
6,139368,64.4119647035057,0.0354545933271549,B_common,distrito,avg_pm10,santiago_2017
1,70342,67.0726172387697,0.0178946889086356,baseline_common,distrito,avg_pm10,santiago_2017
2,1215478,67.1449129263277,0.309212144739851,baseline_common,distrito,avg_pm10,santiago_2017
3,1194791,67.0307054633545,0.303949464840887,baseline_common,distrito,avg_pm10,santiago_2017
4,717905,66.4935156011708,0.182631808037219,baseline_common,distrito,avg_pm10,santiago_2017
5,593003,65.5637731374011,0.150857300146252,baseline_common,distrito,avg_pm10,santiago_2017
6,139368,64.4603410136213,0.0354545933271549,baseline_common,distrito,avg_pm10,santiago_2017
1,70342,67.0677267583807,0.0178946889086356,A_common,distrito,avg_pm10,santiago_2017
2,1215478,67.1418093388581,0.309212144739851,A_common,distrito,avg_pm10,santiago_2017
3,1194791,67.0274412714215,0.303949464840887,A_common,distrito,avg_pm10,santiago_2017
4,717905,66.4916333209586,0.182631808037219,A_common,distrito,avg_pm10,santiago_2017
5,593003,65.5725993973341,0.150857300146252,A_common,distrito,avg_pm10,santiago_2017
6,139368,64.4912599047784,0.0354545933271549,A_common,distrito,avg_pm10,santiago_2017
1,0,,0,C,distrito,avg_pm10,santiago_2017
2,739392,67.8195578783081,0.188098004343549,C,distrito,avg_pm10,santiago_2017
3,2169126,67.0560579443988,0.551815913304046,C,distrito,avg_pm10,santiago_2017
4,506405,66.4035607446883,0.128827157839948,C,distrito,avg_pm10,santiago_2017
5,515964,63.5562712716628,0.131258924512457,C,distrito,avg_pm10,santiago_2017
6,0,,0,C,distrito,avg_pm10,santiago_2017
1,70342,158.26100503904,0.0178946889086356,A,distrito,hrs_d_pm25_it1,santiago_2017
2,1215478,160.866047979653,0.309212144739851,A,distrito,hrs_d_pm25_it1,santiago_2017
3,1194791,156.609731440939,0.303949464840887,A,distrito,hrs_d_pm25_it1,santiago_2017
4,717905,138.754233690174,0.182631808037219,A,distrito,hrs_d_pm25_it1,santiago_2017
5,593003,117.189608108807,0.150857300146252,A,distrito,hrs_d_pm25_it1,santiago_2017
6,139368,97.147276545949,0.0354545933271549,A,distrito,hrs_d_pm25_it1,santiago_2017
1,70342,157.946006653209,0.0178946889086356,B_native,distrito,hrs_d_pm25_it1,santiago_2017
2,1215478,160.541104816377,0.309212144739851,B_native,distrito,hrs_d_pm25_it1,santiago_2017
3,1194791,156.544440826889,0.303949464840887,B_native,distrito,hrs_d_pm25_it1,santiago_2017
4,717905,138.671074863666,0.182631808037219,B_native,distrito,hrs_d_pm25_it1,santiago_2017
5,593003,116.970625780983,0.150857300146252,B_native,distrito,hrs_d_pm25_it1,santiago_2017
6,139368,96.8128336490443,0.0354545933271549,B_native,distrito,hrs_d_pm25_it1,santiago_2017
1,70342,157.946006653209,0.0178946889086356,B_common,distrito,hrs_d_pm25_it1,santiago_2017
2,1215478,160.541104816377,0.309212144739851,B_common,distrito,hrs_d_pm25_it1,santiago_2017
3,1194791,156.544440826889,0.303949464840887,B_common,distrito,hrs_d_pm25_it1,santiago_2017
4,717905,138.671074863666,0.182631808037219,B_common,distrito,hrs_d_pm25_it1,santiago_2017
5,593003,116.970625780983,0.150857300146252,B_common,distrito,hrs_d_pm25_it1,santiago_2017
6,139368,96.8128336490443,0.0354545933271549,B_common,distrito,hrs_d_pm25_it1,santiago_2017
1,70342,158.374072389184,0.0178946889086356,baseline_common,distrito,hrs_d_pm25_it1,santiago_2017
2,1215478,161.001766383267,0.309212144739851,baseline_common,distrito,hrs_d_pm25_it1,santiago_2017
3,1194791,156.597545512144,0.303949464840887,baseline_common,distrito,hrs_d_pm25_it1,santiago_2017
4,717905,138.635827860232,0.182631808037219,baseline_common,distrito,hrs_d_pm25_it1,santiago_2017
5,593003,117.079545971943,0.150857300146252,baseline_common,distrito,hrs_d_pm25_it1,santiago_2017
6,139368,97.0573876356122,0.0354545933271549,baseline_common,distrito,hrs_d_pm25_it1,santiago_2017
1,70342,158.26100503904,0.0178946889086356,A_common,distrito,hrs_d_pm25_it1,santiago_2017
2,1215478,160.866047979653,0.309212144739851,A_common,distrito,hrs_d_pm25_it1,santiago_2017
3,1194791,156.609731440939,0.303949464840887,A_common,distrito,hrs_d_pm25_it1,santiago_2017
4,717905,138.754233690174,0.182631808037219,A_common,distrito,hrs_d_pm25_it1,santiago_2017
5,593003,117.189608108807,0.150857300146252,A_common,distrito,hrs_d_pm25_it1,santiago_2017
6,139368,97.147276545949,0.0354545933271549,A_common,distrito,hrs_d_pm25_it1,santiago_2017
1,0,,0,C,distrito,hrs_d_pm25_it1,santiago_2017
2,739392,180.480310849996,0.188098004343549,C,distrito,hrs_d_pm25_it1,santiago_2017
3,2169126,157.286782787169,0.551815913304046,C,distrito,hrs_d_pm25_it1,santiago_2017
4,506405,119.680945093354,0.128827157839948,C,distrito,hrs_d_pm25_it1,santiago_2017
5,515964,79.832672434511,0.131258924512457,C,distrito,hrs_d_pm25_it1,santiago_2017
6,0,,0,C,distrito,hrs_d_pm25_it1,santiago_2017
1,70342,840.84967230811,0.0178946889086356,A,distrito,hrs_d_pm25_it2,santiago_2017
2,1215478,844.669141615687,0.309212144739851,A,distrito,hrs_d_pm25_it2,santiago_2017
3,1194791,837.251648227617,0.303949464840887,A,distrito,hrs_d_pm25_it2,santiago_2017
4,717905,800.292768379063,0.182631808037219,A,distrito,hrs_d_pm25_it2,santiago_2017
5,593003,746.442481538709,0.150857300146252,A,distrito,hrs_d_pm25_it2,santiago_2017
6,139368,688.958895699089,0.0354545933271549,A,distrito,hrs_d_pm25_it2,santiago_2017
1,70342,839.219371072759,0.0178946889086356,B_native,distrito,hrs_d_pm25_it2,santiago_2017
2,1215478,843.042847340717,0.309212144739851,B_native,distrito,hrs_d_pm25_it2,santiago_2017
3,1194791,836.153328071604,0.303949464840887,B_native,distrito,hrs_d_pm25_it2,santiago_2017
4,717905,799.291900738956,0.182631808037219,B_native,distrito,hrs_d_pm25_it2,santiago_2017
5,593003,744.45631135087,0.150857300146252,B_native,distrito,hrs_d_pm25_it2,santiago_2017
6,139368,685.481516560473,0.0354545933271549,B_native,distrito,hrs_d_pm25_it2,santiago_2017
1,70342,839.219371072759,0.0178946889086356,B_common,distrito,hrs_d_pm25_it2,santiago_2017
2,1215478,843.042847340717,0.309212144739851,B_common,distrito,hrs_d_pm25_it2,santiago_2017
3,1194791,836.153328071604,0.303949464840887,B_common,distrito,hrs_d_pm25_it2,santiago_2017
4,717905,799.291900738956,0.182631808037219,B_common,distrito,hrs_d_pm25_it2,santiago_2017
5,593003,744.45631135087,0.150857300146252,B_common,distrito,hrs_d_pm25_it2,santiago_2017
6,139368,685.481516560473,0.0354545933271549,B_common,distrito,hrs_d_pm25_it2,santiago_2017
1,70342,841.156023428393,0.0178946889086356,baseline_common,distrito,hrs_d_pm25_it2,santiago_2017
2,1215478,844.982413503165,0.309212144739851,baseline_common,distrito,hrs_d_pm25_it2,santiago_2017
3,1194791,837.345678030718,0.303949464840887,baseline_common,distrito,hrs_d_pm25_it2,santiago_2017
4,717905,800.098447566182,0.182631808037219,baseline_common,distrito,hrs_d_pm25_it2,santiago_2017
5,593003,746.002384473603,0.150857300146252,baseline_common,distrito,hrs_d_pm25_it2,santiago_2017
6,139368,688.154583548591,0.0354545933271549,baseline_common,distrito,hrs_d_pm25_it2,santiago_2017
1,70342,840.84967230811,0.0178946889086356,A_common,distrito,hrs_d_pm25_it2,santiago_2017
2,1215478,844.669141615687,0.309212144739851,A_common,distrito,hrs_d_pm25_it2,santiago_2017
3,1194791,837.251648227617,0.303949464840887,A_common,distrito,hrs_d_pm25_it2,santiago_2017
4,717905,800.292768379063,0.182631808037219,A_common,distrito,hrs_d_pm25_it2,santiago_2017
5,593003,746.442481538709,0.150857300146252,A_common,distrito,hrs_d_pm25_it2,santiago_2017
6,139368,688.958895699089,0.0354545933271549,A_common,distrito,hrs_d_pm25_it2,santiago_2017
1,0,,0,C,distrito,hrs_d_pm25_it2,santiago_2017
2,739392,877.662816205747,0.188098004343549,C,distrito,hrs_d_pm25_it2,santiago_2017
3,2169126,842.197036502259,0.551815913304046,C,distrito,hrs_d_pm25_it2,santiago_2017
4,506405,780.148604377919,0.128827157839948,C,distrito,hrs_d_pm25_it2,santiago_2017
5,515964,636.716435642797,0.131258924512457,C,distrito,hrs_d_pm25_it2,santiago_2017
6,0,,0,C,distrito,hrs_d_pm25_it2,santiago_2017
1,70342,23.7213582657894,0.0178946889086356,A,distrito,avg_pm25,santiago_2017
2,1215478,23.7302026722857,0.309212144739851,A,distrito,avg_pm25,santiago_2017
3,1194791,23.676856825538,0.303949464840887,A,distrito,avg_pm25,santiago_2017
4,717905,23.4884489576659,0.182631808037219,A,distrito,avg_pm25,santiago_2017
5,593003,23.2191589311768,0.150857300146252,A,distrito,avg_pm25,santiago_2017
6,139368,22.9286146814744,0.0354545933271549,A,distrito,avg_pm25,santiago_2017
1,70342,23.7106696074471,0.0178946889086356,B_native,distrito,avg_pm25,santiago_2017
2,1215478,23.7188380503148,0.309212144739851,B_native,distrito,avg_pm25,santiago_2017
3,1194791,23.6684528342264,0.303949464840887,B_native,distrito,avg_pm25,santiago_2017
4,717905,23.4787312203365,0.182631808037219,B_native,distrito,avg_pm25,santiago_2017
5,593003,23.1999894599777,0.150857300146252,B_native,distrito,avg_pm25,santiago_2017
6,139368,22.8962747778351,0.0354545933271549,B_native,distrito,avg_pm25,santiago_2017
1,70342,23.7106696074471,0.0178946889086356,B_common,distrito,avg_pm25,santiago_2017
2,1215478,23.7188380503148,0.309212144739851,B_common,distrito,avg_pm25,santiago_2017
3,1194791,23.6684528342264,0.303949464840887,B_common,distrito,avg_pm25,santiago_2017
4,717905,23.4787312203365,0.182631808037219,B_common,distrito,avg_pm25,santiago_2017
5,593003,23.1999894599777,0.150857300146252,B_common,distrito,avg_pm25,santiago_2017
6,139368,22.8962747778351,0.0354545933271549,B_common,distrito,avg_pm25,santiago_2017
1,70342,23.7240688584726,0.0178946889086356,baseline_common,distrito,avg_pm25,santiago_2017
2,1215478,23.7337979671321,0.309212144739851,baseline_common,distrito,avg_pm25,santiago_2017
3,1194791,23.678499427864,0.303949464840887,baseline_common,distrito,avg_pm25,santiago_2017
4,717905,23.4865256630277,0.182631808037219,baseline_common,distrito,avg_pm25,santiago_2017
5,593003,23.2132300007142,0.150857300146252,baseline_common,distrito,avg_pm25,santiago_2017
6,139368,22.9167395206059,0.0354545933271549,baseline_common,distrito,avg_pm25,santiago_2017
1,70342,23.7213582657894,0.0178946889086356,A_common,distrito,avg_pm25,santiago_2017
2,1215478,23.7302026722857,0.309212144739851,A_common,distrito,avg_pm25,santiago_2017
3,1194791,23.676856825538,0.303949464840887,A_common,distrito,avg_pm25,santiago_2017
4,717905,23.4884489576659,0.182631808037219,A_common,distrito,avg_pm25,santiago_2017
5,593003,23.2191589311768,0.150857300146252,A_common,distrito,avg_pm25,santiago_2017
6,139368,22.9286146814744,0.0354545933271549,A_common,distrito,avg_pm25,santiago_2017
1,0,,0,C,distrito,avg_pm25,santiago_2017
2,739392,23.9707933732675,0.188098004343549,C,distrito,avg_pm25,santiago_2017
3,2169126,23.6751683839215,0.551815913304046,C,distrito,avg_pm25,santiago_2017
4,506405,23.3923254137192,0.128827157839948,C,distrito,avg_pm25,santiago_2017
5,515964,22.6833818558408,0.131258924512457,C,distrito,avg_pm25,santiago_2017
6,0,,0,C,distrito,avg_pm25,santiago_2017
1,70342,382.569183294347,0.0178946889086356,A,comuna,hrs_d_pm10_it1,santiago_2017
2,1215478,385.826238387598,0.309212144739851,A,comuna,hrs_d_pm10_it1,santiago_2017
3,1194791,380.965668385833,0.303949464840887,A,comuna,hrs_d_pm10_it1,santiago_2017
4,717905,357.138280989763,0.182631808037219,A,comuna,hrs_d_pm10_it1,santiago_2017
5,593003,320.150123786902,0.150857300146252,A,comuna,hrs_d_pm10_it1,santiago_2017
6,139368,279.087781833896,0.0354545933271549,A,comuna,hrs_d_pm10_it1,santiago_2017
1,70342,378.126510477382,0.0178946889086356,B_native,comuna,hrs_d_pm10_it1,santiago_2017
2,1215478,381.651536268036,0.309212144739851,B_native,comuna,hrs_d_pm10_it1,santiago_2017
3,1194791,376.016493261165,0.303949464840887,B_native,comuna,hrs_d_pm10_it1,santiago_2017
4,717905,348.195911715338,0.182631808037219,B_native,comuna,hrs_d_pm10_it1,santiago_2017
5,593003,303.604770970805,0.150857300146252,B_native,comuna,hrs_d_pm10_it1,santiago_2017
6,139368,252.656815050801,0.0354545933271549,B_native,comuna,hrs_d_pm10_it1,santiago_2017
1,70342,378.126510477382,0.0178946889086356,B_common,comuna,hrs_d_pm10_it1,santiago_2017
2,1215478,381.651536268036,0.309212144739851,B_common,comuna,hrs_d_pm10_it1,santiago_2017
3,1194791,376.016493261165,0.303949464840887,B_common,comuna,hrs_d_pm10_it1,santiago_2017
4,717905,348.195911715338,0.182631808037219,B_common,comuna,hrs_d_pm10_it1,santiago_2017
5,593003,303.604770970805,0.150857300146252,B_common,comuna,hrs_d_pm10_it1,santiago_2017
6,139368,252.656815050801,0.0354545933271549,B_common,comuna,hrs_d_pm10_it1,santiago_2017
1,70342,382.466819254499,0.0178946889086356,baseline_common,comuna,hrs_d_pm10_it1,santiago_2017
2,1215478,386.388322947844,0.309212144739851,baseline_common,comuna,hrs_d_pm10_it1,santiago_2017
3,1194791,381.461100728077,0.303949464840887,baseline_common,comuna,hrs_d_pm10_it1,santiago_2017
4,717905,356.630712977344,0.182631808037219,baseline_common,comuna,hrs_d_pm10_it1,santiago_2017
5,593003,318.832434237264,0.150857300146252,baseline_common,comuna,hrs_d_pm10_it1,santiago_2017
6,139368,277.565101027496,0.0354545933271549,baseline_common,comuna,hrs_d_pm10_it1,santiago_2017
1,70342,382.569183294347,0.0178946889086356,A_common,comuna,hrs_d_pm10_it1,santiago_2017
2,1215478,385.826238387598,0.309212144739851,A_common,comuna,hrs_d_pm10_it1,santiago_2017
3,1194791,380.965668385833,0.303949464840887,A_common,comuna,hrs_d_pm10_it1,santiago_2017
4,717905,357.138280989763,0.182631808037219,A_common,comuna,hrs_d_pm10_it1,santiago_2017
5,593003,320.150123786902,0.150857300146252,A_common,comuna,hrs_d_pm10_it1,santiago_2017
6,139368,279.087781833896,0.0354545933271549,A_common,comuna,hrs_d_pm10_it1,santiago_2017
1,0,,0,C,comuna,hrs_d_pm10_it1,santiago_2017
2,298135,441.465373069247,0.0758442051374156,C,comuna,hrs_d_pm10_it1,santiago_2017
3,2627106,387.236727790961,0.668323968610647,C,comuna,hrs_d_pm10_it1,santiago_2017
4,640703,326.234158416614,0.162991965935424,C,comuna,hrs_d_pm10_it1,santiago_2017
5,364943,214.137873585738,0.0928398603165138,C,comuna,hrs_d_pm10_it1,santiago_2017
6,0,,0,C,comuna,hrs_d_pm10_it1,santiago_2017
1,70342,1492.96036632055,0.0178946889086356,A,comuna,hrs_d_pm10_it2,santiago_2017
2,1215478,1498.65293436081,0.309212144739851,A,comuna,hrs_d_pm10_it2,santiago_2017
3,1194791,1489.16567159954,0.303949464840887,A,comuna,hrs_d_pm10_it2,santiago_2017
4,717905,1443.26584082268,0.182631808037219,A,comuna,hrs_d_pm10_it2,santiago_2017
5,593003,1368.37973672175,0.150857300146252,A,comuna,hrs_d_pm10_it2,santiago_2017
6,139368,1282.11227970684,0.0354545933271549,A,comuna,hrs_d_pm10_it2,santiago_2017
1,70342,1482.66931562935,0.0178946889086356,B_native,comuna,hrs_d_pm10_it2,santiago_2017
2,1215478,1489.34047921888,0.309212144739851,B_native,comuna,hrs_d_pm10_it2,santiago_2017
3,1194791,1477.59476762045,0.303949464840887,B_native,comuna,hrs_d_pm10_it2,santiago_2017
4,717905,1421.40210473531,0.182631808037219,B_native,comuna,hrs_d_pm10_it2,santiago_2017
5,593003,1326.43381230786,0.150857300146252,B_native,comuna,hrs_d_pm10_it2,santiago_2017
6,139368,1215.03205900924,0.0354545933271549,B_native,comuna,hrs_d_pm10_it2,santiago_2017
1,70342,1482.66931562935,0.0178946889086356,B_common,comuna,hrs_d_pm10_it2,santiago_2017
2,1215478,1489.34047921888,0.309212144739851,B_common,comuna,hrs_d_pm10_it2,santiago_2017
3,1194791,1477.59476762045,0.303949464840887,B_common,comuna,hrs_d_pm10_it2,santiago_2017
4,717905,1421.40210473531,0.182631808037219,B_common,comuna,hrs_d_pm10_it2,santiago_2017
5,593003,1326.43381230786,0.150857300146252,B_common,comuna,hrs_d_pm10_it2,santiago_2017
6,139368,1215.03205900924,0.0354545933271549,B_common,comuna,hrs_d_pm10_it2,santiago_2017
1,70342,1492.85434022348,0.0178946889086356,baseline_common,comuna,hrs_d_pm10_it2,santiago_2017
2,1215478,1499.77194321905,0.309212144739851,baseline_common,comuna,hrs_d_pm10_it2,santiago_2017
3,1194791,1490.11753938555,0.303949464840887,baseline_common,comuna,hrs_d_pm10_it2,santiago_2017
4,717905,1442.21040806235,0.182631808037219,baseline_common,comuna,hrs_d_pm10_it2,santiago_2017
5,593003,1365.74269607405,0.150857300146252,baseline_common,comuna,hrs_d_pm10_it2,santiago_2017
6,139368,1279.47205958326,0.0354545933271549,baseline_common,comuna,hrs_d_pm10_it2,santiago_2017
1,70342,1492.96036632055,0.0178946889086356,A_common,comuna,hrs_d_pm10_it2,santiago_2017
2,1215478,1498.65293436081,0.309212144739851,A_common,comuna,hrs_d_pm10_it2,santiago_2017
3,1194791,1489.16567159954,0.303949464840887,A_common,comuna,hrs_d_pm10_it2,santiago_2017
4,717905,1443.26584082268,0.182631808037219,A_common,comuna,hrs_d_pm10_it2,santiago_2017
5,593003,1368.37973672175,0.150857300146252,A_common,comuna,hrs_d_pm10_it2,santiago_2017
6,139368,1282.11227970684,0.0354545933271549,A_common,comuna,hrs_d_pm10_it2,santiago_2017
1,0,,0,C,comuna,hrs_d_pm10_it2,santiago_2017
2,298135,1605.70248377413,0.0758442051374156,C,comuna,hrs_d_pm10_it2,santiago_2017
3,2627106,1503.77049612768,0.668323968610647,C,comuna,hrs_d_pm10_it2,santiago_2017
4,640703,1375.79137915696,0.162991965935424,C,comuna,hrs_d_pm10_it2,santiago_2017
5,364943,1154.02120605136,0.0928398603165138,C,comuna,hrs_d_pm10_it2,santiago_2017
6,0,,0,C,comuna,hrs_d_pm10_it2,santiago_2017
1,70342,67.0782436795856,0.0178946889086356,A,comuna,avg_pm10,santiago_2017
2,1215478,67.1359658102283,0.309212144739851,A,comuna,avg_pm10,santiago_2017
3,1194791,67.0176580137661,0.303949464840887,A,comuna,avg_pm10,santiago_2017
4,717905,66.5006599956247,0.182631808037219,A,comuna,avg_pm10,santiago_2017
5,593003,65.5948282568223,0.150857300146252,A,comuna,avg_pm10,santiago_2017
6,139368,64.4967972094153,0.0354545933271549,A,comuna,avg_pm10,santiago_2017
1,70342,66.9222667283939,0.0178946889086356,B_native,comuna,avg_pm10,santiago_2017
2,1215478,66.9929423994451,0.309212144739851,B_native,comuna,avg_pm10,santiago_2017
3,1194791,66.8507515476504,0.303949464840887,B_native,comuna,avg_pm10,santiago_2017
4,717905,66.2112279761135,0.182631808037219,B_native,comuna,avg_pm10,santiago_2017
5,593003,65.0525955692043,0.150857300146252,B_native,comuna,avg_pm10,santiago_2017
6,139368,63.6333437225516,0.0354545933271549,B_native,comuna,avg_pm10,santiago_2017
1,70342,66.9222667283939,0.0178946889086356,B_common,comuna,avg_pm10,santiago_2017
2,1215478,66.9929423994451,0.309212144739851,B_common,comuna,avg_pm10,santiago_2017
3,1194791,66.8507515476504,0.303949464840887,B_common,comuna,avg_pm10,santiago_2017
4,717905,66.2112279761135,0.182631808037219,B_common,comuna,avg_pm10,santiago_2017
5,593003,65.0525955692043,0.150857300146252,B_common,comuna,avg_pm10,santiago_2017
6,139368,63.6333437225516,0.0354545933271549,B_common,comuna,avg_pm10,santiago_2017
1,70342,67.0726172387697,0.0178946889086356,baseline_common,comuna,avg_pm10,santiago_2017
2,1215478,67.1449129263277,0.309212144739851,baseline_common,comuna,avg_pm10,santiago_2017
3,1194791,67.0307054633545,0.303949464840887,baseline_common,comuna,avg_pm10,santiago_2017
4,717905,66.4935156011708,0.182631808037219,baseline_common,comuna,avg_pm10,santiago_2017
5,593003,65.5637731374011,0.150857300146252,baseline_common,comuna,avg_pm10,santiago_2017
6,139368,64.4603410136213,0.0354545933271549,baseline_common,comuna,avg_pm10,santiago_2017
1,70342,67.0782436795856,0.0178946889086356,A_common,comuna,avg_pm10,santiago_2017
2,1215478,67.1359658102283,0.309212144739851,A_common,comuna,avg_pm10,santiago_2017
3,1194791,67.0176580137661,0.303949464840887,A_common,comuna,avg_pm10,santiago_2017
4,717905,66.5006599956247,0.182631808037219,A_common,comuna,avg_pm10,santiago_2017
5,593003,65.5948282568223,0.150857300146252,A_common,comuna,avg_pm10,santiago_2017
6,139368,64.4967972094153,0.0354545933271549,A_common,comuna,avg_pm10,santiago_2017
1,0,,0,C,comuna,avg_pm10,santiago_2017
2,298135,68.4868140280031,0.0758442051374156,C,comuna,avg_pm10,santiago_2017
3,2627106,67.1983356334275,0.668323968610647,C,comuna,avg_pm10,santiago_2017
4,640703,65.714158784849,0.162991965935424,C,comuna,avg_pm10,santiago_2017
5,364943,62.9122759006941,0.0928398603165138,C,comuna,avg_pm10,santiago_2017
6,0,,0,C,comuna,avg_pm10,santiago_2017
1,70342,158.046605232086,0.0178946889086356,A,comuna,hrs_d_pm25_it1,santiago_2017
2,1215478,160.299158441154,0.309212144739851,A,comuna,hrs_d_pm25_it1,santiago_2017
3,1194791,156.36554588749,0.303949464840887,A,comuna,hrs_d_pm25_it1,santiago_2017
4,717905,139.427962072103,0.182631808037219,A,comuna,hrs_d_pm25_it1,santiago_2017
5,593003,118.0330157867,0.150857300146252,A,comuna,hrs_d_pm25_it1,santiago_2017
6,139368,97.761678080027,0.0354545933271549,A,comuna,hrs_d_pm25_it1,santiago_2017
1,70342,156.538398112081,0.0178946889086356,B_native,comuna,hrs_d_pm25_it1,santiago_2017
2,1215478,158.65798229174,0.309212144739851,B_native,comuna,hrs_d_pm25_it1,santiago_2017
3,1194791,154.038596708546,0.303949464840887,B_native,comuna,hrs_d_pm25_it1,santiago_2017
4,717905,135.79971583984,0.182631808037219,B_native,comuna,hrs_d_pm25_it1,santiago_2017
5,593003,112.655892128708,0.150857300146252,B_native,comuna,hrs_d_pm25_it1,santiago_2017
6,139368,90.2309568911084,0.0354545933271549,B_native,comuna,hrs_d_pm25_it1,santiago_2017
1,70342,156.538398112081,0.0178946889086356,B_common,comuna,hrs_d_pm25_it1,santiago_2017
2,1215478,158.65798229174,0.309212144739851,B_common,comuna,hrs_d_pm25_it1,santiago_2017
3,1194791,154.038596708546,0.303949464840887,B_common,comuna,hrs_d_pm25_it1,santiago_2017
4,717905,135.79971583984,0.182631808037219,B_common,comuna,hrs_d_pm25_it1,santiago_2017
5,593003,112.655892128708,0.150857300146252,B_common,comuna,hrs_d_pm25_it1,santiago_2017
6,139368,90.2309568911084,0.0354545933271549,B_common,comuna,hrs_d_pm25_it1,santiago_2017
1,70342,158.374072389184,0.0178946889086356,baseline_common,comuna,hrs_d_pm25_it1,santiago_2017
2,1215478,161.001766383267,0.309212144739851,baseline_common,comuna,hrs_d_pm25_it1,santiago_2017
3,1194791,156.597545512144,0.303949464840887,baseline_common,comuna,hrs_d_pm25_it1,santiago_2017
4,717905,138.635827860232,0.182631808037219,baseline_common,comuna,hrs_d_pm25_it1,santiago_2017
5,593003,117.079545971943,0.150857300146252,baseline_common,comuna,hrs_d_pm25_it1,santiago_2017
6,139368,97.0573876356122,0.0354545933271549,baseline_common,comuna,hrs_d_pm25_it1,santiago_2017
1,70342,158.046605232086,0.0178946889086356,A_common,comuna,hrs_d_pm25_it1,santiago_2017
2,1215478,160.299158441154,0.309212144739851,A_common,comuna,hrs_d_pm25_it1,santiago_2017
3,1194791,156.36554588749,0.303949464840887,A_common,comuna,hrs_d_pm25_it1,santiago_2017
4,717905,139.427962072103,0.182631808037219,A_common,comuna,hrs_d_pm25_it1,santiago_2017
5,593003,118.0330157867,0.150857300146252,A_common,comuna,hrs_d_pm25_it1,santiago_2017
6,139368,97.761678080027,0.0354545933271549,A_common,comuna,hrs_d_pm25_it1,santiago_2017
1,0,,0,C,comuna,hrs_d_pm25_it1,santiago_2017
2,298135,206.012839820887,0.0758442051374156,C,comuna,hrs_d_pm25_it1,santiago_2017
3,2627106,158.334136879136,0.668323968610647,C,comuna,hrs_d_pm25_it1,santiago_2017
4,640703,114.725690374479,0.162991965935424,C,comuna,hrs_d_pm25_it1,santiago_2017
5,364943,69.9645396678385,0.0928398603165138,C,comuna,hrs_d_pm25_it1,santiago_2017
6,0,,0,C,comuna,hrs_d_pm25_it1,santiago_2017
1,70342,841.163159042018,0.0178946889086356,A,comuna,hrs_d_pm25_it2,santiago_2017
2,1215478,844.564112484561,0.309212144739851,A,comuna,hrs_d_pm25_it2,santiago_2017
3,1194791,836.844854486517,0.303949464840887,A,comuna,hrs_d_pm25_it2,santiago_2017
4,717905,800.674082239343,0.182631808037219,A,comuna,hrs_d_pm25_it2,santiago_2017
5,593003,747.161266528487,0.150857300146252,A,comuna,hrs_d_pm25_it2,santiago_2017
6,139368,689.230042213837,0.0354545933271549,A,comuna,hrs_d_pm25_it2,santiago_2017
1,70342,833.801285149697,0.0178946889086356,B_native,comuna,hrs_d_pm25_it2,santiago_2017
2,1215478,837.97467827472,0.309212144739851,B_native,comuna,hrs_d_pm25_it2,santiago_2017
3,1194791,828.85765292842,0.303949464840887,B_native,comuna,hrs_d_pm25_it2,santiago_2017
4,717905,784.677458716683,0.182631808037219,B_native,comuna,hrs_d_pm25_it2,santiago_2017
5,593003,716.287199221589,0.150857300146252,B_native,comuna,hrs_d_pm25_it2,santiago_2017
6,139368,640.917176109293,0.0354545933271549,B_native,comuna,hrs_d_pm25_it2,santiago_2017
1,70342,833.801285149697,0.0178946889086356,B_common,comuna,hrs_d_pm25_it2,santiago_2017
2,1215478,837.97467827472,0.309212144739851,B_common,comuna,hrs_d_pm25_it2,santiago_2017
3,1194791,828.85765292842,0.303949464840887,B_common,comuna,hrs_d_pm25_it2,santiago_2017
4,717905,784.677458716683,0.182631808037219,B_common,comuna,hrs_d_pm25_it2,santiago_2017
5,593003,716.287199221589,0.150857300146252,B_common,comuna,hrs_d_pm25_it2,santiago_2017
6,139368,640.917176109293,0.0354545933271549,B_common,comuna,hrs_d_pm25_it2,santiago_2017
1,70342,841.156023428393,0.0178946889086356,baseline_common,comuna,hrs_d_pm25_it2,santiago_2017
2,1215478,844.982413503165,0.309212144739851,baseline_common,comuna,hrs_d_pm25_it2,santiago_2017
3,1194791,837.345678030718,0.303949464840887,baseline_common,comuna,hrs_d_pm25_it2,santiago_2017
4,717905,800.098447566182,0.182631808037219,baseline_common,comuna,hrs_d_pm25_it2,santiago_2017
5,593003,746.002384473603,0.150857300146252,baseline_common,comuna,hrs_d_pm25_it2,santiago_2017
6,139368,688.154583548591,0.0354545933271549,baseline_common,comuna,hrs_d_pm25_it2,santiago_2017
1,70342,841.163159042018,0.0178946889086356,A_common,comuna,hrs_d_pm25_it2,santiago_2017
2,1215478,844.564112484561,0.309212144739851,A_common,comuna,hrs_d_pm25_it2,santiago_2017
3,1194791,836.844854486517,0.303949464840887,A_common,comuna,hrs_d_pm25_it2,santiago_2017
4,717905,800.674082239343,0.182631808037219,A_common,comuna,hrs_d_pm25_it2,santiago_2017
5,593003,747.161266528487,0.150857300146252,A_common,comuna,hrs_d_pm25_it2,santiago_2017
6,139368,689.230042213837,0.0354545933271549,A_common,comuna,hrs_d_pm25_it2,santiago_2017
1,0,,0,C,comuna,hrs_d_pm25_it2,santiago_2017
2,298135,919.70985291898,0.0758442051374156,C,comuna,hrs_d_pm25_it2,santiago_2017
3,2627106,847.214516277607,0.668323968610647,C,comuna,hrs_d_pm25_it2,santiago_2017
4,640703,748.045896460607,0.162991965935424,C,comuna,hrs_d_pm25_it2,santiago_2017
5,364943,603.291420852024,0.0928398603165138,C,comuna,hrs_d_pm25_it2,santiago_2017
6,0,,0,C,comuna,hrs_d_pm25_it2,santiago_2017
1,70342,23.7244333527039,0.0178946889086356,A,comuna,avg_pm25,santiago_2017
2,1215478,23.7328667921069,0.309212144739851,A,comuna,avg_pm25,santiago_2017
3,1194791,23.6758492456224,0.303949464840887,A,comuna,avg_pm25,santiago_2017
4,717905,23.4891221387057,0.182631808037219,A,comuna,avg_pm25,santiago_2017
5,593003,23.2177454422543,0.150857300146252,A,comuna,avg_pm25,santiago_2017
6,139368,22.921951479401,0.0354545933271549,A,comuna,avg_pm25,santiago_2017
1,70342,23.7017305631156,0.0178946889086356,B_native,comuna,avg_pm25,santiago_2017
2,1215478,23.7167006236812,0.309212144739851,B_native,comuna,avg_pm25,santiago_2017
3,1194791,23.6500576094851,0.303949464840887,B_native,comuna,avg_pm25,santiago_2017
4,717905,23.4106071316865,0.182631808037219,B_native,comuna,avg_pm25,santiago_2017
5,593003,23.0456386476284,0.150857300146252,B_native,comuna,avg_pm25,santiago_2017
6,139368,22.6462191799557,0.0354545933271549,B_native,comuna,avg_pm25,santiago_2017
1,70342,23.7017305631156,0.0178946889086356,B_common,comuna,avg_pm25,santiago_2017
2,1215478,23.7167006236812,0.309212144739851,B_common,comuna,avg_pm25,santiago_2017
3,1194791,23.6500576094851,0.303949464840887,B_common,comuna,avg_pm25,santiago_2017
4,717905,23.4106071316865,0.182631808037219,B_common,comuna,avg_pm25,santiago_2017
5,593003,23.0456386476284,0.150857300146252,B_common,comuna,avg_pm25,santiago_2017
6,139368,22.6462191799557,0.0354545933271549,B_common,comuna,avg_pm25,santiago_2017
1,70342,23.7240688584726,0.0178946889086356,baseline_common,comuna,avg_pm25,santiago_2017
2,1215478,23.7337979671321,0.309212144739851,baseline_common,comuna,avg_pm25,santiago_2017
3,1194791,23.678499427864,0.303949464840887,baseline_common,comuna,avg_pm25,santiago_2017
4,717905,23.4865256630277,0.182631808037219,baseline_common,comuna,avg_pm25,santiago_2017
5,593003,23.2132300007142,0.150857300146252,baseline_common,comuna,avg_pm25,santiago_2017
6,139368,22.9167395206059,0.0354545933271549,baseline_common,comuna,avg_pm25,santiago_2017
1,70342,23.7244333527039,0.0178946889086356,A_common,comuna,avg_pm25,santiago_2017
2,1215478,23.7328667921069,0.309212144739851,A_common,comuna,avg_pm25,santiago_2017
3,1194791,23.6758492456224,0.303949464840887,A_common,comuna,avg_pm25,santiago_2017
4,717905,23.4891221387057,0.182631808037219,A_common,comuna,avg_pm25,santiago_2017
5,593003,23.2177454422543,0.150857300146252,A_common,comuna,avg_pm25,santiago_2017
6,139368,22.921951479401,0.0354545933271549,A_common,comuna,avg_pm25,santiago_2017
1,0,,0,C,comuna,avg_pm25,santiago_2017
2,298135,24.2432373725365,0.0758442051374156,C,comuna,avg_pm25,santiago_2017
3,2627106,23.7392667868134,0.668323968610647,C,comuna,avg_pm25,santiago_2017
4,640703,23.0991369620105,0.162991965935424,C,comuna,avg_pm25,santiago_2017
5,364943,22.5652252612607,0.0928398603165138,C,comuna,avg_pm25,santiago_2017
6,0,,0,C,comuna,avg_pm25,santiago_2017
1,548782.551012708,3.33063339636721,0.0556314677428253,A,fine,hrs_d_pm10_it1,sao_paulo_2010
2,4600204.04544882,3.12120975916361,0.4663342566059,A,fine,hrs_d_pm10_it1,sao_paulo_2010
3,2937528.3005358,2.87527537494922,0.297784633628247,A,fine,hrs_d_pm10_it1,sao_paulo_2010
5,1441840.07967244,1.63582639296985,0.146162956046233,A,fine,hrs_d_pm10_it1,sao_paulo_2010
6,336251.751839266,1.18226597988089,0.034086685976795,A,fine,hrs_d_pm10_it1,sao_paulo_2010
1,548782.551012708,3.33063339636721,0.0556314677428253,B_native,fine,hrs_d_pm10_it1,sao_paulo_2010
2,4600204.04544882,3.12120975916361,0.4663342566059,B_native,fine,hrs_d_pm10_it1,sao_paulo_2010
3,2937528.3005358,2.87527537494922,0.297784633628247,B_native,fine,hrs_d_pm10_it1,sao_paulo_2010
5,1441840.07967244,1.63582639296985,0.146162956046233,B_native,fine,hrs_d_pm10_it1,sao_paulo_2010
6,336251.751839266,1.18226597988089,0.034086685976795,B_native,fine,hrs_d_pm10_it1,sao_paulo_2010
1,548782.551012708,3.33063339636721,0.0556314677428253,B_common,fine,hrs_d_pm10_it1,sao_paulo_2010
2,4600204.04544882,3.12120975916361,0.4663342566059,B_common,fine,hrs_d_pm10_it1,sao_paulo_2010
3,2937528.3005358,2.87527537494922,0.297784633628247,B_common,fine,hrs_d_pm10_it1,sao_paulo_2010
5,1441840.07967244,1.63582639296985,0.146162956046233,B_common,fine,hrs_d_pm10_it1,sao_paulo_2010
6,336251.751839266,1.18226597988089,0.034086685976795,B_common,fine,hrs_d_pm10_it1,sao_paulo_2010
1,548782.551012708,3.33063339636721,0.0556314677428253,baseline_common,fine,hrs_d_pm10_it1,sao_paulo_2010
2,4600204.04544882,3.12120975916361,0.4663342566059,baseline_common,fine,hrs_d_pm10_it1,sao_paulo_2010
3,2937528.3005358,2.87527537494922,0.297784633628247,baseline_common,fine,hrs_d_pm10_it1,sao_paulo_2010
5,1441840.07967244,1.63582639296985,0.146162956046233,baseline_common,fine,hrs_d_pm10_it1,sao_paulo_2010
6,336251.751839266,1.18226597988089,0.034086685976795,baseline_common,fine,hrs_d_pm10_it1,sao_paulo_2010
1,548782.551012708,3.33063339636721,0.0556314677428253,A_common,fine,hrs_d_pm10_it1,sao_paulo_2010
2,4600204.04544882,3.12120975916361,0.4663342566059,A_common,fine,hrs_d_pm10_it1,sao_paulo_2010
3,2937528.3005358,2.87527537494922,0.297784633628247,A_common,fine,hrs_d_pm10_it1,sao_paulo_2010
5,1441840.07967244,1.63582639296985,0.146162956046233,A_common,fine,hrs_d_pm10_it1,sao_paulo_2010
6,336251.751839266,1.18226597988089,0.034086685976795,A_common,fine,hrs_d_pm10_it1,sao_paulo_2010
1,0,,0,C,fine,hrs_d_pm10_it1,sao_paulo_2010
2,6099442.5169128,3.71393604994045,0.618315832022498,C,fine,hrs_d_pm10_it1,sao_paulo_2010
3,2921224.91081492,1.55834976691533,0.296131917998564,C,fine,hrs_d_pm10_it1,sao_paulo_2010
5,843939.300781316,0.216967612232251,0.0855522499789377,C,fine,hrs_d_pm10_it1,sao_paulo_2010
6,0,,0,C,fine,hrs_d_pm10_it1,sao_paulo_2010
1,548782.551012708,51.9459412404468,0.0556314677428253,A,fine,hrs_d_pm10_it2,sao_paulo_2010
2,4600204.04544882,49.2126294433144,0.4663342566059,A,fine,hrs_d_pm10_it2,sao_paulo_2010
3,2937528.3005358,46.6074783997216,0.297784633628247,A,fine,hrs_d_pm10_it2,sao_paulo_2010
5,1441840.07967244,32.4446373387804,0.146162956046233,A,fine,hrs_d_pm10_it2,sao_paulo_2010
6,336251.751839266,27.5421091386339,0.034086685976795,A,fine,hrs_d_pm10_it2,sao_paulo_2010
1,548782.551012708,51.9459412404468,0.0556314677428253,B_native,fine,hrs_d_pm10_it2,sao_paulo_2010
2,4600204.04544882,49.2126294433144,0.4663342566059,B_native,fine,hrs_d_pm10_it2,sao_paulo_2010
3,2937528.3005358,46.6074783997216,0.297784633628247,B_native,fine,hrs_d_pm10_it2,sao_paulo_2010
5,1441840.07967244,32.4446373387804,0.146162956046233,B_native,fine,hrs_d_pm10_it2,sao_paulo_2010
6,336251.751839266,27.5421091386339,0.034086685976795,B_native,fine,hrs_d_pm10_it2,sao_paulo_2010
1,548782.551012708,51.9459412404468,0.0556314677428253,B_common,fine,hrs_d_pm10_it2,sao_paulo_2010
2,4600204.04544882,49.2126294433144,0.4663342566059,B_common,fine,hrs_d_pm10_it2,sao_paulo_2010
3,2937528.3005358,46.6074783997216,0.297784633628247,B_common,fine,hrs_d_pm10_it2,sao_paulo_2010
5,1441840.07967244,32.4446373387804,0.146162956046233,B_common,fine,hrs_d_pm10_it2,sao_paulo_2010
6,336251.751839266,27.5421091386339,0.034086685976795,B_common,fine,hrs_d_pm10_it2,sao_paulo_2010
1,548782.551012708,51.9459412404468,0.0556314677428253,baseline_common,fine,hrs_d_pm10_it2,sao_paulo_2010
2,4600204.04544882,49.2126294433144,0.4663342566059,baseline_common,fine,hrs_d_pm10_it2,sao_paulo_2010
3,2937528.3005358,46.6074783997216,0.297784633628247,baseline_common,fine,hrs_d_pm10_it2,sao_paulo_2010
5,1441840.07967244,32.4446373387804,0.146162956046233,baseline_common,fine,hrs_d_pm10_it2,sao_paulo_2010
6,336251.751839266,27.5421091386339,0.034086685976795,baseline_common,fine,hrs_d_pm10_it2,sao_paulo_2010
1,548782.551012708,51.9459412404468,0.0556314677428253,A_common,fine,hrs_d_pm10_it2,sao_paulo_2010
2,4600204.04544882,49.2126294433144,0.4663342566059,A_common,fine,hrs_d_pm10_it2,sao_paulo_2010
3,2937528.3005358,46.6074783997216,0.297784633628247,A_common,fine,hrs_d_pm10_it2,sao_paulo_2010
5,1441840.07967244,32.4446373387804,0.146162956046233,A_common,fine,hrs_d_pm10_it2,sao_paulo_2010
6,336251.751839266,27.5421091386339,0.034086685976795,A_common,fine,hrs_d_pm10_it2,sao_paulo_2010
1,0,,0,C,fine,hrs_d_pm10_it2,sao_paulo_2010
2,6099442.5169128,55.8881276139591,0.618315832022498,C,fine,hrs_d_pm10_it2,sao_paulo_2010
3,2921224.91081492,31.2859464171406,0.296131917998564,C,fine,hrs_d_pm10_it2,sao_paulo_2010
5,843939.300781316,18.4459985969132,0.0855522499789377,C,fine,hrs_d_pm10_it2,sao_paulo_2010
6,0,,0,C,fine,hrs_d_pm10_it2,sao_paulo_2010
1,548782.551012708,27.14655894033,0.0556314677428253,A,fine,avg_pm10,sao_paulo_2010
2,4600204.04544882,27.073416762882,0.4663342566059,A,fine,avg_pm10,sao_paulo_2010
3,2937528.3005358,27.0133786822637,0.297784633628247,A,fine,avg_pm10,sao_paulo_2010
5,1441840.07967244,26.5510482038666,0.146162956046233,A,fine,avg_pm10,sao_paulo_2010
6,336251.751839266,26.4002804999478,0.034086685976795,A,fine,avg_pm10,sao_paulo_2010
1,548782.551012708,27.14655894033,0.0556314677428253,B_native,fine,avg_pm10,sao_paulo_2010
2,4600204.04544882,27.073416762882,0.4663342566059,B_native,fine,avg_pm10,sao_paulo_2010
3,2937528.3005358,27.0133786822637,0.297784633628247,B_native,fine,avg_pm10,sao_paulo_2010
5,1441840.07967244,26.5510482038666,0.146162956046233,B_native,fine,avg_pm10,sao_paulo_2010
6,336251.751839266,26.4002804999478,0.034086685976795,B_native,fine,avg_pm10,sao_paulo_2010
1,548782.551012708,27.14655894033,0.0556314677428253,B_common,fine,avg_pm10,sao_paulo_2010
2,4600204.04544882,27.073416762882,0.4663342566059,B_common,fine,avg_pm10,sao_paulo_2010
3,2937528.3005358,27.0133786822637,0.297784633628247,B_common,fine,avg_pm10,sao_paulo_2010
5,1441840.07967244,26.5510482038666,0.146162956046233,B_common,fine,avg_pm10,sao_paulo_2010
6,336251.751839266,26.4002804999478,0.034086685976795,B_common,fine,avg_pm10,sao_paulo_2010
1,548782.551012708,27.14655894033,0.0556314677428253,baseline_common,fine,avg_pm10,sao_paulo_2010
2,4600204.04544882,27.073416762882,0.4663342566059,baseline_common,fine,avg_pm10,sao_paulo_2010
3,2937528.3005358,27.0133786822637,0.297784633628247,baseline_common,fine,avg_pm10,sao_paulo_2010
5,1441840.07967244,26.5510482038666,0.146162956046233,baseline_common,fine,avg_pm10,sao_paulo_2010
6,336251.751839266,26.4002804999478,0.034086685976795,baseline_common,fine,avg_pm10,sao_paulo_2010
1,548782.551012708,27.14655894033,0.0556314677428253,A_common,fine,avg_pm10,sao_paulo_2010
2,4600204.04544882,27.073416762882,0.4663342566059,A_common,fine,avg_pm10,sao_paulo_2010
3,2937528.3005358,27.0133786822637,0.297784633628247,A_common,fine,avg_pm10,sao_paulo_2010
5,1441840.07967244,26.5510482038666,0.146162956046233,A_common,fine,avg_pm10,sao_paulo_2010
6,336251.751839266,26.4002804999478,0.034086685976795,A_common,fine,avg_pm10,sao_paulo_2010
1,0,,0,C,fine,avg_pm10,sao_paulo_2010
2,6099442.5169128,27.2824703041318,0.618315832022498,C,fine,avg_pm10,sao_paulo_2010
3,2921224.91081492,26.5503446344624,0.296131917998564,C,fine,avg_pm10,sao_paulo_2010
5,843939.300781316,26.0510229628714,0.0855522499789377,C,fine,avg_pm10,sao_paulo_2010
6,0,,0,C,fine,avg_pm10,sao_paulo_2010
1,547800.090918733,12.2359931145786,0.0556023977886454,A,fine,hrs_d_pm25_it1,sao_paulo_2010
2,4593684.49709756,11.9790173702071,0.466264750512872,A,fine,hrs_d_pm25_it1,sao_paulo_2010
3,2933959.76984271,11.6304955047935,0.297800604496208,A,fine,hrs_d_pm25_it1,sao_paulo_2010
5,1440544.30947682,9.83098388316959,0.14621705811214,A,fine,hrs_d_pm25_it1,sao_paulo_2010
6,336106.075071133,9.21803621487734,0.0341151890901345,A,fine,hrs_d_pm25_it1,sao_paulo_2010
1,547800.090918733,12.2359931145786,0.0556023977886454,B_native,fine,hrs_d_pm25_it1,sao_paulo_2010
2,4593684.49709756,11.9790173702071,0.466264750512872,B_native,fine,hrs_d_pm25_it1,sao_paulo_2010
3,2933959.76984271,11.6304955047935,0.297800604496208,B_native,fine,hrs_d_pm25_it1,sao_paulo_2010
5,1440544.30947682,9.83098388316959,0.14621705811214,B_native,fine,hrs_d_pm25_it1,sao_paulo_2010
6,336106.075071133,9.21803621487734,0.0341151890901345,B_native,fine,hrs_d_pm25_it1,sao_paulo_2010
1,547800.090918733,12.2359931145786,0.0556023977886454,B_common,fine,hrs_d_pm25_it1,sao_paulo_2010
2,4593684.49709756,11.9790173702071,0.466264750512872,B_common,fine,hrs_d_pm25_it1,sao_paulo_2010
3,2933959.76984271,11.6304955047935,0.297800604496208,B_common,fine,hrs_d_pm25_it1,sao_paulo_2010
5,1440544.30947682,9.83098388316959,0.14621705811214,B_common,fine,hrs_d_pm25_it1,sao_paulo_2010
6,336106.075071133,9.21803621487734,0.0341151890901345,B_common,fine,hrs_d_pm25_it1,sao_paulo_2010
1,547800.090918733,12.2359931145786,0.0556023977886454,baseline_common,fine,hrs_d_pm25_it1,sao_paulo_2010
2,4593684.49709756,11.9790173702071,0.466264750512872,baseline_common,fine,hrs_d_pm25_it1,sao_paulo_2010
3,2933959.76984271,11.6304955047935,0.297800604496208,baseline_common,fine,hrs_d_pm25_it1,sao_paulo_2010
5,1440544.30947682,9.83098388316959,0.14621705811214,baseline_common,fine,hrs_d_pm25_it1,sao_paulo_2010
6,336106.075071133,9.21803621487734,0.0341151890901345,baseline_common,fine,hrs_d_pm25_it1,sao_paulo_2010
1,547800.090918733,12.2359931145786,0.0556023977886454,A_common,fine,hrs_d_pm25_it1,sao_paulo_2010
2,4593684.49709756,11.9790173702071,0.466264750512872,A_common,fine,hrs_d_pm25_it1,sao_paulo_2010
3,2933959.76984271,11.6304955047935,0.297800604496208,A_common,fine,hrs_d_pm25_it1,sao_paulo_2010
5,1440544.30947682,9.83098388316959,0.14621705811214,A_common,fine,hrs_d_pm25_it1,sao_paulo_2010
6,336106.075071133,9.21803621487734,0.0341151890901345,A_common,fine,hrs_d_pm25_it1,sao_paulo_2010
1,0,,0,C,fine,hrs_d_pm25_it1,sao_paulo_2010
2,6086930.53081072,12.8468745333572,0.617831099878728,C,fine,hrs_d_pm25_it1,sao_paulo_2010
3,2921224.91081492,9.60387137129126,0.296508000297736,C,fine,hrs_d_pm25_it1,sao_paulo_2010
5,843939.300781316,8.12998657784755,0.0856608998235368,C,fine,hrs_d_pm25_it1,sao_paulo_2010
6,0,,0,C,fine,hrs_d_pm25_it1,sao_paulo_2010
1,547800.090918733,122.394201763458,0.0556023977886454,A,fine,hrs_d_pm25_it2,sao_paulo_2010
2,4593684.49709756,120.613571105582,0.466264750512872,A,fine,hrs_d_pm25_it2,sao_paulo_2010
3,2933959.76984271,117.031899638743,0.297800604496208,A,fine,hrs_d_pm25_it2,sao_paulo_2010
5,1440544.30947682,103.341206124975,0.14621705811214,A,fine,hrs_d_pm25_it2,sao_paulo_2010
6,336106.075071133,99.8420832607368,0.0341151890901345,A,fine,hrs_d_pm25_it2,sao_paulo_2010
1,547800.090918733,122.394201763458,0.0556023977886454,B_native,fine,hrs_d_pm25_it2,sao_paulo_2010
2,4593684.49709756,120.613571105582,0.466264750512872,B_native,fine,hrs_d_pm25_it2,sao_paulo_2010
3,2933959.76984271,117.031899638743,0.297800604496208,B_native,fine,hrs_d_pm25_it2,sao_paulo_2010
5,1440544.30947682,103.341206124975,0.14621705811214,B_native,fine,hrs_d_pm25_it2,sao_paulo_2010
6,336106.075071133,99.8420832607368,0.0341151890901345,B_native,fine,hrs_d_pm25_it2,sao_paulo_2010
1,547800.090918733,122.394201763458,0.0556023977886454,B_common,fine,hrs_d_pm25_it2,sao_paulo_2010
2,4593684.49709756,120.613571105582,0.466264750512872,B_common,fine,hrs_d_pm25_it2,sao_paulo_2010
3,2933959.76984271,117.031899638743,0.297800604496208,B_common,fine,hrs_d_pm25_it2,sao_paulo_2010
5,1440544.30947682,103.341206124975,0.14621705811214,B_common,fine,hrs_d_pm25_it2,sao_paulo_2010
6,336106.075071133,99.8420832607368,0.0341151890901345,B_common,fine,hrs_d_pm25_it2,sao_paulo_2010
1,547800.090918733,122.394201763458,0.0556023977886454,baseline_common,fine,hrs_d_pm25_it2,sao_paulo_2010
2,4593684.49709756,120.613571105582,0.466264750512872,baseline_common,fine,hrs_d_pm25_it2,sao_paulo_2010
3,2933959.76984271,117.031899638743,0.297800604496208,baseline_common,fine,hrs_d_pm25_it2,sao_paulo_2010
5,1440544.30947682,103.341206124975,0.14621705811214,baseline_common,fine,hrs_d_pm25_it2,sao_paulo_2010
6,336106.075071133,99.8420832607368,0.0341151890901345,baseline_common,fine,hrs_d_pm25_it2,sao_paulo_2010
1,547800.090918733,122.394201763458,0.0556023977886454,A_common,fine,hrs_d_pm25_it2,sao_paulo_2010
2,4593684.49709756,120.613571105582,0.466264750512872,A_common,fine,hrs_d_pm25_it2,sao_paulo_2010
3,2933959.76984271,117.031899638743,0.297800604496208,A_common,fine,hrs_d_pm25_it2,sao_paulo_2010
5,1440544.30947682,103.341206124975,0.14621705811214,A_common,fine,hrs_d_pm25_it2,sao_paulo_2010
6,336106.075071133,99.8420832607368,0.0341151890901345,A_common,fine,hrs_d_pm25_it2,sao_paulo_2010
1,0,,0,C,fine,hrs_d_pm25_it2,sao_paulo_2010
2,6086930.53081072,128.129972276102,0.617831099878728,C,fine,hrs_d_pm25_it2,sao_paulo_2010
3,2921224.91081492,97.9858986048798,0.296508000297736,C,fine,hrs_d_pm25_it2,sao_paulo_2010
5,843939.300781316,95.6741330944364,0.0856608998235368,C,fine,hrs_d_pm25_it2,sao_paulo_2010
6,0,,0,C,fine,hrs_d_pm25_it2,sao_paulo_2010
1,547800.090918733,15.024468436067,0.0556023977886454,A,fine,avg_pm25,sao_paulo_2010
2,4593684.49709756,15.0476819360663,0.466264750512872,A,fine,avg_pm25,sao_paulo_2010
3,2933959.76984271,15.0525828872626,0.297800604496208,A,fine,avg_pm25,sao_paulo_2010
5,1440544.30947682,15.1165370114179,0.14621705811214,A,fine,avg_pm25,sao_paulo_2010
6,336106.075071133,15.1341808493292,0.0341151890901345,A,fine,avg_pm25,sao_paulo_2010
1,547800.090918733,15.024468436067,0.0556023977886454,B_native,fine,avg_pm25,sao_paulo_2010
2,4593684.49709756,15.0476819360663,0.466264750512872,B_native,fine,avg_pm25,sao_paulo_2010
3,2933959.76984271,15.0525828872626,0.297800604496208,B_native,fine,avg_pm25,sao_paulo_2010
5,1440544.30947682,15.1165370114179,0.14621705811214,B_native,fine,avg_pm25,sao_paulo_2010
6,336106.075071133,15.1341808493292,0.0341151890901345,B_native,fine,avg_pm25,sao_paulo_2010
1,547800.090918733,15.024468436067,0.0556023977886454,B_common,fine,avg_pm25,sao_paulo_2010
2,4593684.49709756,15.0476819360663,0.466264750512872,B_common,fine,avg_pm25,sao_paulo_2010
3,2933959.76984271,15.0525828872626,0.297800604496208,B_common,fine,avg_pm25,sao_paulo_2010
5,1440544.30947682,15.1165370114179,0.14621705811214,B_common,fine,avg_pm25,sao_paulo_2010
6,336106.075071133,15.1341808493292,0.0341151890901345,B_common,fine,avg_pm25,sao_paulo_2010
1,547800.090918733,15.024468436067,0.0556023977886454,baseline_common,fine,avg_pm25,sao_paulo_2010
2,4593684.49709756,15.0476819360663,0.466264750512872,baseline_common,fine,avg_pm25,sao_paulo_2010
3,2933959.76984271,15.0525828872626,0.297800604496208,baseline_common,fine,avg_pm25,sao_paulo_2010
5,1440544.30947682,15.1165370114179,0.14621705811214,baseline_common,fine,avg_pm25,sao_paulo_2010
6,336106.075071133,15.1341808493292,0.0341151890901345,baseline_common,fine,avg_pm25,sao_paulo_2010
1,547800.090918733,15.024468436067,0.0556023977886454,A_common,fine,avg_pm25,sao_paulo_2010
2,4593684.49709756,15.0476819360663,0.466264750512872,A_common,fine,avg_pm25,sao_paulo_2010
3,2933959.76984271,15.0525828872626,0.297800604496208,A_common,fine,avg_pm25,sao_paulo_2010
5,1440544.30947682,15.1165370114179,0.14621705811214,A_common,fine,avg_pm25,sao_paulo_2010
6,336106.075071133,15.1341808493292,0.0341151890901345,A_common,fine,avg_pm25,sao_paulo_2010
1,0,,0,C,fine,avg_pm25,sao_paulo_2010
2,6086930.53081072,15.0256211906656,0.617831099878728,C,fine,avg_pm25,sao_paulo_2010
3,2921224.91081492,15.0954227844376,0.296508000297736,C,fine,avg_pm25,sao_paulo_2010
5,843939.300781316,15.195494583867,0.0856608998235368,C,fine,avg_pm25,sao_paulo_2010
6,0,,0,C,fine,avg_pm25,sao_paulo_2010
1,548782.551012708,2.98663144364932,0.0556314677428253,A,municipio,hrs_d_pm10_it1,sao_paulo_2010
2,4600204.04544882,2.85974826953087,0.4663342566059,A,municipio,hrs_d_pm10_it1,sao_paulo_2010
3,2937528.3005358,2.87554422758326,0.297784633628247,A,municipio,hrs_d_pm10_it1,sao_paulo_2010
5,1441840.07967244,2.45905504659057,0.146162956046233,A,municipio,hrs_d_pm10_it1,sao_paulo_2010
6,336251.751839266,2.29079584660189,0.034086685976795,A,municipio,hrs_d_pm10_it1,sao_paulo_2010
1,541971.637866872,2.76891228980397,0.0556000968180206,B_native,municipio,hrs_d_pm10_it1,sao_paulo_2010
2,4543866.24059074,2.69057019580143,0.466148752542358,B_native,municipio,hrs_d_pm10_it1,sao_paulo_2010
3,2902150.92852652,2.81225146866952,0.2977275217605,B_native,municipio,hrs_d_pm10_it1,sao_paulo_2010
5,1426434.94665798,2.19932747333414,0.146335925346472,B_native,municipio,hrs_d_pm10_it1,sao_paulo_2010
6,333250.60096823,1.89321951420009,0.0341877035326496,B_native,municipio,hrs_d_pm10_it1,sao_paulo_2010
1,541416.922597502,2.76560183973359,0.0555886609085286,B_common,municipio,hrs_d_pm10_it1,sao_paulo_2010
2,4539159.65257292,2.68713869661337,0.466047137067664,B_common,municipio,hrs_d_pm10_it1,sao_paulo_2010
3,2899928.94279291,2.80980894959452,0.297743125365116,B_common,municipio,hrs_d_pm10_it1,sao_paulo_2010
5,1425984.24953314,2.19812623132829,0.14640945193937,B_common,municipio,hrs_d_pm10_it1,sao_paulo_2010
6,333210.987094562,1.89273127854866,0.0342116247193216,B_common,municipio,hrs_d_pm10_it1,sao_paulo_2010
1,541416.922597502,3.23140224514879,0.0555886609085286,baseline_common,municipio,hrs_d_pm10_it1,sao_paulo_2010
2,4539159.65257292,3.0494502601669,0.466047137067664,baseline_common,municipio,hrs_d_pm10_it1,sao_paulo_2010
3,2899928.94279291,2.80881416776668,0.297743125365116,baseline_common,municipio,hrs_d_pm10_it1,sao_paulo_2010
5,1425984.24953314,1.58536934593777,0.14640945193937,baseline_common,municipio,hrs_d_pm10_it1,sao_paulo_2010
6,333210.987094562,1.14916718687156,0.0342116247193216,baseline_common,municipio,hrs_d_pm10_it1,sao_paulo_2010
1,541416.922597502,2.88394697886646,0.0555886609085286,A_common,municipio,hrs_d_pm10_it1,sao_paulo_2010
2,4539159.65257292,2.78557272575268,0.466047137067664,A_common,municipio,hrs_d_pm10_it1,sao_paulo_2010
3,2899928.94279291,2.80981926124275,0.297743125365116,A_common,municipio,hrs_d_pm10_it1,sao_paulo_2010
5,1425984.24953314,2.41465629655268,0.14640945193937,A_common,municipio,hrs_d_pm10_it1,sao_paulo_2010
6,333210.987094562,2.26378596627499,0.0342116247193216,A_common,municipio,hrs_d_pm10_it1,sao_paulo_2010
1,0,,0,C,municipio,hrs_d_pm10_it1,sao_paulo_2010
2,3031859.11014708,4.12149330388041,0.30734718510216,C,municipio,hrs_d_pm10_it1,sao_paulo_2010
3,6832747.61836196,2.1795843945905,0.69265281489784,C,municipio,hrs_d_pm10_it1,sao_paulo_2010
5,0,,0,C,municipio,hrs_d_pm10_it1,sao_paulo_2010
6,0,,0,C,municipio,hrs_d_pm10_it1,sao_paulo_2010
1,548782.551012708,47.7645390344599,0.0556314677428253,A,municipio,hrs_d_pm10_it2,sao_paulo_2010
2,4600204.04544882,46.4137713656854,0.4663342566059,A,municipio,hrs_d_pm10_it2,sao_paulo_2010
3,2937528.3005358,46.4852566046842,0.297784633628247,A,municipio,hrs_d_pm10_it2,sao_paulo_2010
5,1441840.07967244,41.5322438890401,0.146162956046233,A,municipio,hrs_d_pm10_it2,sao_paulo_2010
6,336251.751839266,39.6713101288062,0.034086685976795,A,municipio,hrs_d_pm10_it2,sao_paulo_2010
1,541971.637866872,46.593739990576,0.0556000968180206,B_native,municipio,hrs_d_pm10_it2,sao_paulo_2010
2,4543866.24059074,45.0308177217058,0.466148752542358,B_native,municipio,hrs_d_pm10_it2,sao_paulo_2010
3,2902150.92852652,45.9134160237632,0.2977275217605,B_native,municipio,hrs_d_pm10_it2,sao_paulo_2010
5,1426434.94665798,37.2047423052831,0.146335925346472,B_native,municipio,hrs_d_pm10_it2,sao_paulo_2010
6,333250.60096823,32.6652094140967,0.0341877035326496,B_native,municipio,hrs_d_pm10_it2,sao_paulo_2010
1,541416.922597502,46.5769307580592,0.0555886609085286,B_common,municipio,hrs_d_pm10_it2,sao_paulo_2010
2,4539159.65257292,45.0121857403537,0.466047137067664,B_common,municipio,hrs_d_pm10_it2,sao_paulo_2010
3,2899928.94279291,45.9003239285497,0.297743125365116,B_common,municipio,hrs_d_pm10_it2,sao_paulo_2010
5,1425984.24953314,37.1965894463148,0.14640945193937,B_common,municipio,hrs_d_pm10_it2,sao_paulo_2010
6,333210.987094562,32.6616030547372,0.0342116247193216,B_common,municipio,hrs_d_pm10_it2,sao_paulo_2010
1,541416.922597502,51.4517981042251,0.0555886609085286,baseline_common,municipio,hrs_d_pm10_it2,sao_paulo_2010
2,4539159.65257292,48.818554240785,0.466047137067664,baseline_common,municipio,hrs_d_pm10_it2,sao_paulo_2010
3,2899928.94279291,46.2284835202452,0.297743125365116,baseline_common,municipio,hrs_d_pm10_it2,sao_paulo_2010
5,1425984.24953314,32.1022114329086,0.14640945193937,baseline_common,municipio,hrs_d_pm10_it2,sao_paulo_2010
6,333210.987094562,27.2984543527181,0.0342116247193216,baseline_common,municipio,hrs_d_pm10_it2,sao_paulo_2010
1,541416.922597502,47.2077436589605,0.0555886609085286,A_common,municipio,hrs_d_pm10_it2,sao_paulo_2010
2,4539159.65257292,45.9931137671528,0.466047137067664,A_common,municipio,hrs_d_pm10_it2,sao_paulo_2010
3,2899928.94279291,46.1139997643814,0.297743125365116,A_common,municipio,hrs_d_pm10_it2,sao_paulo_2010
5,1425984.24953314,41.2595024146396,0.14640945193937,A_common,municipio,hrs_d_pm10_it2,sao_paulo_2010
6,333210.987094562,39.4877867786217,0.0342116247193216,A_common,municipio,hrs_d_pm10_it2,sao_paulo_2010
1,0,,0,C,municipio,hrs_d_pm10_it2,sao_paulo_2010
2,3031859.11014708,63.4561439248847,0.30734718510216,C,municipio,hrs_d_pm10_it2,sao_paulo_2010
3,6832747.61836196,37.3871445521458,0.69265281489784,C,municipio,hrs_d_pm10_it2,sao_paulo_2010
5,0,,0,C,municipio,hrs_d_pm10_it2,sao_paulo_2010
6,0,,0,C,municipio,hrs_d_pm10_it2,sao_paulo_2010
1,548782.551012708,27.0004995139197,0.0556314677428253,A,municipio,avg_pm10,sao_paulo_2010
2,4600204.04544882,26.9789750004262,0.4663342566059,A,municipio,avg_pm10,sao_paulo_2010
3,2937528.3005358,27.0150749850809,0.297784633628247,A,municipio,avg_pm10,sao_paulo_2010
5,1441840.07967244,26.8503645241976,0.146162956046233,A,municipio,avg_pm10,sao_paulo_2010
6,336251.751839266,26.7808788701417,0.034086685976795,A,municipio,avg_pm10,sao_paulo_2010
1,541971.637866872,27.5302837966018,0.0556000968180206,B_native,municipio,avg_pm10,sao_paulo_2010
2,4543866.24059074,27.4955478831865,0.466148752542358,B_native,municipio,avg_pm10,sao_paulo_2010
3,2902150.92852652,27.6419403344945,0.2977275217605,B_native,municipio,avg_pm10,sao_paulo_2010
5,1426434.94665798,27.4589421757562,0.146335925346472,B_native,municipio,avg_pm10,sao_paulo_2010
6,333250.60096823,27.2330953702129,0.0341877035326496,B_native,municipio,avg_pm10,sao_paulo_2010
1,541416.922597502,27.5319830741083,0.0555886609085286,B_common,municipio,avg_pm10,sao_paulo_2010
2,4539159.65257292,27.4972315820626,0.466047137067664,B_common,municipio,avg_pm10,sao_paulo_2010
3,2899928.94279291,27.6432966960029,0.297743125365116,B_common,municipio,avg_pm10,sao_paulo_2010
5,1425984.24953314,27.4594438263574,0.14640945193937,B_common,municipio,avg_pm10,sao_paulo_2010
6,333210.987094562,27.2332572148729,0.0342116247193216,B_common,municipio,avg_pm10,sao_paulo_2010
1,541416.922597502,27.1457102073148,0.0555886609085286,baseline_common,municipio,avg_pm10,sao_paulo_2010
2,4539159.65257292,27.0709477207516,0.466047137067664,baseline_common,municipio,avg_pm10,sao_paulo_2010
3,2899928.94279291,27.0098345256813,0.297743125365116,baseline_common,municipio,avg_pm10,sao_paulo_2010
5,1425984.24953314,26.5433379565664,0.14640945193937,baseline_common,municipio,avg_pm10,sao_paulo_2010
6,333210.987094562,26.3932164697014,0.0342116247193216,baseline_common,municipio,avg_pm10,sao_paulo_2010
1,541416.922597502,26.9972241194633,0.0555886609085286,A_common,municipio,avg_pm10,sao_paulo_2010
2,4539159.65257292,26.9753555198712,0.466047137067664,A_common,municipio,avg_pm10,sao_paulo_2010
3,2899928.94279291,27.0119797320977,0.297743125365116,A_common,municipio,avg_pm10,sao_paulo_2010
5,1425984.24953314,26.8456422066444,0.14640945193937,A_common,municipio,avg_pm10,sao_paulo_2010
6,333210.987094562,26.7763178544542,0.0342116247193216,A_common,municipio,avg_pm10,sao_paulo_2010
1,0,,0,C,municipio,avg_pm10,sao_paulo_2010
2,3031859.11014708,27.4664609132341,0.30734718510216,C,municipio,avg_pm10,sao_paulo_2010
3,6832747.61836196,26.7357203924905,0.69265281489784,C,municipio,avg_pm10,sao_paulo_2010
5,0,,0,C,municipio,avg_pm10,sao_paulo_2010
6,0,,0,C,municipio,avg_pm10,sao_paulo_2010
1,547800.090918733,11.8238513025369,0.0556023977886454,A,municipio,hrs_d_pm25_it1,sao_paulo_2010
2,4593684.49709756,11.6718614731146,0.466264750512872,A,municipio,hrs_d_pm25_it1,sao_paulo_2010
3,2933959.76984271,11.6154862359572,0.297800604496208,A,municipio,hrs_d_pm25_it1,sao_paulo_2010
5,1440544.30947682,10.891080010246,0.14621705811214,A,municipio,hrs_d_pm25_it1,sao_paulo_2010
6,336106.075071133,10.6616049156232,0.0341151890901345,A,municipio,hrs_d_pm25_it1,sao_paulo_2010
1,540989.177772897,11.9731262191754,0.0555706373755935,B_native,municipio,hrs_d_pm25_it1,sao_paulo_2010
2,4537346.69223948,11.8862617359252,0.466078173171214,B_native,municipio,hrs_d_pm25_it1,sao_paulo_2010
3,2898582.39783343,11.8089605182132,0.297743611057776,B_native,municipio,hrs_d_pm25_it1,sao_paulo_2010
5,1425139.17646237,10.9183885673355,0.146390899557307,B_native,municipio,hrs_d_pm25_it1,sao_paulo_2010
6,333104.924200097,10.5955943486452,0.0342166788381096,B_native,municipio,hrs_d_pm25_it1,sao_paulo_2010
1,540434.462503527,11.96899293655,0.0555591626076235,B_common,municipio,hrs_d_pm25_it1,sao_paulo_2010
2,4532640.10422166,11.8819901258311,0.465976369134015,B_common,municipio,hrs_d_pm25_it1,sao_paulo_2010
3,2896360.41209982,11.8057453002802,0.29775924792192,B_common,municipio,hrs_d_pm25_it1,sao_paulo_2010
5,1424688.47933753,10.9167810105289,0.146464565790352,B_common,municipio,hrs_d_pm25_it1,sao_paulo_2010
6,333065.310326429,10.5949515634734,0.0342406545460892,B_common,municipio,hrs_d_pm25_it1,sao_paulo_2010
1,540434.462503527,11.9649295584437,0.0555591626076235,baseline_common,municipio,hrs_d_pm25_it1,sao_paulo_2010
2,4532640.10422166,11.7115835039481,0.465976369134015,baseline_common,municipio,hrs_d_pm25_it1,sao_paulo_2010
3,2896360.41209982,11.3868180579709,0.29775924792192,baseline_common,municipio,hrs_d_pm25_it1,sao_paulo_2010
5,1424688.47933753,9.69351410035739,0.146464565790352,baseline_common,municipio,hrs_d_pm25_it1,sao_paulo_2010
6,333065.310326429,9.14004055847855,0.0342406545460892,baseline_common,municipio,hrs_d_pm25_it1,sao_paulo_2010
1,540434.462503527,11.5438838502585,0.0555591626076235,A_common,municipio,hrs_d_pm25_it1,sao_paulo_2010
2,4532640.10422166,11.4163033615337,0.465976369134015,A_common,municipio,hrs_d_pm25_it1,sao_paulo_2010
3,2896360.41209982,11.3772701777295,0.29775924792192,A_common,municipio,hrs_d_pm25_it1,sao_paulo_2010
5,1424688.47933753,10.7064323875322,0.146464565790352,A_common,municipio,hrs_d_pm25_it1,sao_paulo_2010
6,333065.310326429,10.5180602605309,0.0342406545460892,A_common,municipio,hrs_d_pm25_it1,sao_paulo_2010
1,0,,0,C,municipio,hrs_d_pm25_it1,sao_paulo_2010
2,3019347.124045,14.2618971551314,0.306467528275854,C,municipio,hrs_d_pm25_it1,sao_paulo_2010
3,6832747.61836196,10.252493148365,0.693532471724146,C,municipio,hrs_d_pm25_it1,sao_paulo_2010
5,0,,0,C,municipio,hrs_d_pm25_it1,sao_paulo_2010
6,0,,0,C,municipio,hrs_d_pm25_it1,sao_paulo_2010
1,547800.090918733,119.074814846123,0.0556023977886454,A,municipio,hrs_d_pm25_it2,sao_paulo_2010
2,4593684.49709756,118.401275193691,0.466264750512872,A,municipio,hrs_d_pm25_it2,sao_paulo_2010
3,2933959.76984271,117.305933061319,0.297800604496208,A,municipio,hrs_d_pm25_it2,sao_paulo_2010
5,1440544.30947682,110.94997484653,0.14621705811214,A,municipio,hrs_d_pm25_it2,sao_paulo_2010
6,336106.075071133,109.280950846745,0.0341151890901345,A,municipio,hrs_d_pm25_it2,sao_paulo_2010
1,540989.177772897,129.446218937092,0.0555706373755935,B_native,municipio,hrs_d_pm25_it2,sao_paulo_2010
2,4537346.69223948,128.966940062653,0.466078173171214,B_native,municipio,hrs_d_pm25_it2,sao_paulo_2010
3,2898582.39783343,127.268294523621,0.297743611057776,B_native,municipio,hrs_d_pm25_it2,sao_paulo_2010
5,1425139.17646237,119.654888498534,0.146390899557307,B_native,municipio,hrs_d_pm25_it2,sao_paulo_2010
6,333104.924200097,117.390948830926,0.0342166788381096,B_native,municipio,hrs_d_pm25_it2,sao_paulo_2010
1,540434.462503527,129.423069179618,0.0555591626076235,B_common,municipio,hrs_d_pm25_it2,sao_paulo_2010
2,4532640.10422166,128.943023069152,0.465976369134015,B_common,municipio,hrs_d_pm25_it2,sao_paulo_2010
3,2896360.41209982,127.249321229929,0.29775924792192,B_common,municipio,hrs_d_pm25_it2,sao_paulo_2010
5,1424688.47933753,119.644656192336,0.146464565790352,B_common,municipio,hrs_d_pm25_it2,sao_paulo_2010
6,333065.310326429,117.38683252539,0.0342406545460892,B_common,municipio,hrs_d_pm25_it2,sao_paulo_2010
1,540434.462503527,120.87710989764,0.0555591626076235,baseline_common,municipio,hrs_d_pm25_it2,sao_paulo_2010
2,4532640.10422166,118.787648812086,0.465976369134015,baseline_common,municipio,hrs_d_pm25_it2,sao_paulo_2010
3,2896360.41209982,115.22259828608,0.29775924792192,baseline_common,municipio,hrs_d_pm25_it2,sao_paulo_2010
5,1424688.47933753,102.03142424613,0.146464565790352,baseline_common,municipio,hrs_d_pm25_it2,sao_paulo_2010
6,333065.310326429,98.9396051407394,0.0342406545460892,baseline_common,municipio,hrs_d_pm25_it2,sao_paulo_2010
1,540434.462503527,117.41541097749,0.0555591626076235,A_common,municipio,hrs_d_pm25_it2,sao_paulo_2010
2,4532640.10422166,116.647541563704,0.465976369134015,A_common,municipio,hrs_d_pm25_it2,sao_paulo_2010
3,2896360.41209982,115.588969228993,0.29775924792192,A_common,municipio,hrs_d_pm25_it2,sao_paulo_2010
5,1424688.47933753,109.373049341212,0.146464565790352,A_common,municipio,hrs_d_pm25_it2,sao_paulo_2010
6,333065.310326429,107.934861358759,0.0342406545460892,A_common,municipio,hrs_d_pm25_it2,sao_paulo_2010
1,0,,0,C,municipio,hrs_d_pm25_it2,sao_paulo_2010
2,3019347.124045,146.31611353071,0.306467528275854,C,municipio,hrs_d_pm25_it2,sao_paulo_2010
3,6832747.61836196,103.197300976517,0.693532471724146,C,municipio,hrs_d_pm25_it2,sao_paulo_2010
5,0,,0,C,municipio,hrs_d_pm25_it2,sao_paulo_2010
6,0,,0,C,municipio,hrs_d_pm25_it2,sao_paulo_2010
1,547800.090918733,15.0490792360385,0.0556023977886454,A,municipio,avg_pm25,sao_paulo_2010
2,4593684.49709756,15.0651530082605,0.466264750512872,A,municipio,avg_pm25,sao_paulo_2010
3,2933959.76984271,15.056793001484,0.297800604496208,A,municipio,avg_pm25,sao_paulo_2010
5,1440544.30947682,15.057232291193,0.14621705811214,A,municipio,avg_pm25,sao_paulo_2010
6,336106.075071133,15.0596328311042,0.0341151890901345,A,municipio,avg_pm25,sao_paulo_2010
1,540989.177772897,15.3066205735373,0.0555706373755935,B_native,municipio,avg_pm25,sao_paulo_2010
2,4537346.69223948,15.3327508521293,0.466078173171214,B_native,municipio,avg_pm25,sao_paulo_2010
3,2898582.39783343,15.3143959641828,0.297743611057776,B_native,municipio,avg_pm25,sao_paulo_2010
5,1425139.17646237,15.3459163703491,0.146390899557307,B_native,municipio,avg_pm25,sao_paulo_2010
6,333104.924200097,15.3695627776388,0.0342166788381096,B_native,municipio,avg_pm25,sao_paulo_2010
1,540434.462503527,15.3069244333122,0.0555591626076235,B_common,municipio,avg_pm25,sao_paulo_2010
2,4532640.10422166,15.3330853832286,0.465976369134015,B_common,municipio,avg_pm25,sao_paulo_2010
3,2896360.41209982,15.3146290384213,0.29775924792192,B_common,municipio,avg_pm25,sao_paulo_2010
5,1424688.47933753,15.3460224521839,0.146464565790352,B_common,municipio,avg_pm25,sao_paulo_2010
6,333065.310326429,15.3696054736506,0.0342406545460892,B_common,municipio,avg_pm25,sao_paulo_2010
1,540434.462503527,15.0167349289527,0.0555591626076235,baseline_common,municipio,avg_pm25,sao_paulo_2010
2,4532640.10422166,15.0337327588628,0.465976369134015,baseline_common,municipio,avg_pm25,sao_paulo_2010
3,2896360.41209982,15.0378068357683,0.29775924792192,baseline_common,municipio,avg_pm25,sao_paulo_2010
5,1424688.47933753,15.1048769767155,0.146464565790352,baseline_common,municipio,avg_pm25,sao_paulo_2010
6,333065.310326429,15.1247720807397,0.0342406545460892,baseline_common,municipio,avg_pm25,sao_paulo_2010
1,540434.462503527,15.040282863698,0.0555591626076235,A_common,municipio,avg_pm25,sao_paulo_2010
2,4532640.10422166,15.0518257427951,0.465976369134015,A_common,municipio,avg_pm25,sao_paulo_2010
3,2896360.41209982,15.0428730722193,0.29775924792192,A_common,municipio,avg_pm25,sao_paulo_2010
5,1424688.47933753,15.0424248943611,0.146464565790352,A_common,municipio,avg_pm25,sao_paulo_2010
6,333065.310326429,15.0456683567167,0.0342406545460892,A_common,municipio,avg_pm25,sao_paulo_2010
1,0,,0,C,municipio,avg_pm25,sao_paulo_2010
2,3019347.124045,15.1843175933849,0.306467528275854,C,municipio,avg_pm25,sao_paulo_2010
3,6832747.61836196,15.0063184815224,0.693532471724146,C,municipio,avg_pm25,sao_paulo_2010
5,0,,0,C,municipio,avg_pm25,sao_paulo_2010
6,0,,0,C,municipio,avg_pm25,sao_paulo_2010
