edu_quintile_split,population,mean,share,design,level,outcome,city_id
1,1105328.70805322,0.600449826121021,0.199133999135454,A,fine,hrs_d_pm10_it1,bogota_2018
2,1108094.42973792,0.613453246798922,0.199632266497514,A,fine,hrs_d_pm10_it1,bogota_2018
3,1111257.57055766,0.597429789519133,0.200202132164327,A,fine,hrs_d_pm10_it1,bogota_2018
4,1112981.06086256,0.458129802668757,0.200512633026547,A,fine,hrs_d_pm10_it1,bogota_2018
5,1113016.23078881,0.214030368024987,0.200518969176157,A,fine,hrs_d_pm10_it1,bogota_2018
1,1105413.64114537,0.600403691300065,0.199141371721111,B_native,fine,hrs_d_pm10_it1,bogota_2018
2,1108147.92629746,0.613423631945738,0.199633955922713,B_native,fine,hrs_d_pm10_it1,bogota_2018
3,1111298.60373592,0.597407730242743,0.200201553610664,B_native,fine,hrs_d_pm10_it1,bogota_2018
4,1113003.98238048,0.458120367814391,0.200508779277096,B_native,fine,hrs_d_pm10_it1,bogota_2018
5,1113034.84644093,0.214026788339331,0.200514339468417,B_native,fine,hrs_d_pm10_it1,bogota_2018
1,1105328.70805322,0.600449826121021,0.199133999135454,B_common,fine,hrs_d_pm10_it1,bogota_2018
2,1108094.42973792,0.613453246798922,0.199632266497514,B_common,fine,hrs_d_pm10_it1,bogota_2018
3,1111257.57055766,0.597429789519133,0.200202132164327,B_common,fine,hrs_d_pm10_it1,bogota_2018
4,1112981.06086256,0.458129802668757,0.200512633026547,B_common,fine,hrs_d_pm10_it1,bogota_2018
5,1113016.23078881,0.214030368024987,0.200518969176157,B_common,fine,hrs_d_pm10_it1,bogota_2018
1,1105328.70805322,0.600449826121021,0.199133999135454,baseline_common,fine,hrs_d_pm10_it1,bogota_2018
2,1108094.42973792,0.613453246798922,0.199632266497514,baseline_common,fine,hrs_d_pm10_it1,bogota_2018
3,1111257.57055766,0.597429789519133,0.200202132164327,baseline_common,fine,hrs_d_pm10_it1,bogota_2018
4,1112981.06086256,0.458129802668757,0.200512633026547,baseline_common,fine,hrs_d_pm10_it1,bogota_2018
5,1113016.23078881,0.214030368024987,0.200518969176157,baseline_common,fine,hrs_d_pm10_it1,bogota_2018
1,1105328.70805322,0.600449826121021,0.199133999135454,A_common,fine,hrs_d_pm10_it1,bogota_2018
2,1108094.42973792,0.613453246798922,0.199632266497514,A_common,fine,hrs_d_pm10_it1,bogota_2018
3,1111257.57055766,0.597429789519133,0.200202132164327,A_common,fine,hrs_d_pm10_it1,bogota_2018
4,1112981.06086256,0.458129802668757,0.200512633026547,A_common,fine,hrs_d_pm10_it1,bogota_2018
5,1113016.23078881,0.214030368024987,0.200518969176157,A_common,fine,hrs_d_pm10_it1,bogota_2018
1,1090461.00000001,0.581645744322807,0.196455460035692,C,fine,hrs_d_pm10_it1,bogota_2018
2,1116574.00000001,0.538070024915493,0.20115993037247,C,fine,hrs_d_pm10_it1,bogota_2018
3,1115887.00000001,1.12380913121131,0.201036161708533,C,fine,hrs_d_pm10_it1,bogota_2018
4,1115033.00000002,0.235021743751078,0.20088230662993,C,fine,hrs_d_pm10_it1,bogota_2018
5,1112723.00000001,0.00387158349382545,0.200466141253375,C,fine,hrs_d_pm10_it1,bogota_2018
1,1105328.70805322,28.3847997451509,0.199133999135454,A,fine,hrs_d_pm10_it2,bogota_2018
2,1108094.42973792,27.6799357296915,0.199632266497514,A,fine,hrs_d_pm10_it2,bogota_2018
3,1111257.57055766,26.2417662225888,0.200202132164327,A,fine,hrs_d_pm10_it2,bogota_2018
4,1112981.06086256,19.0278974954005,0.200512633026547,A,fine,hrs_d_pm10_it2,bogota_2018
5,1113016.23078881,10.3270025483372,0.200518969176157,A,fine,hrs_d_pm10_it2,bogota_2018
1,1105413.64114537,28.382618834112,0.199141371721111,B_native,fine,hrs_d_pm10_it2,bogota_2018
2,1108147.92629746,27.6785994628495,0.199633955922713,B_native,fine,hrs_d_pm10_it2,bogota_2018
3,1111298.60373592,26.2407972813271,0.200201553610664,B_native,fine,hrs_d_pm10_it2,bogota_2018
4,1113003.98238048,19.0275056295129,0.200508779277096,B_native,fine,hrs_d_pm10_it2,bogota_2018
5,1113034.84644093,10.3268298278806,0.200514339468417,B_native,fine,hrs_d_pm10_it2,bogota_2018
1,1105328.70805322,28.3847997451509,0.199133999135454,B_common,fine,hrs_d_pm10_it2,bogota_2018
2,1108094.42973792,27.6799357296915,0.199632266497514,B_common,fine,hrs_d_pm10_it2,bogota_2018
3,1111257.57055766,26.2417662225888,0.200202132164327,B_common,fine,hrs_d_pm10_it2,bogota_2018
4,1112981.06086256,19.0278974954005,0.200512633026547,B_common,fine,hrs_d_pm10_it2,bogota_2018
5,1113016.23078881,10.3270025483372,0.200518969176157,B_common,fine,hrs_d_pm10_it2,bogota_2018
1,1105328.70805322,28.3847997451509,0.199133999135454,baseline_common,fine,hrs_d_pm10_it2,bogota_2018
2,1108094.42973792,27.6799357296915,0.199632266497514,baseline_common,fine,hrs_d_pm10_it2,bogota_2018
3,1111257.57055766,26.2417662225888,0.200202132164327,baseline_common,fine,hrs_d_pm10_it2,bogota_2018
4,1112981.06086256,19.0278974954005,0.200512633026547,baseline_common,fine,hrs_d_pm10_it2,bogota_2018
5,1113016.23078881,10.3270025483372,0.200518969176157,baseline_common,fine,hrs_d_pm10_it2,bogota_2018
1,1105328.70805322,28.3847997451509,0.199133999135454,A_common,fine,hrs_d_pm10_it2,bogota_2018
2,1108094.42973792,27.6799357296915,0.199632266497514,A_common,fine,hrs_d_pm10_it2,bogota_2018
3,1111257.57055766,26.2417662225888,0.200202132164327,A_common,fine,hrs_d_pm10_it2,bogota_2018
4,1112981.06086256,19.0278974954005,0.200512633026547,A_common,fine,hrs_d_pm10_it2,bogota_2018
5,1113016.23078881,10.3270025483372,0.200518969176157,A_common,fine,hrs_d_pm10_it2,bogota_2018
1,1090461.00000001,37.6083124476709,0.196455460035692,C,fine,hrs_d_pm10_it2,bogota_2018
2,1116574.00000001,27.794638778979,0.20115993037247,C,fine,hrs_d_pm10_it2,bogota_2018
3,1115887.00000001,28.146243302413,0.201036161708533,C,fine,hrs_d_pm10_it2,bogota_2018
4,1115033.00000002,15.9956987820088,0.20088230662993,C,fine,hrs_d_pm10_it2,bogota_2018
5,1112723.00000001,2.32830722470908,0.200466141253375,C,fine,hrs_d_pm10_it2,bogota_2018
1,1105328.70805322,33.0626499921067,0.199133999135454,A,fine,avg_pm10,bogota_2018
2,1108094.42973792,33.2096847790938,0.199632266497514,A,fine,avg_pm10,bogota_2018
3,1111257.57055766,33.069679220563,0.200202132164327,A,fine,avg_pm10,bogota_2018
4,1112981.06086256,31.8298907636343,0.200512633026547,A,fine,avg_pm10,bogota_2018
5,1113016.23078881,30.075038629418,0.200518969176157,A,fine,avg_pm10,bogota_2018
1,1105413.64114537,33.0620963721126,0.199141371721111,B_native,fine,avg_pm10,bogota_2018
2,1108147.92629746,33.2093337880112,0.199633955922713,B_native,fine,avg_pm10,bogota_2018
3,1111298.60373592,33.0694294920346,0.200201553610664,B_native,fine,avg_pm10,bogota_2018
4,1113003.98238048,31.8297944350473,0.200508779277096,B_native,fine,avg_pm10,bogota_2018
5,1113034.84644093,30.0749997415607,0.200514339468417,B_native,fine,avg_pm10,bogota_2018
1,1105328.70805322,33.0626499921067,0.199133999135454,B_common,fine,avg_pm10,bogota_2018
2,1108094.42973792,33.2096847790938,0.199632266497514,B_common,fine,avg_pm10,bogota_2018
3,1111257.57055766,33.069679220563,0.200202132164327,B_common,fine,avg_pm10,bogota_2018
4,1112981.06086256,31.8298907636343,0.200512633026547,B_common,fine,avg_pm10,bogota_2018
5,1113016.23078881,30.075038629418,0.200518969176157,B_common,fine,avg_pm10,bogota_2018
1,1105328.70805322,33.0626499921067,0.199133999135454,baseline_common,fine,avg_pm10,bogota_2018
2,1108094.42973792,33.2096847790938,0.199632266497514,baseline_common,fine,avg_pm10,bogota_2018
3,1111257.57055766,33.069679220563,0.200202132164327,baseline_common,fine,avg_pm10,bogota_2018
4,1112981.06086256,31.8298907636343,0.200512633026547,baseline_common,fine,avg_pm10,bogota_2018
5,1113016.23078881,30.075038629418,0.200518969176157,baseline_common,fine,avg_pm10,bogota_2018
1,1105328.70805322,33.0626499921067,0.199133999135454,A_common,fine,avg_pm10,bogota_2018
2,1108094.42973792,33.2096847790938,0.199632266497514,A_common,fine,avg_pm10,bogota_2018
3,1111257.57055766,33.069679220563,0.200202132164327,A_common,fine,avg_pm10,bogota_2018
4,1112981.06086256,31.8298907636343,0.200512633026547,A_common,fine,avg_pm10,bogota_2018
5,1113016.23078881,30.075038629418,0.200518969176157,A_common,fine,avg_pm10,bogota_2018
1,1090461.00000001,34.2820700500122,0.196455460035692,C,fine,avg_pm10,bogota_2018
2,1116574.00000001,33.6963670433109,0.20115993037247,C,fine,avg_pm10,bogota_2018
3,1115887.00000001,32.8861439539533,0.201036161708533,C,fine,avg_pm10,bogota_2018
4,1115033.00000002,31.9203962086608,0.20088230662993,C,fine,avg_pm10,bogota_2018
5,1112723.00000001,28.485348685081,0.200466141253375,C,fine,avg_pm10,bogota_2018
1,1105328.70805322,0.244353773507296,0.199133999135454,A,fine,hrs_d_pm25_it1,bogota_2018
2,1108094.42973792,0.209139618396693,0.199632266497514,A,fine,hrs_d_pm25_it1,bogota_2018
3,1111257.57055766,0.192683156144892,0.200202132164327,A,fine,hrs_d_pm25_it1,bogota_2018
4,1112981.06086256,0.173121484614275,0.200512633026547,A,fine,hrs_d_pm25_it1,bogota_2018
5,1113016.23078881,0.119890222404699,0.200518969176157,A,fine,hrs_d_pm25_it1,bogota_2018
1,1105413.64114537,0.244334998886835,0.199141371721111,B_native,fine,hrs_d_pm25_it1,bogota_2018
2,1108147.92629746,0.209129522046032,0.199633955922713,B_native,fine,hrs_d_pm25_it1,bogota_2018
3,1111298.60373592,0.192676041583362,0.200201553610664,B_native,fine,hrs_d_pm25_it1,bogota_2018
4,1113003.98238048,0.173117919301594,0.200508779277096,B_native,fine,hrs_d_pm25_it1,bogota_2018
5,1113034.84644093,0.119888217225184,0.200514339468417,B_native,fine,hrs_d_pm25_it1,bogota_2018
1,1105328.70805322,0.244353773507296,0.199133999135454,B_common,fine,hrs_d_pm25_it1,bogota_2018
2,1108094.42973792,0.209139618396693,0.199632266497514,B_common,fine,hrs_d_pm25_it1,bogota_2018
3,1111257.57055766,0.192683156144892,0.200202132164327,B_common,fine,hrs_d_pm25_it1,bogota_2018
4,1112981.06086256,0.173121484614275,0.200512633026547,B_common,fine,hrs_d_pm25_it1,bogota_2018
5,1113016.23078881,0.119890222404699,0.200518969176157,B_common,fine,hrs_d_pm25_it1,bogota_2018
1,1105328.70805322,0.244353773507296,0.199133999135454,baseline_common,fine,hrs_d_pm25_it1,bogota_2018
2,1108094.42973792,0.209139618396693,0.199632266497514,baseline_common,fine,hrs_d_pm25_it1,bogota_2018
3,1111257.57055766,0.192683156144892,0.200202132164327,baseline_common,fine,hrs_d_pm25_it1,bogota_2018
4,1112981.06086256,0.173121484614275,0.200512633026547,baseline_common,fine,hrs_d_pm25_it1,bogota_2018
5,1113016.23078881,0.119890222404699,0.200518969176157,baseline_common,fine,hrs_d_pm25_it1,bogota_2018
1,1105328.70805322,0.244353773507296,0.199133999135454,A_common,fine,hrs_d_pm25_it1,bogota_2018
2,1108094.42973792,0.209139618396693,0.199632266497514,A_common,fine,hrs_d_pm25_it1,bogota_2018
3,1111257.57055766,0.192683156144892,0.200202132164327,A_common,fine,hrs_d_pm25_it1,bogota_2018
4,1112981.06086256,0.173121484614275,0.200512633026547,A_common,fine,hrs_d_pm25_it1,bogota_2018
5,1113016.23078881,0.119890222404699,0.200518969176157,A_common,fine,hrs_d_pm25_it1,bogota_2018
1,1090461.00000001,0.263519740733504,0.196455460035692,C,fine,hrs_d_pm25_it1,bogota_2018
2,1116574.00000001,0.209207808886824,0.20115993037247,C,fine,hrs_d_pm25_it1,bogota_2018
3,1115887.00000001,0.260779093223595,0.201036161708533,C,fine,hrs_d_pm25_it1,bogota_2018
4,1115033.00000002,0.149287958293608,0.20088230662993,C,fine,hrs_d_pm25_it1,bogota_2018
5,1112723.00000001,0.0572145987815469,0.200466141253375,C,fine,hrs_d_pm25_it1,bogota_2018
1,1105328.70805322,20.5634289201576,0.199133999135454,A,fine,hrs_d_pm25_it2,bogota_2018
2,1108094.42973792,19.5475324975813,0.199632266497514,A,fine,hrs_d_pm25_it2,bogota_2018
3,1111257.57055766,18.454353889827,0.200202132164327,A,fine,hrs_d_pm25_it2,bogota_2018
4,1112981.06086256,13.9986525216505,0.200512633026547,A,fine,hrs_d_pm25_it2,bogota_2018
5,1113016.23078881,8.66205804743756,0.200518969176157,A,fine,hrs_d_pm25_it2,bogota_2018
1,1105413.64114537,20.5618642066482,0.199141371721111,B_native,fine,hrs_d_pm25_it2,bogota_2018
2,1108147.92629746,19.5465997922695,0.199633955922713,B_native,fine,hrs_d_pm25_it2,bogota_2018
3,1111298.60373592,18.4536854932457,0.200201553610664,B_native,fine,hrs_d_pm25_it2,bogota_2018
4,1113003.98238048,13.9983778709876,0.200508779277096,B_native,fine,hrs_d_pm25_it2,bogota_2018
5,1113034.84644093,8.66192876507698,0.200514339468417,B_native,fine,hrs_d_pm25_it2,bogota_2018
1,1105328.70805322,20.5634289201576,0.199133999135454,B_common,fine,hrs_d_pm25_it2,bogota_2018
2,1108094.42973792,19.5475324975813,0.199632266497514,B_common,fine,hrs_d_pm25_it2,bogota_2018
3,1111257.57055766,18.454353889827,0.200202132164327,B_common,fine,hrs_d_pm25_it2,bogota_2018
4,1112981.06086256,13.9986525216505,0.200512633026547,B_common,fine,hrs_d_pm25_it2,bogota_2018
5,1113016.23078881,8.66205804743756,0.200518969176157,B_common,fine,hrs_d_pm25_it2,bogota_2018
1,1105328.70805322,20.5634289201576,0.199133999135454,baseline_common,fine,hrs_d_pm25_it2,bogota_2018
2,1108094.42973792,19.5475324975813,0.199632266497514,baseline_common,fine,hrs_d_pm25_it2,bogota_2018
3,1111257.57055766,18.454353889827,0.200202132164327,baseline_common,fine,hrs_d_pm25_it2,bogota_2018
4,1112981.06086256,13.9986525216505,0.200512633026547,baseline_common,fine,hrs_d_pm25_it2,bogota_2018
5,1113016.23078881,8.66205804743756,0.200518969176157,baseline_common,fine,hrs_d_pm25_it2,bogota_2018
1,1105328.70805322,20.5634289201576,0.199133999135454,A_common,fine,hrs_d_pm25_it2,bogota_2018
2,1108094.42973792,19.5475324975813,0.199632266497514,A_common,fine,hrs_d_pm25_it2,bogota_2018
3,1111257.57055766,18.454353889827,0.200202132164327,A_common,fine,hrs_d_pm25_it2,bogota_2018
4,1112981.06086256,13.9986525216505,0.200512633026547,A_common,fine,hrs_d_pm25_it2,bogota_2018
5,1113016.23078881,8.66205804743756,0.200518969176157,A_common,fine,hrs_d_pm25_it2,bogota_2018
1,1090461.00000001,27.3805262178106,0.196455460035692,C,fine,hrs_d_pm25_it2,bogota_2018
2,1116574.00000001,20.1270162120915,0.20115993037247,C,fine,hrs_d_pm25_it2,bogota_2018
3,1115887.00000001,17.8685010220568,0.201036161708533,C,fine,hrs_d_pm25_it2,bogota_2018
4,1115033.00000002,12.8731526331505,0.20088230662993,C,fine,hrs_d_pm25_it2,bogota_2018
5,1112723.00000001,3.14070078537062,0.200466141253375,C,fine,hrs_d_pm25_it2,bogota_2018
1,1105328.70805322,15.5969783816618,0.199133999135454,A,fine,avg_pm25,bogota_2018
2,1108094.42973792,15.6987781060729,0.199632266497514,A,fine,avg_pm25,bogota_2018
3,1111257.57055766,15.6682712306302,0.200202132164327,A,fine,avg_pm25,bogota_2018
4,1112981.06086256,15.2857241573192,0.200512633026547,A,fine,avg_pm25,bogota_2018
5,1113016.23078881,14.7090019653973,0.200518969176157,A,fine,avg_pm25,bogota_2018
1,1105413.64114537,15.5967896582455,0.199141371721111,B_native,fine,avg_pm25,bogota_2018
2,1108147.92629746,15.6986565546135,0.199633955922713,B_native,fine,avg_pm25,bogota_2018
3,1111298.60373592,15.6681861255959,0.200201553610664,B_native,fine,avg_pm25,bogota_2018
4,1113003.98238048,15.285693258133,0.200508779277096,B_native,fine,avg_pm25,bogota_2018
5,1113034.84644093,14.7089915282824,0.200514339468417,B_native,fine,avg_pm25,bogota_2018
1,1105328.70805322,15.5969783816618,0.199133999135454,B_common,fine,avg_pm25,bogota_2018
2,1108094.42973792,15.6987781060729,0.199632266497514,B_common,fine,avg_pm25,bogota_2018
3,1111257.57055766,15.6682712306302,0.200202132164327,B_common,fine,avg_pm25,bogota_2018
4,1112981.06086256,15.2857241573192,0.200512633026547,B_common,fine,avg_pm25,bogota_2018
5,1113016.23078881,14.7090019653973,0.200518969176157,B_common,fine,avg_pm25,bogota_2018
1,1105328.70805322,15.5969783816618,0.199133999135454,baseline_common,fine,avg_pm25,bogota_2018
2,1108094.42973792,15.6987781060729,0.199632266497514,baseline_common,fine,avg_pm25,bogota_2018
3,1111257.57055766,15.6682712306302,0.200202132164327,baseline_common,fine,avg_pm25,bogota_2018
4,1112981.06086256,15.2857241573192,0.200512633026547,baseline_common,fine,avg_pm25,bogota_2018
5,1113016.23078881,14.7090019653973,0.200518969176157,baseline_common,fine,avg_pm25,bogota_2018
1,1105328.70805322,15.5969783816618,0.199133999135454,A_common,fine,avg_pm25,bogota_2018
2,1108094.42973792,15.6987781060729,0.199632266497514,A_common,fine,avg_pm25,bogota_2018
3,1111257.57055766,15.6682712306302,0.200202132164327,A_common,fine,avg_pm25,bogota_2018
4,1112981.06086256,15.2857241573192,0.200512633026547,A_common,fine,avg_pm25,bogota_2018
5,1113016.23078881,14.7090019653973,0.200518969176157,A_common,fine,avg_pm25,bogota_2018
1,1090461.00000001,15.8764832819283,0.196455460035692,C,fine,avg_pm25,bogota_2018
2,1116574.00000001,15.888439590932,0.20115993037247,C,fine,avg_pm25,bogota_2018
3,1115887.00000001,15.6431183744975,0.201036161708533,C,fine,avg_pm25,bogota_2018
4,1115033.00000002,15.370750842194,0.20088230662993,C,fine,avg_pm25,bogota_2018
5,1112723.00000001,14.1840599442312,0.200466141253375,C,fine,avg_pm25,bogota_2018
1,1105328.70805322,0.586525574637565,0.199133999135454,A,seccion,hrs_d_pm10_it1,bogota_2018
2,1108094.42973792,0.607453919761382,0.199632266497514,A,seccion,hrs_d_pm10_it1,bogota_2018
3,1111257.57055766,0.598539724189989,0.200202132164327,A,seccion,hrs_d_pm10_it1,bogota_2018
4,1112981.06086256,0.467745547795719,0.200512633026547,A,seccion,hrs_d_pm10_it1,bogota_2018
5,1113016.23078881,0.223367841321302,0.200518969176157,A,seccion,hrs_d_pm10_it1,bogota_2018
1,1105413.64114537,0.701815845241781,0.199141371721111,B_native,seccion,hrs_d_pm10_it1,bogota_2018
2,1108147.92629746,0.8078082368532,0.199633955922713,B_native,seccion,hrs_d_pm10_it1,bogota_2018
3,1111298.60373592,0.831474630678731,0.200201553610664,B_native,seccion,hrs_d_pm10_it1,bogota_2018
4,1113003.98238048,0.654293420113124,0.200508779277096,B_native,seccion,hrs_d_pm10_it1,bogota_2018
5,1113034.84644093,0.296102490672567,0.200514339468417,B_native,seccion,hrs_d_pm10_it1,bogota_2018
1,1105328.70805322,0.701869772539087,0.199133999135454,B_common,seccion,hrs_d_pm10_it1,bogota_2018
2,1108094.42973792,0.807847236202246,0.199632266497514,B_common,seccion,hrs_d_pm10_it1,bogota_2018
3,1111257.57055766,0.831505332873833,0.200202132164327,B_common,seccion,hrs_d_pm10_it1,bogota_2018
4,1112981.06086256,0.654306895093861,0.200512633026547,B_common,seccion,hrs_d_pm10_it1,bogota_2018
5,1113016.23078881,0.296107443107946,0.200518969176157,B_common,seccion,hrs_d_pm10_it1,bogota_2018
1,1105328.70805322,0.600449826121021,0.199133999135454,baseline_common,seccion,hrs_d_pm10_it1,bogota_2018
2,1108094.42973792,0.613453246798922,0.199632266497514,baseline_common,seccion,hrs_d_pm10_it1,bogota_2018
3,1111257.57055766,0.597429789519133,0.200202132164327,baseline_common,seccion,hrs_d_pm10_it1,bogota_2018
4,1112981.06086256,0.458129802668757,0.200512633026547,baseline_common,seccion,hrs_d_pm10_it1,bogota_2018
5,1113016.23078881,0.214030368024987,0.200518969176157,baseline_common,seccion,hrs_d_pm10_it1,bogota_2018
1,1105328.70805322,0.586525574637565,0.199133999135454,A_common,seccion,hrs_d_pm10_it1,bogota_2018
2,1108094.42973792,0.607453919761382,0.199632266497514,A_common,seccion,hrs_d_pm10_it1,bogota_2018
3,1111257.57055766,0.598539724189989,0.200202132164327,A_common,seccion,hrs_d_pm10_it1,bogota_2018
4,1112981.06086256,0.467745547795719,0.200512633026547,A_common,seccion,hrs_d_pm10_it1,bogota_2018
5,1113016.23078881,0.223367841321302,0.200518969176157,A_common,seccion,hrs_d_pm10_it1,bogota_2018
1,1089112.00000001,0.579195711735793,0.196212426662112,C,seccion,hrs_d_pm10_it1,bogota_2018
2,1118212.00000001,0.152351253608437,0.201455029457662,C,seccion,hrs_d_pm10_it1,bogota_2018
3,1116718.00000001,1.57504759482696,0.20118587314919,C,seccion,hrs_d_pm10_it1,bogota_2018
4,1113809.00000001,0.173323253807428,0.200661793027806,C,seccion,hrs_d_pm10_it1,bogota_2018
5,1112827.00000002,0.00212342080125658,0.20048487770323,C,seccion,hrs_d_pm10_it1,bogota_2018
1,1105328.70805322,28.3046206078426,0.199133999135454,A,seccion,hrs_d_pm10_it2,bogota_2018
2,1108094.42973792,27.6453981738599,0.199632266497514,A,seccion,hrs_d_pm10_it2,bogota_2018
3,1111257.57055766,26.2409534154554,0.200202132164327,A,seccion,hrs_d_pm10_it2,bogota_2018
4,1112981.06086256,19.0739699099795,0.200512633026547,A,seccion,hrs_d_pm10_it2,bogota_2018
5,1113016.23078881,10.3954010636229,0.200518969176157,A,seccion,hrs_d_pm10_it2,bogota_2018
1,1105413.64114537,28.6206324055254,0.199141371721111,B_native,seccion,hrs_d_pm10_it2,bogota_2018
2,1108147.92629746,28.2632683235314,0.199633955922713,B_native,seccion,hrs_d_pm10_it2,bogota_2018
3,1111298.60373592,26.9877318064785,0.200201553610664,B_native,seccion,hrs_d_pm10_it2,bogota_2018
4,1113003.98238048,19.6030808310373,0.200508779277096,B_native,seccion,hrs_d_pm10_it2,bogota_2018
5,1113034.84644093,10.564556598389,0.200514339468417,B_native,seccion,hrs_d_pm10_it2,bogota_2018
1,1105328.70805322,28.6228316054484,0.199133999135454,B_common,seccion,hrs_d_pm10_it2,bogota_2018
2,1108094.42973792,28.2646328170043,0.199632266497514,B_common,seccion,hrs_d_pm10_it2,bogota_2018
3,1111257.57055766,26.9887283282925,0.200202132164327,B_common,seccion,hrs_d_pm10_it2,bogota_2018
4,1112981.06086256,19.6034845507271,0.200512633026547,B_common,seccion,hrs_d_pm10_it2,bogota_2018
5,1113016.23078881,10.5647332949231,0.200518969176157,B_common,seccion,hrs_d_pm10_it2,bogota_2018
1,1105328.70805322,28.3847997451509,0.199133999135454,baseline_common,seccion,hrs_d_pm10_it2,bogota_2018
2,1108094.42973792,27.6799357296915,0.199632266497514,baseline_common,seccion,hrs_d_pm10_it2,bogota_2018
3,1111257.57055766,26.2417662225888,0.200202132164327,baseline_common,seccion,hrs_d_pm10_it2,bogota_2018
4,1112981.06086256,19.0278974954005,0.200512633026547,baseline_common,seccion,hrs_d_pm10_it2,bogota_2018
5,1113016.23078881,10.3270025483372,0.200518969176157,baseline_common,seccion,hrs_d_pm10_it2,bogota_2018
1,1105328.70805322,28.3046206078426,0.199133999135454,A_common,seccion,hrs_d_pm10_it2,bogota_2018
2,1108094.42973792,27.6453981738599,0.199632266497514,A_common,seccion,hrs_d_pm10_it2,bogota_2018
3,1111257.57055766,26.2409534154554,0.200202132164327,A_common,seccion,hrs_d_pm10_it2,bogota_2018
4,1112981.06086256,19.0739699099795,0.200512633026547,A_common,seccion,hrs_d_pm10_it2,bogota_2018
5,1113016.23078881,10.3954010636229,0.200518969176157,A_common,seccion,hrs_d_pm10_it2,bogota_2018
1,1089112.00000001,38.7075847112137,0.196212426662112,C,seccion,hrs_d_pm10_it2,bogota_2018
2,1118212.00000001,26.656591057867,0.201455029457662,C,seccion,hrs_d_pm10_it2,bogota_2018
3,1116718.00000001,31.5549932928453,0.20118587314919,C,seccion,hrs_d_pm10_it2,bogota_2018
4,1113809.00000001,12.4774534951683,0.200661793027806,C,seccion,hrs_d_pm10_it2,bogota_2018
5,1112827.00000002,2.49773325054113,0.20048487770323,C,seccion,hrs_d_pm10_it2,bogota_2018
1,1105328.70805322,33.0596768790743,0.199133999135454,A,seccion,avg_pm10,bogota_2018
2,1108094.42973792,33.2081895779736,0.199632266497514,A,seccion,avg_pm10,bogota_2018
3,1111257.57055766,33.0693148292115,0.200202132164327,A,seccion,avg_pm10,bogota_2018
4,1112981.06086256,31.8318371389914,0.200512633026547,A,seccion,avg_pm10,bogota_2018
5,1113016.23078881,30.0777065371013,0.200518969176157,A,seccion,avg_pm10,bogota_2018
1,1105413.64114537,33.0573864747206,0.199141371721111,B_native,seccion,avg_pm10,bogota_2018
2,1108147.92629746,33.2098434966793,0.199633955922713,B_native,seccion,avg_pm10,bogota_2018
3,1111298.60373592,33.0714306031682,0.200201553610664,B_native,seccion,avg_pm10,bogota_2018
4,1113003.98238048,31.8182687262619,0.200508779277096,B_native,seccion,avg_pm10,bogota_2018
5,1113034.84644093,30.0424200508357,0.200514339468417,B_native,seccion,avg_pm10,bogota_2018
1,1105328.70805322,33.057941484718,0.199133999135454,B_common,seccion,avg_pm10,bogota_2018
2,1108094.42973792,33.2101960877862,0.199632266497514,B_common,seccion,avg_pm10,bogota_2018
3,1111257.57055766,33.0716818781676,0.200202132164327,B_common,seccion,avg_pm10,bogota_2018
4,1112981.06086256,31.818365992969,0.200512633026547,B_common,seccion,avg_pm10,bogota_2018
5,1113016.23078881,30.0424602216032,0.200518969176157,B_common,seccion,avg_pm10,bogota_2018
1,1105328.70805322,33.0626499921067,0.199133999135454,baseline_common,seccion,avg_pm10,bogota_2018
2,1108094.42973792,33.2096847790938,0.199632266497514,baseline_common,seccion,avg_pm10,bogota_2018
3,1111257.57055766,33.069679220563,0.200202132164327,baseline_common,seccion,avg_pm10,bogota_2018
4,1112981.06086256,31.8298907636343,0.200512633026547,baseline_common,seccion,avg_pm10,bogota_2018
5,1113016.23078881,30.075038629418,0.200518969176157,baseline_common,seccion,avg_pm10,bogota_2018
1,1105328.70805322,33.0596768790743,0.199133999135454,A_common,seccion,avg_pm10,bogota_2018
2,1108094.42973792,33.2081895779736,0.199632266497514,A_common,seccion,avg_pm10,bogota_2018
3,1111257.57055766,33.0693148292115,0.200202132164327,A_common,seccion,avg_pm10,bogota_2018
4,1112981.06086256,31.8318371389914,0.200512633026547,A_common,seccion,avg_pm10,bogota_2018
5,1113016.23078881,30.0777065371013,0.200518969176157,A_common,seccion,avg_pm10,bogota_2018
1,1089112.00000001,34.5717994469174,0.196212426662112,C,seccion,avg_pm10,bogota_2018
2,1118212.00000001,33.950557251349,0.201455029457662,C,seccion,avg_pm10,bogota_2018
3,1116718.00000001,32.8361048594334,0.20118587314919,C,seccion,avg_pm10,bogota_2018
4,1113809.00000001,31.296878531642,0.200661793027806,C,seccion,avg_pm10,bogota_2018
5,1112827.00000002,28.6205039431708,0.20048487770323,C,seccion,avg_pm10,bogota_2018
1,1105328.70805322,0.240822517624037,0.199133999135454,A,seccion,hrs_d_pm25_it1,bogota_2018
2,1108094.42973792,0.208274949553851,0.199632266497514,A,seccion,hrs_d_pm25_it1,bogota_2018
3,1111257.57055766,0.193413885629336,0.200202132164327,A,seccion,hrs_d_pm25_it1,bogota_2018
4,1112981.06086256,0.174390302410986,0.200512633026547,A,seccion,hrs_d_pm25_it1,bogota_2018
5,1113016.23078881,0.12263425595964,0.200518969176157,A,seccion,hrs_d_pm25_it1,bogota_2018
1,1105413.64114537,0.248122643694237,0.199141371721111,B_native,seccion,hrs_d_pm25_it1,bogota_2018
2,1108147.92629746,0.224979359965023,0.199633955922713,B_native,seccion,hrs_d_pm25_it1,bogota_2018
3,1111298.60373592,0.214677888716302,0.200201553610664,B_native,seccion,hrs_d_pm25_it1,bogota_2018
4,1113003.98238048,0.191885580888127,0.200508779277096,B_native,seccion,hrs_d_pm25_it1,bogota_2018
5,1113034.84644093,0.132209499617764,0.200514339468417,B_native,seccion,hrs_d_pm25_it1,bogota_2018
1,1105328.70805322,0.248141709356071,0.199133999135454,B_common,seccion,hrs_d_pm25_it1,bogota_2018
2,1108094.42973792,0.224990221513825,0.199632266497514,B_common,seccion,hrs_d_pm25_it1,bogota_2018
3,1111257.57055766,0.214685815695887,0.200202132164327,B_common,seccion,hrs_d_pm25_it1,bogota_2018
4,1112981.06086256,0.191889532715283,0.200512633026547,B_common,seccion,hrs_d_pm25_it1,bogota_2018
5,1113016.23078881,0.13221171087577,0.200518969176157,B_common,seccion,hrs_d_pm25_it1,bogota_2018
1,1105328.70805322,0.244353773507296,0.199133999135454,baseline_common,seccion,hrs_d_pm25_it1,bogota_2018
2,1108094.42973792,0.209139618396693,0.199632266497514,baseline_common,seccion,hrs_d_pm25_it1,bogota_2018
3,1111257.57055766,0.192683156144892,0.200202132164327,baseline_common,seccion,hrs_d_pm25_it1,bogota_2018
4,1112981.06086256,0.173121484614275,0.200512633026547,baseline_common,seccion,hrs_d_pm25_it1,bogota_2018
5,1113016.23078881,0.119890222404699,0.200518969176157,baseline_common,seccion,hrs_d_pm25_it1,bogota_2018
1,1105328.70805322,0.240822517624037,0.199133999135454,A_common,seccion,hrs_d_pm25_it1,bogota_2018
2,1108094.42973792,0.208274949553851,0.199632266497514,A_common,seccion,hrs_d_pm25_it1,bogota_2018
3,1111257.57055766,0.193413885629336,0.200202132164327,A_common,seccion,hrs_d_pm25_it1,bogota_2018
4,1112981.06086256,0.174390302410986,0.200512633026547,A_common,seccion,hrs_d_pm25_it1,bogota_2018
5,1113016.23078881,0.12263425595964,0.200518969176157,A_common,seccion,hrs_d_pm25_it1,bogota_2018
1,1089112.00000001,0.248800857946655,0.196212426662112,C,seccion,hrs_d_pm25_it1,bogota_2018
2,1118212.00000001,0.139892971994575,0.201455029457662,C,seccion,hrs_d_pm25_it1,bogota_2018
3,1116718.00000001,0.351641148436754,0.20118587314919,C,seccion,hrs_d_pm25_it1,bogota_2018
4,1113809.00000001,0.15259169211238,0.200661793027806,C,seccion,hrs_d_pm25_it1,bogota_2018
5,1112827.00000002,0.0467592896290249,0.20048487770323,C,seccion,hrs_d_pm25_it1,bogota_2018
1,1105328.70805322,20.4987881359479,0.199133999135454,A,seccion,hrs_d_pm25_it2,bogota_2018
2,1108094.42973792,19.5215407779282,0.199632266497514,A,seccion,hrs_d_pm25_it2,bogota_2018
3,1111257.57055766,18.4514439947834,0.200202132164327,A,seccion,hrs_d_pm25_it2,bogota_2018
4,1112981.06086256,14.0345742759057,0.200512633026547,A,seccion,hrs_d_pm25_it2,bogota_2018
5,1113016.23078881,8.72234233021603,0.200518969176157,A,seccion,hrs_d_pm25_it2,bogota_2018
1,1105413.64114537,20.5777933200638,0.199141371721111,B_native,seccion,hrs_d_pm25_it2,bogota_2018
2,1108147.92629746,19.7033259584685,0.199633955922713,B_native,seccion,hrs_d_pm25_it2,bogota_2018
3,1111298.60373592,18.6749491514426,0.200201553610664,B_native,seccion,hrs_d_pm25_it2,bogota_2018
4,1113003.98238048,14.152494578397,0.200508779277096,B_native,seccion,hrs_d_pm25_it2,bogota_2018
5,1113034.84644093,8.72843203889315,0.200514339468417,B_native,seccion,hrs_d_pm25_it2,bogota_2018
1,1105328.70805322,20.579359257561,0.199133999135454,B_common,seccion,hrs_d_pm25_it2,bogota_2018
2,1108094.42973792,19.7042662302029,0.199632266497514,B_common,seccion,hrs_d_pm25_it2,bogota_2018
3,1111257.57055766,18.675625718183,0.200202132164327,B_common,seccion,hrs_d_pm25_it2,bogota_2018
4,1112981.06086256,14.1527724030481,0.200512633026547,B_common,seccion,hrs_d_pm25_it2,bogota_2018
5,1113016.23078881,8.72856243354821,0.200518969176157,B_common,seccion,hrs_d_pm25_it2,bogota_2018
1,1105328.70805322,20.5634289201576,0.199133999135454,baseline_common,seccion,hrs_d_pm25_it2,bogota_2018
2,1108094.42973792,19.5475324975813,0.199632266497514,baseline_common,seccion,hrs_d_pm25_it2,bogota_2018
3,1111257.57055766,18.454353889827,0.200202132164327,baseline_common,seccion,hrs_d_pm25_it2,bogota_2018
4,1112981.06086256,13.9986525216505,0.200512633026547,baseline_common,seccion,hrs_d_pm25_it2,bogota_2018
5,1113016.23078881,8.66205804743756,0.200518969176157,baseline_common,seccion,hrs_d_pm25_it2,bogota_2018
1,1105328.70805322,20.4987881359479,0.199133999135454,A_common,seccion,hrs_d_pm25_it2,bogota_2018
2,1108094.42973792,19.5215407779282,0.199632266497514,A_common,seccion,hrs_d_pm25_it2,bogota_2018
3,1111257.57055766,18.4514439947834,0.200202132164327,A_common,seccion,hrs_d_pm25_it2,bogota_2018
4,1112981.06086256,14.0345742759057,0.200512633026547,A_common,seccion,hrs_d_pm25_it2,bogota_2018
5,1113016.23078881,8.72234233021603,0.200518969176157,A_common,seccion,hrs_d_pm25_it2,bogota_2018
1,1089112.00000001,28.2875296571886,0.196212426662112,C,seccion,hrs_d_pm25_it2,bogota_2018
2,1118212.00000001,19.3107478724965,0.201455029457662,C,seccion,hrs_d_pm25_it2,bogota_2018
3,1116718.00000001,19.682536683388,0.20118587314919,C,seccion,hrs_d_pm25_it2,bogota_2018
4,1113809.00000001,10.8252510080272,0.200661793027806,C,seccion,hrs_d_pm25_it2,bogota_2018
5,1112827.00000002,3.30666312014348,0.20048487770323,C,seccion,hrs_d_pm25_it2,bogota_2018
1,1105328.70805322,15.5960274824163,0.199133999135454,A,seccion,avg_pm25,bogota_2018
2,1108094.42973792,15.6984121916632,0.199632266497514,A,seccion,avg_pm25,bogota_2018
3,1111257.57055766,15.6682533747074,0.200202132164327,A,seccion,avg_pm25,bogota_2018
4,1112981.06086256,15.2863449876148,0.200512633026547,A,seccion,avg_pm25,bogota_2018
5,1113016.23078881,14.7096664427316,0.200518969176157,A,seccion,avg_pm25,bogota_2018
1,1105413.64114537,15.5953666036064,0.199141371721111,B_native,seccion,avg_pm25,bogota_2018
2,1108147.92629746,15.6988220568837,0.199633955922713,B_native,seccion,avg_pm25,bogota_2018
3,1111298.60373592,15.6688597957648,0.200201553610664,B_native,seccion,avg_pm25,bogota_2018
4,1113003.98238048,15.2809530036141,0.200508779277096,B_native,seccion,avg_pm25,bogota_2018
5,1113034.84644093,14.6935745438624,0.200514339468417,B_native,seccion,avg_pm25,bogota_2018
1,1105328.70805322,15.595556061927,0.199133999135454,B_common,seccion,avg_pm25,bogota_2018
2,1108094.42973792,15.6989442636862,0.199632266497514,B_common,seccion,avg_pm25,bogota_2018
3,1111257.57055766,15.6689455310863,0.200202132164327,B_common,seccion,avg_pm25,bogota_2018
4,1112981.06086256,15.2809843354263,0.200512633026547,B_common,seccion,avg_pm25,bogota_2018
5,1113016.23078881,14.6935854563137,0.200518969176157,B_common,seccion,avg_pm25,bogota_2018
1,1105328.70805322,15.5969783816618,0.199133999135454,baseline_common,seccion,avg_pm25,bogota_2018
2,1108094.42973792,15.6987781060729,0.199632266497514,baseline_common,seccion,avg_pm25,bogota_2018
3,1111257.57055766,15.6682712306302,0.200202132164327,baseline_common,seccion,avg_pm25,bogota_2018
4,1112981.06086256,15.2857241573192,0.200512633026547,baseline_common,seccion,avg_pm25,bogota_2018
5,1113016.23078881,14.7090019653973,0.200518969176157,baseline_common,seccion,avg_pm25,bogota_2018
1,1105328.70805322,15.5960274824163,0.199133999135454,A_common,seccion,avg_pm25,bogota_2018
2,1108094.42973792,15.6984121916632,0.199632266497514,A_common,seccion,avg_pm25,bogota_2018
3,1111257.57055766,15.6682533747074,0.200202132164327,A_common,seccion,avg_pm25,bogota_2018
4,1112981.06086256,15.2863449876148,0.200512633026547,A_common,seccion,avg_pm25,bogota_2018
5,1113016.23078881,14.7096664427316,0.200518969176157,A_common,seccion,avg_pm25,bogota_2018
1,1089112.00000001,15.9808740419038,0.196212426662112,C,seccion,avg_pm25,bogota_2018
2,1118212.00000001,15.9729795273272,0.201455029457662,C,seccion,avg_pm25,bogota_2018
3,1116718.00000001,15.6223032557982,0.20118587314919,C,seccion,avg_pm25,bogota_2018
4,1113809.00000001,15.1355177337767,0.200661793027806,C,seccion,avg_pm25,bogota_2018
5,1112827.00000002,14.2530319475765,0.20048487770323,C,seccion,avg_pm25,bogota_2018
1,1105328.70805322,0.57667342066974,0.199133999135454,A,sector,hrs_d_pm10_it1,bogota_2018
2,1108094.42973792,0.597472495045047,0.199632266497514,A,sector,hrs_d_pm10_it1,bogota_2018
3,1111257.57055766,0.593271245987292,0.200202132164327,A,sector,hrs_d_pm10_it1,bogota_2018
4,1112981.06086256,0.47251841432968,0.200512633026547,A,sector,hrs_d_pm10_it1,bogota_2018
5,1113016.23078881,0.242214199777066,0.200518969176157,A,sector,hrs_d_pm10_it1,bogota_2018
1,1105413.64114537,1.04730292126264,0.199141371721111,B_native,sector,hrs_d_pm10_it1,bogota_2018
2,1108147.92629746,1.23283717725907,0.199633955922713,B_native,sector,hrs_d_pm10_it1,bogota_2018
3,1111298.60373592,1.27682414302478,0.200201553610664,B_native,sector,hrs_d_pm10_it1,bogota_2018
4,1113003.98238048,1.02896873240965,0.200508779277096,B_native,sector,hrs_d_pm10_it1,bogota_2018
5,1113034.84644093,0.504075789271269,0.200514339468417,B_native,sector,hrs_d_pm10_it1,bogota_2018
1,1105328.70805322,1.04738339567254,0.199133999135454,B_common,sector,hrs_d_pm10_it1,bogota_2018
2,1108094.42973792,1.23289669614635,0.199632266497514,B_common,sector,hrs_d_pm10_it1,bogota_2018
3,1111257.57055766,1.2768712897476,0.200202132164327,B_common,sector,hrs_d_pm10_it1,bogota_2018
4,1112981.06086256,1.02898992371835,0.200512633026547,B_common,sector,hrs_d_pm10_it1,bogota_2018
5,1113016.23078881,0.50408422014521,0.200518969176157,B_common,sector,hrs_d_pm10_it1,bogota_2018
1,1105328.70805322,0.600449826121021,0.199133999135454,baseline_common,sector,hrs_d_pm10_it1,bogota_2018
2,1108094.42973792,0.613453246798922,0.199632266497514,baseline_common,sector,hrs_d_pm10_it1,bogota_2018
3,1111257.57055766,0.597429789519133,0.200202132164327,baseline_common,sector,hrs_d_pm10_it1,bogota_2018
4,1112981.06086256,0.458129802668757,0.200512633026547,baseline_common,sector,hrs_d_pm10_it1,bogota_2018
5,1113016.23078881,0.214030368024987,0.200518969176157,baseline_common,sector,hrs_d_pm10_it1,bogota_2018
1,1105328.70805322,0.57667342066974,0.199133999135454,A_common,sector,hrs_d_pm10_it1,bogota_2018
2,1108094.42973792,0.597472495045047,0.199632266497514,A_common,sector,hrs_d_pm10_it1,bogota_2018
3,1111257.57055766,0.593271245987292,0.200202132164327,A_common,sector,hrs_d_pm10_it1,bogota_2018
4,1112981.06086256,0.47251841432968,0.200512633026547,A_common,sector,hrs_d_pm10_it1,bogota_2018
5,1113016.23078881,0.242214199777066,0.200518969176157,A_common,sector,hrs_d_pm10_it1,bogota_2018
1,1076948,0.42632977636803,0.194020982661936,C,sector,hrs_d_pm10_it1,bogota_2018
2,1122623.00000002,0.498095977010974,0.202249707152893,C,sector,hrs_d_pm10_it1,bogota_2018
3,1123299,1.42396904119027,0.202371494076938,C,sector,hrs_d_pm10_it1,bogota_2018
4,1114398.00000002,0.118571641370496,0.20076790619092,C,sector,hrs_d_pm10_it1,bogota_2018
5,1113410.00000002,0.00492002047763168,0.200589909917313,C,sector,hrs_d_pm10_it1,bogota_2018
1,1105328.70805322,28.1730172276171,0.199133999135454,A,sector,hrs_d_pm10_it2,bogota_2018
2,1108094.42973792,27.5873788989551,0.199632266497514,A,sector,hrs_d_pm10_it2,bogota_2018
3,1111257.57055766,26.2386260071569,0.200202132164327,A,sector,hrs_d_pm10_it2,bogota_2018
4,1112981.06086256,19.1450617578827,0.200512633026547,A,sector,hrs_d_pm10_it2,bogota_2018
5,1113016.23078881,10.5197102990998,0.200518969176157,A,sector,hrs_d_pm10_it2,bogota_2018
1,1105413.64114537,29.413488080676,0.199141371721111,B_native,sector,hrs_d_pm10_it2,bogota_2018
2,1108147.92629746,29.3277874118373,0.199633955922713,B_native,sector,hrs_d_pm10_it2,bogota_2018
3,1111298.60373592,28.1336244645657,0.200201553610664,B_native,sector,hrs_d_pm10_it2,bogota_2018
4,1113003.98238048,20.5831158604753,0.200508779277096,B_native,sector,hrs_d_pm10_it2,bogota_2018
5,1113034.84644093,11.1757486932219,0.200514339468417,B_native,sector,hrs_d_pm10_it2,bogota_2018
1,1105328.70805322,29.4157482033667,0.199133999135454,B_common,sector,hrs_d_pm10_it2,bogota_2018
2,1108094.42973792,29.3292032981403,0.199632266497514,B_common,sector,hrs_d_pm10_it2,bogota_2018
3,1111257.57055766,28.1346632984584,0.200202132164327,B_common,sector,hrs_d_pm10_it2,bogota_2018
4,1112981.06086256,20.5835397636986,0.200512633026547,B_common,sector,hrs_d_pm10_it2,bogota_2018
5,1113016.23078881,11.1759356121941,0.200518969176157,B_common,sector,hrs_d_pm10_it2,bogota_2018
1,1105328.70805322,28.3847997451509,0.199133999135454,baseline_common,sector,hrs_d_pm10_it2,bogota_2018
2,1108094.42973792,27.6799357296915,0.199632266497514,baseline_common,sector,hrs_d_pm10_it2,bogota_2018
3,1111257.57055766,26.2417662225888,0.200202132164327,baseline_common,sector,hrs_d_pm10_it2,bogota_2018
4,1112981.06086256,19.0278974954005,0.200512633026547,baseline_common,sector,hrs_d_pm10_it2,bogota_2018
5,1113016.23078881,10.3270025483372,0.200518969176157,baseline_common,sector,hrs_d_pm10_it2,bogota_2018
1,1105328.70805322,28.1730172276171,0.199133999135454,A_common,sector,hrs_d_pm10_it2,bogota_2018
2,1108094.42973792,27.5873788989551,0.199632266497514,A_common,sector,hrs_d_pm10_it2,bogota_2018
3,1111257.57055766,26.2386260071569,0.200202132164327,A_common,sector,hrs_d_pm10_it2,bogota_2018
4,1112981.06086256,19.1450617578827,0.200512633026547,A_common,sector,hrs_d_pm10_it2,bogota_2018
5,1113016.23078881,10.5197102990998,0.200518969176157,A_common,sector,hrs_d_pm10_it2,bogota_2018
1,1076948,37.3798994937543,0.194020982661936,C,sector,hrs_d_pm10_it2,bogota_2018
2,1122623.00000002,34.1456312582225,0.202249707152893,C,sector,hrs_d_pm10_it2,bogota_2018
3,1123299,28.9507717891673,0.202371494076938,C,sector,hrs_d_pm10_it2,bogota_2018
4,1114398.00000002,8.64104386404129,0.20076790619092,C,sector,hrs_d_pm10_it2,bogota_2018
5,1113410.00000002,2.82095095247924,0.200589909917313,C,sector,hrs_d_pm10_it2,bogota_2018
1,1105328.70805322,33.0514550790705,0.199133999135454,A,sector,avg_pm10,bogota_2018
2,1108094.42973792,33.2047873827984,0.199632266497514,A,sector,avg_pm10,bogota_2018
3,1111257.57055766,33.0683879163188,0.200202132164327,A,sector,avg_pm10,bogota_2018
4,1112981.06086256,31.8361314143811,0.200512633026547,A,sector,avg_pm10,bogota_2018
5,1113016.23078881,30.0862629769369,0.200518969176157,A,sector,avg_pm10,bogota_2018
1,1105413.64114537,33.0669827978353,0.199141371721111,B_native,sector,avg_pm10,bogota_2018
2,1108147.92629746,33.2224885037907,0.199633955922713,B_native,sector,avg_pm10,bogota_2018
3,1111298.60373592,33.0837808144871,0.200201553610664,B_native,sector,avg_pm10,bogota_2018
4,1113003.98238048,31.8311079877505,0.200508779277096,B_native,sector,avg_pm10,bogota_2018
5,1113034.84644093,30.0598052615843,0.200514339468417,B_native,sector,avg_pm10,bogota_2018
1,1105328.70805322,33.0675311289809,0.199133999135454,B_common,sector,avg_pm10,bogota_2018
2,1108094.42973792,33.2228361419749,0.199632266497514,B_common,sector,avg_pm10,bogota_2018
3,1111257.57055766,33.0840284085714,0.200202132164327,B_common,sector,avg_pm10,bogota_2018
4,1112981.06086256,31.8312031932727,0.200512633026547,B_common,sector,avg_pm10,bogota_2018
5,1113016.23078881,30.0598392229393,0.200518969176157,B_common,sector,avg_pm10,bogota_2018
1,1105328.70805322,33.0626499921067,0.199133999135454,baseline_common,sector,avg_pm10,bogota_2018
2,1108094.42973792,33.2096847790938,0.199632266497514,baseline_common,sector,avg_pm10,bogota_2018
3,1111257.57055766,33.069679220563,0.200202132164327,baseline_common,sector,avg_pm10,bogota_2018
4,1112981.06086256,31.8298907636343,0.200512633026547,baseline_common,sector,avg_pm10,bogota_2018
5,1113016.23078881,30.075038629418,0.200518969176157,baseline_common,sector,avg_pm10,bogota_2018
1,1105328.70805322,33.0514550790705,0.199133999135454,A_common,sector,avg_pm10,bogota_2018
2,1108094.42973792,33.2047873827984,0.199632266497514,A_common,sector,avg_pm10,bogota_2018
3,1111257.57055766,33.0683879163188,0.200202132164327,A_common,sector,avg_pm10,bogota_2018
4,1112981.06086256,31.8361314143811,0.200512633026547,A_common,sector,avg_pm10,bogota_2018
5,1113016.23078881,30.0862629769369,0.200518969176157,A_common,sector,avg_pm10,bogota_2018
1,1076948,34.8913959100747,0.194020982661936,C,sector,avg_pm10,bogota_2018
2,1122623.00000002,34.087412845586,0.202249707152893,C,sector,avg_pm10,bogota_2018
3,1123299,32.9395524114576,0.202371494076938,C,sector,avg_pm10,bogota_2018
4,1114398.00000002,30.682594229038,0.20076790619092,C,sector,avg_pm10,bogota_2018
5,1113410.00000002,28.7014176192125,0.200589909917313,C,sector,avg_pm10,bogota_2018
1,1105328.70805322,0.239262446663837,0.199133999135454,A,sector,hrs_d_pm25_it1,bogota_2018
2,1108094.42973792,0.20689982733964,0.199632266497514,A,sector,hrs_d_pm25_it1,bogota_2018
3,1111257.57055766,0.192198381826956,0.200202132164327,A,sector,hrs_d_pm25_it1,bogota_2018
4,1112981.06086256,0.175074334851702,0.200512633026547,A,sector,hrs_d_pm25_it1,bogota_2018
5,1113016.23078881,0.126062649702922,0.200518969176157,A,sector,hrs_d_pm25_it1,bogota_2018
1,1105413.64114537,0.30386431601657,0.199141371721111,B_native,sector,hrs_d_pm25_it1,bogota_2018
2,1108147.92629746,0.291356692022243,0.199633955922713,B_native,sector,hrs_d_pm25_it1,bogota_2018
3,1111298.60373592,0.28550238500147,0.200201553610664,B_native,sector,hrs_d_pm25_it1,bogota_2018
4,1113003.98238048,0.245346422682724,0.200508779277096,B_native,sector,hrs_d_pm25_it1,bogota_2018
5,1113034.84644093,0.15818460597127,0.200514339468417,B_native,sector,hrs_d_pm25_it1,bogota_2018
1,1105328.70805322,0.303887664850059,0.199133999135454,B_common,sector,hrs_d_pm25_it1,bogota_2018
2,1108094.42973792,0.291370758134484,0.199632266497514,B_common,sector,hrs_d_pm25_it1,bogota_2018
3,1111257.57055766,0.285512927175101,0.200202132164327,B_common,sector,hrs_d_pm25_it1,bogota_2018
4,1112981.06086256,0.245351475520209,0.200512633026547,B_common,sector,hrs_d_pm25_it1,bogota_2018
5,1113016.23078881,0.158187251673565,0.200518969176157,B_common,sector,hrs_d_pm25_it1,bogota_2018
1,1105328.70805322,0.244353773507296,0.199133999135454,baseline_common,sector,hrs_d_pm25_it1,bogota_2018
2,1108094.42973792,0.209139618396693,0.199632266497514,baseline_common,sector,hrs_d_pm25_it1,bogota_2018
3,1111257.57055766,0.192683156144892,0.200202132164327,baseline_common,sector,hrs_d_pm25_it1,bogota_2018
4,1112981.06086256,0.173121484614275,0.200512633026547,baseline_common,sector,hrs_d_pm25_it1,bogota_2018
5,1113016.23078881,0.119890222404699,0.200518969176157,baseline_common,sector,hrs_d_pm25_it1,bogota_2018
1,1105328.70805322,0.239262446663837,0.199133999135454,A_common,sector,hrs_d_pm25_it1,bogota_2018
2,1108094.42973792,0.20689982733964,0.199632266497514,A_common,sector,hrs_d_pm25_it1,bogota_2018
3,1111257.57055766,0.192198381826956,0.200202132164327,A_common,sector,hrs_d_pm25_it1,bogota_2018
4,1112981.06086256,0.175074334851702,0.200512633026547,A_common,sector,hrs_d_pm25_it1,bogota_2018
5,1113016.23078881,0.126062649702922,0.200518969176157,A_common,sector,hrs_d_pm25_it1,bogota_2018
1,1076948,0.296981841277387,0.194020982661936,C,sector,hrs_d_pm25_it1,bogota_2018
2,1122623.00000002,0.0884963162165736,0.202249707152893,C,sector,hrs_d_pm25_it1,bogota_2018
3,1123299,0.255071890921294,0.202371494076938,C,sector,hrs_d_pm25_it1,bogota_2018
4,1114398.00000002,0.293812444028071,0.20076790619092,C,sector,hrs_d_pm25_it1,bogota_2018
5,1113410.00000002,0.00803926675707944,0.200589909917313,C,sector,hrs_d_pm25_it1,bogota_2018
1,1105328.70805322,20.4309009378859,0.199133999135454,A,sector,hrs_d_pm25_it2,bogota_2018
2,1108094.42973792,19.492389150136,0.199632266497514,A,sector,hrs_d_pm25_it2,bogota_2018
3,1111257.57055766,18.4486409130025,0.200202132164327,A,sector,hrs_d_pm25_it2,bogota_2018
4,1112981.06086256,14.067239412235,0.200512633026547,A,sector,hrs_d_pm25_it2,bogota_2018
5,1113016.23078881,8.79308628630002,0.200518969176157,A,sector,hrs_d_pm25_it2,bogota_2018
1,1105413.64114537,21.0917619289647,0.199141371721111,B_native,sector,hrs_d_pm25_it2,bogota_2018
2,1108147.92629746,20.256508445879,0.199633955922713,B_native,sector,hrs_d_pm25_it2,bogota_2018
3,1111298.60373592,19.1975554915039,0.200201553610664,B_native,sector,hrs_d_pm25_it2,bogota_2018
4,1113003.98238048,14.4113262047924,0.200508779277096,B_native,sector,hrs_d_pm25_it2,bogota_2018
5,1113034.84644093,8.77487509098547,0.200514339468417,B_native,sector,hrs_d_pm25_it2,bogota_2018
1,1105328.70805322,21.0933673596397,0.199133999135454,B_common,sector,hrs_d_pm25_it2,bogota_2018
2,1108094.42973792,20.2574754241459,0.199632266497514,B_common,sector,hrs_d_pm25_it2,bogota_2018
3,1111257.57055766,19.1982513554799,0.200202132164327,B_common,sector,hrs_d_pm25_it2,bogota_2018
4,1112981.06086256,14.4116093600048,0.200512633026547,B_common,sector,hrs_d_pm25_it2,bogota_2018
5,1113016.23078881,8.77500626241959,0.200518969176157,B_common,sector,hrs_d_pm25_it2,bogota_2018
1,1105328.70805322,20.5634289201576,0.199133999135454,baseline_common,sector,hrs_d_pm25_it2,bogota_2018
2,1108094.42973792,19.5475324975813,0.199632266497514,baseline_common,sector,hrs_d_pm25_it2,bogota_2018
3,1111257.57055766,18.454353889827,0.200202132164327,baseline_common,sector,hrs_d_pm25_it2,bogota_2018
4,1112981.06086256,13.9986525216505,0.200512633026547,baseline_common,sector,hrs_d_pm25_it2,bogota_2018
5,1113016.23078881,8.66205804743756,0.200518969176157,baseline_common,sector,hrs_d_pm25_it2,bogota_2018
1,1105328.70805322,20.4309009378859,0.199133999135454,A_common,sector,hrs_d_pm25_it2,bogota_2018
2,1108094.42973792,19.492389150136,0.199632266497514,A_common,sector,hrs_d_pm25_it2,bogota_2018
3,1111257.57055766,18.4486409130025,0.200202132164327,A_common,sector,hrs_d_pm25_it2,bogota_2018
4,1112981.06086256,14.067239412235,0.200512633026547,A_common,sector,hrs_d_pm25_it2,bogota_2018
5,1113016.23078881,8.79308628630002,0.200518969176157,A_common,sector,hrs_d_pm25_it2,bogota_2018
1,1076948,29.0947715210019,0.194020982661936,C,sector,hrs_d_pm25_it2,bogota_2018
2,1122623.00000002,21.290916006531,0.202249707152893,C,sector,hrs_d_pm25_it2,bogota_2018
3,1123299,18.6941624625321,0.202371494076938,C,sector,hrs_d_pm25_it2,bogota_2018
4,1114398.00000002,9.25039707537144,0.20076790619092,C,sector,hrs_d_pm25_it2,bogota_2018
5,1113410.00000002,3.21145040910348,0.200589909917313,C,sector,hrs_d_pm25_it2,bogota_2018
1,1105328.70805322,15.5926429890906,0.199133999135454,A,sector,avg_pm25,bogota_2018
2,1108094.42973792,15.6970847365651,0.199632266497514,A,sector,avg_pm25,bogota_2018
3,1111257.57055766,15.6679635034425,0.200202132164327,A,sector,avg_pm25,bogota_2018
4,1112981.06086256,15.2882219776904,0.200512633026547,A,sector,avg_pm25,bogota_2018
5,1113016.23078881,14.7129451417742,0.200518969176157,A,sector,avg_pm25,bogota_2018
1,1105413.64114537,15.5909366600808,0.199141371721111,B_native,sector,avg_pm25,bogota_2018
2,1108147.92629746,15.6942038854115,0.199633955922713,B_native,sector,avg_pm25,bogota_2018
3,1111298.60373592,15.6637456039696,0.200201553610664,B_native,sector,avg_pm25,bogota_2018
4,1113003.98238048,15.2780877213337,0.200508779277096,B_native,sector,avg_pm25,bogota_2018
5,1113034.84644093,14.6957349761391,0.200514339468417,B_native,sector,avg_pm25,bogota_2018
1,1105328.70805322,15.5911231933711,0.199133999135454,B_common,sector,avg_pm25,bogota_2018
2,1108094.42973792,15.6943238875752,0.199632266497514,B_common,sector,avg_pm25,bogota_2018
3,1111257.57055766,15.6638296578929,0.200202132164327,B_common,sector,avg_pm25,bogota_2018
4,1112981.06086256,15.2781180619044,0.200512633026547,B_common,sector,avg_pm25,bogota_2018
5,1113016.23078881,14.6957430162376,0.200518969176157,B_common,sector,avg_pm25,bogota_2018
1,1105328.70805322,15.5969783816618,0.199133999135454,baseline_common,sector,avg_pm25,bogota_2018
2,1108094.42973792,15.6987781060729,0.199632266497514,baseline_common,sector,avg_pm25,bogota_2018
3,1111257.57055766,15.6682712306302,0.200202132164327,baseline_common,sector,avg_pm25,bogota_2018
4,1112981.06086256,15.2857241573192,0.200512633026547,baseline_common,sector,avg_pm25,bogota_2018
5,1113016.23078881,14.7090019653973,0.200518969176157,baseline_common,sector,avg_pm25,bogota_2018
1,1105328.70805322,15.5926429890906,0.199133999135454,A_common,sector,avg_pm25,bogota_2018
2,1108094.42973792,15.6970847365651,0.199632266497514,A_common,sector,avg_pm25,bogota_2018
3,1111257.57055766,15.6679635034425,0.200202132164327,A_common,sector,avg_pm25,bogota_2018
4,1112981.06086256,15.2882219776904,0.200512633026547,A_common,sector,avg_pm25,bogota_2018
5,1113016.23078881,14.7129451417742,0.200518969176157,A_common,sector,avg_pm25,bogota_2018
1,1076948,16.1054082267073,0.194020982661936,C,sector,avg_pm25,bogota_2018
2,1122623.00000002,15.9834646275959,0.202249707152893,C,sector,avg_pm25,bogota_2018
3,1123299,15.6365154935067,0.202371494076938,C,sector,avg_pm25,bogota_2018
4,1114398.00000002,14.9317830607942,0.20076790619092,C,sector,avg_pm25,bogota_2018
5,1113410.00000002,14.3150837412338,0.200589909917313,C,sector,avg_pm25,bogota_2018
1,1105328.70805322,0.637093315444254,0.199133999135454,A,localidad,hrs_d_pm10_it1,bogota_2018
2,1108094.42973792,0.636721990974314,0.199632266497514,A,localidad,hrs_d_pm10_it1,bogota_2018
3,1111257.57055766,0.605772385598897,0.200202132164327,A,localidad,hrs_d_pm10_it1,bogota_2018
4,1112981.06086256,0.414986685087501,0.200512633026547,A,localidad,hrs_d_pm10_it1,bogota_2018
5,1113016.23078881,0.20094044909777,0.200518969176157,A,localidad,hrs_d_pm10_it1,bogota_2018
1,1105220.72500628,0.0456502592420603,0.199123692916063,B_native,localidad,hrs_d_pm10_it1,bogota_2018
2,1108038.67750956,0.0347190035434403,0.199631393410831,B_native,localidad,hrs_d_pm10_it1,bogota_2018
3,1111208.38017304,0.0323383649141571,0.200202467482749,B_native,localidad,hrs_d_pm10_it1,bogota_2018
4,1112964.01765284,0.0235871519787049,0.200518774452471,B_native,localidad,hrs_d_pm10_it1,bogota_2018
5,1112991.19965844,0.0117818317810184,0.200523671737886,B_native,localidad,hrs_d_pm10_it1,bogota_2018
1,1105220.72500628,0.0456502592420603,0.199123692916063,B_common,localidad,hrs_d_pm10_it1,bogota_2018
2,1108038.67750956,0.0347190035434403,0.199631393410831,B_common,localidad,hrs_d_pm10_it1,bogota_2018
3,1111208.38017304,0.0323383649141571,0.200202467482749,B_common,localidad,hrs_d_pm10_it1,bogota_2018
4,1112964.01765284,0.0235871519787049,0.200518774452471,B_common,localidad,hrs_d_pm10_it1,bogota_2018
5,1112991.19965844,0.0117818317810184,0.200523671737886,B_common,localidad,hrs_d_pm10_it1,bogota_2018
1,1105220.72500628,0.600508491689164,0.199123692916063,baseline_common,localidad,hrs_d_pm10_it1,bogota_2018
2,1108038.67750956,0.613484113397894,0.199631393410831,baseline_common,localidad,hrs_d_pm10_it1,bogota_2018
3,1111208.38017304,0.597456236224948,0.200202467482749,baseline_common,localidad,hrs_d_pm10_it1,bogota_2018
4,1112964.01765284,0.458136818171669,0.200518774452471,baseline_common,localidad,hrs_d_pm10_it1,bogota_2018
5,1112991.19965844,0.214035181559942,0.200523671737886,baseline_common,localidad,hrs_d_pm10_it1,bogota_2018
1,1105220.72500628,0.637155561180175,0.199123692916063,A_common,localidad,hrs_d_pm10_it1,bogota_2018
2,1108038.67750956,0.636754028366658,0.199631393410831,A_common,localidad,hrs_d_pm10_it1,bogota_2018
3,1111208.38017304,0.605799201610341,0.200202467482749,A_common,localidad,hrs_d_pm10_it1,bogota_2018
4,1112964.01765284,0.414993039924669,0.200518774452471,A_common,localidad,hrs_d_pm10_it1,bogota_2018
5,1112991.19965844,0.200944968240939,0.200523671737886,A_common,localidad,hrs_d_pm10_it1,bogota_2018
1,1046216.00000002,0.447481208469371,0.188484361730226,C,localidad,hrs_d_pm10_it1,bogota_2018
2,1163759,1.85698757216915,0.209660693702641,C,localidad,hrs_d_pm10_it1,bogota_2018
3,1102197.00000001,0.0602505722661187,0.198569796338393,C,localidad,hrs_d_pm10_it1,bogota_2018
4,643546.000000008,0,0.115940070744511,C,localidad,hrs_d_pm10_it1,bogota_2018
5,1594960.00000002,0.0374993730250284,0.287345077484229,C,localidad,hrs_d_pm10_it1,bogota_2018
1,1105328.70805322,27.7612082188993,0.199133999135454,A,localidad,hrs_d_pm10_it2,bogota_2018
2,1108094.42973792,27.5304856069764,0.199632266497514,A,localidad,hrs_d_pm10_it2,bogota_2018
3,1111257.57055766,26.3427148450396,0.200202132164327,A,localidad,hrs_d_pm10_it2,bogota_2018
4,1112981.06086256,19.1363427814813,0.200512633026547,A,localidad,hrs_d_pm10_it2,bogota_2018
5,1113016.23078881,10.9313821871179,0.200518969176157,A,localidad,hrs_d_pm10_it2,bogota_2018
1,1105220.72500628,24.2238362103109,0.199123692916063,B_native,localidad,hrs_d_pm10_it2,bogota_2018
2,1108038.67750956,23.1740418463712,0.199631393410831,B_native,localidad,hrs_d_pm10_it2,bogota_2018
3,1111208.38017304,21.7942069089233,0.200202467482749,B_native,localidad,hrs_d_pm10_it2,bogota_2018
4,1112964.01765284,15.1697345337269,0.200518774452471,B_native,localidad,hrs_d_pm10_it2,bogota_2018
5,1112991.19965844,8.21223425145096,0.200523671737886,B_native,localidad,hrs_d_pm10_it2,bogota_2018
1,1105220.72500628,24.2238362103109,0.199123692916063,B_common,localidad,hrs_d_pm10_it2,bogota_2018
2,1108038.67750956,23.1740418463712,0.199631393410831,B_common,localidad,hrs_d_pm10_it2,bogota_2018
3,1111208.38017304,21.7942069089233,0.200202467482749,B_common,localidad,hrs_d_pm10_it2,bogota_2018
4,1112964.01765284,15.1697345337269,0.200518774452471,B_common,localidad,hrs_d_pm10_it2,bogota_2018
5,1112991.19965844,8.21223425145096,0.200523671737886,B_common,localidad,hrs_d_pm10_it2,bogota_2018
1,1105220.72500628,28.3874753139756,0.199123692916063,baseline_common,localidad,hrs_d_pm10_it2,bogota_2018
2,1108038.67750956,27.681278161052,0.199631393410831,baseline_common,localidad,hrs_d_pm10_it2,bogota_2018
3,1111208.38017304,26.2428836117402,0.200202467482749,baseline_common,localidad,hrs_d_pm10_it2,bogota_2018
4,1112964.01765284,19.02817356294,0.200518774452471,baseline_common,localidad,hrs_d_pm10_it2,bogota_2018
5,1112991.19965844,10.3272123122749,0.200523671737886,baseline_common,localidad,hrs_d_pm10_it2,bogota_2018
1,1105220.72500628,27.7638228611493,0.199123692916063,A_common,localidad,hrs_d_pm10_it2,bogota_2018
2,1108038.67750956,27.5318205185838,0.199631393410831,A_common,localidad,hrs_d_pm10_it2,bogota_2018
3,1111208.38017304,26.3438367029312,0.200202467482749,A_common,localidad,hrs_d_pm10_it2,bogota_2018
4,1112964.01765284,19.1366205096816,0.200518774452471,A_common,localidad,hrs_d_pm10_it2,bogota_2018
5,1112991.19965844,10.9316055435311,0.200523671737886,A_common,localidad,hrs_d_pm10_it2,bogota_2018
1,1046216.00000002,39.7704422413717,0.188484361730226,C,localidad,hrs_d_pm10_it2,bogota_2018
2,1163759,51.4770008223355,0.209660693702641,C,localidad,hrs_d_pm10_it2,bogota_2018
3,1102197.00000001,14.8438364466604,0.198569796338393,C,localidad,hrs_d_pm10_it2,bogota_2018
4,643546.000000008,1.44993364887667,0.115940070744511,C,localidad,hrs_d_pm10_it2,bogota_2018
5,1594960.00000002,3.17905276621352,0.287345077484229,C,localidad,hrs_d_pm10_it2,bogota_2018
1,1105328.70805322,32.9142000642297,0.199133999135454,A,localidad,avg_pm10,bogota_2018
2,1108094.42973792,33.0947984206207,0.199632266497514,A,localidad,avg_pm10,bogota_2018
3,1111257.57055766,32.9780698390798,0.200202132164327,A,localidad,avg_pm10,bogota_2018
4,1112981.06086256,31.8985843329564,0.200512633026547,A,localidad,avg_pm10,bogota_2018
5,1113016.23078881,30.3573967519225,0.200518969176157,A,localidad,avg_pm10,bogota_2018
1,1105220.72500628,32.7937471472329,0.199123692916063,B_native,localidad,avg_pm10,bogota_2018
2,1108038.67750956,32.9581640715167,0.199631393410831,B_native,localidad,avg_pm10,bogota_2018
3,1111208.38017304,32.8188713408221,0.200202467482749,B_native,localidad,avg_pm10,bogota_2018
4,1112964.01765284,31.7259555611678,0.200518774452471,B_native,localidad,avg_pm10,bogota_2018
5,1112991.19965844,30.1718277994507,0.200523671737886,B_native,localidad,avg_pm10,bogota_2018
1,1105220.72500628,32.7937471472329,0.199123692916063,B_common,localidad,avg_pm10,bogota_2018
2,1108038.67750956,32.9581640715167,0.199631393410831,B_common,localidad,avg_pm10,bogota_2018
3,1111208.38017304,32.8188713408221,0.200202467482749,B_common,localidad,avg_pm10,bogota_2018
4,1112964.01765284,31.7259555611678,0.200518774452471,B_common,localidad,avg_pm10,bogota_2018
5,1112991.19965844,30.1718277994507,0.200523671737886,B_common,localidad,avg_pm10,bogota_2018
1,1105220.72500628,33.0646731392668,0.199123692916063,baseline_common,localidad,avg_pm10,bogota_2018
2,1108038.67750956,33.2107340825664,0.199631393410831,baseline_common,localidad,avg_pm10,bogota_2018
3,1111208.38017304,33.0705961861273,0.200202467482749,baseline_common,localidad,avg_pm10,bogota_2018
4,1112964.01765284,31.8301889822628,0.200518774452471,baseline_common,localidad,avg_pm10,bogota_2018
5,1112991.19965844,30.0754371418069,0.200523671737886,baseline_common,localidad,avg_pm10,bogota_2018
1,1105220.72500628,32.9162087074313,0.199123692916063,A_common,localidad,avg_pm10,bogota_2018
2,1108038.67750956,33.0958419434553,0.199631393410831,A_common,localidad,avg_pm10,bogota_2018
3,1111208.38017304,32.9789827493284,0.200202467482749,A_common,localidad,avg_pm10,bogota_2018
4,1112964.01765284,31.8988836035137,0.200518774452471,A_common,localidad,avg_pm10,bogota_2018
5,1112991.19965844,30.357801614535,0.200523671737886,A_common,localidad,avg_pm10,bogota_2018
1,1046216.00000002,35.282183458427,0.188484361730226,C,localidad,avg_pm10,bogota_2018
2,1163759,34.4137959225778,0.209660693702641,C,localidad,avg_pm10,bogota_2018
3,1102197.00000001,34.1075015049807,0.198569796338393,C,localidad,avg_pm10,bogota_2018
4,643546.000000008,29.0993004311033,0.115940070744511,C,localidad,avg_pm10,bogota_2018
5,1594960.00000002,28.6599615182116,0.287345077484229,C,localidad,avg_pm10,bogota_2018
1,1105328.70805322,0.253726860424993,0.199133999135454,A,localidad,hrs_d_pm25_it1,bogota_2018
2,1108094.42973792,0.206150826289319,0.199632266497514,A,localidad,hrs_d_pm25_it1,bogota_2018
3,1111257.57055766,0.188461993593684,0.200202132164327,A,localidad,hrs_d_pm25_it1,bogota_2018
4,1112981.06086256,0.161529330423127,0.200512633026547,A,localidad,hrs_d_pm25_it1,bogota_2018
5,1113016.23078881,0.13099395167325,0.200518969176157,A,localidad,hrs_d_pm25_it1,bogota_2018
1,1105220.72500628,0.209410938526562,0.199123692916063,B_native,localidad,hrs_d_pm25_it1,bogota_2018
2,1108038.67750956,0.177185108552697,0.199631393410831,B_native,localidad,hrs_d_pm25_it1,bogota_2018
3,1111208.38017304,0.156245074555328,0.200202467482749,B_native,localidad,hrs_d_pm25_it1,bogota_2018
4,1112964.01765284,0.0941981785147121,0.200518774452471,B_native,localidad,hrs_d_pm25_it1,bogota_2018
5,1112991.19965844,0.0475167440107172,0.200523671737886,B_native,localidad,hrs_d_pm25_it1,bogota_2018
1,1105220.72500628,0.209410938526562,0.199123692916063,B_common,localidad,hrs_d_pm25_it1,bogota_2018
2,1108038.67750956,0.177185108552697,0.199631393410831,B_common,localidad,hrs_d_pm25_it1,bogota_2018
3,1111208.38017304,0.156245074555328,0.200202467482749,B_common,localidad,hrs_d_pm25_it1,bogota_2018
4,1112964.01765284,0.0941981785147121,0.200518774452471,B_common,localidad,hrs_d_pm25_it1,bogota_2018
5,1112991.19965844,0.0475167440107172,0.200523671737886,B_common,localidad,hrs_d_pm25_it1,bogota_2018
1,1105220.72500628,0.244377647530282,0.199123692916063,baseline_common,localidad,hrs_d_pm25_it1,bogota_2018
2,1108038.67750956,0.209150141494849,0.199631393410831,baseline_common,localidad,hrs_d_pm25_it1,bogota_2018
3,1111208.38017304,0.192691685740897,0.200202467482749,baseline_common,localidad,hrs_d_pm25_it1,bogota_2018
4,1112964.01765284,0.173124135684501,0.200518774452471,baseline_common,localidad,hrs_d_pm25_it1,bogota_2018
5,1112991.19965844,0.119892918731307,0.200523671737886,baseline_common,localidad,hrs_d_pm25_it1,bogota_2018
1,1105220.72500628,0.253751650223862,0.199123692916063,A_common,localidad,hrs_d_pm25_it1,bogota_2018
2,1108038.67750956,0.206161199002995,0.199631393410831,A_common,localidad,hrs_d_pm25_it1,bogota_2018
3,1111208.38017304,0.188470336329498,0.200202467482749,A_common,localidad,hrs_d_pm25_it1,bogota_2018
4,1112964.01765284,0.161531803978616,0.200518774452471,A_common,localidad,hrs_d_pm25_it1,bogota_2018
5,1112991.19965844,0.130996897722313,0.200523671737886,A_common,localidad,hrs_d_pm25_it1,bogota_2018
1,1046216.00000002,0.200491103175632,0.188484361730226,C,localidad,hrs_d_pm25_it1,bogota_2018
2,1163759,0.454258141075601,0.209660693702641,C,localidad,hrs_d_pm25_it1,bogota_2018
3,1102197.00000001,0.27081910039675,0.198569796338393,C,localidad,hrs_d_pm25_it1,bogota_2018
4,643546.000000008,0,0.115940070744511,C,localidad,hrs_d_pm25_it1,bogota_2018
5,1594960.00000002,0.0032471033756332,0.287345077484229,C,localidad,hrs_d_pm25_it1,bogota_2018
1,1105328.70805322,20.0124616104792,0.199133999135454,A,localidad,hrs_d_pm25_it2,bogota_2018
2,1108094.42973792,19.2972120882313,0.199632266497514,A,localidad,hrs_d_pm25_it2,bogota_2018
3,1111257.57055766,18.4066696853139,0.200202132164327,A,localidad,hrs_d_pm25_it2,bogota_2018
4,1112981.06086256,14.2206947516953,0.200512633026547,A,localidad,hrs_d_pm25_it2,bogota_2018
5,1113016.23078881,9.28492620633653,0.200518969176157,A,localidad,hrs_d_pm25_it2,bogota_2018
1,1105220.72500628,16.7189216867834,0.199123692916063,B_native,localidad,hrs_d_pm25_it2,bogota_2018
2,1108038.67750956,15.8316202116467,0.199631393410831,B_native,localidad,hrs_d_pm25_it2,bogota_2018
3,1111208.38017304,14.8773551064414,0.200202467482749,B_native,localidad,hrs_d_pm25_it2,bogota_2018
4,1112964.01765284,10.9296041032354,0.200518774452471,B_native,localidad,hrs_d_pm25_it2,bogota_2018
5,1112991.19965844,6.63152320426931,0.200523671737886,B_native,localidad,hrs_d_pm25_it2,bogota_2018
1,1105220.72500628,16.7189216867834,0.199123692916063,B_common,localidad,hrs_d_pm25_it2,bogota_2018
2,1108038.67750956,15.8316202116467,0.199631393410831,B_common,localidad,hrs_d_pm25_it2,bogota_2018
3,1111208.38017304,14.8773551064414,0.200202467482749,B_common,localidad,hrs_d_pm25_it2,bogota_2018
4,1112964.01765284,10.9296041032354,0.200518774452471,B_common,localidad,hrs_d_pm25_it2,bogota_2018
5,1112991.19965844,6.63152320426931,0.200523671737886,B_common,localidad,hrs_d_pm25_it2,bogota_2018
1,1105220.72500628,20.5653403199491,0.199123692916063,baseline_common,localidad,hrs_d_pm25_it2,bogota_2018
2,1108038.67750956,19.5484657378087,0.199631393410831,baseline_common,localidad,hrs_d_pm25_it2,bogota_2018
3,1111208.38017304,18.4551265499297,0.200202467482749,baseline_common,localidad,hrs_d_pm25_it2,bogota_2018
4,1112964.01765284,13.9988515745916,0.200518774452471,baseline_common,localidad,hrs_d_pm25_it2,bogota_2018
5,1112991.19965844,8.66223036683586,0.200523671737886,baseline_common,localidad,hrs_d_pm25_it2,bogota_2018
1,1105220.72500628,20.0143191792779,0.199123692916063,A_common,localidad,hrs_d_pm25_it2,bogota_2018
2,1108038.67750956,19.2981327333021,0.199631393410831,A_common,localidad,hrs_d_pm25_it2,bogota_2018
3,1111208.38017304,18.4074402345574,0.200202467482749,A_common,localidad,hrs_d_pm25_it2,bogota_2018
4,1112964.01765284,14.2208972048473,0.200518774452471,A_common,localidad,hrs_d_pm25_it2,bogota_2018
5,1112991.19965844,9.28511253401637,0.200523671737886,A_common,localidad,hrs_d_pm25_it2,bogota_2018
1,1046216.00000002,28.0571335173615,0.188484361730226,C,localidad,hrs_d_pm25_it2,bogota_2018
2,1163759,32.2172451512728,0.209660693702641,C,localidad,hrs_d_pm25_it2,bogota_2018
3,1102197.00000001,16.7159328141881,0.198569796338393,C,localidad,hrs_d_pm25_it2,bogota_2018
4,643546.000000008,1.29482896327534,0.115940070744511,C,localidad,hrs_d_pm25_it2,bogota_2018
5,1594960.00000002,2.51679227065253,0.287345077484229,C,localidad,hrs_d_pm25_it2,bogota_2018
1,1105328.70805322,15.5455457889436,0.199133999135454,A,localidad,avg_pm25,bogota_2018
2,1108094.42973792,15.6567471936245,0.199632266497514,A,localidad,avg_pm25,bogota_2018
3,1111257.57055766,15.634928123935,0.200202132164327,A,localidad,avg_pm25,bogota_2018
4,1112981.06086256,15.3117244938243,0.200512633026547,A,localidad,avg_pm25,bogota_2018
5,1113016.23078881,14.8082600049135,0.200518969176157,A,localidad,avg_pm25,bogota_2018
1,1105220.72500628,15.3808323471074,0.199123692916063,B_native,localidad,avg_pm25,bogota_2018
2,1108038.67750956,15.4856940665558,0.199631393410831,B_native,localidad,avg_pm25,bogota_2018
3,1111208.38017304,15.454281827226,0.200202467482749,B_native,localidad,avg_pm25,bogota_2018
4,1112964.01765284,15.1243293598184,0.200518774452471,B_native,localidad,avg_pm25,bogota_2018
5,1112991.19965844,14.619832565369,0.200523671737886,B_native,localidad,avg_pm25,bogota_2018
1,1105220.72500628,15.3808323471074,0.199123692916063,B_common,localidad,avg_pm25,bogota_2018
2,1108038.67750956,15.4856940665558,0.199631393410831,B_common,localidad,avg_pm25,bogota_2018
3,1111208.38017304,15.454281827226,0.200202467482749,B_common,localidad,avg_pm25,bogota_2018
4,1112964.01765284,15.1243293598184,0.200518774452471,B_common,localidad,avg_pm25,bogota_2018
5,1112991.19965844,14.619832565369,0.200523671737886,B_common,localidad,avg_pm25,bogota_2018
1,1105220.72500628,15.5979153948515,0.199123692916063,baseline_common,localidad,avg_pm25,bogota_2018
2,1108038.67750956,15.6992657828385,0.199631393410831,baseline_common,localidad,avg_pm25,bogota_2018
3,1111208.38017304,15.668698931708,0.200202467482749,baseline_common,localidad,avg_pm25,bogota_2018
4,1112964.01765284,15.2858662529645,0.200518774452471,baseline_common,localidad,avg_pm25,bogota_2018
5,1112991.19965844,14.709197683782,0.200523671737886,baseline_common,localidad,avg_pm25,bogota_2018
1,1105220.72500628,15.5464777770301,0.199123692916063,A_common,localidad,avg_pm25,bogota_2018
2,1108038.67750956,15.6572327555569,0.199631393410831,A_common,localidad,avg_pm25,bogota_2018
3,1111208.38017304,15.6353543489978,0.200202467482749,A_common,localidad,avg_pm25,bogota_2018
4,1112964.01765284,15.3118669876219,0.200518774452471,A_common,localidad,avg_pm25,bogota_2018
5,1112991.19965844,14.8084579556079,0.200523671737886,A_common,localidad,avg_pm25,bogota_2018
1,1046216.00000002,16.1340177037426,0.188484361730226,C,localidad,avg_pm25,bogota_2018
2,1163759,15.9589776374731,0.209660693702641,C,localidad,avg_pm25,bogota_2018
3,1102197.00000001,16.3597020005523,0.198569796338393,C,localidad,avg_pm25,bogota_2018
4,643546.000000008,14.3538121798336,0.115940070744511,C,localidad,avg_pm25,bogota_2018
5,1594960.00000002,14.2386371904495,0.287345077484229,C,localidad,avg_pm25,bogota_2018
1,1105328.70805322,0.623243721748509,0.199133999135454,A,municipio,hrs_d_pm10_it1,bogota_2018
2,1108094.42973792,0.628469747909731,0.199632266497514,A,municipio,hrs_d_pm10_it1,bogota_2018
3,1111257.57055766,0.601549996541201,0.200202132164327,A,municipio,hrs_d_pm10_it1,bogota_2018
4,1112981.06086256,0.422808597868136,0.200512633026547,A,municipio,hrs_d_pm10_it1,bogota_2018
5,1113016.23078881,0.219619218567309,0.200518969176157,A,municipio,hrs_d_pm10_it1,bogota_2018
1,271364.067815111,0.223686467915408,0.250640601594106,B_native,municipio,hrs_d_pm10_it1,bogota_2018
2,245571.52769778,0.157778901802,0.226817780010917,B_native,municipio,hrs_d_pm10_it1,bogota_2018
3,235935.834751076,0.152680484996926,0.217917943358323,B_native,municipio,hrs_d_pm10_it1,bogota_2018
4,191905.848215841,0.137125596733308,0.1772504283029,B_native,municipio,hrs_d_pm10_it1,bogota_2018
5,137904.721520194,0.0956060272685984,0.127373246733754,B_native,municipio,hrs_d_pm10_it1,bogota_2018
1,267830.632554255,0.188378797955511,0.248762952263275,B_common,municipio,hrs_d_pm10_it1,bogota_2018
2,244733.968284319,0.157191088104414,0.227310610025838,B_common,municipio,hrs_d_pm10_it1,bogota_2018
3,235371.29943767,0.152672233953576,0.218614498154154,B_common,municipio,hrs_d_pm10_it1,bogota_2018
4,191300.925158403,0.137226996730258,0.177681628345704,B_common,municipio,hrs_d_pm10_it1,bogota_2018
5,137413.174565355,0.0954280776177899,0.127630311211029,B_common,municipio,hrs_d_pm10_it1,bogota_2018
1,267830.632554255,2.26849873611753,0.248762952263275,baseline_common,municipio,hrs_d_pm10_it1,bogota_2018
2,244733.968284319,2.61152651794518,0.227310610025838,baseline_common,municipio,hrs_d_pm10_it1,bogota_2018
3,235371.29943767,2.6648963139262,0.218614498154154,baseline_common,municipio,hrs_d_pm10_it1,bogota_2018
4,191300.925158403,2.4620103906425,0.177681628345704,baseline_common,municipio,hrs_d_pm10_it1,bogota_2018
5,137413.174565355,1.50578958269589,0.127630311211029,baseline_common,municipio,hrs_d_pm10_it1,bogota_2018
1,267830.632554255,2.4154889774097,0.248762952263275,A_common,municipio,hrs_d_pm10_it1,bogota_2018
2,244733.968284319,2.66886219961513,0.227310610025838,A_common,municipio,hrs_d_pm10_it1,bogota_2018
3,235371.29943767,2.65370938130659,0.218614498154154,A_common,municipio,hrs_d_pm10_it1,bogota_2018
4,191300.925158403,2.21856925555063,0.177681628345704,A_common,municipio,hrs_d_pm10_it1,bogota_2018
5,137413.174565355,1.42326484735451,0.127630311211029,A_common,municipio,hrs_d_pm10_it1,bogota_2018
1,929811.000000005,2.74447495243656,0.167513049757168,C,municipio,hrs_d_pm10_it1,bogota_2018
2,0,,0,C,municipio,hrs_d_pm10_it1,bogota_2018
3,0,,0,C,municipio,hrs_d_pm10_it1,bogota_2018
4,0,,0,C,municipio,hrs_d_pm10_it1,bogota_2018
5,4620866.99999993,0.0440659729007572,0.832486950242832,C,municipio,hrs_d_pm10_it1,bogota_2018
1,1105328.70805322,24.2143607422166,0.199133999135454,A,municipio,hrs_d_pm10_it2,bogota_2018
2,1108094.42973792,24.8559353151426,0.199632266497514,A,municipio,hrs_d_pm10_it2,bogota_2018
3,1111257.57055766,24.4813206304638,0.200202132164327,A,municipio,hrs_d_pm10_it2,bogota_2018
4,1112981.06086256,20.997807327814,0.200512633026547,A,municipio,hrs_d_pm10_it2,bogota_2018
5,1113016.23078881,16.9751269506829,0.200518969176157,A,municipio,hrs_d_pm10_it2,bogota_2018
1,271364.067815111,40.6514599520189,0.250640601594106,B_native,municipio,hrs_d_pm10_it2,bogota_2018
2,245571.52769778,44.3239959305476,0.226817780010917,B_native,municipio,hrs_d_pm10_it2,bogota_2018
3,235935.834751076,44.3240711626791,0.217917943358323,B_native,municipio,hrs_d_pm10_it2,bogota_2018
4,191905.848215841,37.016621792339,0.1772504283029,B_native,municipio,hrs_d_pm10_it2,bogota_2018
5,137904.721520194,23.0379649294352,0.127373246733754,B_native,municipio,hrs_d_pm10_it2,bogota_2018
1,267830.632554255,40.00515281621,0.248762952263275,B_common,municipio,hrs_d_pm10_it2,bogota_2018
2,244733.968284319,44.4098378575649,0.227310610025838,B_common,municipio,hrs_d_pm10_it2,bogota_2018
3,235371.29943767,44.4013866487555,0.218614498154154,B_common,municipio,hrs_d_pm10_it2,bogota_2018
4,191300.925158403,37.0922348518614,0.177681628345704,B_common,municipio,hrs_d_pm10_it2,bogota_2018
5,137413.174565355,23.0736889703834,0.127630311211029,B_common,municipio,hrs_d_pm10_it2,bogota_2018
1,267830.632554255,54.712667730222,0.248762952263275,baseline_common,municipio,hrs_d_pm10_it2,bogota_2018
2,244733.968284319,60.2226978008316,0.227310610025838,baseline_common,municipio,hrs_d_pm10_it2,bogota_2018
3,235371.29943767,59.6159684451158,0.218614498154154,baseline_common,municipio,hrs_d_pm10_it2,bogota_2018
4,191300.925158403,50.7917064326029,0.177681628345704,baseline_common,municipio,hrs_d_pm10_it2,bogota_2018
5,137413.174565355,32.6805519384182,0.127630311211029,baseline_common,municipio,hrs_d_pm10_it2,bogota_2018
1,267830.632554255,53.7010340403107,0.248762952263275,A_common,municipio,hrs_d_pm10_it2,bogota_2018
2,244733.968284319,60.3852143710614,0.227310610025838,A_common,municipio,hrs_d_pm10_it2,bogota_2018
3,235371.29943767,60.5658120743647,0.218614498154154,A_common,municipio,hrs_d_pm10_it2,bogota_2018
4,191300.925158403,50.9329498722926,0.177681628345704,A_common,municipio,hrs_d_pm10_it2,bogota_2018
5,137413.174565355,32.5276187738589,0.127630311211029,A_common,municipio,hrs_d_pm10_it2,bogota_2018
1,929811.000000005,61.976669452179,0.167513049757168,C,municipio,hrs_d_pm10_it2,bogota_2018
2,0,,0,C,municipio,hrs_d_pm10_it2,bogota_2018
3,0,,0,C,municipio,hrs_d_pm10_it2,bogota_2018
4,0,,0,C,municipio,hrs_d_pm10_it2,bogota_2018
5,4620866.99999993,14.3378071690878,0.832486950242832,C,municipio,hrs_d_pm10_it2,bogota_2018
1,1105328.70805322,32.1245889674781,0.199133999135454,A,municipio,avg_pm10,bogota_2018
2,1108094.42973792,32.3904317366282,0.199632266497514,A,municipio,avg_pm10,bogota_2018
3,1111257.57055766,32.4353084845476,0.200202132164327,A,municipio,avg_pm10,bogota_2018
4,1112981.06086256,32.2495597699029,0.200512633026547,A,municipio,avg_pm10,bogota_2018
5,1113016.23078881,31.9918573084252,0.200518969176157,A,municipio,avg_pm10,bogota_2018
1,271364.067815111,31.2885443760234,0.250640601594106,B_native,municipio,avg_pm10,bogota_2018
2,245571.52769778,32.4323237283161,0.226817780010917,B_native,municipio,avg_pm10,bogota_2018
3,235935.834751076,32.6493367179328,0.217917943358323,B_native,municipio,avg_pm10,bogota_2018
4,191905.848215841,31.6868906621184,0.1772504283029,B_native,municipio,avg_pm10,bogota_2018
5,137904.721520194,29.4434523427144,0.127373246733754,B_native,municipio,avg_pm10,bogota_2018
1,267830.632554255,31.3218973818249,0.248762952263275,B_common,municipio,avg_pm10,bogota_2018
2,244733.968284319,32.4588285114659,0.227310610025838,B_common,municipio,avg_pm10,bogota_2018
3,235371.29943767,32.6703257275359,0.218614498154154,B_common,municipio,avg_pm10,bogota_2018
4,191300.925158403,31.7096312154407,0.177681628345704,B_common,municipio,avg_pm10,bogota_2018
5,137413.174565355,29.4623289088432,0.127630311211029,B_common,municipio,avg_pm10,bogota_2018
1,267830.632554255,31.3966623163314,0.248762952263275,baseline_common,municipio,avg_pm10,bogota_2018
2,244733.968284319,32.4251666373717,0.227310610025838,baseline_common,municipio,avg_pm10,bogota_2018
3,235371.29943767,32.600190720055,0.218614498154154,baseline_common,municipio,avg_pm10,bogota_2018
4,191300.925158403,31.5258108268455,0.177681628345704,baseline_common,municipio,avg_pm10,bogota_2018
5,137413.174565355,29.1267052104311,0.127630311211029,baseline_common,municipio,avg_pm10,bogota_2018
1,267830.632554255,31.3084026039601,0.248762952263275,A_common,municipio,avg_pm10,bogota_2018
2,244733.968284319,32.4074622720797,0.227310610025838,A_common,municipio,avg_pm10,bogota_2018
3,235371.29943767,32.6202730384146,0.218614498154154,A_common,municipio,avg_pm10,bogota_2018
4,191300.925158403,31.5941034552222,0.177681628345704,A_common,municipio,avg_pm10,bogota_2018
5,137413.174565355,29.1963421060293,0.127630311211029,A_common,municipio,avg_pm10,bogota_2018
1,929811.000000005,32.8414329650148,0.167513049757168,C,municipio,avg_pm10,bogota_2018
2,0,,0,C,municipio,avg_pm10,bogota_2018
3,0,,0,C,municipio,avg_pm10,bogota_2018
4,0,,0,C,municipio,avg_pm10,bogota_2018
5,4620866.99999993,32.1275726841263,0.832486950242832,C,municipio,avg_pm10,bogota_2018
1,1105328.70805322,0.233698753429667,0.199133999135454,A,municipio,hrs_d_pm25_it1,bogota_2018
2,1108094.42973792,0.194481153255478,0.199632266497514,A,municipio,hrs_d_pm25_it1,bogota_2018
3,1111257.57055766,0.182376415223455,0.200202132164327,A,municipio,hrs_d_pm25_it1,bogota_2018
4,1112981.06086256,0.173362773992788,0.200512633026547,A,municipio,hrs_d_pm25_it1,bogota_2018
5,1113016.23078881,0.157090040472591,0.200518969176157,A,municipio,hrs_d_pm25_it1,bogota_2018
1,271364.067815111,0.178083716609711,0.250640601594106,B_native,municipio,hrs_d_pm25_it1,bogota_2018
2,245571.52769778,0.161365358378948,0.226817780010917,B_native,municipio,hrs_d_pm25_it1,bogota_2018
3,235935.834751076,0.157207345768397,0.217917943358323,B_native,municipio,hrs_d_pm25_it1,bogota_2018
4,191905.848215841,0.162195676676524,0.1772504283029,B_native,municipio,hrs_d_pm25_it1,bogota_2018
5,137904.721520194,0.168511963593038,0.127373246733754,B_native,municipio,hrs_d_pm25_it1,bogota_2018
1,267830.632554255,0.175353214792141,0.248762952263275,B_common,municipio,hrs_d_pm25_it1,bogota_2018
2,244733.968284319,0.161332790637109,0.227310610025838,B_common,municipio,hrs_d_pm25_it1,bogota_2018
3,235371.29943767,0.157102965660935,0.218614498154154,B_common,municipio,hrs_d_pm25_it1,bogota_2018
4,191300.925158403,0.161694222659276,0.177681628345704,B_common,municipio,hrs_d_pm25_it1,bogota_2018
5,137413.174565355,0.16847467506233,0.127630311211029,B_common,municipio,hrs_d_pm25_it1,bogota_2018
1,267830.632554255,0.784674692750674,0.248762952263275,baseline_common,municipio,hrs_d_pm25_it1,bogota_2018
2,244733.968284319,0.74911015144289,0.227310610025838,baseline_common,municipio,hrs_d_pm25_it1,bogota_2018
3,235371.29943767,0.724781108761606,0.218614498154154,baseline_common,municipio,hrs_d_pm25_it1,bogota_2018
4,191300.925158403,0.862230636568819,0.177681628345704,baseline_common,municipio,hrs_d_pm25_it1,bogota_2018
5,137413.174565355,0.879829690103373,0.127630311211029,baseline_common,municipio,hrs_d_pm25_it1,bogota_2018
1,267830.632554255,0.830102737249422,0.248762952263275,A_common,municipio,hrs_d_pm25_it1,bogota_2018
2,244733.968284319,0.728975982225156,0.227310610025838,A_common,municipio,hrs_d_pm25_it1,bogota_2018
3,235371.29943767,0.70115024701584,0.218614498154154,A_common,municipio,hrs_d_pm25_it1,bogota_2018
4,191300.925158403,0.801591577460344,0.177681628345704,A_common,municipio,hrs_d_pm25_it1,bogota_2018
5,137413.174565355,0.967319489867092,0.127630311211029,A_common,municipio,hrs_d_pm25_it1,bogota_2018
1,929811.000000005,0.914090067766456,0.167513049757168,C,municipio,hrs_d_pm25_it1,bogota_2018
2,0,,0,C,municipio,hrs_d_pm25_it1,bogota_2018
3,0,,0,C,municipio,hrs_d_pm25_it1,bogota_2018
4,0,,0,C,municipio,hrs_d_pm25_it1,bogota_2018
5,4620866.99999993,0.0415826726889138,0.832486950242832,C,municipio,hrs_d_pm25_it1,bogota_2018
1,1105328.70805322,17.048907411287,0.199133999135454,A,municipio,hrs_d_pm25_it2,bogota_2018
2,1108094.42973792,17.0346534382134,0.199632266497514,A,municipio,hrs_d_pm25_it2,bogota_2018
3,1111257.57055766,16.8832629709714,0.200202132164327,A,municipio,hrs_d_pm25_it2,bogota_2018
4,1112981.06086256,15.7476811685348,0.200512633026547,A,municipio,hrs_d_pm25_it2,bogota_2018
5,1113016.23078881,14.4044696675623,0.200518969176157,A,municipio,hrs_d_pm25_it2,bogota_2018
1,271364.067815111,21.7053765383961,0.250640601594106,B_native,municipio,hrs_d_pm25_it2,bogota_2018
2,245571.52769778,22.8793426980405,0.226817780010917,B_native,municipio,hrs_d_pm25_it2,bogota_2018
3,235935.834751076,22.7888336226888,0.217917943358323,B_native,municipio,hrs_d_pm25_it2,bogota_2018
4,191905.848215841,20.2130243417385,0.1772504283029,B_native,municipio,hrs_d_pm25_it2,bogota_2018
5,137904.721520194,15.3403705225012,0.127373246733754,B_native,municipio,hrs_d_pm25_it2,bogota_2018
1,267830.632554255,21.5950776810457,0.248762952263275,B_common,municipio,hrs_d_pm25_it2,bogota_2018
2,244733.968284319,22.9153340401027,0.227310610025838,B_common,municipio,hrs_d_pm25_it2,bogota_2018
3,235371.29943767,22.8161591024344,0.218614498154154,B_common,municipio,hrs_d_pm25_it2,bogota_2018
4,191300.925158403,20.2289410648438,0.177681628345704,B_common,municipio,hrs_d_pm25_it2,bogota_2018
5,137413.174565355,15.3559140185106,0.127630311211029,B_common,municipio,hrs_d_pm25_it2,bogota_2018
1,267830.632554255,28.6198368441827,0.248762952263275,baseline_common,municipio,hrs_d_pm25_it2,bogota_2018
2,244733.968284319,29.9496505164707,0.227310610025838,baseline_common,municipio,hrs_d_pm25_it2,bogota_2018
3,235371.29943767,29.859681177244,0.218614498154154,baseline_common,municipio,hrs_d_pm25_it2,bogota_2018
4,191300.925158403,27.4158145252056,0.177681628345704,baseline_common,municipio,hrs_d_pm25_it2,bogota_2018
5,137413.174565355,21.393054501299,0.127630311211029,baseline_common,municipio,hrs_d_pm25_it2,bogota_2018
1,267830.632554255,28.5436682810766,0.248762952263275,A_common,municipio,hrs_d_pm25_it2,bogota_2018
2,244733.968284319,29.9524069518339,0.227310610025838,A_common,municipio,hrs_d_pm25_it2,bogota_2018
3,235371.29943767,29.946362337664,0.218614498154154,A_common,municipio,hrs_d_pm25_it2,bogota_2018
4,191300.925158403,27.1892806506947,0.177681628345704,A_common,municipio,hrs_d_pm25_it2,bogota_2018
5,137413.174565355,21.7283849791745,0.127630311211029,A_common,municipio,hrs_d_pm25_it2,bogota_2018
1,929811.000000005,32.2006923987775,0.167513049757168,C,municipio,hrs_d_pm25_it2,bogota_2018
2,0,,0,C,municipio,hrs_d_pm25_it2,bogota_2018
3,0,,0,C,municipio,hrs_d_pm25_it2,bogota_2018
4,0,,0,C,municipio,hrs_d_pm25_it2,bogota_2018
5,4620866.99999993,13.0231164411353,0.832486950242832,C,municipio,hrs_d_pm25_it2,bogota_2018
1,1105328.70805322,15.2933921237721,0.199133999135454,A,municipio,avg_pm25,bogota_2018
2,1108094.42973792,15.4202217918507,0.199632266497514,A,municipio,avg_pm25,bogota_2018
3,1111257.57055766,15.448162051251,0.200202132164327,A,municipio,avg_pm25,bogota_2018
4,1112981.06086256,15.4156068933498,0.200512633026547,A,municipio,avg_pm25,bogota_2018
5,1113016.23078881,15.3615889998659,0.200518969176157,A,municipio,avg_pm25,bogota_2018
1,271364.067815111,14.2989228093297,0.250640601594106,B_native,municipio,avg_pm25,bogota_2018
2,245571.52769778,14.77359792955,0.226817780010917,B_native,municipio,avg_pm25,bogota_2018
3,235935.834751076,14.8753622820656,0.217917943358323,B_native,municipio,avg_pm25,bogota_2018
4,191905.848215841,14.5567146413861,0.1772504283029,B_native,municipio,avg_pm25,bogota_2018
5,137904.721520194,13.7714186836079,0.127373246733754,B_native,municipio,avg_pm25,bogota_2018
1,267830.632554255,14.321968402858,0.248762952263275,B_common,municipio,avg_pm25,bogota_2018
2,244733.968284319,14.7851546427564,0.227310610025838,B_common,municipio,avg_pm25,bogota_2018
3,235371.29943767,14.8843005630722,0.218614498154154,B_common,municipio,avg_pm25,bogota_2018
4,191300.925158403,14.5661012682869,0.177681628345704,B_common,municipio,avg_pm25,bogota_2018
5,137413.174565355,13.7799773000355,0.127630311211029,B_common,municipio,avg_pm25,bogota_2018
1,267830.632554255,14.3363894404667,0.248762952263275,baseline_common,municipio,avg_pm25,bogota_2018
2,244733.968284319,14.766167264638,0.227310610025838,baseline_common,municipio,avg_pm25,bogota_2018
3,235371.29943767,14.8533404111216,0.218614498154154,baseline_common,municipio,avg_pm25,bogota_2018
4,191300.925158403,14.4752031911389,0.177681628345704,baseline_common,municipio,avg_pm25,bogota_2018
5,137413.174565355,13.6012239669449,0.127630311211029,baseline_common,municipio,avg_pm25,bogota_2018
1,267830.632554255,14.3130080574076,0.248762952263275,A_common,municipio,avg_pm25,bogota_2018
2,244733.968284319,14.7616059125298,0.227310610025838,A_common,municipio,avg_pm25,bogota_2018
3,235371.29943767,14.8573861022573,0.218614498154154,A_common,municipio,avg_pm25,bogota_2018
4,191300.925158403,14.4938801964105,0.177681628345704,A_common,municipio,avg_pm25,bogota_2018
5,137413.174565355,13.6198111951202,0.127630311211029,A_common,municipio,avg_pm25,bogota_2018
1,929811.000000005,14.9120006717531,0.167513049757168,C,municipio,avg_pm25,bogota_2018
2,0,,0,C,municipio,avg_pm25,bogota_2018
3,0,,0,C,municipio,avg_pm25,bogota_2018
4,0,,0,C,municipio,avg_pm25,bogota_2018
5,4620866.99999993,15.487513212999,0.832486950242832,C,municipio,avg_pm25,bogota_2018
1,786177.399999998,387.058667121345,0.2,A,fine,hrs_d_pm10_it1,santiago_2017
2,786177.4,383.57130418653,0.2,A,fine,hrs_d_pm10_it1,santiago_2017
3,786177.399999998,381.461100728078,0.2,A,fine,hrs_d_pm10_it1,santiago_2017
4,786177.400000001,361.418265620131,0.2,A,fine,hrs_d_pm10_it1,santiago_2017
5,786177.400000001,313.171933008782,0.2,A,fine,hrs_d_pm10_it1,santiago_2017
1,786177.399999998,387.058667121345,0.2,B_native,fine,hrs_d_pm10_it1,santiago_2017
2,786177.4,383.57130418653,0.2,B_native,fine,hrs_d_pm10_it1,santiago_2017
3,786177.399999998,381.461100728078,0.2,B_native,fine,hrs_d_pm10_it1,santiago_2017
4,786177.400000001,361.418265620131,0.2,B_native,fine,hrs_d_pm10_it1,santiago_2017
5,786177.400000001,313.171933008782,0.2,B_native,fine,hrs_d_pm10_it1,santiago_2017
1,786177.399999998,387.058667121345,0.2,B_common,fine,hrs_d_pm10_it1,santiago_2017
2,786177.4,383.57130418653,0.2,B_common,fine,hrs_d_pm10_it1,santiago_2017
3,786177.399999998,381.461100728078,0.2,B_common,fine,hrs_d_pm10_it1,santiago_2017
4,786177.400000001,361.418265620131,0.2,B_common,fine,hrs_d_pm10_it1,santiago_2017
5,786177.400000001,313.171933008782,0.2,B_common,fine,hrs_d_pm10_it1,santiago_2017
1,786177.399999998,387.058667121345,0.2,baseline_common,fine,hrs_d_pm10_it1,santiago_2017
2,786177.4,383.57130418653,0.2,baseline_common,fine,hrs_d_pm10_it1,santiago_2017
3,786177.399999998,381.461100728078,0.2,baseline_common,fine,hrs_d_pm10_it1,santiago_2017
4,786177.400000001,361.418265620131,0.2,baseline_common,fine,hrs_d_pm10_it1,santiago_2017
5,786177.400000001,313.171933008782,0.2,baseline_common,fine,hrs_d_pm10_it1,santiago_2017
1,786177.399999998,387.058667121345,0.2,A_common,fine,hrs_d_pm10_it1,santiago_2017
2,786177.4,383.57130418653,0.2,A_common,fine,hrs_d_pm10_it1,santiago_2017
3,786177.399999998,381.461100728078,0.2,A_common,fine,hrs_d_pm10_it1,santiago_2017
4,786177.400000001,361.418265620131,0.2,A_common,fine,hrs_d_pm10_it1,santiago_2017
5,786177.400000001,313.171933008782,0.2,A_common,fine,hrs_d_pm10_it1,santiago_2017
1,780134.000000001,399.458794258422,0.198462586179659,C,fine,hrs_d_pm10_it1,santiago_2017
2,783383,392.84888234746,0.199289117189072,C,fine,hrs_d_pm10_it1,santiago_2017
3,786192,385.837927630909,0.200003714174434,C,fine,hrs_d_pm10_it1,santiago_2017
4,788223,380.25004345217,0.200520391453634,C,fine,hrs_d_pm10_it1,santiago_2017
5,792955,269.433305799194,0.201724191003201,C,fine,hrs_d_pm10_it1,santiago_2017
1,786177.399999998,1501.14458711735,0.2,A,fine,hrs_d_pm10_it2,santiago_2017
2,786177.4,1494.26165722945,0.2,A,fine,hrs_d_pm10_it2,santiago_2017
3,786177.399999998,1490.11753938555,0.2,A,fine,hrs_d_pm10_it2,santiago_2017
4,786177.400000001,1451.46210654575,0.2,A,fine,hrs_d_pm10_it2,santiago_2017
5,786177.400000001,1353.87012771478,0.2,A,fine,hrs_d_pm10_it2,santiago_2017
1,786177.399999998,1501.14458711735,0.2,B_native,fine,hrs_d_pm10_it2,santiago_2017
2,786177.4,1494.26165722945,0.2,B_native,fine,hrs_d_pm10_it2,santiago_2017
3,786177.399999998,1490.11753938555,0.2,B_native,fine,hrs_d_pm10_it2,santiago_2017
4,786177.400000001,1451.46210654575,0.2,B_native,fine,hrs_d_pm10_it2,santiago_2017
5,786177.400000001,1353.87012771478,0.2,B_native,fine,hrs_d_pm10_it2,santiago_2017
1,786177.399999998,1501.14458711735,0.2,B_common,fine,hrs_d_pm10_it2,santiago_2017
2,786177.4,1494.26165722945,0.2,B_common,fine,hrs_d_pm10_it2,santiago_2017
3,786177.399999998,1490.11753938555,0.2,B_common,fine,hrs_d_pm10_it2,santiago_2017
4,786177.400000001,1451.46210654575,0.2,B_common,fine,hrs_d_pm10_it2,santiago_2017
5,786177.400000001,1353.87012771478,0.2,B_common,fine,hrs_d_pm10_it2,santiago_2017
1,786177.399999998,1501.14458711735,0.2,baseline_common,fine,hrs_d_pm10_it2,santiago_2017
2,786177.4,1494.26165722945,0.2,baseline_common,fine,hrs_d_pm10_it2,santiago_2017
3,786177.399999998,1490.11753938555,0.2,baseline_common,fine,hrs_d_pm10_it2,santiago_2017
4,786177.400000001,1451.46210654575,0.2,baseline_common,fine,hrs_d_pm10_it2,santiago_2017
5,786177.400000001,1353.87012771478,0.2,baseline_common,fine,hrs_d_pm10_it2,santiago_2017
1,786177.399999998,1501.14458711735,0.2,A_common,fine,hrs_d_pm10_it2,santiago_2017
2,786177.4,1494.26165722945,0.2,A_common,fine,hrs_d_pm10_it2,santiago_2017
3,786177.399999998,1490.11753938555,0.2,A_common,fine,hrs_d_pm10_it2,santiago_2017
4,786177.400000001,1451.46210654575,0.2,A_common,fine,hrs_d_pm10_it2,santiago_2017
5,786177.400000001,1353.87012771478,0.2,A_common,fine,hrs_d_pm10_it2,santiago_2017
1,780134.000000001,1528.23827060479,0.198462586179659,C,fine,hrs_d_pm10_it2,santiago_2017
2,783383,1504.01884263509,0.199289117189072,C,fine,hrs_d_pm10_it2,santiago_2017
3,786192,1504.61269002992,0.200003714174434,C,fine,hrs_d_pm10_it2,santiago_2017
4,788223,1489.39109236853,0.200520391453634,C,fine,hrs_d_pm10_it2,santiago_2017
5,792955,1266.8638510382,0.201724191003201,C,fine,hrs_d_pm10_it2,santiago_2017
1,786177.399999998,67.1617677955993,0.2,A,fine,avg_pm10,santiago_2017
2,786177.4,67.0799647948794,0.2,A,fine,avg_pm10,santiago_2017
3,786177.399999998,67.0307054633545,0.2,A,fine,avg_pm10,santiago_2017
4,786177.400000001,66.5981504682063,0.2,A,fine,avg_pm10,santiago_2017
5,786177.400000001,65.4105772972609,0.2,A,fine,avg_pm10,santiago_2017
1,786177.399999998,67.1617677955993,0.2,B_native,fine,avg_pm10,santiago_2017
2,786177.4,67.0799647948794,0.2,B_native,fine,avg_pm10,santiago_2017
3,786177.399999998,67.0307054633545,0.2,B_native,fine,avg_pm10,santiago_2017
4,786177.400000001,66.5981504682063,0.2,B_native,fine,avg_pm10,santiago_2017
5,786177.400000001,65.4105772972609,0.2,B_native,fine,avg_pm10,santiago_2017
1,786177.399999998,67.1617677955993,0.2,B_common,fine,avg_pm10,santiago_2017
2,786177.4,67.0799647948794,0.2,B_common,fine,avg_pm10,santiago_2017
3,786177.399999998,67.0307054633545,0.2,B_common,fine,avg_pm10,santiago_2017
4,786177.400000001,66.5981504682063,0.2,B_common,fine,avg_pm10,santiago_2017
5,786177.400000001,65.4105772972609,0.2,B_common,fine,avg_pm10,santiago_2017
1,786177.399999998,67.1617677955993,0.2,baseline_common,fine,avg_pm10,santiago_2017
2,786177.4,67.0799647948794,0.2,baseline_common,fine,avg_pm10,santiago_2017
3,786177.399999998,67.0307054633545,0.2,baseline_common,fine,avg_pm10,santiago_2017
4,786177.400000001,66.5981504682063,0.2,baseline_common,fine,avg_pm10,santiago_2017
5,786177.400000001,65.4105772972609,0.2,baseline_common,fine,avg_pm10,santiago_2017
1,786177.399999998,67.1617677955993,0.2,A_common,fine,avg_pm10,santiago_2017
2,786177.4,67.0799647948794,0.2,A_common,fine,avg_pm10,santiago_2017
3,786177.399999998,67.0307054633545,0.2,A_common,fine,avg_pm10,santiago_2017
4,786177.400000001,66.5981504682063,0.2,A_common,fine,avg_pm10,santiago_2017
5,786177.400000001,65.4105772972609,0.2,A_common,fine,avg_pm10,santiago_2017
1,780134.000000001,67.5256313141831,0.198462586179659,C,fine,avg_pm10,santiago_2017
2,783383,67.0548016552978,0.199289117189072,C,fine,avg_pm10,santiago_2017
3,786192,67.2580426042366,0.200003714174434,C,fine,avg_pm10,santiago_2017
4,788223,67.1125974728474,0.200520391453634,C,fine,avg_pm10,santiago_2017
5,792955,64.3568171195657,0.201724191003201,C,fine,avg_pm10,santiago_2017
1,786177.399999998,161.73387898984,0.2,A,fine,hrs_d_pm25_it1,santiago_2017
2,786177.4,158.429356920799,0.2,A,fine,hrs_d_pm25_it1,santiago_2017
3,786177.399999998,156.597545512144,0.2,A,fine,hrs_d_pm25_it1,santiago_2017
4,786177.400000001,142.013710140848,0.2,A,fine,hrs_d_pm25_it1,santiago_2017
5,786177.400000001,114.416722022513,0.2,A,fine,hrs_d_pm25_it1,santiago_2017
1,786177.399999998,161.73387898984,0.2,B_native,fine,hrs_d_pm25_it1,santiago_2017
2,786177.4,158.429356920799,0.2,B_native,fine,hrs_d_pm25_it1,santiago_2017
3,786177.399999998,156.597545512144,0.2,B_native,fine,hrs_d_pm25_it1,santiago_2017
4,786177.400000001,142.013710140848,0.2,B_native,fine,hrs_d_pm25_it1,santiago_2017
5,786177.400000001,114.416722022513,0.2,B_native,fine,hrs_d_pm25_it1,santiago_2017
1,786177.399999998,161.73387898984,0.2,B_common,fine,hrs_d_pm25_it1,santiago_2017
2,786177.4,158.429356920799,0.2,B_common,fine,hrs_d_pm25_it1,santiago_2017
3,786177.399999998,156.597545512144,0.2,B_common,fine,hrs_d_pm25_it1,santiago_2017
4,786177.400000001,142.013710140848,0.2,B_common,fine,hrs_d_pm25_it1,santiago_2017
5,786177.400000001,114.416722022513,0.2,B_common,fine,hrs_d_pm25_it1,santiago_2017
1,786177.399999998,161.73387898984,0.2,baseline_common,fine,hrs_d_pm25_it1,santiago_2017
2,786177.4,158.429356920799,0.2,baseline_common,fine,hrs_d_pm25_it1,santiago_2017
3,786177.399999998,156.597545512144,0.2,baseline_common,fine,hrs_d_pm25_it1,santiago_2017
4,786177.400000001,142.013710140848,0.2,baseline_common,fine,hrs_d_pm25_it1,santiago_2017
5,786177.400000001,114.416722022513,0.2,baseline_common,fine,hrs_d_pm25_it1,santiago_2017
1,786177.399999998,161.73387898984,0.2,A_common,fine,hrs_d_pm25_it1,santiago_2017
2,786177.4,158.429356920799,0.2,A_common,fine,hrs_d_pm25_it1,santiago_2017
3,786177.399999998,156.597545512144,0.2,A_common,fine,hrs_d_pm25_it1,santiago_2017
4,786177.400000001,142.013710140848,0.2,A_common,fine,hrs_d_pm25_it1,santiago_2017
5,786177.400000001,114.416722022513,0.2,A_common,fine,hrs_d_pm25_it1,santiago_2017
1,780134.000000001,170.82357005335,0.198462586179659,C,fine,hrs_d_pm25_it1,santiago_2017
2,783383,172.896894622426,0.199289117189072,C,fine,hrs_d_pm25_it1,santiago_2017
3,786192,153.3315564137,0.200003714174434,C,fine,hrs_d_pm25_it1,santiago_2017
4,788223,146.81905120759,0.200520391453634,C,fine,hrs_d_pm25_it1,santiago_2017
5,792955,90.0863264624097,0.201724191003201,C,fine,hrs_d_pm25_it1,santiago_2017
1,786177.399999998,846.169214884031,0.2,A,fine,hrs_d_pm25_it2,santiago_2017
2,786177.4,840.669922676267,0.2,A,fine,hrs_d_pm25_it2,santiago_2017
3,786177.399999998,837.345678030719,0.2,A,fine,hrs_d_pm25_it2,santiago_2017
4,786177.400000001,807.259040408049,0.2,A,fine,hrs_d_pm25_it2,santiago_2017
5,786177.400000001,738.073109255849,0.2,A,fine,hrs_d_pm25_it2,santiago_2017
1,786177.399999998,846.169214884031,0.2,B_native,fine,hrs_d_pm25_it2,santiago_2017
2,786177.4,840.669922676267,0.2,B_native,fine,hrs_d_pm25_it2,santiago_2017
3,786177.399999998,837.345678030719,0.2,B_native,fine,hrs_d_pm25_it2,santiago_2017
4,786177.400000001,807.259040408049,0.2,B_native,fine,hrs_d_pm25_it2,santiago_2017
5,786177.400000001,738.073109255849,0.2,B_native,fine,hrs_d_pm25_it2,santiago_2017
1,786177.399999998,846.169214884031,0.2,B_common,fine,hrs_d_pm25_it2,santiago_2017
2,786177.4,840.669922676267,0.2,B_common,fine,hrs_d_pm25_it2,santiago_2017
3,786177.399999998,837.345678030719,0.2,B_common,fine,hrs_d_pm25_it2,santiago_2017
4,786177.400000001,807.259040408049,0.2,B_common,fine,hrs_d_pm25_it2,santiago_2017
5,786177.400000001,738.073109255849,0.2,B_common,fine,hrs_d_pm25_it2,santiago_2017
1,786177.399999998,846.169214884031,0.2,baseline_common,fine,hrs_d_pm25_it2,santiago_2017
2,786177.4,840.669922676267,0.2,baseline_common,fine,hrs_d_pm25_it2,santiago_2017
3,786177.399999998,837.345678030719,0.2,baseline_common,fine,hrs_d_pm25_it2,santiago_2017
4,786177.400000001,807.259040408049,0.2,baseline_common,fine,hrs_d_pm25_it2,santiago_2017
5,786177.400000001,738.073109255849,0.2,baseline_common,fine,hrs_d_pm25_it2,santiago_2017
1,786177.399999998,846.169214884031,0.2,A_common,fine,hrs_d_pm25_it2,santiago_2017
2,786177.4,840.669922676267,0.2,A_common,fine,hrs_d_pm25_it2,santiago_2017
3,786177.399999998,837.345678030719,0.2,A_common,fine,hrs_d_pm25_it2,santiago_2017
4,786177.400000001,807.259040408049,0.2,A_common,fine,hrs_d_pm25_it2,santiago_2017
5,786177.400000001,738.073109255849,0.2,A_common,fine,hrs_d_pm25_it2,santiago_2017
1,780134.000000001,860.052461500203,0.198462586179659,C,fine,hrs_d_pm25_it2,santiago_2017
2,783383,867.104600176415,0.199289117189072,C,fine,hrs_d_pm25_it2,santiago_2017
3,786192,837.334672700814,0.200003714174434,C,fine,hrs_d_pm25_it2,santiago_2017
4,788223,830.596874234829,0.200520391453634,C,fine,hrs_d_pm25_it2,santiago_2017
5,792955,676.116193226602,0.201724191003201,C,fine,hrs_d_pm25_it2,santiago_2017
1,786177.399999998,23.7445159563236,0.2,A,fine,avg_pm25,santiago_2017
2,786177.4,23.7020550529672,0.2,A,fine,avg_pm25,santiago_2017
3,786177.399999998,23.678499427864,0.2,A,fine,avg_pm25,santiago_2017
4,786177.400000001,23.5231530367607,0.2,A,fine,avg_pm25,santiago_2017
5,786177.400000001,23.1725573534026,0.2,A,fine,avg_pm25,santiago_2017
1,786177.399999998,23.7445159563236,0.2,B_native,fine,avg_pm25,santiago_2017
2,786177.4,23.7020550529672,0.2,B_native,fine,avg_pm25,santiago_2017
3,786177.399999998,23.678499427864,0.2,B_native,fine,avg_pm25,santiago_2017
4,786177.400000001,23.5231530367607,0.2,B_native,fine,avg_pm25,santiago_2017
5,786177.400000001,23.1725573534026,0.2,B_native,fine,avg_pm25,santiago_2017
1,786177.399999998,23.7445159563236,0.2,B_common,fine,avg_pm25,santiago_2017
2,786177.4,23.7020550529672,0.2,B_common,fine,avg_pm25,santiago_2017
3,786177.399999998,23.678499427864,0.2,B_common,fine,avg_pm25,santiago_2017
4,786177.400000001,23.5231530367607,0.2,B_common,fine,avg_pm25,santiago_2017
5,786177.400000001,23.1725573534026,0.2,B_common,fine,avg_pm25,santiago_2017
1,786177.399999998,23.7445159563236,0.2,baseline_common,fine,avg_pm25,santiago_2017
2,786177.4,23.7020550529672,0.2,baseline_common,fine,avg_pm25,santiago_2017
3,786177.399999998,23.678499427864,0.2,baseline_common,fine,avg_pm25,santiago_2017
4,786177.400000001,23.5231530367607,0.2,baseline_common,fine,avg_pm25,santiago_2017
5,786177.400000001,23.1725573534026,0.2,baseline_common,fine,avg_pm25,santiago_2017
1,786177.399999998,23.7445159563236,0.2,A_common,fine,avg_pm25,santiago_2017
2,786177.4,23.7020550529672,0.2,A_common,fine,avg_pm25,santiago_2017
3,786177.399999998,23.678499427864,0.2,A_common,fine,avg_pm25,santiago_2017
4,786177.400000001,23.5231530367607,0.2,A_common,fine,avg_pm25,santiago_2017
5,786177.400000001,23.1725573534026,0.2,A_common,fine,avg_pm25,santiago_2017
1,780134.000000001,23.8521204804574,0.198462586179659,C,fine,avg_pm25,santiago_2017
2,783383,23.8387151698726,0.199289117189072,C,fine,avg_pm25,santiago_2017
3,786192,23.6520991720163,0.200003714174434,C,fine,avg_pm25,santiago_2017
4,788223,23.6212628078442,0.200520391453634,C,fine,avg_pm25,santiago_2017
5,792955,22.8656443121439,0.201724191003201,C,fine,avg_pm25,santiago_2017
1,786177.399999998,386.976925415397,0.2,A,distrito,hrs_d_pm10_it1,santiago_2017
2,786177.4,383.516950794634,0.2,A,distrito,hrs_d_pm10_it1,santiago_2017
3,786177.399999998,381.414025989087,0.2,A,distrito,hrs_d_pm10_it1,santiago_2017
4,786177.400000001,361.428113280654,0.2,A,distrito,hrs_d_pm10_it1,santiago_2017
5,786177.400000001,313.35154614543,0.2,A,distrito,hrs_d_pm10_it1,santiago_2017
1,786177.399999998,386.715969176805,0.2,B_native,distrito,hrs_d_pm10_it1,santiago_2017
2,786177.4,383.482130493695,0.2,B_native,distrito,hrs_d_pm10_it1,santiago_2017
3,786177.399999998,381.504632190902,0.2,B_native,distrito,hrs_d_pm10_it1,santiago_2017
4,786177.400000001,361.399662061636,0.2,B_native,distrito,hrs_d_pm10_it1,santiago_2017
5,786177.400000001,312.459391495877,0.2,B_native,distrito,hrs_d_pm10_it1,santiago_2017
1,786177.399999998,386.715969176805,0.2,B_common,distrito,hrs_d_pm10_it1,santiago_2017
2,786177.4,383.482130493695,0.2,B_common,distrito,hrs_d_pm10_it1,santiago_2017
3,786177.399999998,381.504632190902,0.2,B_common,distrito,hrs_d_pm10_it1,santiago_2017
4,786177.400000001,361.399662061636,0.2,B_common,distrito,hrs_d_pm10_it1,santiago_2017
5,786177.400000001,312.459391495877,0.2,B_common,distrito,hrs_d_pm10_it1,santiago_2017
1,786177.399999998,387.058667121345,0.2,baseline_common,distrito,hrs_d_pm10_it1,santiago_2017
2,786177.4,383.57130418653,0.2,baseline_common,distrito,hrs_d_pm10_it1,santiago_2017
3,786177.399999998,381.461100728078,0.2,baseline_common,distrito,hrs_d_pm10_it1,santiago_2017
4,786177.400000001,361.418265620131,0.2,baseline_common,distrito,hrs_d_pm10_it1,santiago_2017
5,786177.400000001,313.171933008782,0.2,baseline_common,distrito,hrs_d_pm10_it1,santiago_2017
1,786177.399999998,386.976925415397,0.2,A_common,distrito,hrs_d_pm10_it1,santiago_2017
2,786177.4,383.516950794634,0.2,A_common,distrito,hrs_d_pm10_it1,santiago_2017
3,786177.399999998,381.414025989087,0.2,A_common,distrito,hrs_d_pm10_it1,santiago_2017
4,786177.400000001,361.428113280654,0.2,A_common,distrito,hrs_d_pm10_it1,santiago_2017
5,786177.400000001,313.35154614543,0.2,A_common,distrito,hrs_d_pm10_it1,santiago_2017
1,778420,408.357767015236,0.198026552276878,C,distrito,hrs_d_pm10_it1,santiago_2017
2,778705,398.988658092603,0.198099054997002,C,distrito,hrs_d_pm10_it1,santiago_2017
3,786582.000000001,387.177686496767,0.200102928423025,C,distrito,hrs_d_pm10_it1,santiago_2017
4,789863,364.446379941838,0.200937600088733,C,distrito,hrs_d_pm10_it1,santiago_2017
5,797317,269.801730052162,0.202833864214362,C,distrito,hrs_d_pm10_it1,santiago_2017
1,786177.399999998,1501.06195448164,0.2,A,distrito,hrs_d_pm10_it2,santiago_2017
2,786177.4,1494.16755664864,0.2,A,distrito,hrs_d_pm10_it2,santiago_2017
3,786177.399999998,1490.02703575011,0.2,A,distrito,hrs_d_pm10_it2,santiago_2017
4,786177.400000001,1451.33167430378,0.2,A,distrito,hrs_d_pm10_it2,santiago_2017
5,786177.400000001,1354.28013301476,0.2,A,distrito,hrs_d_pm10_it2,santiago_2017
1,786177.399999998,1501.01057239933,0.2,B_native,distrito,hrs_d_pm10_it2,santiago_2017
2,786177.4,1494.31544584883,0.2,B_native,distrito,hrs_d_pm10_it2,santiago_2017
3,786177.399999998,1490.23707828399,0.2,B_native,distrito,hrs_d_pm10_it2,santiago_2017
4,786177.400000001,1450.90897207638,0.2,B_native,distrito,hrs_d_pm10_it2,santiago_2017
5,786177.400000001,1351.34811167141,0.2,B_native,distrito,hrs_d_pm10_it2,santiago_2017
1,786177.399999998,1501.01057239933,0.2,B_common,distrito,hrs_d_pm10_it2,santiago_2017
2,786177.4,1494.31544584883,0.2,B_common,distrito,hrs_d_pm10_it2,santiago_2017
3,786177.399999998,1490.23707828399,0.2,B_common,distrito,hrs_d_pm10_it2,santiago_2017
4,786177.400000001,1450.90897207638,0.2,B_common,distrito,hrs_d_pm10_it2,santiago_2017
5,786177.400000001,1351.34811167141,0.2,B_common,distrito,hrs_d_pm10_it2,santiago_2017
1,786177.399999998,1501.14458711735,0.2,baseline_common,distrito,hrs_d_pm10_it2,santiago_2017
2,786177.4,1494.26165722945,0.2,baseline_common,distrito,hrs_d_pm10_it2,santiago_2017
3,786177.399999998,1490.11753938555,0.2,baseline_common,distrito,hrs_d_pm10_it2,santiago_2017
4,786177.400000001,1451.46210654575,0.2,baseline_common,distrito,hrs_d_pm10_it2,santiago_2017
5,786177.400000001,1353.87012771478,0.2,baseline_common,distrito,hrs_d_pm10_it2,santiago_2017
1,786177.399999998,1501.06195448164,0.2,A_common,distrito,hrs_d_pm10_it2,santiago_2017
2,786177.4,1494.16755664864,0.2,A_common,distrito,hrs_d_pm10_it2,santiago_2017
3,786177.399999998,1490.02703575011,0.2,A_common,distrito,hrs_d_pm10_it2,santiago_2017
4,786177.400000001,1451.33167430378,0.2,A_common,distrito,hrs_d_pm10_it2,santiago_2017
5,786177.400000001,1354.28013301476,0.2,A_common,distrito,hrs_d_pm10_it2,santiago_2017
1,778420,1545.90317309421,0.198026552276878,C,distrito,hrs_d_pm10_it2,santiago_2017
2,778705,1514.04377909478,0.198099054997002,C,distrito,hrs_d_pm10_it2,santiago_2017
3,786582.000000001,1517.91880439674,0.200102928423025,C,distrito,hrs_d_pm10_it2,santiago_2017
4,789863,1445.71400609979,0.200937600088733,C,distrito,hrs_d_pm10_it2,santiago_2017
5,797317,1271.34779265963,0.202833864214362,C,distrito,hrs_d_pm10_it2,santiago_2017
1,786177.399999998,67.1587399830207,0.2,A,distrito,avg_pm10,santiago_2017
2,786177.4,67.076567018215,0.2,A,distrito,avg_pm10,santiago_2017
3,786177.399999998,67.0274412714216,0.2,A,distrito,avg_pm10,santiago_2017
4,786177.400000001,66.5959432679943,0.2,A,distrito,avg_pm10,santiago_2017
5,786177.400000001,65.4226974199659,0.2,A,distrito,avg_pm10,santiago_2017
1,786177.399999998,67.1531663293877,0.2,B_native,distrito,avg_pm10,santiago_2017
2,786177.4,67.0752480739544,0.2,B_native,distrito,avg_pm10,santiago_2017
3,786177.399999998,67.0266372502821,0.2,B_native,distrito,avg_pm10,santiago_2017
4,786177.400000001,66.5854326826932,0.2,B_native,distrito,avg_pm10,santiago_2017
5,786177.400000001,65.3750253414869,0.2,B_native,distrito,avg_pm10,santiago_2017
1,786177.399999998,67.1531663293877,0.2,B_common,distrito,avg_pm10,santiago_2017
2,786177.4,67.0752480739544,0.2,B_common,distrito,avg_pm10,santiago_2017
3,786177.399999998,67.0266372502821,0.2,B_common,distrito,avg_pm10,santiago_2017
4,786177.400000001,66.5854326826932,0.2,B_common,distrito,avg_pm10,santiago_2017
5,786177.400000001,65.3750253414869,0.2,B_common,distrito,avg_pm10,santiago_2017
1,786177.399999998,67.1617677955993,0.2,baseline_common,distrito,avg_pm10,santiago_2017
2,786177.4,67.0799647948794,0.2,baseline_common,distrito,avg_pm10,santiago_2017
3,786177.399999998,67.0307054633545,0.2,baseline_common,distrito,avg_pm10,santiago_2017
4,786177.400000001,66.5981504682063,0.2,baseline_common,distrito,avg_pm10,santiago_2017
5,786177.400000001,65.4105772972609,0.2,baseline_common,distrito,avg_pm10,santiago_2017
1,786177.399999998,67.1587399830207,0.2,A_common,distrito,avg_pm10,santiago_2017
2,786177.4,67.076567018215,0.2,A_common,distrito,avg_pm10,santiago_2017
3,786177.399999998,67.0274412714216,0.2,A_common,distrito,avg_pm10,santiago_2017
4,786177.400000001,66.5959432679943,0.2,A_common,distrito,avg_pm10,santiago_2017
5,786177.400000001,65.4226974199659,0.2,A_common,distrito,avg_pm10,santiago_2017
1,778420,67.742670185385,0.198026552276878,C,distrito,avg_pm10,santiago_2017
2,778705,67.1325379717805,0.198099054997002,C,distrito,avg_pm10,santiago_2017
3,786582.000000001,67.5557286794642,0.200102928423025,C,distrito,avg_pm10,santiago_2017
4,789863,66.4201992150592,0.200937600088733,C,distrito,avg_pm10,santiago_2017
5,797317,64.47680172003,0.202833864214362,C,distrito,avg_pm10,santiago_2017
1,786177.399999998,161.576156795424,0.2,A,distrito,hrs_d_pm25_it1,santiago_2017
2,786177.4,158.371575051297,0.2,A,distrito,hrs_d_pm25_it1,santiago_2017
3,786177.399999998,156.60973144094,0.2,A,distrito,hrs_d_pm25_it1,santiago_2017
4,786177.400000001,142.114808341779,0.2,A,distrito,hrs_d_pm25_it1,santiago_2017
5,786177.400000001,114.524592682695,0.2,A,distrito,hrs_d_pm25_it1,santiago_2017
1,786177.399999998,161.205560909225,0.2,B_native,distrito,hrs_d_pm25_it1,santiago_2017
2,786177.4,158.187808886759,0.2,B_native,distrito,hrs_d_pm25_it1,santiago_2017
3,786177.399999998,156.54444082689,0.2,B_native,distrito,hrs_d_pm25_it1,santiago_2017
4,786177.400000001,142.037762251551,0.2,B_native,distrito,hrs_d_pm25_it1,santiago_2017
5,786177.400000001,114.291100016452,0.2,B_native,distrito,hrs_d_pm25_it1,santiago_2017
1,786177.399999998,161.205560909225,0.2,B_common,distrito,hrs_d_pm25_it1,santiago_2017
2,786177.4,158.187808886759,0.2,B_common,distrito,hrs_d_pm25_it1,santiago_2017
3,786177.399999998,156.54444082689,0.2,B_common,distrito,hrs_d_pm25_it1,santiago_2017
4,786177.400000001,142.037762251551,0.2,B_common,distrito,hrs_d_pm25_it1,santiago_2017
5,786177.400000001,114.291100016452,0.2,B_common,distrito,hrs_d_pm25_it1,santiago_2017
1,786177.399999998,161.73387898984,0.2,baseline_common,distrito,hrs_d_pm25_it1,santiago_2017
2,786177.4,158.429356920799,0.2,baseline_common,distrito,hrs_d_pm25_it1,santiago_2017
3,786177.399999998,156.597545512144,0.2,baseline_common,distrito,hrs_d_pm25_it1,santiago_2017
4,786177.400000001,142.013710140848,0.2,baseline_common,distrito,hrs_d_pm25_it1,santiago_2017
5,786177.400000001,114.416722022513,0.2,baseline_common,distrito,hrs_d_pm25_it1,santiago_2017
1,786177.399999998,161.576156795424,0.2,A_common,distrito,hrs_d_pm25_it1,santiago_2017
2,786177.4,158.371575051297,0.2,A_common,distrito,hrs_d_pm25_it1,santiago_2017
3,786177.399999998,156.60973144094,0.2,A_common,distrito,hrs_d_pm25_it1,santiago_2017
4,786177.400000001,142.114808341779,0.2,A_common,distrito,hrs_d_pm25_it1,santiago_2017
5,786177.400000001,114.524592682695,0.2,A_common,distrito,hrs_d_pm25_it1,santiago_2017
1,778420,177.907755453354,0.198026552276878,C,distrito,hrs_d_pm25_it1,santiago_2017
2,778705,177.179847310599,0.198099054997002,C,distrito,hrs_d_pm25_it1,santiago_2017
3,786582.000000001,151.979104530741,0.200102928423025,C,distrito,hrs_d_pm25_it1,santiago_2017
4,789863,137.781505147095,0.200937600088733,C,distrito,hrs_d_pm25_it1,santiago_2017
5,797317,89.7861615894306,0.202833864214362,C,distrito,hrs_d_pm25_it1,santiago_2017
1,786177.399999998,845.815845746818,0.2,A,distrito,hrs_d_pm25_it2,santiago_2017
2,786177.4,840.477273512043,0.2,A,distrito,hrs_d_pm25_it2,santiago_2017
3,786177.399999998,837.251648227616,0.2,A,distrito,hrs_d_pm25_it2,santiago_2017
4,786177.400000001,807.404517893222,0.2,A,distrito,hrs_d_pm25_it2,santiago_2017
5,786177.400000001,738.565018565737,0.2,A,distrito,hrs_d_pm25_it2,santiago_2017
1,786177.399999998,844.056214631315,0.2,B_native,distrito,hrs_d_pm25_it2,santiago_2017
2,786177.4,839.176386087469,0.2,B_native,distrito,hrs_d_pm25_it2,santiago_2017
3,786177.399999998,836.153328071606,0.2,B_native,distrito,hrs_d_pm25_it2,santiago_2017
4,786177.400000001,806.407422244065,0.2,B_native,distrito,hrs_d_pm25_it2,santiago_2017
5,786177.400000001,736.36302741143,0.2,B_native,distrito,hrs_d_pm25_it2,santiago_2017
1,786177.399999998,844.056214631315,0.2,B_common,distrito,hrs_d_pm25_it2,santiago_2017
2,786177.4,839.176386087469,0.2,B_common,distrito,hrs_d_pm25_it2,santiago_2017
3,786177.399999998,836.153328071606,0.2,B_common,distrito,hrs_d_pm25_it2,santiago_2017
4,786177.400000001,806.407422244065,0.2,B_common,distrito,hrs_d_pm25_it2,santiago_2017
5,786177.400000001,736.36302741143,0.2,B_common,distrito,hrs_d_pm25_it2,santiago_2017
1,786177.399999998,846.169214884031,0.2,baseline_common,distrito,hrs_d_pm25_it2,santiago_2017
2,786177.4,840.669922676267,0.2,baseline_common,distrito,hrs_d_pm25_it2,santiago_2017
3,786177.399999998,837.345678030719,0.2,baseline_common,distrito,hrs_d_pm25_it2,santiago_2017
4,786177.400000001,807.259040408049,0.2,baseline_common,distrito,hrs_d_pm25_it2,santiago_2017
5,786177.400000001,738.073109255849,0.2,baseline_common,distrito,hrs_d_pm25_it2,santiago_2017
1,786177.399999998,845.815845746818,0.2,A_common,distrito,hrs_d_pm25_it2,santiago_2017
2,786177.4,840.477273512043,0.2,A_common,distrito,hrs_d_pm25_it2,santiago_2017
3,786177.399999998,837.251648227616,0.2,A_common,distrito,hrs_d_pm25_it2,santiago_2017
4,786177.400000001,807.404517893222,0.2,A_common,distrito,hrs_d_pm25_it2,santiago_2017
5,786177.400000001,738.565018565737,0.2,A_common,distrito,hrs_d_pm25_it2,santiago_2017
1,778420,874.058869247963,0.198026552276878,C,distrito,hrs_d_pm25_it2,santiago_2017
2,778705,880.892928644351,0.198099054997002,C,distrito,hrs_d_pm25_it2,santiago_2017
3,786582.000000001,831.923247671569,0.200102928423025,C,distrito,hrs_d_pm25_it2,santiago_2017
4,789863,809.846750639035,0.200937600088733,C,distrito,hrs_d_pm25_it2,santiago_2017
5,797317,675.989346771736,0.202833864214362,C,distrito,hrs_d_pm25_it2,santiago_2017
1,786177.399999998,23.7406397087594,0.2,A,distrito,avg_pm25,santiago_2017
2,786177.4,23.6995315578922,0.2,A,distrito,avg_pm25,santiago_2017
3,786177.399999998,23.676856825538,0.2,A,distrito,avg_pm25,santiago_2017
4,786177.400000001,23.5244400650372,0.2,A,distrito,avg_pm25,santiago_2017
5,786177.400000001,23.1793487904793,0.2,A,distrito,avg_pm25,santiago_2017
1,786177.399999998,23.7284418421394,0.2,B_native,distrito,avg_pm25,santiago_2017
2,786177.4,23.6901397100805,0.2,B_native,distrito,avg_pm25,santiago_2017
3,786177.399999998,23.6684528342264,0.2,B_native,distrito,avg_pm25,santiago_2017
4,786177.400000001,23.5151365699315,0.2,B_native,distrito,avg_pm25,santiago_2017
5,786177.400000001,23.1582811975686,0.2,B_native,distrito,avg_pm25,santiago_2017
1,786177.399999998,23.7284418421394,0.2,B_common,distrito,avg_pm25,santiago_2017
2,786177.4,23.6901397100805,0.2,B_common,distrito,avg_pm25,santiago_2017
3,786177.399999998,23.6684528342264,0.2,B_common,distrito,avg_pm25,santiago_2017
4,786177.400000001,23.5151365699315,0.2,B_common,distrito,avg_pm25,santiago_2017
5,786177.400000001,23.1582811975686,0.2,B_common,distrito,avg_pm25,santiago_2017
1,786177.399999998,23.7445159563236,0.2,baseline_common,distrito,avg_pm25,santiago_2017
2,786177.4,23.7020550529672,0.2,baseline_common,distrito,avg_pm25,santiago_2017
3,786177.399999998,23.678499427864,0.2,baseline_common,distrito,avg_pm25,santiago_2017
4,786177.400000001,23.5231530367607,0.2,baseline_common,distrito,avg_pm25,santiago_2017
5,786177.400000001,23.1725573534026,0.2,baseline_common,distrito,avg_pm25,santiago_2017
1,786177.399999998,23.7406397087594,0.2,A_common,distrito,avg_pm25,santiago_2017
2,786177.4,23.6995315578922,0.2,A_common,distrito,avg_pm25,santiago_2017
3,786177.399999998,23.676856825538,0.2,A_common,distrito,avg_pm25,santiago_2017
4,786177.400000001,23.5244400650372,0.2,A_common,distrito,avg_pm25,santiago_2017
5,786177.400000001,23.1793487904793,0.2,A_common,distrito,avg_pm25,santiago_2017
1,778420,23.9563117856881,0.198026552276878,C,distrito,avg_pm25,santiago_2017
2,778705,23.8764510737408,0.198099054997002,C,distrito,avg_pm25,santiago_2017
3,786582.000000001,23.6683792086982,0.200102928423025,C,distrito,avg_pm25,santiago_2017
4,789863,23.4548848006186,0.200937600088733,C,distrito,avg_pm25,santiago_2017
5,797317,22.8817200124804,0.202833864214362,C,distrito,avg_pm25,santiago_2017
1,786177.399999998,386.677198974685,0.2,A,comuna,hrs_d_pm10_it1,santiago_2017
2,786177.4,382.912346173742,0.2,A,comuna,hrs_d_pm10_it1,santiago_2017
3,786177.399999998,380.965668385833,0.2,A,comuna,hrs_d_pm10_it1,santiago_2017
4,786177.400000001,361.752677824255,0.2,A,comuna,hrs_d_pm10_it1,santiago_2017
5,786177.400000001,314.487925233434,0.2,A,comuna,hrs_d_pm10_it1,santiago_2017
1,786177.399999998,382.757546312177,0.2,B_native,comuna,hrs_d_pm10_it1,santiago_2017
2,786177.4,378.176349387814,0.2,B_native,comuna,hrs_d_pm10_it1,santiago_2017
3,786177.399999998,376.016493261165,0.2,B_native,comuna,hrs_d_pm10_it1,santiago_2017
4,786177.400000001,353.598966688985,0.2,B_native,comuna,hrs_d_pm10_it1,santiago_2017
5,786177.400000001,296.541883553633,0.2,B_native,comuna,hrs_d_pm10_it1,santiago_2017
1,786177.399999998,382.757546312177,0.2,B_common,comuna,hrs_d_pm10_it1,santiago_2017
2,786177.4,378.176349387814,0.2,B_common,comuna,hrs_d_pm10_it1,santiago_2017
3,786177.399999998,376.016493261165,0.2,B_common,comuna,hrs_d_pm10_it1,santiago_2017
4,786177.400000001,353.598966688985,0.2,B_common,comuna,hrs_d_pm10_it1,santiago_2017
5,786177.400000001,296.541883553633,0.2,B_common,comuna,hrs_d_pm10_it1,santiago_2017
1,786177.399999998,387.058667121345,0.2,baseline_common,comuna,hrs_d_pm10_it1,santiago_2017
2,786177.4,383.57130418653,0.2,baseline_common,comuna,hrs_d_pm10_it1,santiago_2017
3,786177.399999998,381.461100728078,0.2,baseline_common,comuna,hrs_d_pm10_it1,santiago_2017
4,786177.400000001,361.418265620131,0.2,baseline_common,comuna,hrs_d_pm10_it1,santiago_2017
5,786177.400000001,313.171933008782,0.2,baseline_common,comuna,hrs_d_pm10_it1,santiago_2017
1,786177.399999998,386.677198974685,0.2,A_common,comuna,hrs_d_pm10_it1,santiago_2017
2,786177.4,382.912346173742,0.2,A_common,comuna,hrs_d_pm10_it1,santiago_2017
3,786177.399999998,380.965668385833,0.2,A_common,comuna,hrs_d_pm10_it1,santiago_2017
4,786177.400000001,361.752677824255,0.2,A_common,comuna,hrs_d_pm10_it1,santiago_2017
5,786177.400000001,314.487925233434,0.2,A_common,comuna,hrs_d_pm10_it1,santiago_2017
1,770428,427.734441115847,0.195993423367296,C,comuna,hrs_d_pm10_it1,santiago_2017
2,742250,407.405111485349,0.188825066708862,C,comuna,hrs_d_pm10_it1,santiago_2017
3,583142,338.173549495663,0.148348706029962,C,comuna,hrs_d_pm10_it1,santiago_2017
4,914217.999999999,385.715750510273,0.232572953636164,C,comuna,hrs_d_pm10_it1,santiago_2017
5,920849,276.189707541627,0.234259850257715,C,comuna,hrs_d_pm10_it1,santiago_2017
1,786177.399999998,1500.39549758261,0.2,A,comuna,hrs_d_pm10_it2,santiago_2017
2,786177.4,1492.94325435477,0.2,A,comuna,hrs_d_pm10_it2,santiago_2017
3,786177.399999998,1489.16567159955,0.2,A,comuna,hrs_d_pm10_it2,santiago_2017
4,786177.400000001,1452.17368331988,0.2,A,comuna,hrs_d_pm10_it2,santiago_2017
5,786177.400000001,1356.43164527296,0.2,A,comuna,hrs_d_pm10_it2,santiago_2017
1,786177.399999998,1491.68128972414,0.2,B_native,comuna,hrs_d_pm10_it2,santiago_2017
2,786177.4,1482.12186618084,0.2,B_native,comuna,hrs_d_pm10_it2,santiago_2017
3,786177.399999998,1477.59476762045,0.2,B_native,comuna,hrs_d_pm10_it2,santiago_2017
4,786177.400000001,1432.34754411499,0.2,B_native,comuna,hrs_d_pm10_it2,santiago_2017
5,786177.400000001,1310.96521470685,0.2,B_native,comuna,hrs_d_pm10_it2,santiago_2017
1,786177.399999998,1491.68128972414,0.2,B_common,comuna,hrs_d_pm10_it2,santiago_2017
2,786177.4,1482.12186618084,0.2,B_common,comuna,hrs_d_pm10_it2,santiago_2017
3,786177.399999998,1477.59476762045,0.2,B_common,comuna,hrs_d_pm10_it2,santiago_2017
4,786177.400000001,1432.34754411499,0.2,B_common,comuna,hrs_d_pm10_it2,santiago_2017
5,786177.400000001,1310.96521470685,0.2,B_common,comuna,hrs_d_pm10_it2,santiago_2017
1,786177.399999998,1501.14458711735,0.2,baseline_common,comuna,hrs_d_pm10_it2,santiago_2017
2,786177.4,1494.26165722945,0.2,baseline_common,comuna,hrs_d_pm10_it2,santiago_2017
3,786177.399999998,1490.11753938555,0.2,baseline_common,comuna,hrs_d_pm10_it2,santiago_2017
4,786177.400000001,1451.46210654575,0.2,baseline_common,comuna,hrs_d_pm10_it2,santiago_2017
5,786177.400000001,1353.87012771478,0.2,baseline_common,comuna,hrs_d_pm10_it2,santiago_2017
1,786177.399999998,1500.39549758261,0.2,A_common,comuna,hrs_d_pm10_it2,santiago_2017
2,786177.4,1492.94325435477,0.2,A_common,comuna,hrs_d_pm10_it2,santiago_2017
3,786177.399999998,1489.16567159955,0.2,A_common,comuna,hrs_d_pm10_it2,santiago_2017
4,786177.400000001,1452.17368331988,0.2,A_common,comuna,hrs_d_pm10_it2,santiago_2017
5,786177.400000001,1356.43164527296,0.2,A_common,comuna,hrs_d_pm10_it2,santiago_2017
1,770428,1574.60413172938,0.195993423367296,C,comuna,hrs_d_pm10_it2,santiago_2017
2,742250,1512.71938699899,0.188825066708862,C,comuna,hrs_d_pm10_it2,santiago_2017
3,583142,1457.62060870251,0.148348706029962,C,comuna,hrs_d_pm10_it2,santiago_2017
4,914217.999999999,1500.65444675121,0.232572953636164,C,comuna,hrs_d_pm10_it2,santiago_2017
5,920849,1274.96044085404,0.234259850257715,C,comuna,hrs_d_pm10_it2,santiago_2017
1,786177.399999998,67.1589942534899,0.2,A,comuna,avg_pm10,santiago_2017
2,786177.4,67.0646536196709,0.2,A,comuna,avg_pm10,santiago_2017
3,786177.399999998,67.0176580137662,0.2,A,comuna,avg_pm10,santiago_2017
4,786177.400000001,66.6017260816211,0.2,A,comuna,avg_pm10,santiago_2017
5,786177.400000001,65.4413867801222,0.2,A,comuna,avg_pm10,santiago_2017
1,786177.399999998,67.0224727969573,0.2,B_native,comuna,avg_pm10,santiago_2017
2,786177.4,66.905264699131,0.2,B_native,comuna,avg_pm10,santiago_2017
3,786177.399999998,66.8507515476504,0.2,B_native,comuna,avg_pm10,santiago_2017
4,786177.400000001,66.3367991714583,0.2,B_native,comuna,avg_pm10,santiago_2017
5,786177.400000001,64.8540329822978,0.2,B_native,comuna,avg_pm10,santiago_2017
1,786177.399999998,67.0224727969573,0.2,B_common,comuna,avg_pm10,santiago_2017
2,786177.4,66.905264699131,0.2,B_common,comuna,avg_pm10,santiago_2017
3,786177.399999998,66.8507515476504,0.2,B_common,comuna,avg_pm10,santiago_2017
4,786177.400000001,66.3367991714583,0.2,B_common,comuna,avg_pm10,santiago_2017
5,786177.400000001,64.8540329822978,0.2,B_common,comuna,avg_pm10,santiago_2017
1,786177.399999998,67.1617677955993,0.2,baseline_common,comuna,avg_pm10,santiago_2017
2,786177.4,67.0799647948794,0.2,baseline_common,comuna,avg_pm10,santiago_2017
3,786177.399999998,67.0307054633545,0.2,baseline_common,comuna,avg_pm10,santiago_2017
4,786177.400000001,66.5981504682063,0.2,baseline_common,comuna,avg_pm10,santiago_2017
5,786177.400000001,65.4105772972609,0.2,baseline_common,comuna,avg_pm10,santiago_2017
1,786177.399999998,67.1589942534899,0.2,A_common,comuna,avg_pm10,santiago_2017
2,786177.4,67.0646536196709,0.2,A_common,comuna,avg_pm10,santiago_2017
3,786177.399999998,67.0176580137662,0.2,A_common,comuna,avg_pm10,santiago_2017
4,786177.400000001,66.6017260816211,0.2,A_common,comuna,avg_pm10,santiago_2017
5,786177.400000001,65.4413867801222,0.2,A_common,comuna,avg_pm10,santiago_2017
1,770428,67.9749278617537,0.195993423367296,C,comuna,avg_pm10,santiago_2017
2,742250,66.86848097687,0.188825066708862,C,comuna,avg_pm10,santiago_2017
3,583142,67.2929610469253,0.148348706029962,C,comuna,avg_pm10,santiago_2017
4,914217.999999999,67.191680972105,0.232572953636164,C,comuna,avg_pm10,santiago_2017
5,920849,64.4470554881941,0.234259850257715,C,comuna,avg_pm10,santiago_2017
1,786177.399999998,161.031926238124,0.2,A,comuna,hrs_d_pm25_it1,santiago_2017
2,786177.4,157.93117957837,0.2,A,comuna,hrs_d_pm25_it1,santiago_2017
3,786177.399999998,156.36554588749,0.2,A,comuna,hrs_d_pm25_it1,santiago_2017
4,786177.400000001,142.641302157547,0.2,A,comuna,hrs_d_pm25_it1,santiago_2017
5,786177.400000001,115.320490341043,0.2,A,comuna,hrs_d_pm25_it1,santiago_2017
1,786177.399999998,159.60503089191,0.2,B_native,comuna,hrs_d_pm25_it1,santiago_2017
2,786177.4,155.83767898523,0.2,B_native,comuna,hrs_d_pm25_it1,santiago_2017
3,786177.399999998,154.038596708546,0.2,B_native,comuna,hrs_d_pm25_it1,santiago_2017
4,786177.400000001,139.258353648712,0.2,B_native,comuna,hrs_d_pm25_it1,santiago_2017
5,786177.400000001,109.638055787457,0.2,B_native,comuna,hrs_d_pm25_it1,santiago_2017
1,786177.399999998,159.60503089191,0.2,B_common,comuna,hrs_d_pm25_it1,santiago_2017
2,786177.4,155.83767898523,0.2,B_common,comuna,hrs_d_pm25_it1,santiago_2017
3,786177.399999998,154.038596708546,0.2,B_common,comuna,hrs_d_pm25_it1,santiago_2017
4,786177.400000001,139.258353648712,0.2,B_common,comuna,hrs_d_pm25_it1,santiago_2017
5,786177.400000001,109.638055787457,0.2,B_common,comuna,hrs_d_pm25_it1,santiago_2017
1,786177.399999998,161.73387898984,0.2,baseline_common,comuna,hrs_d_pm25_it1,santiago_2017
2,786177.4,158.429356920799,0.2,baseline_common,comuna,hrs_d_pm25_it1,santiago_2017
3,786177.399999998,156.597545512144,0.2,baseline_common,comuna,hrs_d_pm25_it1,santiago_2017
4,786177.400000001,142.013710140848,0.2,baseline_common,comuna,hrs_d_pm25_it1,santiago_2017
5,786177.400000001,114.416722022513,0.2,baseline_common,comuna,hrs_d_pm25_it1,santiago_2017
1,786177.399999998,161.031926238124,0.2,A_common,comuna,hrs_d_pm25_it1,santiago_2017
2,786177.4,157.93117957837,0.2,A_common,comuna,hrs_d_pm25_it1,santiago_2017
3,786177.399999998,156.36554588749,0.2,A_common,comuna,hrs_d_pm25_it1,santiago_2017
4,786177.400000001,142.641302157547,0.2,A_common,comuna,hrs_d_pm25_it1,santiago_2017
5,786177.400000001,115.320490341043,0.2,A_common,comuna,hrs_d_pm25_it1,santiago_2017
1,770428,196.975169645963,0.195993423367296,C,comuna,hrs_d_pm25_it1,santiago_2017
2,742250,193.776687100034,0.188825066708862,C,comuna,hrs_d_pm25_it1,santiago_2017
3,583142,91.7341625195923,0.148348706029962,C,comuna,hrs_d_pm25_it1,santiago_2017
4,914217.999999999,153.839481392841,0.232572953636164,C,comuna,hrs_d_pm25_it1,santiago_2017
5,920849,94.1474269940024,0.234259850257715,C,comuna,hrs_d_pm25_it1,santiago_2017
1,786177.399999998,845.983158105109,0.2,A,comuna,hrs_d_pm25_it2,santiago_2017
2,786177.4,840.027366057973,0.2,A,comuna,hrs_d_pm25_it2,santiago_2017
3,786177.399999998,836.84485448652,0.2,A,comuna,hrs_d_pm25_it2,santiago_2017
4,786177.400000001,807.66688752132,0.2,A,comuna,hrs_d_pm25_it2,santiago_2017
5,786177.400000001,739.177918358848,0.2,A,comuna,hrs_d_pm25_it2,santiago_2017
1,786177.399999998,839.765659078343,0.2,B_native,comuna,hrs_d_pm25_it2,santiago_2017
2,786177.4,832.487445386775,0.2,B_native,comuna,hrs_d_pm25_it2,santiago_2017
3,786177.399999998,828.857652928423,0.2,B_native,comuna,hrs_d_pm25_it2,santiago_2017
4,786177.400000001,793.239443375737,0.2,B_native,comuna,hrs_d_pm25_it2,santiago_2017
5,786177.400000001,705.905179250554,0.2,B_native,comuna,hrs_d_pm25_it2,santiago_2017
1,786177.399999998,839.765659078343,0.2,B_common,comuna,hrs_d_pm25_it2,santiago_2017
2,786177.4,832.487445386775,0.2,B_common,comuna,hrs_d_pm25_it2,santiago_2017
3,786177.399999998,828.857652928423,0.2,B_common,comuna,hrs_d_pm25_it2,santiago_2017
4,786177.400000001,793.239443375737,0.2,B_common,comuna,hrs_d_pm25_it2,santiago_2017
5,786177.400000001,705.905179250554,0.2,B_common,comuna,hrs_d_pm25_it2,santiago_2017
1,786177.399999998,846.169214884031,0.2,baseline_common,comuna,hrs_d_pm25_it2,santiago_2017
2,786177.4,840.669922676267,0.2,baseline_common,comuna,hrs_d_pm25_it2,santiago_2017
3,786177.399999998,837.345678030719,0.2,baseline_common,comuna,hrs_d_pm25_it2,santiago_2017
4,786177.400000001,807.259040408049,0.2,baseline_common,comuna,hrs_d_pm25_it2,santiago_2017
5,786177.400000001,738.073109255849,0.2,baseline_common,comuna,hrs_d_pm25_it2,santiago_2017
1,786177.399999998,845.983158105109,0.2,A_common,comuna,hrs_d_pm25_it2,santiago_2017
2,786177.4,840.027366057973,0.2,A_common,comuna,hrs_d_pm25_it2,santiago_2017
3,786177.399999998,836.84485448652,0.2,A_common,comuna,hrs_d_pm25_it2,santiago_2017
4,786177.400000001,807.66688752132,0.2,A_common,comuna,hrs_d_pm25_it2,santiago_2017
5,786177.400000001,739.177918358848,0.2,A_common,comuna,hrs_d_pm25_it2,santiago_2017
1,770428,923.486469858313,0.195993423367296,C,comuna,hrs_d_pm25_it2,santiago_2017
2,742250,911.428515998653,0.188825066708862,C,comuna,hrs_d_pm25_it2,santiago_2017
3,583142,683.559563536842,0.148348706029962,C,comuna,hrs_d_pm25_it2,santiago_2017
4,914217.999999999,859.967029745641,0.232572953636164,C,comuna,hrs_d_pm25_it2,santiago_2017
5,920849,680.420989760536,0.234259850257715,C,comuna,hrs_d_pm25_it2,santiago_2017
1,786177.399999998,23.7450429942256,0.2,A,comuna,avg_pm25,santiago_2017
2,786177.4,23.6991550736112,0.2,A,comuna,avg_pm25,santiago_2017
3,786177.399999998,23.6758492456225,0.2,A,comuna,avg_pm25,santiago_2017
4,786177.400000001,23.5249780870893,0.2,A,comuna,avg_pm25,santiago_2017
5,786177.400000001,23.1770216500543,0.2,A,comuna,avg_pm25,santiago_2017
1,786177.399999998,23.7312529713211,0.2,B_native,comuna,avg_pm25,santiago_2017
2,786177.4,23.6765197515577,0.2,B_native,comuna,avg_pm25,santiago_2017
3,786177.399999998,23.6500576094852,0.2,B_native,comuna,avg_pm25,santiago_2017
4,786177.400000001,23.4566918539375,0.2,B_native,comuna,avg_pm25,santiago_2017
5,786177.400000001,22.9909085164138,0.2,B_native,comuna,avg_pm25,santiago_2017
1,786177.399999998,23.7312529713211,0.2,B_common,comuna,avg_pm25,santiago_2017
2,786177.4,23.6765197515577,0.2,B_common,comuna,avg_pm25,santiago_2017
3,786177.399999998,23.6500576094852,0.2,B_common,comuna,avg_pm25,santiago_2017
4,786177.400000001,23.4566918539375,0.2,B_common,comuna,avg_pm25,santiago_2017
5,786177.400000001,22.9909085164138,0.2,B_common,comuna,avg_pm25,santiago_2017
1,786177.399999998,23.7445159563236,0.2,baseline_common,comuna,avg_pm25,santiago_2017
2,786177.4,23.7020550529672,0.2,baseline_common,comuna,avg_pm25,santiago_2017
3,786177.399999998,23.678499427864,0.2,baseline_common,comuna,avg_pm25,santiago_2017
4,786177.400000001,23.5231530367607,0.2,baseline_common,comuna,avg_pm25,santiago_2017
5,786177.400000001,23.1725573534026,0.2,baseline_common,comuna,avg_pm25,santiago_2017
1,786177.399999998,23.7450429942256,0.2,A_common,comuna,avg_pm25,santiago_2017
2,786177.4,23.6991550736112,0.2,A_common,comuna,avg_pm25,santiago_2017
3,786177.399999998,23.6758492456225,0.2,A_common,comuna,avg_pm25,santiago_2017
4,786177.400000001,23.5249780870893,0.2,A_common,comuna,avg_pm25,santiago_2017
5,786177.400000001,23.1770216500543,0.2,A_common,comuna,avg_pm25,santiago_2017
1,770428,24.2230178475112,0.195993423367296,C,comuna,avg_pm25,santiago_2017
2,742250,23.9925375993285,0.188825066708862,C,comuna,avg_pm25,santiago_2017
3,583142,22.7986330004801,0.148348706029962,C,comuna,avg_pm25,santiago_2017
4,914217.999999999,23.8963760686314,0.232572953636164,C,comuna,avg_pm25,santiago_2017
5,920849,22.8225749580972,0.234259850257715,C,comuna,avg_pm25,santiago_2017
1,1964097.4714749,3.28014834004871,0.19910550167181,A,fine,hrs_d_pm10_it1,sao_paulo_2010
2,1969129.55651996,3.09769793834763,0.199615616791809,A,fine,hrs_d_pm10_it1,sao_paulo_2010
3,1975291.19855225,2.95022739987555,0.200240237945177,A,fine,hrs_d_pm10_it1,sao_paulo_2010
4,1972731.2344005,2.87527537494921,0.199980727939132,A,fine,hrs_d_pm10_it1,sao_paulo_2010
5,1983357.26756143,1.68720672365861,0.201057915652072,A,fine,hrs_d_pm10_it1,sao_paulo_2010
1,1964097.4714749,3.28014834004871,0.19910550167181,B_native,fine,hrs_d_pm10_it1,sao_paulo_2010
2,1969129.55651996,3.09769793834763,0.199615616791809,B_native,fine,hrs_d_pm10_it1,sao_paulo_2010
3,1975291.19855225,2.95022739987555,0.200240237945177,B_native,fine,hrs_d_pm10_it1,sao_paulo_2010
4,1972731.2344005,2.87527537494921,0.199980727939132,B_native,fine,hrs_d_pm10_it1,sao_paulo_2010
5,1983357.26756143,1.68720672365861,0.201057915652072,B_native,fine,hrs_d_pm10_it1,sao_paulo_2010
1,1964097.4714749,3.28014834004871,0.19910550167181,B_common,fine,hrs_d_pm10_it1,sao_paulo_2010
2,1969129.55651996,3.09769793834763,0.199615616791809,B_common,fine,hrs_d_pm10_it1,sao_paulo_2010
3,1975291.19855225,2.95022739987555,0.200240237945177,B_common,fine,hrs_d_pm10_it1,sao_paulo_2010
4,1972731.2344005,2.87527537494921,0.199980727939132,B_common,fine,hrs_d_pm10_it1,sao_paulo_2010
5,1983357.26756143,1.68720672365861,0.201057915652072,B_common,fine,hrs_d_pm10_it1,sao_paulo_2010
1,1964097.4714749,3.28014834004871,0.19910550167181,baseline_common,fine,hrs_d_pm10_it1,sao_paulo_2010
2,1969129.55651996,3.09769793834763,0.199615616791809,baseline_common,fine,hrs_d_pm10_it1,sao_paulo_2010
3,1975291.19855225,2.95022739987555,0.200240237945177,baseline_common,fine,hrs_d_pm10_it1,sao_paulo_2010
4,1972731.2344005,2.87527537494921,0.199980727939132,baseline_common,fine,hrs_d_pm10_it1,sao_paulo_2010
5,1983357.26756143,1.68720672365861,0.201057915652072,baseline_common,fine,hrs_d_pm10_it1,sao_paulo_2010
1,1964097.4714749,3.28014834004871,0.19910550167181,A_common,fine,hrs_d_pm10_it1,sao_paulo_2010
2,1969129.55651996,3.09769793834763,0.199615616791809,A_common,fine,hrs_d_pm10_it1,sao_paulo_2010
3,1975291.19855225,2.95022739987555,0.200240237945177,A_common,fine,hrs_d_pm10_it1,sao_paulo_2010
4,1972731.2344005,2.87527537494921,0.199980727939132,A_common,fine,hrs_d_pm10_it1,sao_paulo_2010
5,1983357.26756143,1.68720672365861,0.201057915652072,A_common,fine,hrs_d_pm10_it1,sao_paulo_2010
1,1893041.88136372,4.57888631596176,0.191902417751006,C,fine,hrs_d_pm10_it1,sao_paulo_2010
2,1948549.92966217,3.48821956166057,0.197529408246028,C,fine,hrs_d_pm10_it1,sao_paulo_2010
3,1978532.74626798,3.45433727708688,0.200568841791732,C,fine,hrs_d_pm10_it1,sao_paulo_2010
4,2018465.48813258,1.69236445459887,0.204616924291482,C,fine,hrs_d_pm10_it1,sao_paulo_2010
5,2026016.68308258,0.825681695489486,0.205382407919753,C,fine,hrs_d_pm10_it1,sao_paulo_2010
1,1964097.4714749,51.1195878523301,0.19910550167181,A,fine,hrs_d_pm10_it2,sao_paulo_2010
2,1969129.55651996,48.921579164654,0.199615616791809,A,fine,hrs_d_pm10_it2,sao_paulo_2010
3,1975291.19855225,47.3642754973728,0.200240237945177,A,fine,hrs_d_pm10_it2,sao_paulo_2010
4,1972731.2344005,46.6074783997215,0.199980727939132,A,fine,hrs_d_pm10_it2,sao_paulo_2010
5,1983357.26756143,33.0792471848843,0.201057915652072,A,fine,hrs_d_pm10_it2,sao_paulo_2010
1,1964097.4714749,51.1195878523301,0.19910550167181,B_native,fine,hrs_d_pm10_it2,sao_paulo_2010
2,1969129.55651996,48.921579164654,0.199615616791809,B_native,fine,hrs_d_pm10_it2,sao_paulo_2010
3,1975291.19855225,47.3642754973728,0.200240237945177,B_native,fine,hrs_d_pm10_it2,sao_paulo_2010
4,1972731.2344005,46.6074783997215,0.199980727939132,B_native,fine,hrs_d_pm10_it2,sao_paulo_2010
5,1983357.26756143,33.0792471848843,0.201057915652072,B_native,fine,hrs_d_pm10_it2,sao_paulo_2010
1,1964097.4714749,51.1195878523301,0.19910550167181,B_common,fine,hrs_d_pm10_it2,sao_paulo_2010
2,1969129.55651996,48.921579164654,0.199615616791809,B_common,fine,hrs_d_pm10_it2,sao_paulo_2010
3,1975291.19855225,47.3642754973728,0.200240237945177,B_common,fine,hrs_d_pm10_it2,sao_paulo_2010
4,1972731.2344005,46.6074783997215,0.199980727939132,B_common,fine,hrs_d_pm10_it2,sao_paulo_2010
5,1983357.26756143,33.0792471848843,0.201057915652072,B_common,fine,hrs_d_pm10_it2,sao_paulo_2010
1,1964097.4714749,51.1195878523301,0.19910550167181,baseline_common,fine,hrs_d_pm10_it2,sao_paulo_2010
2,1969129.55651996,48.921579164654,0.199615616791809,baseline_common,fine,hrs_d_pm10_it2,sao_paulo_2010
3,1975291.19855225,47.3642754973728,0.200240237945177,baseline_common,fine,hrs_d_pm10_it2,sao_paulo_2010
4,1972731.2344005,46.6074783997215,0.199980727939132,baseline_common,fine,hrs_d_pm10_it2,sao_paulo_2010
5,1983357.26756143,33.0792471848843,0.201057915652072,baseline_common,fine,hrs_d_pm10_it2,sao_paulo_2010
1,1964097.4714749,51.1195878523301,0.19910550167181,A_common,fine,hrs_d_pm10_it2,sao_paulo_2010
2,1969129.55651996,48.921579164654,0.199615616791809,A_common,fine,hrs_d_pm10_it2,sao_paulo_2010
3,1975291.19855225,47.3642754973728,0.200240237945177,A_common,fine,hrs_d_pm10_it2,sao_paulo_2010
4,1972731.2344005,46.6074783997215,0.199980727939132,A_common,fine,hrs_d_pm10_it2,sao_paulo_2010
5,1983357.26756143,33.0792471848843,0.201057915652072,A_common,fine,hrs_d_pm10_it2,sao_paulo_2010
1,1893041.88136372,65.0567586639727,0.191902417751006,C,fine,hrs_d_pm10_it2,sao_paulo_2010
2,1948549.92966217,54.2711851685689,0.197529408246028,C,fine,hrs_d_pm10_it2,sao_paulo_2010
3,1978532.74626798,53.4900143780479,0.200568841791732,C,fine,hrs_d_pm10_it2,sao_paulo_2010
4,2018465.48813258,33.442646148971,0.204616924291482,C,fine,hrs_d_pm10_it2,sao_paulo_2010
5,2026016.68308258,22.5107504503332,0.205382407919753,C,fine,hrs_d_pm10_it2,sao_paulo_2010
1,1964097.4714749,27.119845044605,0.19910550167181,A,fine,avg_pm10,sao_paulo_2010
2,1969129.55651996,27.0720384007256,0.199615616791809,A,fine,avg_pm10,sao_paulo_2010
3,1975291.19855225,27.0258606518354,0.200240237945177,A,fine,avg_pm10,sao_paulo_2010
4,1972731.2344005,27.0133786822636,0.199980727939132,A,fine,avg_pm10,sao_paulo_2010
5,1983357.26756143,26.5733359497038,0.201057915652072,A,fine,avg_pm10,sao_paulo_2010
1,1964097.4714749,27.119845044605,0.19910550167181,B_native,fine,avg_pm10,sao_paulo_2010
2,1969129.55651996,27.0720384007256,0.199615616791809,B_native,fine,avg_pm10,sao_paulo_2010
3,1975291.19855225,27.0258606518354,0.200240237945177,B_native,fine,avg_pm10,sao_paulo_2010
4,1972731.2344005,27.0133786822636,0.199980727939132,B_native,fine,avg_pm10,sao_paulo_2010
5,1983357.26756143,26.5733359497038,0.201057915652072,B_native,fine,avg_pm10,sao_paulo_2010
1,1964097.4714749,27.119845044605,0.19910550167181,B_common,fine,avg_pm10,sao_paulo_2010
2,1969129.55651996,27.0720384007256,0.199615616791809,B_common,fine,avg_pm10,sao_paulo_2010
3,1975291.19855225,27.0258606518354,0.200240237945177,B_common,fine,avg_pm10,sao_paulo_2010
4,1972731.2344005,27.0133786822636,0.199980727939132,B_common,fine,avg_pm10,sao_paulo_2010
5,1983357.26756143,26.5733359497038,0.201057915652072,B_common,fine,avg_pm10,sao_paulo_2010
1,1964097.4714749,27.119845044605,0.19910550167181,baseline_common,fine,avg_pm10,sao_paulo_2010
2,1969129.55651996,27.0720384007256,0.199615616791809,baseline_common,fine,avg_pm10,sao_paulo_2010
3,1975291.19855225,27.0258606518354,0.200240237945177,baseline_common,fine,avg_pm10,sao_paulo_2010
4,1972731.2344005,27.0133786822636,0.199980727939132,baseline_common,fine,avg_pm10,sao_paulo_2010
5,1983357.26756143,26.5733359497038,0.201057915652072,baseline_common,fine,avg_pm10,sao_paulo_2010
1,1964097.4714749,27.119845044605,0.19910550167181,A_common,fine,avg_pm10,sao_paulo_2010
2,1969129.55651996,27.0720384007256,0.199615616791809,A_common,fine,avg_pm10,sao_paulo_2010
3,1975291.19855225,27.0258606518354,0.200240237945177,A_common,fine,avg_pm10,sao_paulo_2010
4,1972731.2344005,27.0133786822636,0.199980727939132,A_common,fine,avg_pm10,sao_paulo_2010
5,1983357.26756143,26.5733359497038,0.201057915652072,A_common,fine,avg_pm10,sao_paulo_2010
1,1893041.88136372,27.4141853096411,0.191902417751006,C,fine,avg_pm10,sao_paulo_2010
2,1948549.92966217,27.2274461879145,0.197529408246028,C,fine,avg_pm10,sao_paulo_2010
3,1978532.74626798,27.3373449029049,0.200568841791732,C,fine,avg_pm10,sao_paulo_2010
4,2018465.48813258,26.6644347840021,0.204616924291482,C,fine,avg_pm10,sao_paulo_2010
5,2026016.68308258,26.2058833355898,0.205382407919753,C,fine,avg_pm10,sao_paulo_2010
1,1960571.28233647,12.2687112212816,0.199000449508211,A,fine,hrs_d_pm25_it1,sao_paulo_2010
2,1966554.57942161,11.9070505565596,0.199607761683092,A,fine,hrs_d_pm25_it1,sao_paulo_2010
3,1972967.67180869,11.7002194686028,0.200258698621353,A,fine,hrs_d_pm25_it1,sao_paulo_2010
4,1970334.74618355,11.6304955047935,0.199991453360931,A,fine,hrs_d_pm25_it1,sao_paulo_2010
5,1981666.46265664,9.91319417598758,0.201141636826414,A,fine,hrs_d_pm25_it1,sao_paulo_2010
1,1960571.28233647,12.2687112212816,0.199000449508211,B_native,fine,hrs_d_pm25_it1,sao_paulo_2010
2,1966554.57942161,11.9070505565596,0.199607761683092,B_native,fine,hrs_d_pm25_it1,sao_paulo_2010
3,1972967.67180869,11.7002194686028,0.200258698621353,B_native,fine,hrs_d_pm25_it1,sao_paulo_2010
4,1970334.74618355,11.6304955047935,0.199991453360931,B_native,fine,hrs_d_pm25_it1,sao_paulo_2010
5,1981666.46265664,9.91319417598758,0.201141636826414,B_native,fine,hrs_d_pm25_it1,sao_paulo_2010
1,1960571.28233647,12.2687112212816,0.199000449508211,B_common,fine,hrs_d_pm25_it1,sao_paulo_2010
2,1966554.57942161,11.9070505565596,0.199607761683092,B_common,fine,hrs_d_pm25_it1,sao_paulo_2010
3,1972967.67180869,11.7002194686028,0.200258698621353,B_common,fine,hrs_d_pm25_it1,sao_paulo_2010
4,1970334.74618355,11.6304955047935,0.199991453360931,B_common,fine,hrs_d_pm25_it1,sao_paulo_2010
5,1981666.46265664,9.91319417598758,0.201141636826414,B_common,fine,hrs_d_pm25_it1,sao_paulo_2010
1,1960571.28233647,12.2687112212816,0.199000449508211,baseline_common,fine,hrs_d_pm25_it1,sao_paulo_2010
2,1966554.57942161,11.9070505565596,0.199607761683092,baseline_common,fine,hrs_d_pm25_it1,sao_paulo_2010
3,1972967.67180869,11.7002194686028,0.200258698621353,baseline_common,fine,hrs_d_pm25_it1,sao_paulo_2010
4,1970334.74618355,11.6304955047935,0.199991453360931,baseline_common,fine,hrs_d_pm25_it1,sao_paulo_2010
5,1981666.46265664,9.91319417598758,0.201141636826414,baseline_common,fine,hrs_d_pm25_it1,sao_paulo_2010
1,1960571.28233647,12.2687112212816,0.199000449508211,A_common,fine,hrs_d_pm25_it1,sao_paulo_2010
2,1966554.57942161,11.9070505565596,0.199607761683092,A_common,fine,hrs_d_pm25_it1,sao_paulo_2010
3,1972967.67180869,11.7002194686028,0.200258698621353,A_common,fine,hrs_d_pm25_it1,sao_paulo_2010
4,1970334.74618355,11.6304955047935,0.199991453360931,A_common,fine,hrs_d_pm25_it1,sao_paulo_2010
5,1981666.46265664,9.91319417598758,0.201141636826414,A_common,fine,hrs_d_pm25_it1,sao_paulo_2010
1,1893041.88136372,14.4792011755695,0.192146130428019,C,fine,hrs_d_pm25_it1,sao_paulo_2010
2,1936037.94356009,12.3051325762338,0.196510284785091,C,fine,hrs_d_pm25_it1,sao_paulo_2010
3,1978532.74626798,12.4781770751239,0.200823560674023,C,fine,hrs_d_pm25_it1,sao_paulo_2010
4,2018465.48813258,9.6090551586892,0.204876784166963,C,fine,hrs_d_pm25_it1,sao_paulo_2010
5,2026016.68308258,8.78440462940647,0.205643239945905,C,fine,hrs_d_pm25_it1,sao_paulo_2010
1,1960571.28233647,123.347138865017,0.199000449508211,A,fine,hrs_d_pm25_it2,sao_paulo_2010
2,1966554.57942161,119.696898777213,0.199607761683092,A,fine,hrs_d_pm25_it2,sao_paulo_2010
3,1972967.67180869,117.928110651017,0.200258698621353,A,fine,hrs_d_pm25_it2,sao_paulo_2010
4,1970334.74618355,117.031899638743,0.199991453360931,A,fine,hrs_d_pm25_it2,sao_paulo_2010
5,1981666.46265664,104.16411748237,0.201141636826414,A,fine,hrs_d_pm25_it2,sao_paulo_2010
1,1960571.28233647,123.347138865017,0.199000449508211,B_native,fine,hrs_d_pm25_it2,sao_paulo_2010
2,1966554.57942161,119.696898777213,0.199607761683092,B_native,fine,hrs_d_pm25_it2,sao_paulo_2010
3,1972967.67180869,117.928110651017,0.200258698621353,B_native,fine,hrs_d_pm25_it2,sao_paulo_2010
4,1970334.74618355,117.031899638743,0.199991453360931,B_native,fine,hrs_d_pm25_it2,sao_paulo_2010
5,1981666.46265664,104.16411748237,0.201141636826414,B_native,fine,hrs_d_pm25_it2,sao_paulo_2010
1,1960571.28233647,123.347138865017,0.199000449508211,B_common,fine,hrs_d_pm25_it2,sao_paulo_2010
2,1966554.57942161,119.696898777213,0.199607761683092,B_common,fine,hrs_d_pm25_it2,sao_paulo_2010
3,1972967.67180869,117.928110651017,0.200258698621353,B_common,fine,hrs_d_pm25_it2,sao_paulo_2010
4,1970334.74618355,117.031899638743,0.199991453360931,B_common,fine,hrs_d_pm25_it2,sao_paulo_2010
5,1981666.46265664,104.16411748237,0.201141636826414,B_common,fine,hrs_d_pm25_it2,sao_paulo_2010
1,1960571.28233647,123.347138865017,0.199000449508211,baseline_common,fine,hrs_d_pm25_it2,sao_paulo_2010
2,1966554.57942161,119.696898777213,0.199607761683092,baseline_common,fine,hrs_d_pm25_it2,sao_paulo_2010
3,1972967.67180869,117.928110651017,0.200258698621353,baseline_common,fine,hrs_d_pm25_it2,sao_paulo_2010
4,1970334.74618355,117.031899638743,0.199991453360931,baseline_common,fine,hrs_d_pm25_it2,sao_paulo_2010
5,1981666.46265664,104.16411748237,0.201141636826414,baseline_common,fine,hrs_d_pm25_it2,sao_paulo_2010
1,1960571.28233647,123.347138865017,0.199000449508211,A_common,fine,hrs_d_pm25_it2,sao_paulo_2010
2,1966554.57942161,119.696898777213,0.199607761683092,A_common,fine,hrs_d_pm25_it2,sao_paulo_2010
3,1972967.67180869,117.928110651017,0.200258698621353,A_common,fine,hrs_d_pm25_it2,sao_paulo_2010
4,1970334.74618355,117.031899638743,0.199991453360931,A_common,fine,hrs_d_pm25_it2,sao_paulo_2010
5,1981666.46265664,104.16411748237,0.201141636826414,A_common,fine,hrs_d_pm25_it2,sao_paulo_2010
1,1893041.88136372,141.589623553777,0.192146130428019,C,fine,hrs_d_pm25_it2,sao_paulo_2010
2,1936037.94356009,124.948308724504,0.196510284785091,C,fine,hrs_d_pm25_it2,sao_paulo_2010
3,1978532.74626798,124.466665011111,0.200823560674023,C,fine,hrs_d_pm25_it2,sao_paulo_2010
4,2018465.48813258,98.5459890697805,0.204876784166963,C,fine,hrs_d_pm25_it2,sao_paulo_2010
5,2026016.68308258,94.6623224566199,0.205643239945905,C,fine,hrs_d_pm25_it2,sao_paulo_2010
1,1960571.28233647,15.041194517727,0.199000449508211,A,fine,avg_pm25,sao_paulo_2010
2,1966554.57942161,15.0472537981648,0.199607761683092,A,fine,avg_pm25,sao_paulo_2010
3,1972967.67180869,15.049994467953,0.200258698621353,A,fine,avg_pm25,sao_paulo_2010
4,1970334.74618355,15.0525828872627,0.199991453360931,A,fine,avg_pm25,sao_paulo_2010
5,1981666.46265664,15.1129130803785,0.201141636826414,A,fine,avg_pm25,sao_paulo_2010
1,1960571.28233647,15.041194517727,0.199000449508211,B_native,fine,avg_pm25,sao_paulo_2010
2,1966554.57942161,15.0472537981648,0.199607761683092,B_native,fine,avg_pm25,sao_paulo_2010
3,1972967.67180869,15.049994467953,0.200258698621353,B_native,fine,avg_pm25,sao_paulo_2010
4,1970334.74618355,15.0525828872627,0.199991453360931,B_native,fine,avg_pm25,sao_paulo_2010
5,1981666.46265664,15.1129130803785,0.201141636826414,B_native,fine,avg_pm25,sao_paulo_2010
1,1960571.28233647,15.041194517727,0.199000449508211,B_common,fine,avg_pm25,sao_paulo_2010
2,1966554.57942161,15.0472537981648,0.199607761683092,B_common,fine,avg_pm25,sao_paulo_2010
3,1972967.67180869,15.049994467953,0.200258698621353,B_common,fine,avg_pm25,sao_paulo_2010
4,1970334.74618355,15.0525828872627,0.199991453360931,B_common,fine,avg_pm25,sao_paulo_2010
5,1981666.46265664,15.1129130803785,0.201141636826414,B_common,fine,avg_pm25,sao_paulo_2010
1,1960571.28233647,15.041194517727,0.199000449508211,baseline_common,fine,avg_pm25,sao_paulo_2010
2,1966554.57942161,15.0472537981648,0.199607761683092,baseline_common,fine,avg_pm25,sao_paulo_2010
3,1972967.67180869,15.049994467953,0.200258698621353,baseline_common,fine,avg_pm25,sao_paulo_2010
4,1970334.74618355,15.0525828872627,0.199991453360931,baseline_common,fine,avg_pm25,sao_paulo_2010
5,1981666.46265664,15.1129130803785,0.201141636826414,baseline_common,fine,avg_pm25,sao_paulo_2010
1,1960571.28233647,15.041194517727,0.199000449508211,A_common,fine,avg_pm25,sao_paulo_2010
2,1966554.57942161,15.0472537981648,0.199607761683092,A_common,fine,avg_pm25,sao_paulo_2010
3,1972967.67180869,15.049994467953,0.200258698621353,A_common,fine,avg_pm25,sao_paulo_2010
4,1970334.74618355,15.0525828872627,0.199991453360931,A_common,fine,avg_pm25,sao_paulo_2010
5,1981666.46265664,15.1129130803785,0.201141636826414,A_common,fine,avg_pm25,sao_paulo_2010
1,1893041.88136372,14.9432457079938,0.192146130428019,C,fine,avg_pm25,sao_paulo_2010
2,1936037.94356009,15.0767952085901,0.196510284785091,C,fine,avg_pm25,sao_paulo_2010
3,1978532.74626798,15.0155050076501,0.200823560674023,C,fine,avg_pm25,sao_paulo_2010
4,2018465.48813258,15.1172171759538,0.204876784166963,C,fine,avg_pm25,sao_paulo_2010
5,2026016.68308258,15.1437180709604,0.205643239945905,C,fine,avg_pm25,sao_paulo_2010
1,1964097.4714749,2.91205738243898,0.19910550167181,A,municipio,hrs_d_pm10_it1,sao_paulo_2010
2,1969129.55651996,2.87279153501955,0.199615616791809,A,municipio,hrs_d_pm10_it1,sao_paulo_2010
3,1975291.19855225,2.83605795274218,0.200240237945177,A,municipio,hrs_d_pm10_it1,sao_paulo_2010
4,1972731.2344005,2.87554422758326,0.199980727939132,A,municipio,hrs_d_pm10_it1,sao_paulo_2010
5,1983357.26756143,2.47363304676234,0.201057915652072,A,municipio,hrs_d_pm10_it1,sao_paulo_2010
1,1938881.84090073,2.70306310998527,0.198907120854289,B_native,municipio,hrs_d_pm10_it1,sao_paulo_2010
2,1944693.96566961,2.70828476535391,0.199503378439169,B_native,municipio,hrs_d_pm10_it1,sao_paulo_2010
3,1952646.47672724,2.72902837164263,0.200319215198618,B_native,municipio,hrs_d_pm10_it1,sao_paulo_2010
4,1948973.14950273,2.81225146866952,0.199942373801288,B_native,municipio,hrs_d_pm10_it1,sao_paulo_2010
5,1962478.92181003,2.21068365328697,0.201327911706636,B_native,municipio,hrs_d_pm10_it1,sao_paulo_2010
1,1936959.55076849,2.69979114220061,0.198872593683688,B_common,municipio,hrs_d_pm10_it1,sao_paulo_2010
2,1942627.13042233,2.70478258371316,0.199454498589869,B_common,municipio,hrs_d_pm10_it1,sao_paulo_2010
3,1950799.7789261,2.72593195130318,0.200293605325251,B_common,municipio,hrs_d_pm10_it1,sao_paulo_2010
4,1947480.94918648,2.80980894959451,0.199952852583123,B_common,municipio,hrs_d_pm10_it1,sao_paulo_2010
5,1961833.34528764,2.20943671063752,0.201426449818069,B_common,municipio,hrs_d_pm10_it1,sao_paulo_2010
1,1936959.55076849,3.20387800198388,0.198872593683688,baseline_common,municipio,hrs_d_pm10_it1,sao_paulo_2010
2,1942627.13042233,3.01960527692378,0.199454498589869,baseline_common,municipio,hrs_d_pm10_it1,sao_paulo_2010
3,1950799.7789261,2.88384533456765,0.200293605325251,baseline_common,municipio,hrs_d_pm10_it1,sao_paulo_2010
4,1947480.94918648,2.80881416776668,0.199952852583123,baseline_common,municipio,hrs_d_pm10_it1,sao_paulo_2010
5,1961833.34528764,1.63765166288194,0.201426449818069,baseline_common,municipio,hrs_d_pm10_it1,sao_paulo_2010
1,1936959.55076849,2.83183228733859,0.198872593683688,A_common,municipio,hrs_d_pm10_it1,sao_paulo_2010
2,1942627.13042233,2.79260482745465,0.199454498589869,A_common,municipio,hrs_d_pm10_it1,sao_paulo_2010
3,1950799.7789261,2.76926050645051,0.200293605325251,A_common,municipio,hrs_d_pm10_it1,sao_paulo_2010
4,1947480.94918648,2.80981926124275,0.199952852583123,A_common,municipio,hrs_d_pm10_it1,sao_paulo_2010
5,1961833.34528764,2.42984791523615,0.201426449818069,A_common,municipio,hrs_d_pm10_it1,sao_paulo_2010
1,1555769.50921219,5.11519258256156,0.157712268925629,C,municipio,hrs_d_pm10_it1,sao_paulo_2010
2,1476089.6009349,3.07415373985995,0.149634916176531,C,municipio,hrs_d_pm10_it1,sao_paulo_2010
3,0,,0,C,municipio,hrs_d_pm10_it1,sao_paulo_2010
4,0,,0,C,municipio,hrs_d_pm10_it1,sao_paulo_2010
5,6832747.61836195,2.1795843945905,0.69265281489784,C,municipio,hrs_d_pm10_it1,sao_paulo_2010
1,1964097.4714749,47.072243520128,0.19910550167181,A,municipio,hrs_d_pm10_it2,sao_paulo_2010
2,1969129.55651996,46.5009135771408,0.199615616791809,A,municipio,hrs_d_pm10_it2,sao_paulo_2010
3,1975291.19855225,46.0749227082996,0.200240237945177,A,municipio,hrs_d_pm10_it2,sao_paulo_2010
4,1972731.2344005,46.4852566046841,0.199980727939132,A,municipio,hrs_d_pm10_it2,sao_paulo_2010
5,1983357.26756143,41.7293541546966,0.201057915652072,A,municipio,hrs_d_pm10_it2,sao_paulo_2010
1,1938881.84090073,45.5952309322725,0.198907120854289,B_native,municipio,hrs_d_pm10_it2,sao_paulo_2010
2,1944693.96566961,45.2286558022214,0.199503378439169,B_native,municipio,hrs_d_pm10_it2,sao_paulo_2010
3,1952646.47672724,45.046326160018,0.200319215198618,B_native,municipio,hrs_d_pm10_it2,sao_paulo_2010
4,1948973.14950273,45.9134160237631,0.199942373801288,B_native,municipio,hrs_d_pm10_it2,sao_paulo_2010
5,1962478.92181003,37.3337929978123,0.201327911706636,B_native,municipio,hrs_d_pm10_it2,sao_paulo_2010
1,1936959.55076849,45.5779579769237,0.198872593683688,B_common,municipio,hrs_d_pm10_it2,sao_paulo_2010
2,1942627.13042233,45.209748189945,0.199454498589869,B_common,municipio,hrs_d_pm10_it2,sao_paulo_2010
3,1950799.7789261,45.0293305614124,0.200293605325251,B_common,municipio,hrs_d_pm10_it2,sao_paulo_2010
4,1947480.94918648,45.9003239285496,0.199952852583123,B_common,municipio,hrs_d_pm10_it2,sao_paulo_2010
5,1961833.34528764,37.3253470710983,0.201426449818069,B_common,municipio,hrs_d_pm10_it2,sao_paulo_2010
1,1936959.55076849,50.7204623846652,0.198872593683688,baseline_common,municipio,hrs_d_pm10_it2,sao_paulo_2010
2,1942627.13042233,48.4929329957916,0.199454498589869,baseline_common,municipio,hrs_d_pm10_it2,sao_paulo_2010
3,1950799.7789261,46.9896959654627,0.200293605325251,baseline_common,municipio,hrs_d_pm10_it2,sao_paulo_2010
4,1947480.94918648,46.2284835202451,0.199952852583123,baseline_common,municipio,hrs_d_pm10_it2,sao_paulo_2010
5,1961833.34528764,32.7454140896335,0.201426449818069,baseline_common,municipio,hrs_d_pm10_it2,sao_paulo_2010
1,1936959.55076849,46.624484660216,0.198872593683688,A_common,municipio,hrs_d_pm10_it2,sao_paulo_2010
2,1942627.13042233,46.0478316095161,0.199454498589869,A_common,municipio,hrs_d_pm10_it2,sao_paulo_2010
3,1950799.7789261,45.6953007578558,0.200293605325251,A_common,municipio,hrs_d_pm10_it2,sao_paulo_2010
4,1947480.94918648,46.1139997643813,0.199952852583123,A_common,municipio,hrs_d_pm10_it2,sao_paulo_2010
5,1961833.34528764,41.4600041781877,0.201426449818069,A_common,municipio,hrs_d_pm10_it2,sao_paulo_2010
1,1555769.50921219,69.1449277407703,0.157712268925629,C,municipio,hrs_d_pm10_it2,sao_paulo_2010
2,1476089.6009349,57.460277278545,0.149634916176531,C,municipio,hrs_d_pm10_it2,sao_paulo_2010
3,0,,0,C,municipio,hrs_d_pm10_it2,sao_paulo_2010
4,0,,0,C,municipio,hrs_d_pm10_it2,sao_paulo_2010
5,6832747.61836195,37.3871445521458,0.69265281489784,C,municipio,hrs_d_pm10_it2,sao_paulo_2010
1,1964097.4714749,26.9805953983977,0.19910550167181,A,municipio,avg_pm10,sao_paulo_2010
2,1969129.55651996,26.9891536269491,0.199615616791809,A,municipio,avg_pm10,sao_paulo_2010
3,1975291.19855225,26.9870779594923,0.200240237945177,A,municipio,avg_pm10,sao_paulo_2010
4,1972731.2344005,27.0150749850809,0.199980727939132,A,municipio,avg_pm10,sao_paulo_2010
5,1983357.26756143,26.8556306917419,0.201057915652072,A,municipio,avg_pm10,sao_paulo_2010
1,1938881.84090073,27.4534608841211,0.198907120854289,B_native,municipio,avg_pm10,sao_paulo_2010
2,1944693.96566961,27.5368051040064,0.199503378439169,B_native,municipio,avg_pm10,sao_paulo_2010
3,1952646.47672724,27.5621475179599,0.200319215198618,B_native,municipio,avg_pm10,sao_paulo_2010
4,1948973.14950273,27.6419403344945,0.199942373801288,B_native,municipio,avg_pm10,sao_paulo_2010
5,1962478.92181003,27.4395010652453,0.201327911706636,B_native,municipio,avg_pm10,sao_paulo_2010
1,1936959.55076849,27.4550306224345,0.198872593683688,B_common,municipio,avg_pm10,sao_paulo_2010
2,1942627.13042233,27.5385766266261,0.199454498589869,B_common,municipio,avg_pm10,sao_paulo_2010
3,1950799.7789261,27.5637477156427,0.200293605325251,B_common,municipio,avg_pm10,sao_paulo_2010
4,1947480.94918648,27.6432966960029,0.199952852583123,B_common,municipio,avg_pm10,sao_paulo_2010
5,1961833.34528764,27.4400169640322,0.201426449818069,B_common,municipio,avg_pm10,sao_paulo_2010
1,1936959.55076849,27.1181834210465,0.198872593683688,baseline_common,municipio,avg_pm10,sao_paulo_2010
2,1942627.13042233,27.0695869952045,0.199454498589869,baseline_common,municipio,avg_pm10,sao_paulo_2010
3,1950799.7789261,27.0226619551698,0.200293605325251,baseline_common,municipio,avg_pm10,sao_paulo_2010
4,1947480.94918648,27.0098345256813,0.199952852583123,baseline_common,municipio,avg_pm10,sao_paulo_2010
5,1961833.34528764,26.5660248243099,0.201426449818069,baseline_common,municipio,avg_pm10,sao_paulo_2010
1,1936959.55076849,26.9768588594923,0.198872593683688,A_common,municipio,avg_pm10,sao_paulo_2010
2,1942627.13042233,26.9856536678443,0.199454498589869,A_common,municipio,avg_pm10,sao_paulo_2010
3,1950799.7789261,26.9837540529973,0.200293605325251,A_common,municipio,avg_pm10,sao_paulo_2010
4,1947480.94918648,27.0119797320977,0.199952852583123,A_common,municipio,avg_pm10,sao_paulo_2010
5,1961833.34528764,26.851048723849,0.201426449818069,A_common,municipio,avg_pm10,sao_paulo_2010
1,1555769.50921219,27.6934327480792,0.157712268925629,C,municipio,avg_pm10,sao_paulo_2010
2,1476089.6009349,27.2272370477734,0.149634916176531,C,municipio,avg_pm10,sao_paulo_2010
3,0,,0,C,municipio,avg_pm10,sao_paulo_2010
4,0,,0,C,municipio,avg_pm10,sao_paulo_2010
5,6832747.61836195,26.7357203924906,0.69265281489784,C,municipio,avg_pm10,sao_paulo_2010
1,1960571.28233647,11.7758463635939,0.199000449508211,A,municipio,hrs_d_pm25_it1,sao_paulo_2010
2,1966554.57942161,11.6815569171766,0.199607761683092,A,municipio,hrs_d_pm25_it1,sao_paulo_2010
3,1972967.67180869,11.5793900507817,0.200258698621353,A,municipio,hrs_d_pm25_it1,sao_paulo_2010
4,1970334.74618355,11.6154862359572,0.199991453360931,A,municipio,hrs_d_pm25_it1,sao_paulo_2010
5,1981666.46265664,10.927103706119,0.201141636826414,A,municipio,hrs_d_pm25_it1,sao_paulo_2010
1,1935355.6517623,11.99010115504,0.198800551906856,B_native,municipio,hrs_d_pm25_it1,sao_paulo_2010
2,1942118.98857126,11.8788028064098,0.199495284727219,B_native,municipio,hrs_d_pm25_it1,sao_paulo_2010
3,1950322.94998368,11.7850366356146,0.200337999116756,B_native,municipio,hrs_d_pm25_it1,sao_paulo_2010
4,1946576.66128579,11.8089605182132,0.199953178755668,B_native,municipio,hrs_d_pm25_it1,sao_paulo_2010
5,1960788.11690524,10.9555448899931,0.201412985493502,B_native,municipio,hrs_d_pm25_it1,sao_paulo_2010
1,1933433.36163006,11.986114367011,0.198765892967285,B_common,municipio,hrs_d_pm25_it1,sao_paulo_2010
2,1940052.15332398,11.8744122875229,0.199446335369653,B_common,municipio,hrs_d_pm25_it1,sao_paulo_2010
3,1948476.25218255,11.781041840416,0.200312371699272,B_common,municipio,hrs_d_pm25_it1,sao_paulo_2010
4,1945084.46096953,11.8057453002802,0.199963679873325,B_common,municipio,hrs_d_pm25_it1,sao_paulo_2010
5,1960142.54038285,10.9538834894979,0.201511720090464,B_common,municipio,hrs_d_pm25_it1,sao_paulo_2010
1,1933433.36163006,11.9906916434334,0.198765892967285,baseline_common,municipio,hrs_d_pm25_it1,sao_paulo_2010
2,1940052.15332398,11.6338098492605,0.199446335369653,baseline_common,municipio,hrs_d_pm25_it1,sao_paulo_2010
3,1948476.25218255,11.4575143109468,0.200312371699272,baseline_common,municipio,hrs_d_pm25_it1,sao_paulo_2010
4,1945084.46096953,11.3868180579709,0.199963679873325,baseline_common,municipio,hrs_d_pm25_it1,sao_paulo_2010
5,1960142.54038285,9.77430558991634,0.201511720090464,baseline_common,municipio,hrs_d_pm25_it1,sao_paulo_2010
1,1933433.36163006,11.5080380057725,0.198765892967285,A_common,municipio,hrs_d_pm25_it1,sao_paulo_2010
2,1940052.15332398,11.4170822124513,0.199446335369653,A_common,municipio,hrs_d_pm25_it1,sao_paulo_2010
3,1948476.25218255,11.3448853025632,0.200312371699272,A_common,municipio,hrs_d_pm25_it1,sao_paulo_2010
4,1945084.46096953,11.3772701777295,0.199963679873325,A_common,municipio,hrs_d_pm25_it1,sao_paulo_2010
5,1960142.54038285,10.7436897807329,0.201511720090464,A_common,municipio,hrs_d_pm25_it1,sao_paulo_2010
1,1543257.52311011,15.4497559306568,0.156642578401867,C,municipio,hrs_d_pm25_it1,sao_paulo_2010
2,1476089.6009349,13.0199861013845,0.149824949873987,C,municipio,hrs_d_pm25_it1,sao_paulo_2010
3,0,,0,C,municipio,hrs_d_pm25_it1,sao_paulo_2010
4,0,,0,C,municipio,hrs_d_pm25_it1,sao_paulo_2010
5,6832747.61836195,10.252493148365,0.693532471724145,C,municipio,hrs_d_pm25_it1,sao_paulo_2010
1,1960571.28233647,119.359147391917,0.199000449508211,A,municipio,hrs_d_pm25_it2,sao_paulo_2010
2,1966554.57942161,118.255338252621,0.199607761683092,A,municipio,hrs_d_pm25_it2,sao_paulo_2010
3,1972967.67180869,117.360733551387,0.200258698621353,A,municipio,hrs_d_pm25_it2,sao_paulo_2010
4,1970334.74618355,117.305933061319,0.199991453360931,A,municipio,hrs_d_pm25_it2,sao_paulo_2010
5,1981666.46265664,111.324459924638,0.201141636826414,A,municipio,hrs_d_pm25_it2,sao_paulo_2010
1,1935355.6517623,130.035621779538,0.198800551906856,B_native,municipio,hrs_d_pm25_it2,sao_paulo_2010
2,1942118.98857126,128.722097139665,0.199495284727219,B_native,municipio,hrs_d_pm25_it2,sao_paulo_2010
3,1950322.94998368,127.630468974907,0.200337999116756,B_native,municipio,hrs_d_pm25_it2,sao_paulo_2010
4,1946576.66128579,127.268294523621,0.199953178755668,B_native,municipio,hrs_d_pm25_it2,sao_paulo_2010
5,1960788.11690524,120.056727114059,0.201412985493502,B_native,municipio,hrs_d_pm25_it2,sao_paulo_2010
1,1933433.36163006,130.013783991719,0.198765892967285,B_common,municipio,hrs_d_pm25_it2,sao_paulo_2010
2,1940052.15332398,128.697298017624,0.199446335369653,B_common,municipio,hrs_d_pm25_it2,sao_paulo_2010
3,1948476.25218255,127.607372383759,0.200312371699272,B_common,municipio,hrs_d_pm25_it2,sao_paulo_2010
4,1945084.46096953,127.249321229929,0.199963679873325,B_common,municipio,hrs_d_pm25_it2,sao_paulo_2010
5,1960142.54038285,120.046206538846,0.201511720090464,B_common,municipio,hrs_d_pm25_it2,sao_paulo_2010
1,1933433.36163006,121.527339599315,0.198765892967285,baseline_common,municipio,hrs_d_pm25_it2,sao_paulo_2010
2,1940052.15332398,117.877158325552,0.199446335369653,baseline_common,municipio,hrs_d_pm25_it2,sao_paulo_2010
3,1948476.25218255,116.184992268045,0.200312371699272,baseline_common,municipio,hrs_d_pm25_it2,sao_paulo_2010
4,1945084.46096953,115.22259828608,0.199963679873325,baseline_common,municipio,hrs_d_pm25_it2,sao_paulo_2010
5,1960142.54038285,102.868081535518,0.201511720090464,baseline_common,municipio,hrs_d_pm25_it2,sao_paulo_2010
1,1933433.36163006,117.558168972566,0.198765892967285,A_common,municipio,hrs_d_pm25_it2,sao_paulo_2010
2,1940052.15332398,116.490638605704,0.199446335369653,A_common,municipio,hrs_d_pm25_it2,sao_paulo_2010
3,1948476.25218255,115.706290333678,0.200312371699272,A_common,municipio,hrs_d_pm25_it2,sao_paulo_2010
4,1945084.46096953,115.588969228993,0.199963679873325,A_common,municipio,hrs_d_pm25_it2,sao_paulo_2010
5,1960142.54038285,109.770480506509,0.201511720090464,A_common,municipio,hrs_d_pm25_it2,sao_paulo_2010
1,1543257.52311011,148.052340794997,0.156642578401867,C,municipio,hrs_d_pm25_it2,sao_paulo_2010
2,1476089.6009349,144.500881050417,0.149824949873987,C,municipio,hrs_d_pm25_it2,sao_paulo_2010
3,0,,0,C,municipio,hrs_d_pm25_it2,sao_paulo_2010
4,0,,0,C,municipio,hrs_d_pm25_it2,sao_paulo_2010
5,6832747.61836195,103.197300976517,0.693532471724145,C,municipio,hrs_d_pm25_it2,sao_paulo_2010
1,1960571.28233647,15.0619701020062,0.199000449508211,A,municipio,avg_pm25,sao_paulo_2010
2,1966554.57942161,15.064894257052,0.199607761683092,A,municipio,avg_pm25,sao_paulo_2010
3,1972967.67180869,15.0608964626721,0.200258698621353,A,municipio,avg_pm25,sao_paulo_2010
4,1970334.74618355,15.056793001484,0.199991453360931,A,municipio,avg_pm25,sao_paulo_2010
5,1981666.46265664,15.0575939941374,0.201141636826414,A,municipio,avg_pm25,sao_paulo_2010
1,1935355.6517623,15.3276665774955,0.198800551906856,B_native,municipio,avg_pm25,sao_paulo_2010
2,1942118.98857126,15.3316811925083,0.199495284727219,B_native,municipio,avg_pm25,sao_paulo_2010
3,1950322.94998368,15.3245597995048,0.200337999116756,B_native,municipio,avg_pm25,sao_paulo_2010
4,1946576.66128579,15.3143959641828,0.199953178755668,B_native,municipio,avg_pm25,sao_paulo_2010
5,1960788.11690524,15.3466775260479,0.201412985493502,B_native,municipio,avg_pm25,sao_paulo_2010
1,1933433.36163006,15.3279818330997,0.198765892967285,B_common,municipio,avg_pm25,sao_paulo_2010
2,1940052.15332398,15.3320232740661,0.199446335369653,B_common,municipio,avg_pm25,sao_paulo_2010
3,1948476.25218255,15.3248573753011,0.200312371699272,B_common,municipio,avg_pm25,sao_paulo_2010
4,1945084.46096953,15.3146290384213,0.199963679873325,B_common,municipio,avg_pm25,sao_paulo_2010
5,1960142.54038285,15.346788219234,0.201511720090464,B_common,municipio,avg_pm25,sao_paulo_2010
1,1933433.36163006,15.0275964521887,0.198765892967285,baseline_common,municipio,avg_pm25,sao_paulo_2010
2,1940052.15332398,15.0342064580882,0.199446335369653,baseline_common,municipio,avg_pm25,sao_paulo_2010
3,1948476.25218255,15.0362013287569,0.200312371699272,baseline_common,municipio,avg_pm25,sao_paulo_2010
4,1945084.46096953,15.0378068357683,0.199963679873325,baseline_common,municipio,avg_pm25,sao_paulo_2010
5,1960142.54038285,15.1013324013094,0.201511720090464,baseline_common,municipio,avg_pm25,sao_paulo_2010
1,1933433.36163006,15.0486509580075,0.198765892967285,A_common,municipio,avg_pm25,sao_paulo_2010
2,1940052.15332398,15.052237243883,0.199446335369653,A_common,municipio,avg_pm25,sao_paulo_2010
3,1948476.25218255,15.0479238174813,0.200312371699272,A_common,municipio,avg_pm25,sao_paulo_2010
4,1945084.46096953,15.0428730722193,0.199963679873325,A_common,municipio,avg_pm25,sao_paulo_2010
5,1960142.54038285,15.043022295279,0.201511720090464,A_common,municipio,avg_pm25,sao_paulo_2010
1,1543257.52311011,14.9572291902613,0.156642578401867,C,municipio,avg_pm25,sao_paulo_2010
2,1476089.6009349,15.4217394181234,0.149824949873987,C,municipio,avg_pm25,sao_paulo_2010
3,0,,0,C,municipio,avg_pm25,sao_paulo_2010
4,0,,0,C,municipio,avg_pm25,sao_paulo_2010
5,6832747.61836195,15.0063184815224,0.693532471724145,C,municipio,avg_pm25,sao_paulo_2010
