edu_quintile,population,mean,share,design,level,outcome,city_id
1,1105117,0.623743006396608,0.199095858199665,A,fine,hrs_d_pm10_it1,bogota_2018
2,1105597,0.350405256164769,0.199182334122066,A,fine,hrs_d_pm10_it1,bogota_2018
3,1113915,0.831533824394141,0.200680889794004,A,fine,hrs_d_pm10_it1,bogota_2018
4,1112292,0.371621840308121,0.200388493081386,A,fine,hrs_d_pm10_it1,bogota_2018
5,1113757,0.304500892025819,0.20065242480288,A,fine,hrs_d_pm10_it1,bogota_2018
1,1105207,0.623692213313886,0.19910414511235,B_native,fine,hrs_d_pm10_it1,bogota_2018
2,1105628,0.350395431374748,0.199179988682914,B_native,fine,hrs_d_pm10_it1,bogota_2018
3,1113973,0.831490529842285,0.200683348769271,B_native,fine,hrs_d_pm10_it1,bogota_2018
4,1112308,0.371616494711896,0.200383397355996,B_native,fine,hrs_d_pm10_it1,bogota_2018
5,1113783,0.304493783798101,0.200649120079468,B_native,fine,hrs_d_pm10_it1,bogota_2018
1,1105117,0.623743006396608,0.199095858199665,B_common,fine,hrs_d_pm10_it1,bogota_2018
2,1105597,0.350405256164769,0.199182334122066,B_common,fine,hrs_d_pm10_it1,bogota_2018
3,1113915,0.831533824394141,0.200680889794004,B_common,fine,hrs_d_pm10_it1,bogota_2018
4,1112292,0.371621840308121,0.200388493081386,B_common,fine,hrs_d_pm10_it1,bogota_2018
5,1113757,0.304500892025819,0.20065242480288,B_common,fine,hrs_d_pm10_it1,bogota_2018
1,1105117,0.623743006396608,0.199095858199665,baseline_common,fine,hrs_d_pm10_it1,bogota_2018
2,1105597,0.350405256164769,0.199182334122066,baseline_common,fine,hrs_d_pm10_it1,bogota_2018
3,1113915,0.831533824394141,0.200680889794004,baseline_common,fine,hrs_d_pm10_it1,bogota_2018
4,1112292,0.371621840308121,0.200388493081386,baseline_common,fine,hrs_d_pm10_it1,bogota_2018
5,1113757,0.304500892025819,0.20065242480288,baseline_common,fine,hrs_d_pm10_it1,bogota_2018
1,1105117,0.623743006396608,0.199095858199665,A_common,fine,hrs_d_pm10_it1,bogota_2018
2,1105597,0.350405256164769,0.199182334122066,A_common,fine,hrs_d_pm10_it1,bogota_2018
3,1113915,0.831533824394141,0.200680889794004,A_common,fine,hrs_d_pm10_it1,bogota_2018
4,1112292,0.371621840308121,0.200388493081386,A_common,fine,hrs_d_pm10_it1,bogota_2018
5,1113757,0.304500892025819,0.20065242480288,A_common,fine,hrs_d_pm10_it1,bogota_2018
1,1090461,0.581645744322814,0.196455460035693,C,fine,hrs_d_pm10_it1,bogota_2018
2,1116574,0.538070024915501,0.20115993037247,C,fine,hrs_d_pm10_it1,bogota_2018
3,1115887,1.12380913121131,0.201036161708534,C,fine,hrs_d_pm10_it1,bogota_2018
4,1115033,0.235021743751082,0.200882306629929,C,fine,hrs_d_pm10_it1,bogota_2018
5,1112723,0.00387158349382551,0.200466141253375,C,fine,hrs_d_pm10_it1,bogota_2018
1,1105117,27.9503925828668,0.199095858199665,A,fine,hrs_d_pm10_it2,bogota_2018
2,1105597,28.5124091328034,0.199182334122066,A,fine,hrs_d_pm10_it2,bogota_2018
3,1113915,25.8731608785231,0.200680889794004,A,fine,hrs_d_pm10_it2,bogota_2018
4,1112292,20.3437496628583,0.200388493081386,A,fine,hrs_d_pm10_it2,bogota_2018
5,1113757,8.99595602990599,0.20065242480288,A,fine,hrs_d_pm10_it2,bogota_2018
1,1105207,27.9481165066816,0.19910414511235,B_native,fine,hrs_d_pm10_it2,bogota_2018
2,1105628,28.5116096915056,0.199179988682914,B_native,fine,hrs_d_pm10_it2,bogota_2018
3,1113973,25.8718137692745,0.200683348769271,B_native,fine,hrs_d_pm10_it2,bogota_2018
4,1112308,20.3434570280893,0.200383397355996,B_native,fine,hrs_d_pm10_it2,bogota_2018
5,1113783,8.99574602952281,0.200649120079468,B_native,fine,hrs_d_pm10_it2,bogota_2018
1,1105117,27.9503925828668,0.199095858199665,B_common,fine,hrs_d_pm10_it2,bogota_2018
2,1105597,28.5124091328034,0.199182334122066,B_common,fine,hrs_d_pm10_it2,bogota_2018
3,1113915,25.8731608785231,0.200680889794004,B_common,fine,hrs_d_pm10_it2,bogota_2018
4,1112292,20.3437496628583,0.200388493081386,B_common,fine,hrs_d_pm10_it2,bogota_2018
5,1113757,8.99595602990599,0.20065242480288,B_common,fine,hrs_d_pm10_it2,bogota_2018
1,1105117,27.9503925828668,0.199095858199665,baseline_common,fine,hrs_d_pm10_it2,bogota_2018
2,1105597,28.5124091328034,0.199182334122066,baseline_common,fine,hrs_d_pm10_it2,bogota_2018
3,1113915,25.8731608785231,0.200680889794004,baseline_common,fine,hrs_d_pm10_it2,bogota_2018
4,1112292,20.3437496628583,0.200388493081386,baseline_common,fine,hrs_d_pm10_it2,bogota_2018
5,1113757,8.99595602990599,0.20065242480288,baseline_common,fine,hrs_d_pm10_it2,bogota_2018
1,1105117,27.9503925828668,0.199095858199665,A_common,fine,hrs_d_pm10_it2,bogota_2018
2,1105597,28.5124091328034,0.199182334122066,A_common,fine,hrs_d_pm10_it2,bogota_2018
3,1113915,25.8731608785231,0.200680889794004,A_common,fine,hrs_d_pm10_it2,bogota_2018
4,1112292,20.3437496628583,0.200388493081386,A_common,fine,hrs_d_pm10_it2,bogota_2018
5,1113757,8.99595602990599,0.20065242480288,A_common,fine,hrs_d_pm10_it2,bogota_2018
1,1090461,37.6083124476712,0.196455460035693,C,fine,hrs_d_pm10_it2,bogota_2018
2,1116574,27.7946387789793,0.20115993037247,C,fine,hrs_d_pm10_it2,bogota_2018
3,1115887,28.1462433024132,0.201036161708534,C,fine,hrs_d_pm10_it2,bogota_2018
4,1115033,15.9956987820091,0.200882306629929,C,fine,hrs_d_pm10_it2,bogota_2018
5,1112723,2.32830722470911,0.200466141253375,C,fine,hrs_d_pm10_it2,bogota_2018
1,1105117,33.1788407203638,0.199095858199665,A,fine,avg_pm10,bogota_2018
2,1105597,33.8032721753258,0.199182334122066,A,fine,avg_pm10,bogota_2018
3,1113915,32.3929229668056,0.200680889794004,A,fine,avg_pm10,bogota_2018
4,1112292,32.7599871958716,0.200388493081386,A,fine,avg_pm10,bogota_2018
5,1113757,29.1200273853128,0.20065242480288,A,fine,avg_pm10,bogota_2018
1,1105207,33.1782448311021,0.19910414511235,B_native,fine,avg_pm10,bogota_2018
2,1105628,33.8030463037115,0.199179988682914,B_native,fine,avg_pm10,bogota_2018
3,1113973,32.3926048427401,0.200683348769271,B_native,fine,avg_pm10,bogota_2018
4,1112308,32.7599033928982,0.200383397355996,B_native,fine,avg_pm10,bogota_2018
5,1113783,29.1199950785787,0.200649120079468,B_native,fine,avg_pm10,bogota_2018
1,1105117,33.1788407203638,0.199095858199665,B_common,fine,avg_pm10,bogota_2018
2,1105597,33.8032721753258,0.199182334122066,B_common,fine,avg_pm10,bogota_2018
3,1113915,32.3929229668056,0.200680889794004,B_common,fine,avg_pm10,bogota_2018
4,1112292,32.7599871958716,0.200388493081386,B_common,fine,avg_pm10,bogota_2018
5,1113757,29.1200273853128,0.20065242480288,B_common,fine,avg_pm10,bogota_2018
1,1105117,33.1788407203638,0.199095858199665,baseline_common,fine,avg_pm10,bogota_2018
2,1105597,33.8032721753258,0.199182334122066,baseline_common,fine,avg_pm10,bogota_2018
3,1113915,32.3929229668056,0.200680889794004,baseline_common,fine,avg_pm10,bogota_2018
4,1112292,32.7599871958716,0.200388493081386,baseline_common,fine,avg_pm10,bogota_2018
5,1113757,29.1200273853128,0.20065242480288,baseline_common,fine,avg_pm10,bogota_2018
1,1105117,33.1788407203638,0.199095858199665,A_common,fine,avg_pm10,bogota_2018
2,1105597,33.8032721753258,0.199182334122066,A_common,fine,avg_pm10,bogota_2018
3,1113915,32.3929229668056,0.200680889794004,A_common,fine,avg_pm10,bogota_2018
4,1112292,32.7599871958716,0.200388493081386,A_common,fine,avg_pm10,bogota_2018
5,1113757,29.1200273853128,0.20065242480288,A_common,fine,avg_pm10,bogota_2018
1,1090461,34.282070050013,0.196455460035693,C,fine,avg_pm10,bogota_2018
2,1116574,33.6963670433117,0.20115993037247,C,fine,avg_pm10,bogota_2018
3,1115887,32.8861439539538,0.201036161708534,C,fine,avg_pm10,bogota_2018
4,1115033,31.9203962086615,0.200882306629929,C,fine,avg_pm10,bogota_2018
5,1112723,28.485348685081,0.200466141253375,C,fine,avg_pm10,bogota_2018
1,1105117,0.257277736203497,0.199095858199665,A,fine,hrs_d_pm25_it1,bogota_2018
2,1105597,0.165815392046107,0.199182334122066,A,fine,hrs_d_pm25_it1,bogota_2018
3,1113915,0.222273692337387,0.200680889794004,A,fine,hrs_d_pm25_it1,bogota_2018
4,1112292,0.138989581872386,0.200388493081386,A,fine,hrs_d_pm25_it1,bogota_2018
5,1113757,0.154648635204986,0.20065242480288,A,fine,hrs_d_pm25_it1,bogota_2018
1,1105207,0.257256785380476,0.19910414511235,B_native,fine,hrs_d_pm25_it1,bogota_2018
2,1105628,0.165810742853835,0.199179988682914,B_native,fine,hrs_d_pm25_it1,bogota_2018
3,1113973,0.22226211945891,0.200683348769271,B_native,fine,hrs_d_pm25_it1,bogota_2018
4,1112308,0.138987582576049,0.200383397355996,B_native,fine,hrs_d_pm25_it1,bogota_2018
5,1113783,0.154645025108123,0.200649120079468,B_native,fine,hrs_d_pm25_it1,bogota_2018
1,1105117,0.257277736203497,0.199095858199665,B_common,fine,hrs_d_pm25_it1,bogota_2018
2,1105597,0.165815392046107,0.199182334122066,B_common,fine,hrs_d_pm25_it1,bogota_2018
3,1113915,0.222273692337387,0.200680889794004,B_common,fine,hrs_d_pm25_it1,bogota_2018
4,1112292,0.138989581872386,0.200388493081386,B_common,fine,hrs_d_pm25_it1,bogota_2018
5,1113757,0.154648635204986,0.20065242480288,B_common,fine,hrs_d_pm25_it1,bogota_2018
1,1105117,0.257277736203497,0.199095858199665,baseline_common,fine,hrs_d_pm25_it1,bogota_2018
2,1105597,0.165815392046107,0.199182334122066,baseline_common,fine,hrs_d_pm25_it1,bogota_2018
3,1113915,0.222273692337387,0.200680889794004,baseline_common,fine,hrs_d_pm25_it1,bogota_2018
4,1112292,0.138989581872386,0.200388493081386,baseline_common,fine,hrs_d_pm25_it1,bogota_2018
5,1113757,0.154648635204986,0.20065242480288,baseline_common,fine,hrs_d_pm25_it1,bogota_2018
1,1105117,0.257277736203497,0.199095858199665,A_common,fine,hrs_d_pm25_it1,bogota_2018
2,1105597,0.165815392046107,0.199182334122066,A_common,fine,hrs_d_pm25_it1,bogota_2018
3,1113915,0.222273692337387,0.200680889794004,A_common,fine,hrs_d_pm25_it1,bogota_2018
4,1112292,0.138989581872386,0.200388493081386,A_common,fine,hrs_d_pm25_it1,bogota_2018
5,1113757,0.154648635204986,0.20065242480288,A_common,fine,hrs_d_pm25_it1,bogota_2018
1,1090461,0.263519740733506,0.196455460035693,C,fine,hrs_d_pm25_it1,bogota_2018
2,1116574,0.209207808886827,0.20115993037247,C,fine,hrs_d_pm25_it1,bogota_2018
3,1115887,0.260779093223597,0.201036161708534,C,fine,hrs_d_pm25_it1,bogota_2018
4,1115033,0.149287958293611,0.200882306629929,C,fine,hrs_d_pm25_it1,bogota_2018
5,1112723,0.0572145987815476,0.200466141253375,C,fine,hrs_d_pm25_it1,bogota_2018
1,1105117,20.8512510440071,0.199095858199665,A,fine,hrs_d_pm25_it2,bogota_2018
2,1105597,22.8229852287949,0.199182334122066,A,fine,hrs_d_pm25_it2,bogota_2018
3,1113915,14.9770287679042,0.200680889794004,A,fine,hrs_d_pm25_it2,bogota_2018
4,1112292,15.9194213390009,0.200388493081386,A,fine,hrs_d_pm25_it2,bogota_2018
5,1113757,6.69119834937064,0.20065242480288,A,fine,hrs_d_pm25_it2,bogota_2018
1,1105207,20.8495693566907,0.19910414511235,B_native,fine,hrs_d_pm25_it2,bogota_2018
2,1105628,22.8223498319507,0.199179988682914,B_native,fine,hrs_d_pm25_it2,bogota_2018
3,1113973,14.9762669292703,0.200683348769271,B_native,fine,hrs_d_pm25_it2,bogota_2018
4,1112308,15.919200437289,0.200383397355996,B_native,fine,hrs_d_pm25_it2,bogota_2018
5,1113783,6.69106369912272,0.200649120079468,B_native,fine,hrs_d_pm25_it2,bogota_2018
1,1105117,20.8512510440071,0.199095858199665,B_common,fine,hrs_d_pm25_it2,bogota_2018
2,1105597,22.8229852287949,0.199182334122066,B_common,fine,hrs_d_pm25_it2,bogota_2018
3,1113915,14.9770287679042,0.200680889794004,B_common,fine,hrs_d_pm25_it2,bogota_2018
4,1112292,15.9194213390009,0.200388493081386,B_common,fine,hrs_d_pm25_it2,bogota_2018
5,1113757,6.69119834937064,0.20065242480288,B_common,fine,hrs_d_pm25_it2,bogota_2018
1,1105117,20.8512510440071,0.199095858199665,baseline_common,fine,hrs_d_pm25_it2,bogota_2018
2,1105597,22.8229852287949,0.199182334122066,baseline_common,fine,hrs_d_pm25_it2,bogota_2018
3,1113915,14.9770287679042,0.200680889794004,baseline_common,fine,hrs_d_pm25_it2,bogota_2018
4,1112292,15.9194213390009,0.200388493081386,baseline_common,fine,hrs_d_pm25_it2,bogota_2018
5,1113757,6.69119834937064,0.20065242480288,baseline_common,fine,hrs_d_pm25_it2,bogota_2018
1,1105117,20.8512510440071,0.199095858199665,A_common,fine,hrs_d_pm25_it2,bogota_2018
2,1105597,22.8229852287949,0.199182334122066,A_common,fine,hrs_d_pm25_it2,bogota_2018
3,1113915,14.9770287679042,0.200680889794004,A_common,fine,hrs_d_pm25_it2,bogota_2018
4,1112292,15.9194213390009,0.200388493081386,A_common,fine,hrs_d_pm25_it2,bogota_2018
5,1113757,6.69119834937064,0.20065242480288,A_common,fine,hrs_d_pm25_it2,bogota_2018
1,1090461,27.3805262178106,0.196455460035693,C,fine,hrs_d_pm25_it2,bogota_2018
2,1116574,20.1270162120916,0.20115993037247,C,fine,hrs_d_pm25_it2,bogota_2018
3,1115887,17.8685010220569,0.201036161708534,C,fine,hrs_d_pm25_it2,bogota_2018
4,1115033,12.8731526331508,0.200882306629929,C,fine,hrs_d_pm25_it2,bogota_2018
5,1112723,3.14070078537066,0.200466141253375,C,fine,hrs_d_pm25_it2,bogota_2018
1,1105117,15.6821619461857,0.199095858199665,A,fine,avg_pm25,bogota_2018
2,1105597,15.9179137658146,0.199182334122066,A,fine,avg_pm25,bogota_2018
3,1113915,15.3782571466245,0.200680889794004,A,fine,avg_pm25,bogota_2018
4,1112292,15.691905957787,0.200388493081386,A,fine,avg_pm25,bogota_2018
5,1113757,14.2918129666561,0.20065242480288,A,fine,avg_pm25,bogota_2018
1,1105207,15.6819551537775,0.19910414511235,B_native,fine,avg_pm25,bogota_2018
2,1105628,15.9178343520011,0.199179988682914,B_native,fine,avg_pm25,bogota_2018
3,1113973,15.3781516349646,0.200683348769271,B_native,fine,avg_pm25,bogota_2018
4,1112308,15.6918769556367,0.200383397355996,B_native,fine,avg_pm25,bogota_2018
5,1113783,14.291807974738,0.200649120079468,B_native,fine,avg_pm25,bogota_2018
1,1105117,15.6821619461857,0.199095858199665,B_common,fine,avg_pm25,bogota_2018
2,1105597,15.9179137658146,0.199182334122066,B_common,fine,avg_pm25,bogota_2018
3,1113915,15.3782571466245,0.200680889794004,B_common,fine,avg_pm25,bogota_2018
4,1112292,15.691905957787,0.200388493081386,B_common,fine,avg_pm25,bogota_2018
5,1113757,14.2918129666561,0.20065242480288,B_common,fine,avg_pm25,bogota_2018
1,1105117,15.6821619461857,0.199095858199665,baseline_common,fine,avg_pm25,bogota_2018
2,1105597,15.9179137658146,0.199182334122066,baseline_common,fine,avg_pm25,bogota_2018
3,1113915,15.3782571466245,0.200680889794004,baseline_common,fine,avg_pm25,bogota_2018
4,1112292,15.691905957787,0.200388493081386,baseline_common,fine,avg_pm25,bogota_2018
5,1113757,14.2918129666561,0.20065242480288,baseline_common,fine,avg_pm25,bogota_2018
1,1105117,15.6821619461857,0.199095858199665,A_common,fine,avg_pm25,bogota_2018
2,1105597,15.9179137658146,0.199182334122066,A_common,fine,avg_pm25,bogota_2018
3,1113915,15.3782571466245,0.200680889794004,A_common,fine,avg_pm25,bogota_2018
4,1112292,15.691905957787,0.200388493081386,A_common,fine,avg_pm25,bogota_2018
5,1113757,14.2918129666561,0.20065242480288,A_common,fine,avg_pm25,bogota_2018
1,1090461,15.8764832819276,0.196455460035693,C,fine,avg_pm25,bogota_2018
2,1116574,15.888439590932,0.20115993037247,C,fine,avg_pm25,bogota_2018
3,1115887,15.6431183744973,0.201036161708534,C,fine,avg_pm25,bogota_2018
4,1115033,15.370750842194,0.200882306629929,C,fine,avg_pm25,bogota_2018
5,1112723,14.1840599442314,0.200466141253375,C,fine,avg_pm25,bogota_2018
1,1105117,0.608862392097711,0.199095858199665,A,seccion,hrs_d_pm10_it1,bogota_2018
2,1105597,0.344961543166112,0.199182334122066,A,seccion,hrs_d_pm10_it1,bogota_2018
3,1113915,0.832993716733071,0.200680889794004,A,seccion,hrs_d_pm10_it1,bogota_2018
4,1112292,0.377447508255879,0.200388493081386,A,seccion,hrs_d_pm10_it1,bogota_2018
5,1113757,0.317651841327089,0.20065242480288,A,seccion,hrs_d_pm10_it1,bogota_2018
1,1105207,0.730923709314183,0.19910414511235,B_native,seccion,hrs_d_pm10_it1,bogota_2018
2,1105628,0.449793239679169,0.199179988682914,B_native,seccion,hrs_d_pm10_it1,bogota_2018
3,1113973,1.15251985461048,0.200683348769271,B_native,seccion,hrs_d_pm10_it1,bogota_2018
4,1112308,0.538899297676543,0.200383397355996,B_native,seccion,hrs_d_pm10_it1,bogota_2018
5,1113783,0.416925020403436,0.200649120079468,B_native,seccion,hrs_d_pm10_it1,bogota_2018
1,1105117,0.730983235259253,0.199095858199665,B_common,seccion,hrs_d_pm10_it1,bogota_2018
2,1105597,0.449805851499235,0.199182334122066,B_common,seccion,hrs_d_pm10_it1,bogota_2018
3,1113915,1.1525798647114,0.200680889794004,B_common,seccion,hrs_d_pm10_it1,bogota_2018
4,1112292,0.538907049587698,0.200388493081386,B_common,seccion,hrs_d_pm10_it1,bogota_2018
5,1113757,0.416934753272033,0.20065242480288,B_common,seccion,hrs_d_pm10_it1,bogota_2018
1,1105117,0.623743006396608,0.199095858199665,baseline_common,seccion,hrs_d_pm10_it1,bogota_2018
2,1105597,0.350405256164769,0.199182334122066,baseline_common,seccion,hrs_d_pm10_it1,bogota_2018
3,1113915,0.831533824394141,0.200680889794004,baseline_common,seccion,hrs_d_pm10_it1,bogota_2018
4,1112292,0.371621840308121,0.200388493081386,baseline_common,seccion,hrs_d_pm10_it1,bogota_2018
5,1113757,0.304500892025819,0.20065242480288,baseline_common,seccion,hrs_d_pm10_it1,bogota_2018
1,1105117,0.608862392097711,0.199095858199665,A_common,seccion,hrs_d_pm10_it1,bogota_2018
2,1105597,0.344961543166112,0.199182334122066,A_common,seccion,hrs_d_pm10_it1,bogota_2018
3,1113915,0.832993716733071,0.200680889794004,A_common,seccion,hrs_d_pm10_it1,bogota_2018
4,1112292,0.377447508255879,0.200388493081386,A_common,seccion,hrs_d_pm10_it1,bogota_2018
5,1113757,0.317651841327089,0.20065242480288,A_common,seccion,hrs_d_pm10_it1,bogota_2018
1,1089112,0.579195711735799,0.196212426662112,C,seccion,hrs_d_pm10_it1,bogota_2018
2,1118212,0.152351253608439,0.201455029457663,C,seccion,hrs_d_pm10_it1,bogota_2018
3,1116718,1.57504759482698,0.20118587314919,C,seccion,hrs_d_pm10_it1,bogota_2018
4,1113809,0.17332325380743,0.200661793027807,C,seccion,hrs_d_pm10_it1,bogota_2018
5,1112827,0.00212342080125662,0.200484877703228,C,seccion,hrs_d_pm10_it1,bogota_2018
1,1105117,27.8596273347839,0.199095858199665,A,seccion,hrs_d_pm10_it2,bogota_2018
2,1105597,28.4947893781887,0.199182334122066,A,seccion,hrs_d_pm10_it2,bogota_2018
3,1113915,25.8663055634361,0.200680889794004,A,seccion,hrs_d_pm10_it2,bogota_2018
4,1112292,20.3672256786968,0.200388493081386,A,seccion,hrs_d_pm10_it2,bogota_2018
5,1113757,9.08656698828042,0.20065242480288,A,seccion,hrs_d_pm10_it2,bogota_2018
1,1105207,28.0986711086701,0.19910414511235,B_native,seccion,hrs_d_pm10_it2,bogota_2018
2,1105628,28.9306774068674,0.199179988682914,B_native,seccion,hrs_d_pm10_it2,bogota_2018
3,1113973,26.8653243839842,0.200683348769271,B_native,seccion,hrs_d_pm10_it2,bogota_2018
4,1112308,20.8977198761494,0.200383397355996,B_native,seccion,hrs_d_pm10_it2,bogota_2018
5,1113783,9.25908637499405,0.200649120079468,B_native,seccion,hrs_d_pm10_it2,bogota_2018
1,1105117,28.1009594459229,0.199095858199665,B_common,seccion,hrs_d_pm10_it2,bogota_2018
2,1105597,28.9314885984676,0.199182334122066,B_common,seccion,hrs_d_pm10_it2,bogota_2018
3,1113915,26.8667232239444,0.200680889794004,B_common,seccion,hrs_d_pm10_it2,bogota_2018
4,1112292,20.8980204838298,0.200388493081386,B_common,seccion,hrs_d_pm10_it2,bogota_2018
5,1113757,9.25930252290221,0.20065242480288,B_common,seccion,hrs_d_pm10_it2,bogota_2018
1,1105117,27.9503925828668,0.199095858199665,baseline_common,seccion,hrs_d_pm10_it2,bogota_2018
2,1105597,28.5124091328034,0.199182334122066,baseline_common,seccion,hrs_d_pm10_it2,bogota_2018
3,1113915,25.8731608785231,0.200680889794004,baseline_common,seccion,hrs_d_pm10_it2,bogota_2018
4,1112292,20.3437496628583,0.200388493081386,baseline_common,seccion,hrs_d_pm10_it2,bogota_2018
5,1113757,8.99595602990599,0.20065242480288,baseline_common,seccion,hrs_d_pm10_it2,bogota_2018
1,1105117,27.8596273347839,0.199095858199665,A_common,seccion,hrs_d_pm10_it2,bogota_2018
2,1105597,28.4947893781887,0.199182334122066,A_common,seccion,hrs_d_pm10_it2,bogota_2018
3,1113915,25.8663055634361,0.200680889794004,A_common,seccion,hrs_d_pm10_it2,bogota_2018
4,1112292,20.3672256786968,0.200388493081386,A_common,seccion,hrs_d_pm10_it2,bogota_2018
5,1113757,9.08656698828042,0.20065242480288,A_common,seccion,hrs_d_pm10_it2,bogota_2018
1,1089112,38.7075847112143,0.196212426662112,C,seccion,hrs_d_pm10_it2,bogota_2018
2,1118212,26.6565910578674,0.201455029457663,C,seccion,hrs_d_pm10_it2,bogota_2018
3,1116718,31.5549932928456,0.20118587314919,C,seccion,hrs_d_pm10_it2,bogota_2018
4,1113809,12.4774534951684,0.200661793027807,C,seccion,hrs_d_pm10_it2,bogota_2018
5,1112827,2.49773325054119,0.200484877703228,C,seccion,hrs_d_pm10_it2,bogota_2018
1,1105117,33.1757080134653,0.199095858199665,A,seccion,avg_pm10,bogota_2018
2,1105597,33.802223119346,0.199182334122066,A,seccion,avg_pm10,bogota_2018
3,1113915,32.3922966623385,0.200680889794004,A,seccion,avg_pm10,bogota_2018
4,1112292,32.7613592871046,0.200388493081386,A,seccion,avg_pm10,bogota_2018
5,1113757,29.1232426326487,0.20065242480288,A,seccion,avg_pm10,bogota_2018
1,1105207,33.1694930736523,0.19910414511235,B_native,seccion,avg_pm10,bogota_2018
2,1105628,33.8113336355127,0.199179988682914,B_native,seccion,avg_pm10,bogota_2018
3,1113973,32.3909973498114,0.200683348769271,B_native,seccion,avg_pm10,bogota_2018
4,1112308,32.7627557653763,0.200383397355996,B_native,seccion,avg_pm10,bogota_2018
5,1113783,29.0729657860224,0.200649120079468,B_native,seccion,avg_pm10,bogota_2018
1,1105117,33.1700901296609,0.199095858199665,B_common,seccion,avg_pm10,bogota_2018
2,1105597,33.8115605689258,0.199182334122066,B_common,seccion,avg_pm10,bogota_2018
3,1113915,32.3913174457267,0.200680889794004,B_common,seccion,avg_pm10,bogota_2018
4,1112292,32.7628399975638,0.200388493081386,B_common,seccion,avg_pm10,bogota_2018
5,1113757,29.0729996397229,0.20065242480288,B_common,seccion,avg_pm10,bogota_2018
1,1105117,33.1788407203638,0.199095858199665,baseline_common,seccion,avg_pm10,bogota_2018
2,1105597,33.8032721753258,0.199182334122066,baseline_common,seccion,avg_pm10,bogota_2018
3,1113915,32.3929229668056,0.200680889794004,baseline_common,seccion,avg_pm10,bogota_2018
4,1112292,32.7599871958716,0.200388493081386,baseline_common,seccion,avg_pm10,bogota_2018
5,1113757,29.1200273853128,0.20065242480288,baseline_common,seccion,avg_pm10,bogota_2018
1,1105117,33.1757080134653,0.199095858199665,A_common,seccion,avg_pm10,bogota_2018
2,1105597,33.802223119346,0.199182334122066,A_common,seccion,avg_pm10,bogota_2018
3,1113915,32.3922966623385,0.200680889794004,A_common,seccion,avg_pm10,bogota_2018
4,1112292,32.7613592871046,0.200388493081386,A_common,seccion,avg_pm10,bogota_2018
5,1113757,29.1232426326487,0.20065242480288,A_common,seccion,avg_pm10,bogota_2018
1,1089112,34.5717994469187,0.196212426662112,C,seccion,avg_pm10,bogota_2018
2,1118212,33.9505572513496,0.201455029457663,C,seccion,avg_pm10,bogota_2018
3,1116718,32.8361048594338,0.20118587314919,C,seccion,avg_pm10,bogota_2018
4,1113809,31.2968785316426,0.200661793027807,C,seccion,avg_pm10,bogota_2018
5,1112827,28.6205039431711,0.200484877703228,C,seccion,avg_pm10,bogota_2018
1,1105117,0.253609084572011,0.199095858199665,A,seccion,hrs_d_pm25_it1,bogota_2018
2,1105597,0.164995510646632,0.199182334122066,A,seccion,hrs_d_pm25_it1,bogota_2018
3,1113915,0.223111477999637,0.200680889794004,A,seccion,hrs_d_pm25_it1,bogota_2018
4,1112292,0.139546270416109,0.200388493081386,A,seccion,hrs_d_pm25_it1,bogota_2018
5,1113757,0.158083266792453,0.20065242480288,A,seccion,hrs_d_pm25_it1,bogota_2018
1,1105207,0.26183873247274,0.19910414511235,B_native,seccion,hrs_d_pm25_it1,bogota_2018
2,1105628,0.179894141610017,0.199179988682914,B_native,seccion,hrs_d_pm25_it1,bogota_2018
3,1113973,0.245203429526568,0.200683348769271,B_native,seccion,hrs_d_pm25_it1,bogota_2018
4,1112308,0.159450439986047,0.200383397355996,B_native,seccion,hrs_d_pm25_it1,bogota_2018
5,1113783,0.165286236187839,0.200649120079468,B_native,seccion,hrs_d_pm25_it1,bogota_2018
1,1105117,0.261860056446512,0.199095858199665,B_common,seccion,hrs_d_pm25_it1,bogota_2018
2,1105597,0.179899185688818,0.199182334122066,B_common,seccion,hrs_d_pm25_it1,bogota_2018
3,1113915,0.245216196927055,0.200680889794004,B_common,seccion,hrs_d_pm25_it1,bogota_2018
4,1112292,0.159452733634693,0.200388493081386,B_common,seccion,hrs_d_pm25_it1,bogota_2018
5,1113757,0.165290094697497,0.20065242480288,B_common,seccion,hrs_d_pm25_it1,bogota_2018
1,1105117,0.257277736203497,0.199095858199665,baseline_common,seccion,hrs_d_pm25_it1,bogota_2018
2,1105597,0.165815392046107,0.199182334122066,baseline_common,seccion,hrs_d_pm25_it1,bogota_2018
3,1113915,0.222273692337387,0.200680889794004,baseline_common,seccion,hrs_d_pm25_it1,bogota_2018
4,1112292,0.138989581872386,0.200388493081386,baseline_common,seccion,hrs_d_pm25_it1,bogota_2018
5,1113757,0.154648635204986,0.20065242480288,baseline_common,seccion,hrs_d_pm25_it1,bogota_2018
1,1105117,0.253609084572011,0.199095858199665,A_common,seccion,hrs_d_pm25_it1,bogota_2018
2,1105597,0.164995510646632,0.199182334122066,A_common,seccion,hrs_d_pm25_it1,bogota_2018
3,1113915,0.223111477999637,0.200680889794004,A_common,seccion,hrs_d_pm25_it1,bogota_2018
4,1112292,0.139546270416109,0.200388493081386,A_common,seccion,hrs_d_pm25_it1,bogota_2018
5,1113757,0.158083266792453,0.20065242480288,A_common,seccion,hrs_d_pm25_it1,bogota_2018
1,1089112,0.248800857946657,0.196212426662112,C,seccion,hrs_d_pm25_it1,bogota_2018
2,1118212,0.139892971994577,0.201455029457663,C,seccion,hrs_d_pm25_it1,bogota_2018
3,1116718,0.351641148436758,0.20118587314919,C,seccion,hrs_d_pm25_it1,bogota_2018
4,1113809,0.152591692112382,0.200661793027807,C,seccion,hrs_d_pm25_it1,bogota_2018
5,1112827,0.0467592896290259,0.200484877703228,C,seccion,hrs_d_pm25_it1,bogota_2018
1,1105117,20.7829962604146,0.199095858199665,A,seccion,hrs_d_pm25_it2,bogota_2018
2,1105597,22.8087573766413,0.199182334122066,A,seccion,hrs_d_pm25_it2,bogota_2018
3,1113915,14.966268699499,0.200680889794004,A,seccion,hrs_d_pm25_it2,bogota_2018
4,1112292,15.9347358678414,0.200388493081386,A,seccion,hrs_d_pm25_it2,bogota_2018
5,1113757,6.77174082516394,0.20065242480288,A,seccion,hrs_d_pm25_it2,bogota_2018
1,1105207,20.8459256953675,0.19910414511235,B_native,seccion,hrs_d_pm25_it2,bogota_2018
2,1105628,23.018721486793,0.199179988682914,B_native,seccion,hrs_d_pm25_it2,bogota_2018
3,1113973,15.1766748386182,0.200683348769271,B_native,seccion,hrs_d_pm25_it2,bogota_2018
4,1112308,16.1152360677079,0.200383397355996,B_native,seccion,hrs_d_pm25_it2,bogota_2018
5,1113783,6.71650761414028,0.200649120079468,B_native,seccion,hrs_d_pm25_it2,bogota_2018
1,1105117,20.8476070859466,0.199095858199665,B_common,seccion,hrs_d_pm25_it2,bogota_2018
2,1105597,23.0193623897315,0.199182334122066,B_common,seccion,hrs_d_pm25_it2,bogota_2018
3,1113915,15.1774471122123,0.200680889794004,B_common,seccion,hrs_d_pm25_it2,bogota_2018
4,1112292,16.1154597893359,0.200388493081386,B_common,seccion,hrs_d_pm25_it2,bogota_2018
5,1113757,6.71664285836138,0.20065242480288,B_common,seccion,hrs_d_pm25_it2,bogota_2018
1,1105117,20.8512510440071,0.199095858199665,baseline_common,seccion,hrs_d_pm25_it2,bogota_2018
2,1105597,22.8229852287949,0.199182334122066,baseline_common,seccion,hrs_d_pm25_it2,bogota_2018
3,1113915,14.9770287679042,0.200680889794004,baseline_common,seccion,hrs_d_pm25_it2,bogota_2018
4,1112292,15.9194213390009,0.200388493081386,baseline_common,seccion,hrs_d_pm25_it2,bogota_2018
5,1113757,6.69119834937064,0.20065242480288,baseline_common,seccion,hrs_d_pm25_it2,bogota_2018
1,1105117,20.7829962604146,0.199095858199665,A_common,seccion,hrs_d_pm25_it2,bogota_2018
2,1105597,22.8087573766413,0.199182334122066,A_common,seccion,hrs_d_pm25_it2,bogota_2018
3,1113915,14.966268699499,0.200680889794004,A_common,seccion,hrs_d_pm25_it2,bogota_2018
4,1112292,15.9347358678414,0.200388493081386,A_common,seccion,hrs_d_pm25_it2,bogota_2018
5,1113757,6.77174082516394,0.20065242480288,A_common,seccion,hrs_d_pm25_it2,bogota_2018
1,1089112,28.2875296571886,0.196212426662112,C,seccion,hrs_d_pm25_it2,bogota_2018
2,1118212,19.3107478724965,0.201455029457663,C,seccion,hrs_d_pm25_it2,bogota_2018
3,1116718,19.6825366833883,0.20118587314919,C,seccion,hrs_d_pm25_it2,bogota_2018
4,1113809,10.8252510080274,0.200661793027807,C,seccion,hrs_d_pm25_it2,bogota_2018
5,1112827,3.30666312014356,0.200484877703228,C,seccion,hrs_d_pm25_it2,bogota_2018
1,1105117,15.6811825026327,0.199095858199665,A,seccion,avg_pm25,bogota_2018
2,1105597,15.9177161016433,0.199182334122066,A,seccion,avg_pm25,bogota_2018
3,1113915,15.3781077161487,0.200680889794004,A,seccion,avg_pm25,bogota_2018
4,1112292,15.6922775646633,0.200388493081386,A,seccion,avg_pm25,bogota_2018
5,1113757,14.2927182216312,0.20065242480288,A,seccion,avg_pm25,bogota_2018
1,1105207,15.6794105613965,0.19910414511235,B_native,seccion,avg_pm25,bogota_2018
2,1105628,15.9237134225005,0.199179988682914,B_native,seccion,avg_pm25,bogota_2018
3,1113973,15.3743228959659,0.200683348769271,B_native,seccion,avg_pm25,bogota_2018
4,1112308,15.6933087693692,0.200383397355996,B_native,seccion,avg_pm25,bogota_2018
5,1113783,14.270177327669,0.200649120079468,B_native,seccion,avg_pm25,bogota_2018
1,1105117,15.6796180492429,0.199095858199665,B_common,seccion,avg_pm25,bogota_2018
2,1105597,15.9237933378154,0.199182334122066,B_common,seccion,avg_pm25,bogota_2018
3,1113915,15.3744290469466,0.200680889794004,B_common,seccion,avg_pm25,bogota_2018
4,1112292,15.6933380246365,0.200388493081386,B_common,seccion,avg_pm25,bogota_2018
5,1113757,14.2701828623268,0.20065242480288,B_common,seccion,avg_pm25,bogota_2018
1,1105117,15.6821619461857,0.199095858199665,baseline_common,seccion,avg_pm25,bogota_2018
2,1105597,15.9179137658146,0.199182334122066,baseline_common,seccion,avg_pm25,bogota_2018
3,1113915,15.3782571466245,0.200680889794004,baseline_common,seccion,avg_pm25,bogota_2018
4,1112292,15.691905957787,0.200388493081386,baseline_common,seccion,avg_pm25,bogota_2018
5,1113757,14.2918129666561,0.20065242480288,baseline_common,seccion,avg_pm25,bogota_2018
1,1105117,15.6811825026327,0.199095858199665,A_common,seccion,avg_pm25,bogota_2018
2,1105597,15.9177161016433,0.199182334122066,A_common,seccion,avg_pm25,bogota_2018
3,1113915,15.3781077161487,0.200680889794004,A_common,seccion,avg_pm25,bogota_2018
4,1112292,15.6922775646633,0.200388493081386,A_common,seccion,avg_pm25,bogota_2018
5,1113757,14.2927182216312,0.20065242480288,A_common,seccion,avg_pm25,bogota_2018
1,1089112,15.9808740419032,0.196212426662112,C,seccion,avg_pm25,bogota_2018
2,1118212,15.972979527327,0.201455029457663,C,seccion,avg_pm25,bogota_2018
3,1116718,15.6223032557982,0.20118587314919,C,seccion,avg_pm25,bogota_2018
4,1113809,15.1355177337766,0.200661793027807,C,seccion,avg_pm25,bogota_2018
5,1112827,14.2530319475768,0.200484877703228,C,seccion,avg_pm25,bogota_2018
1,1105117,0.595266792065553,0.199095858199665,A,sector,hrs_d_pm10_it1,bogota_2018
2,1105597,0.340943214344894,0.199182334122066,A,sector,hrs_d_pm10_it1,bogota_2018
3,1113915,0.825212320087233,0.200680889794004,A,sector,hrs_d_pm10_it1,bogota_2018
4,1112292,0.375650276337444,0.200388493081386,A,sector,hrs_d_pm10_it1,bogota_2018
5,1113757,0.343346664360497,0.20065242480288,A,sector,hrs_d_pm10_it1,bogota_2018
1,1105207,1.08488726546249,0.19910414511235,B_native,sector,hrs_d_pm10_it1,bogota_2018
2,1105628,0.750246918493381,0.199179988682914,B_native,sector,hrs_d_pm10_it1,bogota_2018
3,1113973,1.7099956641678,0.200683348769271,B_native,sector,hrs_d_pm10_it1,bogota_2018
4,1112308,0.859977632094708,0.200383397355996,B_native,sector,hrs_d_pm10_it1,bogota_2018
5,1113783,0.681581600724737,0.200649120079468,B_native,sector,hrs_d_pm10_it1,bogota_2018
1,1105117,1.08497561796624,0.199095858199665,B_common,sector,hrs_d_pm10_it1,bogota_2018
2,1105597,0.750267954779183,0.199182334122066,B_common,sector,hrs_d_pm10_it1,bogota_2018
3,1113915,1.71008470125638,0.200680889794004,B_common,sector,hrs_d_pm10_it1,bogota_2018
4,1112292,0.85999000262521,0.200388493081386,B_common,sector,hrs_d_pm10_it1,bogota_2018
5,1113757,0.681597511845043,0.20065242480288,B_common,sector,hrs_d_pm10_it1,bogota_2018
1,1105117,0.623743006396608,0.199095858199665,baseline_common,sector,hrs_d_pm10_it1,bogota_2018
2,1105597,0.350405256164769,0.199182334122066,baseline_common,sector,hrs_d_pm10_it1,bogota_2018
3,1113915,0.831533824394141,0.200680889794004,baseline_common,sector,hrs_d_pm10_it1,bogota_2018
4,1112292,0.371621840308121,0.200388493081386,baseline_common,sector,hrs_d_pm10_it1,bogota_2018
5,1113757,0.304500892025819,0.20065242480288,baseline_common,sector,hrs_d_pm10_it1,bogota_2018
1,1105117,0.595266792065553,0.199095858199665,A_common,sector,hrs_d_pm10_it1,bogota_2018
2,1105597,0.340943214344894,0.199182334122066,A_common,sector,hrs_d_pm10_it1,bogota_2018
3,1113915,0.825212320087233,0.200680889794004,A_common,sector,hrs_d_pm10_it1,bogota_2018
4,1112292,0.375650276337444,0.200388493081386,A_common,sector,hrs_d_pm10_it1,bogota_2018
5,1113757,0.343346664360497,0.20065242480288,A_common,sector,hrs_d_pm10_it1,bogota_2018
1,1076948,0.426329776368033,0.194020982661938,C,sector,hrs_d_pm10_it1,bogota_2018
2,1122623,0.498095977010982,0.202249707152892,C,sector,hrs_d_pm10_it1,bogota_2018
3,1123299,1.42396904119028,0.20237149407694,C,sector,hrs_d_pm10_it1,bogota_2018
4,1114398,0.118571641370498,0.200767906190919,C,sector,hrs_d_pm10_it1,bogota_2018
5,1113410,0.00492002047763178,0.200589909917311,C,sector,hrs_d_pm10_it1,bogota_2018
1,1105117,27.7171958779358,0.199095858199665,A,sector,hrs_d_pm10_it2,bogota_2018
2,1105597,28.4421879340626,0.199182334122066,A,sector,hrs_d_pm10_it2,bogota_2018
3,1113915,25.8687832015687,0.200680889794004,A,sector,hrs_d_pm10_it2,bogota_2018
4,1112292,20.4432792853771,0.200388493081386,A,sector,hrs_d_pm10_it2,bogota_2018
5,1113757,9.20629294637113,0.20065242480288,A,sector,hrs_d_pm10_it2,bogota_2018
1,1105207,29.0507000046145,0.19910414511235,B_native,sector,hrs_d_pm10_it2,bogota_2018
2,1105628,30.0528161370732,0.199179988682914,B_native,sector,hrs_d_pm10_it2,bogota_2018
3,1113973,27.7931987579591,0.200683348769271,B_native,sector,hrs_d_pm10_it2,bogota_2018
4,1112308,21.9956369998238,0.200383397355996,B_native,sector,hrs_d_pm10_it2,bogota_2018
5,1113783,9.75546852483832,0.200649120079468,B_native,sector,hrs_d_pm10_it2,bogota_2018
1,1105117,29.053065874473,0.199095858199665,B_common,sector,hrs_d_pm10_it2,bogota_2018
2,1105597,30.0536587924895,0.199182334122066,B_common,sector,hrs_d_pm10_it2,bogota_2018
3,1113915,27.7946459110435,0.200680889794004,B_common,sector,hrs_d_pm10_it2,bogota_2018
4,1112292,21.9959534007257,0.200388493081386,B_common,sector,hrs_d_pm10_it2,bogota_2018
5,1113757,9.75569626049488,0.20065242480288,B_common,sector,hrs_d_pm10_it2,bogota_2018
1,1105117,27.9503925828668,0.199095858199665,baseline_common,sector,hrs_d_pm10_it2,bogota_2018
2,1105597,28.5124091328034,0.199182334122066,baseline_common,sector,hrs_d_pm10_it2,bogota_2018
3,1113915,25.8731608785231,0.200680889794004,baseline_common,sector,hrs_d_pm10_it2,bogota_2018
4,1112292,20.3437496628583,0.200388493081386,baseline_common,sector,hrs_d_pm10_it2,bogota_2018
5,1113757,8.99595602990599,0.20065242480288,baseline_common,sector,hrs_d_pm10_it2,bogota_2018
1,1105117,27.7171958779358,0.199095858199665,A_common,sector,hrs_d_pm10_it2,bogota_2018
2,1105597,28.4421879340626,0.199182334122066,A_common,sector,hrs_d_pm10_it2,bogota_2018
3,1113915,25.8687832015687,0.200680889794004,A_common,sector,hrs_d_pm10_it2,bogota_2018
4,1112292,20.4432792853771,0.200388493081386,A_common,sector,hrs_d_pm10_it2,bogota_2018
5,1113757,9.20629294637113,0.20065242480288,A_common,sector,hrs_d_pm10_it2,bogota_2018
1,1076948,37.3798994937546,0.194020982661938,C,sector,hrs_d_pm10_it2,bogota_2018
2,1122623,34.1456312582229,0.202249707152892,C,sector,hrs_d_pm10_it2,bogota_2018
3,1123299,28.9507717891674,0.20237149407694,C,sector,hrs_d_pm10_it2,bogota_2018
4,1114398,8.64104386404139,0.200767906190919,C,sector,hrs_d_pm10_it2,bogota_2018
5,1113410,2.82095095247932,0.200589909917311,C,sector,hrs_d_pm10_it2,bogota_2018
1,1105117,33.1670788403854,0.199095858199665,A,sector,avg_pm10,bogota_2018
2,1105597,33.799741077587,0.199182334122066,A,sector,avg_pm10,bogota_2018
3,1113915,32.3908848975307,0.200680889794004,A,sector,avg_pm10,bogota_2018
4,1112292,32.765547554169,0.200388493081386,A,sector,avg_pm10,bogota_2018
5,1113757,29.1318706487798,0.20065242480288,A,sector,avg_pm10,bogota_2018
1,1105207,33.1857670239035,0.19910414511235,B_native,sector,avg_pm10,bogota_2018
2,1105628,33.8290896507417,0.199179988682914,B_native,sector,avg_pm10,bogota_2018
3,1113973,32.3918611382043,0.200683348769271,B_native,sector,avg_pm10,bogota_2018
4,1112308,32.7829943744303,0.200383397355996,B_native,sector,avg_pm10,bogota_2018
5,1113783,29.0827471141386,0.200649120079468,B_native,sector,avg_pm10,bogota_2018
1,1105117,33.1863575357874,0.199095858199665,B_common,sector,avg_pm10,bogota_2018
2,1105597,33.8293138805508,0.199182334122066,B_common,sector,avg_pm10,bogota_2018
3,1113915,32.3921749281805,0.200680889794004,B_common,sector,avg_pm10,bogota_2018
4,1112292,32.7830789036458,0.200388493081386,B_common,sector,avg_pm10,bogota_2018
5,1113757,29.0827726857968,0.20065242480288,B_common,sector,avg_pm10,bogota_2018
1,1105117,33.1788407203638,0.199095858199665,baseline_common,sector,avg_pm10,bogota_2018
2,1105597,33.8032721753258,0.199182334122066,baseline_common,sector,avg_pm10,bogota_2018
3,1113915,32.3929229668056,0.200680889794004,baseline_common,sector,avg_pm10,bogota_2018
4,1112292,32.7599871958716,0.200388493081386,baseline_common,sector,avg_pm10,bogota_2018
5,1113757,29.1200273853128,0.20065242480288,baseline_common,sector,avg_pm10,bogota_2018
1,1105117,33.1670788403854,0.199095858199665,A_common,sector,avg_pm10,bogota_2018
2,1105597,33.799741077587,0.199182334122066,A_common,sector,avg_pm10,bogota_2018
3,1113915,32.3908848975307,0.200680889794004,A_common,sector,avg_pm10,bogota_2018
4,1112292,32.765547554169,0.200388493081386,A_common,sector,avg_pm10,bogota_2018
5,1113757,29.1318706487798,0.20065242480288,A_common,sector,avg_pm10,bogota_2018
1,1076948,34.8913959100755,0.194020982661938,C,sector,avg_pm10,bogota_2018
2,1122623,34.0874128455866,0.202249707152892,C,sector,avg_pm10,bogota_2018
3,1123299,32.9395524114582,0.20237149407694,C,sector,avg_pm10,bogota_2018
4,1114398,30.6825942290383,0.200767906190919,C,sector,avg_pm10,bogota_2018
5,1113410,28.7014176192129,0.200589909917311,C,sector,avg_pm10,bogota_2018
1,1105117,0.252019411286209,0.199095858199665,A,sector,hrs_d_pm25_it1,bogota_2018
2,1105597,0.16416524956732,0.199182334122066,A,sector,hrs_d_pm25_it1,bogota_2018
3,1113915,0.221314812784311,0.200680889794004,A,sector,hrs_d_pm25_it1,bogota_2018
4,1112292,0.139136659115637,0.200388493081386,A,sector,hrs_d_pm25_it1,bogota_2018
5,1113757,0.162671276190612,0.20065242480288,A,sector,hrs_d_pm25_it1,bogota_2018
1,1105207,0.321457428336954,0.19910414511235,B_native,sector,hrs_d_pm25_it1,bogota_2018
2,1105628,0.275985231922491,0.199179988682914,B_native,sector,hrs_d_pm25_it1,bogota_2018
3,1113973,0.282602002023388,0.200683348769271,B_native,sector,hrs_d_pm25_it1,bogota_2018
4,1112308,0.233240253598823,0.200383397355996,B_native,sector,hrs_d_pm25_it1,bogota_2018
5,1113783,0.171053966526693,0.200649120079468,B_native,sector,hrs_d_pm25_it1,bogota_2018
1,1105117,0.321483607618017,0.199095858199665,B_common,sector,hrs_d_pm25_it1,bogota_2018
2,1105597,0.275992970313776,0.199182334122066,B_common,sector,hrs_d_pm25_it1,bogota_2018
3,1113915,0.282616716715369,0.200680889794004,B_common,sector,hrs_d_pm25_it1,bogota_2018
4,1112292,0.233243608692681,0.200388493081386,B_common,sector,hrs_d_pm25_it1,bogota_2018
5,1113757,0.171057959680613,0.20065242480288,B_common,sector,hrs_d_pm25_it1,bogota_2018
1,1105117,0.257277736203497,0.199095858199665,baseline_common,sector,hrs_d_pm25_it1,bogota_2018
2,1105597,0.165815392046107,0.199182334122066,baseline_common,sector,hrs_d_pm25_it1,bogota_2018
3,1113915,0.222273692337387,0.200680889794004,baseline_common,sector,hrs_d_pm25_it1,bogota_2018
4,1112292,0.138989581872386,0.200388493081386,baseline_common,sector,hrs_d_pm25_it1,bogota_2018
5,1113757,0.154648635204986,0.20065242480288,baseline_common,sector,hrs_d_pm25_it1,bogota_2018
1,1105117,0.252019411286209,0.199095858199665,A_common,sector,hrs_d_pm25_it1,bogota_2018
2,1105597,0.16416524956732,0.199182334122066,A_common,sector,hrs_d_pm25_it1,bogota_2018
3,1113915,0.221314812784311,0.200680889794004,A_common,sector,hrs_d_pm25_it1,bogota_2018
4,1112292,0.139136659115637,0.200388493081386,A_common,sector,hrs_d_pm25_it1,bogota_2018
5,1113757,0.162671276190612,0.20065242480288,A_common,sector,hrs_d_pm25_it1,bogota_2018
1,1076948,0.296981841277388,0.194020982661938,C,sector,hrs_d_pm25_it1,bogota_2018
2,1122623,0.0884963162165749,0.202249707152892,C,sector,hrs_d_pm25_it1,bogota_2018
3,1123299,0.255071890921295,0.20237149407694,C,sector,hrs_d_pm25_it1,bogota_2018
4,1114398,0.293812444028076,0.200767906190919,C,sector,hrs_d_pm25_it1,bogota_2018
5,1113410,0.0080392667570796,0.200589909917311,C,sector,hrs_d_pm25_it1,bogota_2018
1,1105117,20.7098162285508,0.199095858199665,A,sector,hrs_d_pm25_it2,bogota_2018
2,1105597,22.7919714266505,0.199182334122066,A,sector,hrs_d_pm25_it2,bogota_2018
3,1113915,14.956690128307,0.200680889794004,A,sector,hrs_d_pm25_it2,bogota_2018
4,1112292,15.9505904977607,0.200388493081386,A,sector,hrs_d_pm25_it2,bogota_2018
5,1113757,6.85892789345394,0.20065242480288,A,sector,hrs_d_pm25_it2,bogota_2018
1,1105207,21.4261056978466,0.19910414511235,B_native,sector,hrs_d_pm25_it2,bogota_2018
2,1105628,24.012947392794,0.199179988682914,B_native,sector,hrs_d_pm25_it2,bogota_2018
3,1113973,15.2002373486611,0.200683348769271,B_native,sector,hrs_d_pm25_it2,bogota_2018
4,1112308,16.6464765154975,0.200383397355996,B_native,sector,hrs_d_pm25_it2,bogota_2018
5,1113783,6.48673844007316,0.200649120079468,B_native,sector,hrs_d_pm25_it2,bogota_2018
1,1105117,21.4278343379027,0.199095858199665,B_common,sector,hrs_d_pm25_it2,bogota_2018
2,1105597,24.0136161729817,0.199182334122066,B_common,sector,hrs_d_pm25_it2,bogota_2018
3,1113915,15.2010108491222,0.200680889794004,B_common,sector,hrs_d_pm25_it2,bogota_2018
4,1112292,16.6467078788663,0.200388493081386,B_common,sector,hrs_d_pm25_it2,bogota_2018
5,1113757,6.48686832046847,0.20065242480288,B_common,sector,hrs_d_pm25_it2,bogota_2018
1,1105117,20.8512510440071,0.199095858199665,baseline_common,sector,hrs_d_pm25_it2,bogota_2018
2,1105597,22.8229852287949,0.199182334122066,baseline_common,sector,hrs_d_pm25_it2,bogota_2018
3,1113915,14.9770287679042,0.200680889794004,baseline_common,sector,hrs_d_pm25_it2,bogota_2018
4,1112292,15.9194213390009,0.200388493081386,baseline_common,sector,hrs_d_pm25_it2,bogota_2018
5,1113757,6.69119834937064,0.20065242480288,baseline_common,sector,hrs_d_pm25_it2,bogota_2018
1,1105117,20.7098162285508,0.199095858199665,A_common,sector,hrs_d_pm25_it2,bogota_2018
2,1105597,22.7919714266505,0.199182334122066,A_common,sector,hrs_d_pm25_it2,bogota_2018
3,1113915,14.956690128307,0.200680889794004,A_common,sector,hrs_d_pm25_it2,bogota_2018
4,1112292,15.9505904977607,0.200388493081386,A_common,sector,hrs_d_pm25_it2,bogota_2018
5,1113757,6.85892789345394,0.20065242480288,A_common,sector,hrs_d_pm25_it2,bogota_2018
1,1076948,29.0947715210019,0.194020982661938,C,sector,hrs_d_pm25_it2,bogota_2018
2,1122623,21.2909160065311,0.202249707152892,C,sector,hrs_d_pm25_it2,bogota_2018
3,1123299,18.6941624625322,0.20237149407694,C,sector,hrs_d_pm25_it2,bogota_2018
4,1114398,9.25039707537164,0.200767906190919,C,sector,hrs_d_pm25_it2,bogota_2018
5,1113410,3.21145040910357,0.200589909917311,C,sector,hrs_d_pm25_it2,bogota_2018
1,1105117,15.6776451359703,0.199095858199665,A,sector,avg_pm25,bogota_2018
2,1105597,15.9168908014527,0.199182334122066,A,sector,avg_pm25,bogota_2018
3,1113915,15.3774833853892,0.200680889794004,A,sector,avg_pm25,bogota_2018
4,1112292,15.6936011553213,0.200388493081386,A,sector,avg_pm25,bogota_2018
5,1113757,14.2965333629315,0.20065242480288,A,sector,avg_pm25,bogota_2018
1,1105207,15.6773555872869,0.19910414511235,B_native,sector,avg_pm25,bogota_2018
2,1105628,15.9258672558231,0.199179988682914,B_native,sector,avg_pm25,bogota_2018
3,1113973,15.3602587971605,0.200683348769271,B_native,sector,avg_pm25,bogota_2018
4,1112308,15.6949106876683,0.200383397355996,B_native,sector,avg_pm25,bogota_2018
5,1113783,14.2677465737563,0.200649120079468,B_native,sector,avg_pm25,bogota_2018
1,1105117,15.6775601653204,0.199095858199665,B_common,sector,avg_pm25,bogota_2018
2,1105597,15.9259461123479,0.199182334122066,B_common,sector,avg_pm25,bogota_2018
3,1113915,15.3603618717746,0.200680889794004,B_common,sector,avg_pm25,bogota_2018
4,1112292,15.694940040994,0.200388493081386,B_common,sector,avg_pm25,bogota_2018
5,1113757,14.2677482892934,0.20065242480288,B_common,sector,avg_pm25,bogota_2018
1,1105117,15.6821619461857,0.199095858199665,baseline_common,sector,avg_pm25,bogota_2018
2,1105597,15.9179137658146,0.199182334122066,baseline_common,sector,avg_pm25,bogota_2018
3,1113915,15.3782571466245,0.200680889794004,baseline_common,sector,avg_pm25,bogota_2018
4,1112292,15.691905957787,0.200388493081386,baseline_common,sector,avg_pm25,bogota_2018
5,1113757,14.2918129666561,0.20065242480288,baseline_common,sector,avg_pm25,bogota_2018
1,1105117,15.6776451359703,0.199095858199665,A_common,sector,avg_pm25,bogota_2018
2,1105597,15.9168908014527,0.199182334122066,A_common,sector,avg_pm25,bogota_2018
3,1113915,15.3774833853892,0.200680889794004,A_common,sector,avg_pm25,bogota_2018
4,1112292,15.6936011553213,0.200388493081386,A_common,sector,avg_pm25,bogota_2018
5,1113757,14.2965333629315,0.20065242480288,A_common,sector,avg_pm25,bogota_2018
1,1076948,16.1054082267067,0.194020982661938,C,sector,avg_pm25,bogota_2018
2,1122623,15.9834646275955,0.202249707152892,C,sector,avg_pm25,bogota_2018
3,1123299,15.6365154935064,0.20237149407694,C,sector,avg_pm25,bogota_2018
4,1114398,14.9317830607943,0.200767906190919,C,sector,avg_pm25,bogota_2018
5,1113410,14.3150837412341,0.200589909917311,C,sector,avg_pm25,bogota_2018
1,1105117,0.534116137125473,0.199095858199665,A,localidad,hrs_d_pm10_it1,bogota_2018
2,1105597,0.528670166819091,0.199182334122066,A,localidad,hrs_d_pm10_it1,bogota_2018
3,1113915,0.810645462194774,0.200680889794004,A,localidad,hrs_d_pm10_it1,bogota_2018
4,1112292,0.342429470979221,0.200388493081386,A,localidad,hrs_d_pm10_it1,bogota_2018
5,1113757,0.278165165184137,0.20065242480288,A,localidad,hrs_d_pm10_it1,bogota_2018
1,1105003,0.048461406892108,0.19908446617492,B_native,localidad,hrs_d_pm10_it1,bogota_2018
2,1105568,0.0181128614431677,0.199186260218365,B_native,localidad,hrs_d_pm10_it1,bogota_2018
3,1113846,0.0458546334053361,0.200677678079671,B_native,localidad,hrs_d_pm10_it1,bogota_2018
4,1112284,0.018488983029514,0.200396258086996,B_native,localidad,hrs_d_pm10_it1,bogota_2018
5,1113722,0.0170670957384338,0.200655337440047,B_native,localidad,hrs_d_pm10_it1,bogota_2018
1,1105003,0.048461406892108,0.19908446617492,B_common,localidad,hrs_d_pm10_it1,bogota_2018
2,1105568,0.0181128614431677,0.199186260218365,B_common,localidad,hrs_d_pm10_it1,bogota_2018
3,1113846,0.0458546334053361,0.200677678079671,B_common,localidad,hrs_d_pm10_it1,bogota_2018
4,1112284,0.018488983029514,0.200396258086996,B_common,localidad,hrs_d_pm10_it1,bogota_2018
5,1113722,0.0170670957384338,0.200655337440047,B_common,localidad,hrs_d_pm10_it1,bogota_2018
1,1105003,0.623807356179124,0.19908446617492,baseline_common,localidad,hrs_d_pm10_it1,bogota_2018
2,1105568,0.350414447596168,0.199186260218365,baseline_common,localidad,hrs_d_pm10_it1,bogota_2018
3,1113846,0.831585335854328,0.200677678079671,baseline_common,localidad,hrs_d_pm10_it1,bogota_2018
4,1112284,0.371624513163904,0.200396258086996,baseline_common,localidad,hrs_d_pm10_it1,bogota_2018
5,1113722,0.304510461317995,0.200655337440047,baseline_common,localidad,hrs_d_pm10_it1,bogota_2018
1,1105003,0.534171240360154,0.19908446617492,A_common,localidad,hrs_d_pm10_it1,bogota_2018
2,1105568,0.528684034292496,0.199186260218365,A_common,localidad,hrs_d_pm10_it1,bogota_2018
3,1113846,0.810695679672677,0.200677678079671,A_common,localidad,hrs_d_pm10_it1,bogota_2018
4,1112284,0.342431933871583,0.200396258086996,A_common,localidad,hrs_d_pm10_it1,bogota_2018
5,1113722,0.278173906845684,0.200655337440047,A_common,localidad,hrs_d_pm10_it1,bogota_2018
1,1046216,0.447481208469379,0.188484361730225,C,localidad,hrs_d_pm10_it1,bogota_2018
2,1163759,1.85698757216915,0.209660693702643,C,localidad,hrs_d_pm10_it1,bogota_2018
3,1102197,0.0602505722661194,0.198569796338393,C,localidad,hrs_d_pm10_it1,bogota_2018
4,643546,0,0.115940070744511,C,localidad,hrs_d_pm10_it1,bogota_2018
5,1594960,0.0374993730250288,0.287345077484228,C,localidad,hrs_d_pm10_it1,bogota_2018
1,1105117,26.2709402095476,0.199095858199665,A,localidad,hrs_d_pm10_it2,bogota_2018
2,1105597,29.4049328159966,0.199182334122066,A,localidad,hrs_d_pm10_it2,bogota_2018
3,1113915,25.9739043184291,0.200680889794004,A,localidad,hrs_d_pm10_it2,bogota_2018
4,1112292,20.3480117364348,0.200388493081386,A,localidad,hrs_d_pm10_it2,bogota_2018
5,1113757,9.71688789934193,0.20065242480288,A,localidad,hrs_d_pm10_it2,bogota_2018
1,1105003,23.4455761658566,0.19908446617492,B_native,localidad,hrs_d_pm10_it2,bogota_2018
2,1105568,28.1944593186489,0.199186260218365,B_native,localidad,hrs_d_pm10_it2,bogota_2018
3,1113846,17.6247129315902,0.200677678079671,B_native,localidad,hrs_d_pm10_it2,bogota_2018
4,1112284,16.7618431983199,0.200396258086996,B_native,localidad,hrs_d_pm10_it2,bogota_2018
5,1113722,6.58904915230192,0.200655337440047,B_native,localidad,hrs_d_pm10_it2,bogota_2018
1,1105003,23.4455761658566,0.19908446617492,B_common,localidad,hrs_d_pm10_it2,bogota_2018
2,1105568,28.1944593186489,0.199186260218365,B_common,localidad,hrs_d_pm10_it2,bogota_2018
3,1113846,17.6247129315902,0.200677678079671,B_common,localidad,hrs_d_pm10_it2,bogota_2018
4,1112284,16.7618431983199,0.200396258086996,B_common,localidad,hrs_d_pm10_it2,bogota_2018
5,1113722,6.58904915230192,0.200655337440047,B_common,localidad,hrs_d_pm10_it2,bogota_2018
1,1105003,27.9531729778109,0.19908446617492,baseline_common,localidad,hrs_d_pm10_it2,bogota_2018
2,1105568,28.5131308069698,0.199186260218365,baseline_common,localidad,hrs_d_pm10_it2,bogota_2018
3,1113846,25.8747017092129,0.200677678079671,baseline_common,localidad,hrs_d_pm10_it2,bogota_2018
4,1112284,20.3438887909922,0.200396258086996,baseline_common,localidad,hrs_d_pm10_it2,bogota_2018
5,1113722,8.99620731205813,0.200655337440047,baseline_common,localidad,hrs_d_pm10_it2,bogota_2018
1,1105003,26.2735473401924,0.19908446617492,A_common,localidad,hrs_d_pm10_it2,bogota_2018
2,1105568,29.4056779018272,0.199186260218365,A_common,localidad,hrs_d_pm10_it2,bogota_2018
3,1113846,25.9754513899255,0.200677678079671,A_common,localidad,hrs_d_pm10_it2,bogota_2018
4,1112284,20.3481508952233,0.200396258086996,A_common,localidad,hrs_d_pm10_it2,bogota_2018
5,1113722,9.71716183761061,0.200655337440047,A_common,localidad,hrs_d_pm10_it2,bogota_2018
1,1046216,39.7704422413727,0.188484361730225,C,localidad,hrs_d_pm10_it2,bogota_2018
2,1163759,51.4770008223352,0.209660693702643,C,localidad,hrs_d_pm10_it2,bogota_2018
3,1102197,14.8438364466606,0.198569796338393,C,localidad,hrs_d_pm10_it2,bogota_2018
4,643546,1.44993364887669,0.115940070744511,C,localidad,hrs_d_pm10_it2,bogota_2018
5,1594960,3.17905276621357,0.287345077484228,C,localidad,hrs_d_pm10_it2,bogota_2018
1,1105117,33.0057262809364,0.199095858199665,A,localidad,avg_pm10,bogota_2018
2,1105597,33.7523868379673,0.199182334122066,A,localidad,avg_pm10,bogota_2018
3,1113915,32.2614891139546,0.200680889794004,A,localidad,avg_pm10,bogota_2018
4,1112292,32.8060470949829,0.200388493081386,A,localidad,avg_pm10,bogota_2018
5,1113757,29.4255480370393,0.20065242480288,A,localidad,avg_pm10,bogota_2018
1,1105003,32.8623744111439,0.19908446617492,B_native,localidad,avg_pm10,bogota_2018
2,1105568,33.7714766436192,0.199186260218365,B_native,localidad,avg_pm10,bogota_2018
3,1113846,31.971815607145,0.200677678079671,B_native,localidad,avg_pm10,bogota_2018
4,1112284,32.6800085110058,0.200396258086996,B_native,localidad,avg_pm10,bogota_2018
5,1113722,29.1920824579909,0.200655337440047,B_native,localidad,avg_pm10,bogota_2018
1,1105003,32.8623744111439,0.19908446617492,B_common,localidad,avg_pm10,bogota_2018
2,1105568,33.7714766436192,0.199186260218365,B_common,localidad,avg_pm10,bogota_2018
3,1113846,31.971815607145,0.200677678079671,B_common,localidad,avg_pm10,bogota_2018
4,1112284,32.6800085110058,0.200396258086996,B_common,localidad,avg_pm10,bogota_2018
5,1113722,29.1920824579909,0.200655337440047,B_common,localidad,avg_pm10,bogota_2018
1,1105003,33.180989007773,0.19908446617492,baseline_common,localidad,avg_pm10,bogota_2018
2,1105568,33.8038347695801,0.199186260218365,baseline_common,localidad,avg_pm10,bogota_2018
3,1113846,32.3941642372465,0.200677678079671,baseline_common,localidad,avg_pm10,bogota_2018
4,1112284,32.7601339534635,0.200396258086996,baseline_common,localidad,avg_pm10,bogota_2018
5,1113722,29.1205542308253,0.200655337440047,baseline_common,localidad,avg_pm10,bogota_2018
1,1105003,33.0078567086239,0.19908446617492,A_common,localidad,avg_pm10,bogota_2018
2,1105568,33.7529480974554,0.199186260218365,A_common,localidad,avg_pm10,bogota_2018
3,1113846,32.2627222423939,0.200677678079671,A_common,localidad,avg_pm10,bogota_2018
4,1112284,32.8061941838565,0.200396258086996,A_common,localidad,avg_pm10,bogota_2018
5,1113722,29.4260844838911,0.200655337440047,A_common,localidad,avg_pm10,bogota_2018
1,1046216,35.2821834584275,0.188484361730225,C,localidad,avg_pm10,bogota_2018
2,1163759,34.4137959225778,0.209660693702643,C,localidad,avg_pm10,bogota_2018
3,1102197,34.107501504981,0.198569796338393,C,localidad,avg_pm10,bogota_2018
4,643546,29.0993004311039,0.115940070744511,C,localidad,avg_pm10,bogota_2018
5,1594960,28.6599615182117,0.287345077484228,C,localidad,avg_pm10,bogota_2018
1,1105117,0.259659426999555,0.199095858199665,A,localidad,hrs_d_pm25_it1,bogota_2018
2,1105597,0.17526521449516,0.199182334122066,A,localidad,hrs_d_pm25_it1,bogota_2018
3,1113915,0.210863014214878,0.200680889794004,A,localidad,hrs_d_pm25_it1,bogota_2018
4,1112292,0.128049438866072,0.200388493081386,A,localidad,hrs_d_pm25_it1,bogota_2018
5,1113757,0.166872018656306,0.20065242480288,A,localidad,hrs_d_pm25_it1,bogota_2018
1,1105003,0.222203921618312,0.19908446617492,B_native,localidad,hrs_d_pm25_it1,bogota_2018
2,1105568,0.272092716142291,0.199186260218365,B_native,localidad,hrs_d_pm25_it1,bogota_2018
3,1113846,0.0499072582744832,0.200677678079671,B_native,localidad,hrs_d_pm25_it1,bogota_2018
4,1112284,0.106708358656602,0.200396258086996,B_native,localidad,hrs_d_pm25_it1,bogota_2018
5,1113722,0.0345570977317499,0.200655337440047,B_native,localidad,hrs_d_pm25_it1,bogota_2018
1,1105003,0.222203921618312,0.19908446617492,B_common,localidad,hrs_d_pm25_it1,bogota_2018
2,1105568,0.272092716142291,0.199186260218365,B_common,localidad,hrs_d_pm25_it1,bogota_2018
3,1113846,0.0499072582744832,0.200677678079671,B_common,localidad,hrs_d_pm25_it1,bogota_2018
4,1112284,0.106708358656602,0.200396258086996,B_common,localidad,hrs_d_pm25_it1,bogota_2018
5,1113722,0.0345570977317499,0.200655337440047,B_common,localidad,hrs_d_pm25_it1,bogota_2018
1,1105003,0.257304278811913,0.19908446617492,baseline_common,localidad,hrs_d_pm25_it1,bogota_2018
2,1105568,0.165819741526528,0.199186260218365,baseline_common,localidad,hrs_d_pm25_it1,bogota_2018
3,1113846,0.222287461641915,0.200677678079671,baseline_common,localidad,hrs_d_pm25_it1,bogota_2018
4,1112284,0.138990581542124,0.200396258086996,baseline_common,localidad,hrs_d_pm25_it1,bogota_2018
5,1113722,0.154653495216939,0.200655337440047,baseline_common,localidad,hrs_d_pm25_it1,bogota_2018
1,1105003,0.2596862153202,0.19908446617492,A_common,localidad,hrs_d_pm25_it1,bogota_2018
2,1105568,0.175269811852555,0.199186260218365,A_common,localidad,hrs_d_pm25_it1,bogota_2018
3,1113846,0.210876076656168,0.200677678079671,A_common,localidad,hrs_d_pm25_it1,bogota_2018
4,1112284,0.128050359849842,0.200396258086996,A_common,localidad,hrs_d_pm25_it1,bogota_2018
5,1113722,0.1668772628022,0.200655337440047,A_common,localidad,hrs_d_pm25_it1,bogota_2018
1,1046216,0.200491103175635,0.188484361730225,C,localidad,hrs_d_pm25_it1,bogota_2018
2,1163759,0.454258141075601,0.209660693702643,C,localidad,hrs_d_pm25_it1,bogota_2018
3,1102197,0.270819100396753,0.198569796338393,C,localidad,hrs_d_pm25_it1,bogota_2018
4,643546,0,0.115940070744511,C,localidad,hrs_d_pm25_it1,bogota_2018
5,1594960,0.00324710337563325,0.287345077484228,C,localidad,hrs_d_pm25_it1,bogota_2018
1,1105117,19.9674160421906,0.199095858199665,A,localidad,hrs_d_pm25_it2,bogota_2018
2,1105597,22.9403979939541,0.199182334122066,A,localidad,hrs_d_pm25_it2,bogota_2018
3,1113915,14.8874321155207,0.200680889794004,A,localidad,hrs_d_pm25_it2,bogota_2018
4,1112292,16.0424829632127,0.200388493081386,A,localidad,hrs_d_pm25_it2,bogota_2018
5,1113757,7.41925265372116,0.20065242480288,A,localidad,hrs_d_pm25_it2,bogota_2018
1,1105003,16.6395186257413,0.19908446617492,B_native,localidad,hrs_d_pm25_it2,bogota_2018
2,1105568,20.9320837795595,0.199186260218365,B_native,localidad,hrs_d_pm25_it2,bogota_2018
3,1113846,9.94641180199058,0.200677678079671,B_native,localidad,hrs_d_pm25_it2,bogota_2018
4,1112284,12.6969011511449,0.200396258086996,B_native,localidad,hrs_d_pm25_it2,bogota_2018
5,1113722,4.81913798955215,0.200655337440047,B_native,localidad,hrs_d_pm25_it2,bogota_2018
1,1105003,16.6395186257413,0.19908446617492,B_common,localidad,hrs_d_pm25_it2,bogota_2018
2,1105568,20.9320837795595,0.199186260218365,B_common,localidad,hrs_d_pm25_it2,bogota_2018
3,1113846,9.94641180199058,0.200677678079671,B_common,localidad,hrs_d_pm25_it2,bogota_2018
4,1112284,12.6969011511449,0.200396258086996,B_common,localidad,hrs_d_pm25_it2,bogota_2018
5,1113722,4.81913798955215,0.200655337440047,B_common,localidad,hrs_d_pm25_it2,bogota_2018
1,1105003,20.8532990408171,0.19908446617492,baseline_common,localidad,hrs_d_pm25_it2,bogota_2018
2,1105568,22.8235576644765,0.199186260218365,baseline_common,localidad,hrs_d_pm25_it2,bogota_2018
3,1113846,14.9778946102064,0.200677678079671,baseline_common,localidad,hrs_d_pm25_it2,bogota_2018
4,1112284,15.9195286455617,0.200396258086996,baseline_common,localidad,hrs_d_pm25_it2,bogota_2018
5,1113722,6.69137720185109,0.200655337440047,baseline_common,localidad,hrs_d_pm25_it2,bogota_2018
1,1105003,19.9693728562706,0.19908446617492,A_common,localidad,hrs_d_pm25_it2,bogota_2018
2,1105568,22.9409735094736,0.199186260218365,A_common,localidad,hrs_d_pm25_it2,bogota_2018
3,1113846,14.8882924075323,0.200677678079671,A_common,localidad,hrs_d_pm25_it2,bogota_2018
4,1112284,16.0425911548829,0.200396258086996,A_common,localidad,hrs_d_pm25_it2,bogota_2018
5,1113722,7.41945438614889,0.200655337440047,A_common,localidad,hrs_d_pm25_it2,bogota_2018
1,1046216,28.0571335173616,0.188484361730225,C,localidad,hrs_d_pm25_it2,bogota_2018
2,1163759,32.2172451512727,0.209660693702643,C,localidad,hrs_d_pm25_it2,bogota_2018
3,1102197,16.7159328141884,0.198569796338393,C,localidad,hrs_d_pm25_it2,bogota_2018
4,643546,1.29482896327535,0.115940070744511,C,localidad,hrs_d_pm25_it2,bogota_2018
5,1594960,2.51679227065256,0.287345077484228,C,localidad,hrs_d_pm25_it2,bogota_2018
1,1105117,15.6247297010344,0.199095858199665,A,localidad,avg_pm25,bogota_2018
2,1105597,15.8921104776155,0.199182334122066,A,localidad,avg_pm25,bogota_2018
3,1113915,15.3343292994878,0.200680889794004,A,localidad,avg_pm25,bogota_2018
4,1112292,15.6958162689582,0.200388493081386,A,localidad,avg_pm25,bogota_2018
5,1113757,14.4134881962247,0.20065242480288,A,localidad,avg_pm25,bogota_2018
1,1105003,15.440873916495,0.19908446617492,B_native,localidad,avg_pm25,bogota_2018
2,1105568,15.7704389173731,0.199186260218365,B_native,localidad,avg_pm25,bogota_2018
3,1113846,15.1236210158293,0.200677678079671,B_native,localidad,avg_pm25,bogota_2018
4,1112284,15.5115035588241,0.200396258086996,B_native,localidad,avg_pm25,bogota_2018
5,1113722,14.2220256672983,0.200655337440047,B_native,localidad,avg_pm25,bogota_2018
1,1105003,15.440873916495,0.19908446617492,B_common,localidad,avg_pm25,bogota_2018
2,1105568,15.7704389173731,0.199186260218365,B_common,localidad,avg_pm25,bogota_2018
3,1113846,15.1236210158293,0.200677678079671,B_common,localidad,avg_pm25,bogota_2018
4,1112284,15.5115035588241,0.200396258086996,B_common,localidad,avg_pm25,bogota_2018
5,1113722,14.2220256672983,0.200655337440047,B_common,localidad,avg_pm25,bogota_2018
1,1105003,15.6831601540024,0.19908446617492,baseline_common,localidad,avg_pm25,bogota_2018
2,1105568,15.9181737500754,0.199186260218365,baseline_common,localidad,avg_pm25,bogota_2018
3,1113846,15.3788377022223,0.200677678079671,baseline_common,localidad,avg_pm25,bogota_2018
4,1112284,15.6919756189968,0.200396258086996,baseline_common,localidad,avg_pm25,bogota_2018
5,1113722,14.2920733414041,0.200655337440047,baseline_common,localidad,avg_pm25,bogota_2018
1,1105003,15.6257219837306,0.19908446617492,A_common,localidad,avg_pm25,bogota_2018
2,1105568,15.8923697850339,0.199186260218365,A_common,localidad,avg_pm25,bogota_2018
3,1113846,15.3349071338643,0.200677678079671,A_common,localidad,avg_pm25,bogota_2018
4,1112284,15.6958859582925,0.200396258086996,A_common,localidad,avg_pm25,bogota_2018
5,1113722,14.4137523947572,0.200655337440047,A_common,localidad,avg_pm25,bogota_2018
1,1046216,16.1340177037416,0.188484361730225,C,localidad,avg_pm25,bogota_2018
2,1163759,15.9589776374728,0.209660693702643,C,localidad,avg_pm25,bogota_2018
3,1102197,16.3597020005525,0.198569796338393,C,localidad,avg_pm25,bogota_2018
4,643546,14.3538121798338,0.115940070744511,C,localidad,avg_pm25,bogota_2018
5,1594960,14.2386371904498,0.287345077484228,C,localidad,avg_pm25,bogota_2018
1,1105117,0.519402630872179,0.199095858199665,A,municipio,hrs_d_pm10_it1,bogota_2018
2,1105597,0.497584664132446,0.199182334122066,A,municipio,hrs_d_pm10_it1,bogota_2018
3,1113915,0.829871951373776,0.200680889794004,A,municipio,hrs_d_pm10_it1,bogota_2018
4,1112292,0.350464406550139,0.200388493081386,A,municipio,hrs_d_pm10_it1,bogota_2018
5,1113757,0.296683522100195,0.20065242480288,A,municipio,hrs_d_pm10_it1,bogota_2018
1,221128,0.288769400528201,0.204240949789504,B_native,municipio,hrs_d_pm10_it1,bogota_2018
2,195353,0.103428153138165,0.180434328824161,B_native,municipio,hrs_d_pm10_it1,bogota_2018
3,334279,0.153168461075928,0.308750861287063,B_native,municipio,hrs_d_pm10_it1,bogota_2018
4,139276,0.147850311611476,0.128639803746622,B_native,municipio,hrs_d_pm10_it1,bogota_2018
5,192646,0.0992286369818216,0.17793405635265,B_native,municipio,hrs_d_pm10_it1,bogota_2018
1,217733,0.24594342612282,0.202231923094785,B_common,municipio,hrs_d_pm10_it1,bogota_2018
2,194609,0.102898632642889,0.18075419124135,B_common,municipio,hrs_d_pm10_it1,bogota_2018
3,333507,0.153145211344889,0.309763618631867,B_common,municipio,hrs_d_pm10_it1,bogota_2018
4,138881,0.14807641074013,0.12899363767241,B_common,municipio,hrs_d_pm10_it1,bogota_2018
5,191920,0.0990412671946644,0.178256629359588,B_common,municipio,hrs_d_pm10_it1,bogota_2018
1,217733,2.89289175274304,0.202231923094785,baseline_common,municipio,hrs_d_pm10_it1,bogota_2018
2,194609,1.79403316393384,0.18075419124135,baseline_common,municipio,hrs_d_pm10_it1,bogota_2018
3,333507,2.67095143430273,0.309763618631867,baseline_common,municipio,hrs_d_pm10_it1,bogota_2018
4,138881,2.7262764525025,0.12899363767241,baseline_common,municipio,hrs_d_pm10_it1,bogota_2018
5,191920,1.58097644852022,0.178256629359588,baseline_common,municipio,hrs_d_pm10_it1,bogota_2018
1,217733,2.43212942191399,0.202231923094785,A_common,municipio,hrs_d_pm10_it1,bogota_2018
2,194609,2.59237769822971,0.18075419124135,A_common,municipio,hrs_d_pm10_it1,bogota_2018
3,333507,2.65457400367633,0.309763618631867,A_common,municipio,hrs_d_pm10_it1,bogota_2018
4,138881,2.45580125351465,0.12899363767241,A_common,municipio,hrs_d_pm10_it1,bogota_2018
5,191920,1.48114778073466,0.178256629359588,A_common,municipio,hrs_d_pm10_it1,bogota_2018
1,929811,2.74447495243657,0.167513049757165,C,municipio,hrs_d_pm10_it1,bogota_2018
2,0,,0,C,municipio,hrs_d_pm10_it1,bogota_2018
3,0,,0,C,municipio,hrs_d_pm10_it1,bogota_2018
4,0,,0,C,municipio,hrs_d_pm10_it1,bogota_2018
5,4620867,0.0440659729007565,0.832486950242835,C,municipio,hrs_d_pm10_it1,bogota_2018
1,1105117,22.4967196567877,0.199095858199665,A,municipio,hrs_d_pm10_it2,bogota_2018
2,1105597,22.4415604860601,0.199182334122066,A,municipio,hrs_d_pm10_it2,bogota_2018
3,1113915,28.5104861866779,0.200680889794004,A,municipio,hrs_d_pm10_it2,bogota_2018
4,1112292,19.9617075387826,0.200388493081386,A,municipio,hrs_d_pm10_it2,bogota_2018
5,1113757,18.0847554855487,0.20065242480288,A,municipio,hrs_d_pm10_it2,bogota_2018
1,221128,41.5843809920046,0.204240949789504,B_native,municipio,hrs_d_pm10_it2,bogota_2018
2,195353,42.2918050912963,0.180434328824161,B_native,municipio,hrs_d_pm10_it2,bogota_2018
3,334279,44.3857735604091,0.308750861287063,B_native,municipio,hrs_d_pm10_it2,bogota_2018
4,139276,41.0318073465637,0.128639803746622,B_native,municipio,hrs_d_pm10_it2,bogota_2018
5,192646,24.1124342057453,0.17793405635265,B_native,municipio,hrs_d_pm10_it2,bogota_2018
1,217733,40.7701680498592,0.202231923094785,B_common,municipio,hrs_d_pm10_it2,bogota_2018
2,194609,42.3943034494808,0.18075419124135,B_common,municipio,hrs_d_pm10_it2,bogota_2018
3,333507,44.4598044418858,0.309763618631867,B_common,municipio,hrs_d_pm10_it2,bogota_2018
4,138881,41.1109943044765,0.12899363767241,B_common,municipio,hrs_d_pm10_it2,bogota_2018
5,191920,24.1554032930388,0.178256629359588,B_common,municipio,hrs_d_pm10_it2,bogota_2018
1,217733,60.401735152687,0.202231923094785,baseline_common,municipio,hrs_d_pm10_it2,bogota_2018
2,194609,52.7137696612181,0.18075419124135,baseline_common,municipio,hrs_d_pm10_it2,bogota_2018
3,333507,59.6895627378136,0.309763618631867,baseline_common,municipio,hrs_d_pm10_it2,bogota_2018
4,138881,55.9615138139846,0.12899363767241,baseline_common,municipio,hrs_d_pm10_it2,bogota_2018
5,191920,34.0896832013339,0.178256629359588,baseline_common,municipio,hrs_d_pm10_it2,bogota_2018
1,217733,53.9280651026368,0.202231923094785,A_common,municipio,hrs_d_pm10_it2,bogota_2018
2,194609,58.2848640007585,0.18075419124135,A_common,municipio,hrs_d_pm10_it2,bogota_2018
3,333507,60.6292044549308,0.309763618631867,A_common,municipio,hrs_d_pm10_it2,bogota_2018
4,138881,56.2480666479146,0.12899363767241,A_common,municipio,hrs_d_pm10_it2,bogota_2018
5,191920,33.9363401458514,0.178256629359588,A_common,municipio,hrs_d_pm10_it2,bogota_2018
1,929811,61.976669452179,0.167513049757165,C,municipio,hrs_d_pm10_it2,bogota_2018
2,0,,0,C,municipio,hrs_d_pm10_it2,bogota_2018
3,0,,0,C,municipio,hrs_d_pm10_it2,bogota_2018
4,0,,0,C,municipio,hrs_d_pm10_it2,bogota_2018
5,4620867,14.3378071690875,0.832486950242835,C,municipio,hrs_d_pm10_it2,bogota_2018
1,1105117,32.1641203556814,0.199095858199665,A,municipio,avg_pm10,bogota_2018
2,1105597,32.3281503721902,0.199182334122066,A,municipio,avg_pm10,bogota_2018
3,1113915,32.4606707050104,0.200680889794004,A,municipio,avg_pm10,bogota_2018
4,1112292,32.3691010961945,0.200388493081386,A,municipio,avg_pm10,bogota_2018
5,1113757,31.8697280704708,0.20065242480288,A,municipio,avg_pm10,bogota_2018
1,221128,31.1616580012332,0.204240949789504,B_native,municipio,avg_pm10,bogota_2018
2,195353,32.1613253280801,0.180434328824161,B_native,municipio,avg_pm10,bogota_2018
3,334279,32.6666535122182,0.308750861287063,B_native,municipio,avg_pm10,bogota_2018
4,139276,32.3076611365829,0.128639803746622,B_native,municipio,avg_pm10,bogota_2018
5,192646,29.6216719881341,0.17793405635265,B_native,municipio,avg_pm10,bogota_2018
1,217733,31.1997374396435,0.202231923094785,B_common,municipio,avg_pm10,bogota_2018
2,194609,32.1857287070898,0.18075419124135,B_common,municipio,avg_pm10,bogota_2018
3,333507,32.6862060925484,0.309763618631867,B_common,municipio,avg_pm10,bogota_2018
4,138881,32.3304100288321,0.12899363767241,B_common,municipio,avg_pm10,bogota_2018
5,191920,29.6425037961621,0.178256629359588,B_common,municipio,avg_pm10,bogota_2018
1,217733,31.4519440023093,0.202231923094785,baseline_common,municipio,avg_pm10,bogota_2018
2,194609,32.000102248029,0.18075419124135,baseline_common,municipio,avg_pm10,bogota_2018
3,333507,32.6163318705261,0.309763618631867,baseline_common,municipio,avg_pm10,bogota_2018
4,138881,32.1879438651567,0.12899363767241,baseline_common,municipio,avg_pm10,bogota_2018
5,191920,29.320987086453,0.178256629359588,baseline_common,municipio,avg_pm10,bogota_2018
1,217733,31.2614497813778,0.202231923094785,A_common,municipio,avg_pm10,bogota_2018
2,194609,32.0592023848292,0.18075419124135,A_common,municipio,avg_pm10,bogota_2018
3,333507,32.6363268167704,0.309763618631867,A_common,municipio,avg_pm10,bogota_2018
4,138881,32.2534319217547,0.12899363767241,A_common,municipio,avg_pm10,bogota_2018
5,191920,29.3918536737796,0.178256629359588,A_common,municipio,avg_pm10,bogota_2018
1,929811,32.8414329650148,0.167513049757165,C,municipio,avg_pm10,bogota_2018
2,0,,0,C,municipio,avg_pm10,bogota_2018
3,0,,0,C,municipio,avg_pm10,bogota_2018
4,0,,0,C,municipio,avg_pm10,bogota_2018
5,4620867,32.1275726841265,0.832486950242835,C,municipio,avg_pm10,bogota_2018
1,1105117,0.238383584966727,0.199095858199665,A,municipio,hrs_d_pm25_it1,bogota_2018
2,1105597,0.131129021463238,0.199182334122066,A,municipio,hrs_d_pm25_it1,bogota_2018
3,1113915,0.237994545348059,0.200680889794004,A,municipio,hrs_d_pm25_it1,bogota_2018
4,1112292,0.134878920535689,0.200388493081386,A,municipio,hrs_d_pm25_it1,bogota_2018
5,1113757,0.19818488368945,0.20065242480288,A,municipio,hrs_d_pm25_it1,bogota_2018
1,221128,0.23167577149886,0.204240949789504,B_native,municipio,hrs_d_pm25_it1,bogota_2018
2,195353,0.107159859331569,0.180434328824161,B_native,municipio,hrs_d_pm25_it1,bogota_2018
3,334279,0.157168114060411,0.308750861287063,B_native,municipio,hrs_d_pm25_it1,bogota_2018
4,139276,0.159761911599989,0.128639803746622,B_native,municipio,hrs_d_pm25_it1,bogota_2018
5,192646,0.168469628230018,0.17793405635265,B_native,municipio,hrs_d_pm25_it1,bogota_2018
1,217733,0.228973100081292,0.202231923094785,B_common,municipio,hrs_d_pm25_it1,bogota_2018
2,194609,0.107158456186507,0.18075419124135,B_common,municipio,hrs_d_pm25_it1,bogota_2018
3,333507,0.157046178940772,0.309763618631867,B_common,municipio,hrs_d_pm25_it1,bogota_2018
4,138881,0.159143439347355,0.12899363767241,B_common,municipio,hrs_d_pm25_it1,bogota_2018
5,191920,0.168413922467695,0.178256629359588,B_common,municipio,hrs_d_pm25_it1,bogota_2018
1,217733,1.01399420391029,0.202231923094785,baseline_common,municipio,hrs_d_pm25_it1,bogota_2018
2,194609,0.513491154057623,0.18075419124135,baseline_common,municipio,hrs_d_pm25_it1,bogota_2018
3,333507,0.726209644775072,0.309763618631867,baseline_common,municipio,hrs_d_pm25_it1,bogota_2018
4,138881,0.858569566751392,0.12899363767241,baseline_common,municipio,hrs_d_pm25_it1,bogota_2018
5,191920,0.874249687369737,0.178256629359588,baseline_common,municipio,hrs_d_pm25_it1,bogota_2018
1,217733,1.03480488260195,0.202231923094785,A_common,municipio,hrs_d_pm25_it1,bogota_2018
2,194609,0.543813576642861,0.18075419124135,A_common,municipio,hrs_d_pm25_it1,bogota_2018
3,333507,0.694353745499768,0.309763618631867,A_common,municipio,hrs_d_pm25_it1,bogota_2018
4,138881,0.77906706714123,0.12899363767241,A_common,municipio,hrs_d_pm25_it1,bogota_2018
5,191920,0.943720234233248,0.178256629359588,A_common,municipio,hrs_d_pm25_it1,bogota_2018
1,929811,0.91409006776646,0.167513049757165,C,municipio,hrs_d_pm25_it1,bogota_2018
2,0,,0,C,municipio,hrs_d_pm25_it1,bogota_2018
3,0,,0,C,municipio,hrs_d_pm25_it1,bogota_2018
4,0,,0,C,municipio,hrs_d_pm25_it1,bogota_2018
5,4620867,0.0415826726889131,0.832486950242835,C,municipio,hrs_d_pm25_it1,bogota_2018
1,1105117,16.8143605678519,0.199095858199665,A,municipio,hrs_d_pm25_it2,bogota_2018
2,1105597,15.7733787443106,0.199182334122066,A,municipio,hrs_d_pm25_it2,bogota_2018
3,1113915,18.3426278754705,0.200680889794004,A,municipio,hrs_d_pm25_it2,bogota_2018
4,1112292,15.2875396769257,0.200388493081386,A,municipio,hrs_d_pm25_it2,bogota_2018
5,1113757,14.8905122677165,0.20065242480288,A,municipio,hrs_d_pm25_it2,bogota_2018
1,221128,22.7472821171448,0.204240949789504,B_native,municipio,hrs_d_pm25_it2,bogota_2018
2,195353,21.434986921112,0.180434328824161,B_native,municipio,hrs_d_pm25_it2,bogota_2018
3,334279,22.8075619467571,0.308750861287063,B_native,municipio,hrs_d_pm25_it2,bogota_2018
4,139276,21.6059407220196,0.128639803746622,B_native,municipio,hrs_d_pm25_it2,bogota_2018
5,192646,15.7234305409923,0.17793405635265,B_native,municipio,hrs_d_pm25_it2,bogota_2018
1,217733,22.6157633431772,0.202231923094785,B_common,municipio,hrs_d_pm25_it2,bogota_2018
2,194609,21.4758875488801,0.18075419124135,B_common,municipio,hrs_d_pm25_it2,bogota_2018
3,333507,22.8330229950196,0.309763618631867,B_common,municipio,hrs_d_pm25_it2,bogota_2018
4,138881,21.6193143770566,0.12899363767241,B_common,municipio,hrs_d_pm25_it2,bogota_2018
5,191920,15.7413974572739,0.178256629359588,B_common,municipio,hrs_d_pm25_it2,bogota_2018
1,217733,32.4567474843042,0.202231923094785,baseline_common,municipio,hrs_d_pm25_it2,bogota_2018
2,194609,25.3365928605563,0.18075419124135,baseline_common,municipio,hrs_d_pm25_it2,bogota_2018
3,333507,29.9067455855499,0.309763618631867,baseline_common,municipio,hrs_d_pm25_it2,bogota_2018
4,138881,29.0373053189421,0.12899363767241,baseline_common,municipio,hrs_d_pm25_it2,bogota_2018
5,191920,21.899557107128,0.178256629359588,baseline_common,municipio,hrs_d_pm25_it2,bogota_2018
1,217733,30.8402408131602,0.202231923094785,A_common,municipio,hrs_d_pm25_it2,bogota_2018
2,194609,27.0103064691682,0.18075419124135,A_common,municipio,hrs_d_pm25_it2,bogota_2018
3,333507,29.9718150832748,0.309763618631867,A_common,municipio,hrs_d_pm25_it2,bogota_2018
4,138881,28.7071669516601,0.12899363767241,A_common,municipio,hrs_d_pm25_it2,bogota_2018
5,191920,22.179961395325,0.178256629359588,A_common,municipio,hrs_d_pm25_it2,bogota_2018
1,929811,32.2006923987778,0.167513049757165,C,municipio,hrs_d_pm25_it2,bogota_2018
2,0,,0,C,municipio,hrs_d_pm25_it2,bogota_2018
3,0,,0,C,municipio,hrs_d_pm25_it2,bogota_2018
4,0,,0,C,municipio,hrs_d_pm25_it2,bogota_2018
5,4620867,13.0231164411354,0.832486950242835,C,municipio,hrs_d_pm25_it2,bogota_2018
1,1105117,15.3558408611688,0.199095858199665,A,municipio,avg_pm25,bogota_2018
2,1105597,15.4246721291738,0.199182334122066,A,municipio,avg_pm25,bogota_2018
3,1113915,15.3844606738344,0.200680889794004,A,municipio,avg_pm25,bogota_2018
4,1112292,15.4978950499876,0.200388493081386,A,municipio,avg_pm25,bogota_2018
5,1113757,15.2766828433855,0.20065242480288,A,municipio,avg_pm25,bogota_2018
1,221128,14.2696352126213,0.204240949789504,B_native,municipio,avg_pm25,bogota_2018
2,195353,14.6287808405323,0.180434328824161,B_native,municipio,avg_pm25,bogota_2018
3,334279,14.8823132042515,0.308750861287063,B_native,municipio,avg_pm25,bogota_2018
4,139276,14.7733289580823,0.128639803746622,B_native,municipio,avg_pm25,bogota_2018
5,192646,13.8330157900783,0.17793405635265,B_native,municipio,avg_pm25,bogota_2018
1,217733,14.2972642003929,0.202231923094785,B_common,municipio,avg_pm25,bogota_2018
2,194609,14.6392637835694,0.18075419124135,B_common,municipio,avg_pm25,bogota_2018
3,333507,14.8905805665673,0.309763618631867,B_common,municipio,avg_pm25,bogota_2018
4,138881,14.7826439282895,0.12899363767241,B_common,municipio,avg_pm25,bogota_2018
5,191920,13.8423704018379,0.178256629359588,B_common,municipio,avg_pm25,bogota_2018
1,217733,14.376136781114,0.202231923094785,baseline_common,municipio,avg_pm25,bogota_2018
2,194609,14.5626936424507,0.18075419124135,baseline_common,municipio,avg_pm25,bogota_2018
3,333507,14.8600845929159,0.309763618631867,baseline_common,municipio,avg_pm25,bogota_2018
4,138881,14.7159798099518,0.12899363767241,baseline_common,municipio,avg_pm25,bogota_2018
5,191920,13.6711195363514,0.178256629359588,baseline_common,municipio,avg_pm25,bogota_2018
1,217733,14.3325629169103,0.202231923094785,A_common,municipio,avg_pm25,bogota_2018
2,194609,14.5715598371801,0.18075419124135,A_common,municipio,avg_pm25,bogota_2018
3,333507,14.8639106607327,0.309763618631867,A_common,municipio,avg_pm25,bogota_2018
4,138881,14.7337614740675,0.12899363767241,A_common,municipio,avg_pm25,bogota_2018
5,191920,13.6904880272404,0.178256629359588,A_common,municipio,avg_pm25,bogota_2018
1,929811,14.9120006717522,0.167513049757165,C,municipio,avg_pm25,bogota_2018
2,0,,0,C,municipio,avg_pm25,bogota_2018
3,0,,0,C,municipio,avg_pm25,bogota_2018
4,0,,0,C,municipio,avg_pm25,bogota_2018
5,4620867,15.4875132129989,0.832486950242835,C,municipio,avg_pm25,bogota_2018
1,786177,387.736453750237,0.199999898241796,A,fine,hrs_d_pm10_it1,santiago_2017
2,786177,393.806623699243,0.199999898241796,A,fine,hrs_d_pm10_it1,santiago_2017
3,786178,371.104781614342,0.200000152637306,A,fine,hrs_d_pm10_it1,santiago_2017
4,786177,360.455379640971,0.199999898241796,A,fine,hrs_d_pm10_it1,santiago_2017
5,786178,313.578090457886,0.200000152637306,A,fine,hrs_d_pm10_it1,santiago_2017
1,786177,387.736453750237,0.199999898241796,B_native,fine,hrs_d_pm10_it1,santiago_2017
2,786177,393.806623699243,0.199999898241796,B_native,fine,hrs_d_pm10_it1,santiago_2017
3,786178,371.104781614342,0.200000152637306,B_native,fine,hrs_d_pm10_it1,santiago_2017
4,786177,360.455379640971,0.199999898241796,B_native,fine,hrs_d_pm10_it1,santiago_2017
5,786178,313.578090457886,0.200000152637306,B_native,fine,hrs_d_pm10_it1,santiago_2017
1,786177,387.736453750237,0.199999898241796,B_common,fine,hrs_d_pm10_it1,santiago_2017
2,786177,393.806623699243,0.199999898241796,B_common,fine,hrs_d_pm10_it1,santiago_2017
3,786178,371.104781614342,0.200000152637306,B_common,fine,hrs_d_pm10_it1,santiago_2017
4,786177,360.455379640971,0.199999898241796,B_common,fine,hrs_d_pm10_it1,santiago_2017
5,786178,313.578090457886,0.200000152637306,B_common,fine,hrs_d_pm10_it1,santiago_2017
1,786177,387.736453750237,0.199999898241796,baseline_common,fine,hrs_d_pm10_it1,santiago_2017
2,786177,393.806623699243,0.199999898241796,baseline_common,fine,hrs_d_pm10_it1,santiago_2017
3,786178,371.104781614342,0.200000152637306,baseline_common,fine,hrs_d_pm10_it1,santiago_2017
4,786177,360.455379640971,0.199999898241796,baseline_common,fine,hrs_d_pm10_it1,santiago_2017
5,786178,313.578090457886,0.200000152637306,baseline_common,fine,hrs_d_pm10_it1,santiago_2017
1,786177,387.736453750237,0.199999898241796,A_common,fine,hrs_d_pm10_it1,santiago_2017
2,786177,393.806623699243,0.199999898241796,A_common,fine,hrs_d_pm10_it1,santiago_2017
3,786178,371.104781614342,0.200000152637306,A_common,fine,hrs_d_pm10_it1,santiago_2017
4,786177,360.455379640971,0.199999898241796,A_common,fine,hrs_d_pm10_it1,santiago_2017
5,786178,313.578090457886,0.200000152637306,A_common,fine,hrs_d_pm10_it1,santiago_2017
1,780134,399.458794258422,0.198462586179659,C,fine,hrs_d_pm10_it1,santiago_2017
2,783383,392.84888234746,0.199289117189072,C,fine,hrs_d_pm10_it1,santiago_2017
3,786192,385.83792763091,0.200003714174434,C,fine,hrs_d_pm10_it1,santiago_2017
4,788223,380.25004345217,0.200520391453634,C,fine,hrs_d_pm10_it1,santiago_2017
5,792955,269.433305799194,0.201724191003201,C,fine,hrs_d_pm10_it1,santiago_2017
1,786177,1499.24915763244,0.199999898241796,A,fine,hrs_d_pm10_it2,santiago_2017
2,786177,1510.49835469621,0.199999898241796,A,fine,hrs_d_pm10_it2,santiago_2017
3,786178,1467.27111290318,0.200000152637306,A,fine,hrs_d_pm10_it2,santiago_2017
4,786177,1457.6859892874,0.199999898241796,A,fine,hrs_d_pm10_it2,santiago_2017
5,786178,1356.15152166558,0.200000152637306,A,fine,hrs_d_pm10_it2,santiago_2017
1,786177,1499.24915763244,0.199999898241796,B_native,fine,hrs_d_pm10_it2,santiago_2017
2,786177,1510.49835469621,0.199999898241796,B_native,fine,hrs_d_pm10_it2,santiago_2017
3,786178,1467.27111290318,0.200000152637306,B_native,fine,hrs_d_pm10_it2,santiago_2017
4,786177,1457.6859892874,0.199999898241796,B_native,fine,hrs_d_pm10_it2,santiago_2017
5,786178,1356.15152166558,0.200000152637306,B_native,fine,hrs_d_pm10_it2,santiago_2017
1,786177,1499.24915763244,0.199999898241796,B_common,fine,hrs_d_pm10_it2,santiago_2017
2,786177,1510.49835469621,0.199999898241796,B_common,fine,hrs_d_pm10_it2,santiago_2017
3,786178,1467.27111290318,0.200000152637306,B_common,fine,hrs_d_pm10_it2,santiago_2017
4,786177,1457.6859892874,0.199999898241796,B_common,fine,hrs_d_pm10_it2,santiago_2017
5,786178,1356.15152166558,0.200000152637306,B_common,fine,hrs_d_pm10_it2,santiago_2017
1,786177,1499.24915763244,0.199999898241796,baseline_common,fine,hrs_d_pm10_it2,santiago_2017
2,786177,1510.49835469621,0.199999898241796,baseline_common,fine,hrs_d_pm10_it2,santiago_2017
3,786178,1467.27111290318,0.200000152637306,baseline_common,fine,hrs_d_pm10_it2,santiago_2017
4,786177,1457.6859892874,0.199999898241796,baseline_common,fine,hrs_d_pm10_it2,santiago_2017
5,786178,1356.15152166558,0.200000152637306,baseline_common,fine,hrs_d_pm10_it2,santiago_2017
1,786177,1499.24915763244,0.199999898241796,A_common,fine,hrs_d_pm10_it2,santiago_2017
2,786177,1510.49835469621,0.199999898241796,A_common,fine,hrs_d_pm10_it2,santiago_2017
3,786178,1467.27111290318,0.200000152637306,A_common,fine,hrs_d_pm10_it2,santiago_2017
4,786177,1457.6859892874,0.199999898241796,A_common,fine,hrs_d_pm10_it2,santiago_2017
5,786178,1356.15152166558,0.200000152637306,A_common,fine,hrs_d_pm10_it2,santiago_2017
1,780134,1528.23827060479,0.198462586179659,C,fine,hrs_d_pm10_it2,santiago_2017
2,783383,1504.01884263508,0.199289117189072,C,fine,hrs_d_pm10_it2,santiago_2017
3,786192,1504.61269002992,0.200003714174434,C,fine,hrs_d_pm10_it2,santiago_2017
4,788223,1489.39109236853,0.200520391453634,C,fine,hrs_d_pm10_it2,santiago_2017
5,792955,1266.86385103821,0.201724191003201,C,fine,hrs_d_pm10_it2,santiago_2017
1,786177,67.110020114583,0.199999898241796,A,fine,avg_pm10,santiago_2017
2,786177,67.2841507409827,0.199999898241796,A,fine,avg_pm10,santiago_2017
3,786178,66.6900956907857,0.200000152637306,A,fine,avg_pm10,santiago_2017
4,786177,66.7498274086022,0.199999898241796,A,fine,avg_pm10,santiago_2017
5,786178,65.4470733592993,0.200000152637306,A,fine,avg_pm10,santiago_2017
1,786177,67.110020114583,0.199999898241796,B_native,fine,avg_pm10,santiago_2017
2,786177,67.2841507409828,0.199999898241796,B_native,fine,avg_pm10,santiago_2017
3,786178,66.6900956907857,0.200000152637306,B_native,fine,avg_pm10,santiago_2017
4,786177,66.7498274086022,0.199999898241796,B_native,fine,avg_pm10,santiago_2017
5,786178,65.4470733592993,0.200000152637306,B_native,fine,avg_pm10,santiago_2017
1,786177,67.110020114583,0.199999898241796,B_common,fine,avg_pm10,santiago_2017
2,786177,67.2841507409828,0.199999898241796,B_common,fine,avg_pm10,santiago_2017
3,786178,66.6900956907857,0.200000152637306,B_common,fine,avg_pm10,santiago_2017
4,786177,66.7498274086022,0.199999898241796,B_common,fine,avg_pm10,santiago_2017
5,786178,65.4470733592993,0.200000152637306,B_common,fine,avg_pm10,santiago_2017
1,786177,67.110020114583,0.199999898241796,baseline_common,fine,avg_pm10,santiago_2017
2,786177,67.2841507409827,0.199999898241796,baseline_common,fine,avg_pm10,santiago_2017
3,786178,66.6900956907857,0.200000152637306,baseline_common,fine,avg_pm10,santiago_2017
4,786177,66.7498274086022,0.199999898241796,baseline_common,fine,avg_pm10,santiago_2017
5,786178,65.4470733592993,0.200000152637306,baseline_common,fine,avg_pm10,santiago_2017
1,786177,67.110020114583,0.199999898241796,A_common,fine,avg_pm10,santiago_2017
2,786177,67.2841507409827,0.199999898241796,A_common,fine,avg_pm10,santiago_2017
3,786178,66.6900956907857,0.200000152637306,A_common,fine,avg_pm10,santiago_2017
4,786177,66.7498274086022,0.199999898241796,A_common,fine,avg_pm10,santiago_2017
5,786178,65.4470733592993,0.200000152637306,A_common,fine,avg_pm10,santiago_2017
1,780134,67.525631314183,0.198462586179659,C,fine,avg_pm10,santiago_2017
2,783383,67.0548016552978,0.199289117189072,C,fine,avg_pm10,santiago_2017
3,786192,67.2580426042367,0.200003714174434,C,fine,avg_pm10,santiago_2017
4,788223,67.1125974728473,0.200520391453634,C,fine,avg_pm10,santiago_2017
5,792955,64.3568171195657,0.201724191003201,C,fine,avg_pm10,santiago_2017
1,786177,163.569735568453,0.199999898241796,A,fine,hrs_d_pm25_it1,santiago_2017
2,786177,164.555813767129,0.199999898241796,A,fine,hrs_d_pm25_it1,santiago_2017
3,786178,152.983980727011,0.200000152637306,A,fine,hrs_d_pm25_it1,santiago_2017
4,786177,138.149718193231,0.199999898241796,A,fine,hrs_d_pm25_it1,santiago_2017
5,786178,113.931998860309,0.200000152637306,A,fine,hrs_d_pm25_it1,santiago_2017
1,786177,163.569735568453,0.199999898241796,B_native,fine,hrs_d_pm25_it1,santiago_2017
2,786177,164.555813767129,0.199999898241796,B_native,fine,hrs_d_pm25_it1,santiago_2017
3,786178,152.983980727011,0.200000152637306,B_native,fine,hrs_d_pm25_it1,santiago_2017
4,786177,138.149718193231,0.199999898241796,B_native,fine,hrs_d_pm25_it1,santiago_2017
5,786178,113.931998860309,0.200000152637306,B_native,fine,hrs_d_pm25_it1,santiago_2017
1,786177,163.569735568453,0.199999898241796,B_common,fine,hrs_d_pm25_it1,santiago_2017
2,786177,164.555813767129,0.199999898241796,B_common,fine,hrs_d_pm25_it1,santiago_2017
3,786178,152.983980727011,0.200000152637306,B_common,fine,hrs_d_pm25_it1,santiago_2017
4,786177,138.149718193231,0.199999898241796,B_common,fine,hrs_d_pm25_it1,santiago_2017
5,786178,113.931998860309,0.200000152637306,B_common,fine,hrs_d_pm25_it1,santiago_2017
1,786177,163.569735568453,0.199999898241796,baseline_common,fine,hrs_d_pm25_it1,santiago_2017
2,786177,164.555813767129,0.199999898241796,baseline_common,fine,hrs_d_pm25_it1,santiago_2017
3,786178,152.983980727011,0.200000152637306,baseline_common,fine,hrs_d_pm25_it1,santiago_2017
4,786177,138.149718193231,0.199999898241796,baseline_common,fine,hrs_d_pm25_it1,santiago_2017
5,786178,113.931998860309,0.200000152637306,baseline_common,fine,hrs_d_pm25_it1,santiago_2017
1,786177,163.569735568453,0.199999898241796,A_common,fine,hrs_d_pm25_it1,santiago_2017
2,786177,164.555813767129,0.199999898241796,A_common,fine,hrs_d_pm25_it1,santiago_2017
3,786178,152.983980727011,0.200000152637306,A_common,fine,hrs_d_pm25_it1,santiago_2017
4,786177,138.149718193231,0.199999898241796,A_common,fine,hrs_d_pm25_it1,santiago_2017
5,786178,113.931998860309,0.200000152637306,A_common,fine,hrs_d_pm25_it1,santiago_2017
1,780134,170.82357005335,0.198462586179659,C,fine,hrs_d_pm25_it1,santiago_2017
2,783383,172.896894622426,0.199289117189072,C,fine,hrs_d_pm25_it1,santiago_2017
3,786192,153.3315564137,0.200003714174434,C,fine,hrs_d_pm25_it1,santiago_2017
4,788223,146.81905120759,0.200520391453634,C,fine,hrs_d_pm25_it1,santiago_2017
5,792955,90.0863264624096,0.201724191003201,C,fine,hrs_d_pm25_it1,santiago_2017
1,786177,850.111846314507,0.199999898241796,A,fine,hrs_d_pm25_it2,santiago_2017
2,786177,860.11513183418,0.199999898241796,A,fine,hrs_d_pm25_it2,santiago_2017
3,786178,824.504477357545,0.200000152637306,A,fine,hrs_d_pm25_it2,santiago_2017
4,786177,798.113546949351,0.199999898241796,A,fine,hrs_d_pm25_it2,santiago_2017
5,786178,736.672047551572,0.200000152637306,A,fine,hrs_d_pm25_it2,santiago_2017
1,786177,850.111846314507,0.199999898241796,B_native,fine,hrs_d_pm25_it2,santiago_2017
2,786177,860.11513183418,0.199999898241796,B_native,fine,hrs_d_pm25_it2,santiago_2017
3,786178,824.504477357545,0.200000152637306,B_native,fine,hrs_d_pm25_it2,santiago_2017
4,786177,798.113546949351,0.199999898241796,B_native,fine,hrs_d_pm25_it2,santiago_2017
5,786178,736.672047551572,0.200000152637306,B_native,fine,hrs_d_pm25_it2,santiago_2017
1,786177,850.111846314507,0.199999898241796,B_common,fine,hrs_d_pm25_it2,santiago_2017
2,786177,860.11513183418,0.199999898241796,B_common,fine,hrs_d_pm25_it2,santiago_2017
3,786178,824.504477357545,0.200000152637306,B_common,fine,hrs_d_pm25_it2,santiago_2017
4,786177,798.113546949351,0.199999898241796,B_common,fine,hrs_d_pm25_it2,santiago_2017
5,786178,736.672047551572,0.200000152637306,B_common,fine,hrs_d_pm25_it2,santiago_2017
1,786177,850.111846314507,0.199999898241796,baseline_common,fine,hrs_d_pm25_it2,santiago_2017
2,786177,860.11513183418,0.199999898241796,baseline_common,fine,hrs_d_pm25_it2,santiago_2017
3,786178,824.504477357545,0.200000152637306,baseline_common,fine,hrs_d_pm25_it2,santiago_2017
4,786177,798.113546949351,0.199999898241796,baseline_common,fine,hrs_d_pm25_it2,santiago_2017
5,786178,736.672047551572,0.200000152637306,baseline_common,fine,hrs_d_pm25_it2,santiago_2017
1,786177,850.111846314507,0.199999898241796,A_common,fine,hrs_d_pm25_it2,santiago_2017
2,786177,860.11513183418,0.199999898241796,A_common,fine,hrs_d_pm25_it2,santiago_2017
3,786178,824.504477357545,0.200000152637306,A_common,fine,hrs_d_pm25_it2,santiago_2017
4,786177,798.113546949351,0.199999898241796,A_common,fine,hrs_d_pm25_it2,santiago_2017
5,786178,736.672047551572,0.200000152637306,A_common,fine,hrs_d_pm25_it2,santiago_2017
1,780134,860.052461500204,0.198462586179659,C,fine,hrs_d_pm25_it2,santiago_2017
2,783383,867.104600176414,0.199289117189072,C,fine,hrs_d_pm25_it2,santiago_2017
3,786192,837.334672700816,0.200003714174434,C,fine,hrs_d_pm25_it2,santiago_2017
4,788223,830.59687423483,0.200520391453634,C,fine,hrs_d_pm25_it2,santiago_2017
5,792955,676.116193226602,0.201724191003201,C,fine,hrs_d_pm25_it2,santiago_2017
1,786177,23.7655675430106,0.199999898241796,A,fine,avg_pm25,santiago_2017
2,786177,23.8026959589533,0.199999898241796,A,fine,avg_pm25,santiago_2017
3,786178,23.6182727247438,0.200000152637306,A,fine,avg_pm25,santiago_2017
4,786177,23.4753386786849,0.199999898241796,A,fine,avg_pm25,santiago_2017
5,786178,23.1589063685594,0.200000152637306,A,fine,avg_pm25,santiago_2017
1,786177,23.7655675430106,0.199999898241796,B_native,fine,avg_pm25,santiago_2017
2,786177,23.8026959589533,0.199999898241796,B_native,fine,avg_pm25,santiago_2017
3,786178,23.6182727247438,0.200000152637306,B_native,fine,avg_pm25,santiago_2017
4,786177,23.4753386786849,0.199999898241796,B_native,fine,avg_pm25,santiago_2017
5,786178,23.1589063685594,0.200000152637306,B_native,fine,avg_pm25,santiago_2017
1,786177,23.7655675430106,0.199999898241796,B_common,fine,avg_pm25,santiago_2017
2,786177,23.8026959589533,0.199999898241796,B_common,fine,avg_pm25,santiago_2017
3,786178,23.6182727247438,0.200000152637306,B_common,fine,avg_pm25,santiago_2017
4,786177,23.4753386786849,0.199999898241796,B_common,fine,avg_pm25,santiago_2017
5,786178,23.1589063685594,0.200000152637306,B_common,fine,avg_pm25,santiago_2017
1,786177,23.7655675430106,0.199999898241796,baseline_common,fine,avg_pm25,santiago_2017
2,786177,23.8026959589533,0.199999898241796,baseline_common,fine,avg_pm25,santiago_2017
3,786178,23.6182727247438,0.200000152637306,baseline_common,fine,avg_pm25,santiago_2017
4,786177,23.4753386786849,0.199999898241796,baseline_common,fine,avg_pm25,santiago_2017
5,786178,23.1589063685594,0.200000152637306,baseline_common,fine,avg_pm25,santiago_2017
1,786177,23.7655675430106,0.199999898241796,A_common,fine,avg_pm25,santiago_2017
2,786177,23.8026959589533,0.199999898241796,A_common,fine,avg_pm25,santiago_2017
3,786178,23.6182727247438,0.200000152637306,A_common,fine,avg_pm25,santiago_2017
4,786177,23.4753386786849,0.199999898241796,A_common,fine,avg_pm25,santiago_2017
5,786178,23.1589063685594,0.200000152637306,A_common,fine,avg_pm25,santiago_2017
1,780134,23.8521204804574,0.198462586179659,C,fine,avg_pm25,santiago_2017
2,783383,23.8387151698725,0.199289117189072,C,fine,avg_pm25,santiago_2017
3,786192,23.6520991720164,0.200003714174434,C,fine,avg_pm25,santiago_2017
4,788223,23.6212628078442,0.200520391453634,C,fine,avg_pm25,santiago_2017
5,792955,22.8656443121439,0.201724191003201,C,fine,avg_pm25,santiago_2017
1,786177,387.67231170665,0.199999898241796,A,distrito,hrs_d_pm10_it1,santiago_2017
2,786177,393.7402095198,0.199999898241796,A,distrito,hrs_d_pm10_it1,santiago_2017
3,786178,371.037425948701,0.200000152637306,A,distrito,hrs_d_pm10_it1,santiago_2017
4,786177,360.453501567751,0.199999898241796,A,distrito,hrs_d_pm10_it1,santiago_2017
5,786178,313.784171206861,0.200000152637306,A,distrito,hrs_d_pm10_it1,santiago_2017
1,786177,387.471138178807,0.199999898241796,B_native,distrito,hrs_d_pm10_it1,santiago_2017
2,786177,393.791501150504,0.199999898241796,B_native,distrito,hrs_d_pm10_it1,santiago_2017
3,786178,371.235933847042,0.200000152637306,B_native,distrito,hrs_d_pm10_it1,santiago_2017
4,786177,360.10108665097,0.199999898241796,B_native,distrito,hrs_d_pm10_it1,santiago_2017
5,786178,312.962184136417,0.200000152637306,B_native,distrito,hrs_d_pm10_it1,santiago_2017
1,786177,387.471138178807,0.199999898241796,B_common,distrito,hrs_d_pm10_it1,santiago_2017
2,786177,393.791501150504,0.199999898241796,B_common,distrito,hrs_d_pm10_it1,santiago_2017
3,786178,371.235933847042,0.200000152637306,B_common,distrito,hrs_d_pm10_it1,santiago_2017
4,786177,360.10108665097,0.199999898241796,B_common,distrito,hrs_d_pm10_it1,santiago_2017
5,786178,312.962184136417,0.200000152637306,B_common,distrito,hrs_d_pm10_it1,santiago_2017
1,786177,387.736453750237,0.199999898241796,baseline_common,distrito,hrs_d_pm10_it1,santiago_2017
2,786177,393.806623699243,0.199999898241796,baseline_common,distrito,hrs_d_pm10_it1,santiago_2017
3,786178,371.104781614342,0.200000152637306,baseline_common,distrito,hrs_d_pm10_it1,santiago_2017
4,786177,360.455379640971,0.199999898241796,baseline_common,distrito,hrs_d_pm10_it1,santiago_2017
5,786178,313.578090457886,0.200000152637306,baseline_common,distrito,hrs_d_pm10_it1,santiago_2017
1,786177,387.67231170665,0.199999898241796,A_common,distrito,hrs_d_pm10_it1,santiago_2017
2,786177,393.7402095198,0.199999898241796,A_common,distrito,hrs_d_pm10_it1,santiago_2017
3,786178,371.037425948701,0.200000152637306,A_common,distrito,hrs_d_pm10_it1,santiago_2017
4,786177,360.453501567751,0.199999898241796,A_common,distrito,hrs_d_pm10_it1,santiago_2017
5,786178,313.784171206861,0.200000152637306,A_common,distrito,hrs_d_pm10_it1,santiago_2017
1,778420,408.357767015236,0.198026552276878,C,distrito,hrs_d_pm10_it1,santiago_2017
2,778705,398.988658092603,0.198099054997002,C,distrito,hrs_d_pm10_it1,santiago_2017
3,786582,387.177686496767,0.200102928423025,C,distrito,hrs_d_pm10_it1,santiago_2017
4,789863,364.446379941838,0.200937600088733,C,distrito,hrs_d_pm10_it1,santiago_2017
5,797317,269.801730052162,0.202833864214362,C,distrito,hrs_d_pm10_it1,santiago_2017
1,786177,1499.19808027808,0.199999898241796,A,distrito,hrs_d_pm10_it2,santiago_2017
2,786177,1510.39020464601,0.199999898241796,A,distrito,hrs_d_pm10_it2,santiago_2017
3,786178,1467.16549707849,0.200000152637306,A,distrito,hrs_d_pm10_it2,santiago_2017
4,786177,1457.50025131199,0.199999898241796,A,distrito,hrs_d_pm10_it2,santiago_2017
5,786178,1356.6144386281,0.200000152637306,A,distrito,hrs_d_pm10_it2,santiago_2017
1,786177,1499.20561018702,0.199999898241796,B_native,distrito,hrs_d_pm10_it2,santiago_2017
2,786177,1510.29256261631,0.199999898241796,B_native,distrito,hrs_d_pm10_it2,santiago_2017
3,786178,1467.76729188555,0.200000152637306,B_native,distrito,hrs_d_pm10_it2,santiago_2017
4,786177,1456.59524509112,0.199999898241796,B_native,distrito,hrs_d_pm10_it2,santiago_2017
5,786178,1353.9595893042,0.200000152637306,B_native,distrito,hrs_d_pm10_it2,santiago_2017
1,786177,1499.20561018702,0.199999898241796,B_common,distrito,hrs_d_pm10_it2,santiago_2017
2,786177,1510.29256261631,0.199999898241796,B_common,distrito,hrs_d_pm10_it2,santiago_2017
3,786178,1467.76729188555,0.200000152637306,B_common,distrito,hrs_d_pm10_it2,santiago_2017
4,786177,1456.59524509112,0.199999898241796,B_common,distrito,hrs_d_pm10_it2,santiago_2017
5,786178,1353.9595893042,0.200000152637306,B_common,distrito,hrs_d_pm10_it2,santiago_2017
1,786177,1499.24915763244,0.199999898241796,baseline_common,distrito,hrs_d_pm10_it2,santiago_2017
2,786177,1510.49835469621,0.199999898241796,baseline_common,distrito,hrs_d_pm10_it2,santiago_2017
3,786178,1467.27111290318,0.200000152637306,baseline_common,distrito,hrs_d_pm10_it2,santiago_2017
4,786177,1457.6859892874,0.199999898241796,baseline_common,distrito,hrs_d_pm10_it2,santiago_2017
5,786178,1356.15152166558,0.200000152637306,baseline_common,distrito,hrs_d_pm10_it2,santiago_2017
1,786177,1499.19808027808,0.199999898241796,A_common,distrito,hrs_d_pm10_it2,santiago_2017
2,786177,1510.39020464601,0.199999898241796,A_common,distrito,hrs_d_pm10_it2,santiago_2017
3,786178,1467.16549707849,0.200000152637306,A_common,distrito,hrs_d_pm10_it2,santiago_2017
4,786177,1457.50025131199,0.199999898241796,A_common,distrito,hrs_d_pm10_it2,santiago_2017
5,786178,1356.6144386281,0.200000152637306,A_common,distrito,hrs_d_pm10_it2,santiago_2017
1,778420,1545.90317309422,0.198026552276878,C,distrito,hrs_d_pm10_it2,santiago_2017
2,778705,1514.04377909478,0.198099054997002,C,distrito,hrs_d_pm10_it2,santiago_2017
3,786582,1517.91880439674,0.200102928423025,C,distrito,hrs_d_pm10_it2,santiago_2017
4,789863,1445.71400609979,0.200937600088733,C,distrito,hrs_d_pm10_it2,santiago_2017
5,797317,1271.34779265963,0.202833864214362,C,distrito,hrs_d_pm10_it2,santiago_2017
1,786177,67.1070040083283,0.199999898241796,A,distrito,avg_pm10,santiago_2017
2,786177,67.2813993245297,0.199999898241796,A,distrito,avg_pm10,santiago_2017
3,786178,66.6861869654757,0.200000152637306,A,distrito,avg_pm10,santiago_2017
4,786177,66.747117988243,0.199999898241796,A,distrito,avg_pm10,santiago_2017
5,786178,65.4596821580402,0.200000152637306,A,distrito,avg_pm10,santiago_2017
1,786177,67.1005792495333,0.199999898241796,B_native,distrito,avg_pm10,santiago_2017
2,786177,67.2794629039723,0.199999898241796,B_native,distrito,avg_pm10,santiago_2017
3,786178,66.6857290137478,0.200000152637306,B_native,distrito,avg_pm10,santiago_2017
4,786177,66.7328628253574,0.199999898241796,B_native,distrito,avg_pm10,santiago_2017
5,786178,65.4168771907041,0.200000152637306,B_native,distrito,avg_pm10,santiago_2017
1,786177,67.1005792495333,0.199999898241796,B_common,distrito,avg_pm10,santiago_2017
2,786177,67.2794629039723,0.199999898241796,B_common,distrito,avg_pm10,santiago_2017
3,786178,66.6857290137478,0.200000152637306,B_common,distrito,avg_pm10,santiago_2017
4,786177,66.7328628253574,0.199999898241796,B_common,distrito,avg_pm10,santiago_2017
5,786178,65.4168771907041,0.200000152637306,B_common,distrito,avg_pm10,santiago_2017
1,786177,67.110020114583,0.199999898241796,baseline_common,distrito,avg_pm10,santiago_2017
2,786177,67.2841507409827,0.199999898241796,baseline_common,distrito,avg_pm10,santiago_2017
3,786178,66.6900956907857,0.200000152637306,baseline_common,distrito,avg_pm10,santiago_2017
4,786177,66.7498274086022,0.199999898241796,baseline_common,distrito,avg_pm10,santiago_2017
5,786178,65.4470733592993,0.200000152637306,baseline_common,distrito,avg_pm10,santiago_2017
1,786177,67.1070040083283,0.199999898241796,A_common,distrito,avg_pm10,santiago_2017
2,786177,67.2813993245297,0.199999898241796,A_common,distrito,avg_pm10,santiago_2017
3,786178,66.6861869654757,0.200000152637306,A_common,distrito,avg_pm10,santiago_2017
4,786177,66.747117988243,0.199999898241796,A_common,distrito,avg_pm10,santiago_2017
5,786178,65.4596821580402,0.200000152637306,A_common,distrito,avg_pm10,santiago_2017
1,778420,67.7426701853849,0.198026552276878,C,distrito,avg_pm10,santiago_2017
2,778705,67.1325379717806,0.198099054997002,C,distrito,avg_pm10,santiago_2017
3,786582,67.5557286794642,0.200102928423025,C,distrito,avg_pm10,santiago_2017
4,789863,66.4201992150592,0.200937600088733,C,distrito,avg_pm10,santiago_2017
5,797317,64.4768017200298,0.202833864214362,C,distrito,avg_pm10,santiago_2017
1,786177,163.428389069662,0.199999898241796,A,distrito,hrs_d_pm25_it1,santiago_2017
2,786177,164.484478945274,0.199999898241796,A,distrito,hrs_d_pm25_it1,santiago_2017
3,786178,152.98129988869,0.200000152637306,A,distrito,hrs_d_pm25_it1,santiago_2017
4,786177,138.239010691962,0.199999898241796,A,distrito,hrs_d_pm25_it1,santiago_2017
5,786178,114.063719085274,0.200000152637306,A,distrito,hrs_d_pm25_it1,santiago_2017
1,786177,163.238273315042,0.199999898241796,B_native,distrito,hrs_d_pm25_it1,santiago_2017
2,786177,164.130417196128,0.199999898241796,B_native,distrito,hrs_d_pm25_it1,santiago_2017
3,786178,153.52088458339,0.200000152637306,B_native,distrito,hrs_d_pm25_it1,santiago_2017
4,786177,137.524202565071,0.199999898241796,B_native,distrito,hrs_d_pm25_it1,santiago_2017
5,786178,113.852927708483,0.200000152637306,B_native,distrito,hrs_d_pm25_it1,santiago_2017
1,786177,163.238273315042,0.199999898241796,B_common,distrito,hrs_d_pm25_it1,santiago_2017
2,786177,164.130417196128,0.199999898241796,B_common,distrito,hrs_d_pm25_it1,santiago_2017
3,786178,153.52088458339,0.200000152637306,B_common,distrito,hrs_d_pm25_it1,santiago_2017
4,786177,137.524202565071,0.199999898241796,B_common,distrito,hrs_d_pm25_it1,santiago_2017
5,786178,113.852927708483,0.200000152637306,B_common,distrito,hrs_d_pm25_it1,santiago_2017
1,786177,163.569735568453,0.199999898241796,baseline_common,distrito,hrs_d_pm25_it1,santiago_2017
2,786177,164.555813767129,0.199999898241796,baseline_common,distrito,hrs_d_pm25_it1,santiago_2017
3,786178,152.983980727011,0.200000152637306,baseline_common,distrito,hrs_d_pm25_it1,santiago_2017
4,786177,138.149718193231,0.199999898241796,baseline_common,distrito,hrs_d_pm25_it1,santiago_2017
5,786178,113.931998860309,0.200000152637306,baseline_common,distrito,hrs_d_pm25_it1,santiago_2017
1,786177,163.428389069662,0.199999898241796,A_common,distrito,hrs_d_pm25_it1,santiago_2017
2,786177,164.484478945274,0.199999898241796,A_common,distrito,hrs_d_pm25_it1,santiago_2017
3,786178,152.98129988869,0.200000152637306,A_common,distrito,hrs_d_pm25_it1,santiago_2017
4,786177,138.239010691962,0.199999898241796,A_common,distrito,hrs_d_pm25_it1,santiago_2017
5,786178,114.063719085274,0.200000152637306,A_common,distrito,hrs_d_pm25_it1,santiago_2017
1,778420,177.907755453354,0.198026552276878,C,distrito,hrs_d_pm25_it1,santiago_2017
2,778705,177.179847310599,0.198099054997002,C,distrito,hrs_d_pm25_it1,santiago_2017
3,786582,151.979104530742,0.200102928423025,C,distrito,hrs_d_pm25_it1,santiago_2017
4,789863,137.781505147095,0.200937600088733,C,distrito,hrs_d_pm25_it1,santiago_2017
5,797317,89.7861615894306,0.202833864214362,C,distrito,hrs_d_pm25_it1,santiago_2017
1,786177,849.838936586097,0.199999898241796,A,distrito,hrs_d_pm25_it2,santiago_2017
2,786177,859.870521341503,0.199999898241796,A,distrito,hrs_d_pm25_it2,santiago_2017
3,786178,824.367108621911,0.200000152637306,A,distrito,hrs_d_pm25_it2,santiago_2017
4,786177,798.199027828249,0.199999898241796,A,distrito,hrs_d_pm25_it2,santiago_2017
5,786178,737.238793772396,0.200000152637306,A,distrito,hrs_d_pm25_it2,santiago_2017
1,786177,848.568794304591,0.199999898241796,B_native,distrito,hrs_d_pm25_it2,santiago_2017
2,786177,858.512259961815,0.199999898241796,B_native,distrito,hrs_d_pm25_it2,santiago_2017
3,786178,824.483770850876,0.200000152637306,B_native,distrito,hrs_d_pm25_it2,santiago_2017
4,786177,795.432865626952,0.199999898241796,B_native,distrito,hrs_d_pm25_it2,santiago_2017
5,786178,735.15877066008,0.200000152637306,B_native,distrito,hrs_d_pm25_it2,santiago_2017
1,786177,848.568794304591,0.199999898241796,B_common,distrito,hrs_d_pm25_it2,santiago_2017
2,786177,858.512259961815,0.199999898241796,B_common,distrito,hrs_d_pm25_it2,santiago_2017
3,786178,824.483770850876,0.200000152637306,B_common,distrito,hrs_d_pm25_it2,santiago_2017
4,786177,795.432865626952,0.199999898241796,B_common,distrito,hrs_d_pm25_it2,santiago_2017
5,786178,735.15877066008,0.200000152637306,B_common,distrito,hrs_d_pm25_it2,santiago_2017
1,786177,850.111846314507,0.199999898241796,baseline_common,distrito,hrs_d_pm25_it2,santiago_2017
2,786177,860.11513183418,0.199999898241796,baseline_common,distrito,hrs_d_pm25_it2,santiago_2017
3,786178,824.504477357545,0.200000152637306,baseline_common,distrito,hrs_d_pm25_it2,santiago_2017
4,786177,798.113546949351,0.199999898241796,baseline_common,distrito,hrs_d_pm25_it2,santiago_2017
5,786178,736.672047551572,0.200000152637306,baseline_common,distrito,hrs_d_pm25_it2,santiago_2017
1,786177,849.838936586097,0.199999898241796,A_common,distrito,hrs_d_pm25_it2,santiago_2017
2,786177,859.870521341503,0.199999898241796,A_common,distrito,hrs_d_pm25_it2,santiago_2017
3,786178,824.367108621911,0.200000152637306,A_common,distrito,hrs_d_pm25_it2,santiago_2017
4,786177,798.199027828249,0.199999898241796,A_common,distrito,hrs_d_pm25_it2,santiago_2017
5,786178,737.238793772396,0.200000152637306,A_common,distrito,hrs_d_pm25_it2,santiago_2017
1,778420,874.058869247964,0.198026552276878,C,distrito,hrs_d_pm25_it2,santiago_2017
2,778705,880.892928644352,0.198099054997002,C,distrito,hrs_d_pm25_it2,santiago_2017
3,786582,831.923247671571,0.200102928423025,C,distrito,hrs_d_pm25_it2,santiago_2017
4,789863,809.846750639035,0.200937600088733,C,distrito,hrs_d_pm25_it2,santiago_2017
5,797317,675.989346771736,0.202833864214362,C,distrito,hrs_d_pm25_it2,santiago_2017
1,786177,23.7622239114678,0.199999898241796,A,distrito,avg_pm25,santiago_2017
2,786177,23.7999589143358,0.199999898241796,A,distrito,avg_pm25,santiago_2017
3,786178,23.6162671658846,0.200000152637306,A,distrito,avg_pm25,santiago_2017
4,786177,23.4760414653026,0.199999898241796,A,distrito,avg_pm25,santiago_2017
5,786178,23.1663259304811,0.200000152637306,A,distrito,avg_pm25,santiago_2017
1,786177,23.751749141734,0.199999898241796,B_native,distrito,avg_pm25,santiago_2017
2,786177,23.7922082222831,0.199999898241796,B_native,distrito,avg_pm25,santiago_2017
3,786178,23.6114019952095,0.200000152637306,B_native,distrito,avg_pm25,santiago_2017
4,786177,23.4584864922852,0.199999898241796,B_native,distrito,avg_pm25,santiago_2017
5,786178,23.1466067427579,0.200000152637306,B_native,distrito,avg_pm25,santiago_2017
1,786177,23.751749141734,0.199999898241796,B_common,distrito,avg_pm25,santiago_2017
2,786177,23.7922082222831,0.199999898241796,B_common,distrito,avg_pm25,santiago_2017
3,786178,23.6114019952095,0.200000152637306,B_common,distrito,avg_pm25,santiago_2017
4,786177,23.4584864922852,0.199999898241796,B_common,distrito,avg_pm25,santiago_2017
5,786178,23.1466067427579,0.200000152637306,B_common,distrito,avg_pm25,santiago_2017
1,786177,23.7655675430106,0.199999898241796,baseline_common,distrito,avg_pm25,santiago_2017
2,786177,23.8026959589533,0.199999898241796,baseline_common,distrito,avg_pm25,santiago_2017
3,786178,23.6182727247438,0.200000152637306,baseline_common,distrito,avg_pm25,santiago_2017
4,786177,23.4753386786849,0.199999898241796,baseline_common,distrito,avg_pm25,santiago_2017
5,786178,23.1589063685594,0.200000152637306,baseline_common,distrito,avg_pm25,santiago_2017
1,786177,23.7622239114678,0.199999898241796,A_common,distrito,avg_pm25,santiago_2017
2,786177,23.7999589143358,0.199999898241796,A_common,distrito,avg_pm25,santiago_2017
3,786178,23.6162671658846,0.200000152637306,A_common,distrito,avg_pm25,santiago_2017
4,786177,23.4760414653026,0.199999898241796,A_common,distrito,avg_pm25,santiago_2017
5,786178,23.1663259304811,0.200000152637306,A_common,distrito,avg_pm25,santiago_2017
1,778420,23.9563117856881,0.198026552276878,C,distrito,avg_pm25,santiago_2017
2,778705,23.8764510737408,0.198099054997002,C,distrito,avg_pm25,santiago_2017
3,786582,23.6683792086982,0.200102928423025,C,distrito,avg_pm25,santiago_2017
4,789863,23.4548848006187,0.200937600088733,C,distrito,avg_pm25,santiago_2017
5,797317,22.8817200124804,0.202833864214362,C,distrito,avg_pm25,santiago_2017
1,786177,387.351395598316,0.199999898241796,A,comuna,hrs_d_pm10_it1,santiago_2017
2,786177,392.989816809467,0.199999898241796,A,comuna,hrs_d_pm10_it1,santiago_2017
3,786178,370.600916617419,0.200000152637306,A,comuna,hrs_d_pm10_it1,santiago_2017
4,786177,360.881438449289,0.199999898241796,A,comuna,hrs_d_pm10_it1,santiago_2017
5,786178,314.972306541045,0.200000152637306,A,comuna,hrs_d_pm10_it1,santiago_2017
1,786177,382.936810667318,0.199999898241796,B_native,comuna,hrs_d_pm10_it1,santiago_2017
2,786177,391.978018944843,0.199999898241796,B_native,comuna,hrs_d_pm10_it1,santiago_2017
3,786178,360.466270997153,0.200000152637306,B_native,comuna,hrs_d_pm10_it1,santiago_2017
4,786177,354.209164094091,0.199999898241796,B_native,comuna,hrs_d_pm10_it1,santiago_2017
5,786178,297.501046836721,0.200000152637306,B_native,comuna,hrs_d_pm10_it1,santiago_2017
1,786177,382.936810667318,0.199999898241796,B_common,comuna,hrs_d_pm10_it1,santiago_2017
2,786177,391.978018944843,0.199999898241796,B_common,comuna,hrs_d_pm10_it1,santiago_2017
3,786178,360.466270997153,0.200000152637306,B_common,comuna,hrs_d_pm10_it1,santiago_2017
4,786177,354.209164094091,0.199999898241796,B_common,comuna,hrs_d_pm10_it1,santiago_2017
5,786178,297.501046836721,0.200000152637306,B_common,comuna,hrs_d_pm10_it1,santiago_2017
1,786177,387.736453750237,0.199999898241796,baseline_common,comuna,hrs_d_pm10_it1,santiago_2017
2,786177,393.806623699243,0.199999898241796,baseline_common,comuna,hrs_d_pm10_it1,santiago_2017
3,786178,371.104781614342,0.200000152637306,baseline_common,comuna,hrs_d_pm10_it1,santiago_2017
4,786177,360.455379640971,0.199999898241796,baseline_common,comuna,hrs_d_pm10_it1,santiago_2017
5,786178,313.578090457886,0.200000152637306,baseline_common,comuna,hrs_d_pm10_it1,santiago_2017
1,786177,387.351395598316,0.199999898241796,A_common,comuna,hrs_d_pm10_it1,santiago_2017
2,786177,392.989816809467,0.199999898241796,A_common,comuna,hrs_d_pm10_it1,santiago_2017
3,786178,370.600916617419,0.200000152637306,A_common,comuna,hrs_d_pm10_it1,santiago_2017
4,786177,360.881438449289,0.199999898241796,A_common,comuna,hrs_d_pm10_it1,santiago_2017
5,786178,314.972306541045,0.200000152637306,A_common,comuna,hrs_d_pm10_it1,santiago_2017
1,770428,427.734441115847,0.195993423367296,C,comuna,hrs_d_pm10_it1,santiago_2017
2,742250,407.405111485349,0.188825066708862,C,comuna,hrs_d_pm10_it1,santiago_2017
3,583142,338.173549495663,0.148348706029962,C,comuna,hrs_d_pm10_it1,santiago_2017
4,914218,385.715750510272,0.232572953636164,C,comuna,hrs_d_pm10_it1,santiago_2017
5,920849,276.189707541627,0.234259850257715,C,comuna,hrs_d_pm10_it1,santiago_2017
1,786177,1498.59082497226,0.199999898241796,A,comuna,hrs_d_pm10_it2,santiago_2017
2,786177,1510.68350078735,0.199999898241796,A,comuna,hrs_d_pm10_it2,santiago_2017
3,786178,1464.39735540461,0.200000152637306,A,comuna,hrs_d_pm10_it2,santiago_2017
4,786177,1458.45293964934,0.199999898241796,A,comuna,hrs_d_pm10_it2,santiago_2017
5,786178,1358.98524968814,0.200000152637306,A,comuna,hrs_d_pm10_it2,santiago_2017
1,786177,1489.16484074197,0.199999898241796,B_native,comuna,hrs_d_pm10_it2,santiago_2017
2,786177,1506.92949043282,0.199999898241796,B_native,comuna,hrs_d_pm10_it2,santiago_2017
3,786178,1443.57650811903,0.200000152637306,B_native,comuna,hrs_d_pm10_it2,santiago_2017
4,786177,1440.42352803504,0.199999898241796,B_native,comuna,hrs_d_pm10_it2,santiago_2017
5,786178,1314.61646726314,0.200000152637306,B_native,comuna,hrs_d_pm10_it2,santiago_2017
1,786177,1489.16484074197,0.199999898241796,B_common,comuna,hrs_d_pm10_it2,santiago_2017
2,786177,1506.92949043282,0.199999898241796,B_common,comuna,hrs_d_pm10_it2,santiago_2017
3,786178,1443.57650811903,0.200000152637306,B_common,comuna,hrs_d_pm10_it2,santiago_2017
4,786177,1440.42352803504,0.199999898241796,B_common,comuna,hrs_d_pm10_it2,santiago_2017
5,786178,1314.61646726314,0.200000152637306,B_common,comuna,hrs_d_pm10_it2,santiago_2017
1,786177,1499.24915763244,0.199999898241796,baseline_common,comuna,hrs_d_pm10_it2,santiago_2017
2,786177,1510.49835469621,0.199999898241796,baseline_common,comuna,hrs_d_pm10_it2,santiago_2017
3,786178,1467.27111290318,0.200000152637306,baseline_common,comuna,hrs_d_pm10_it2,santiago_2017
4,786177,1457.6859892874,0.199999898241796,baseline_common,comuna,hrs_d_pm10_it2,santiago_2017
5,786178,1356.15152166558,0.200000152637306,baseline_common,comuna,hrs_d_pm10_it2,santiago_2017
1,786177,1498.59082497226,0.199999898241796,A_common,comuna,hrs_d_pm10_it2,santiago_2017
2,786177,1510.68350078735,0.199999898241796,A_common,comuna,hrs_d_pm10_it2,santiago_2017
3,786178,1464.39735540461,0.200000152637306,A_common,comuna,hrs_d_pm10_it2,santiago_2017
4,786177,1458.45293964934,0.199999898241796,A_common,comuna,hrs_d_pm10_it2,santiago_2017
5,786178,1358.98524968814,0.200000152637306,A_common,comuna,hrs_d_pm10_it2,santiago_2017
1,770428,1574.60413172938,0.195993423367296,C,comuna,hrs_d_pm10_it2,santiago_2017
2,742250,1512.71938699899,0.188825066708862,C,comuna,hrs_d_pm10_it2,santiago_2017
3,583142,1457.62060870251,0.148348706029962,C,comuna,hrs_d_pm10_it2,santiago_2017
4,914218,1500.65444675121,0.232572953636164,C,comuna,hrs_d_pm10_it2,santiago_2017
5,920849,1274.96044085404,0.234259850257715,C,comuna,hrs_d_pm10_it2,santiago_2017
1,786177,67.1082987313363,0.199999898241796,A,comuna,avg_pm10,santiago_2017
2,786177,67.2919546339004,0.199999898241796,A,comuna,avg_pm10,santiago_2017
3,786178,66.650144039831,0.200000152637306,A,comuna,avg_pm10,santiago_2017
4,786177,66.7525656017905,0.199999898241796,A,comuna,avg_pm10,santiago_2017
5,786178,65.4814572455018,0.200000152637306,A,comuna,avg_pm10,santiago_2017
1,786177,66.965217778692,0.199999898241796,B_native,comuna,avg_pm10,santiago_2017
2,786177,67.2232176204269,0.199999898241796,B_native,comuna,avg_pm10,santiago_2017
3,786178,66.3729634658948,0.200000152637306,B_native,comuna,avg_pm10,santiago_2017
4,786177,66.500510197681,0.199999898241796,B_native,comuna,avg_pm10,santiago_2017
5,786178,64.9074140521176,0.200000152637306,B_native,comuna,avg_pm10,santiago_2017
1,786177,66.965217778692,0.199999898241796,B_common,comuna,avg_pm10,santiago_2017
2,786177,67.2232176204269,0.199999898241796,B_common,comuna,avg_pm10,santiago_2017
3,786178,66.3729634658948,0.200000152637306,B_common,comuna,avg_pm10,santiago_2017
4,786177,66.500510197681,0.199999898241796,B_common,comuna,avg_pm10,santiago_2017
5,786178,64.9074140521176,0.200000152637306,B_common,comuna,avg_pm10,santiago_2017
1,786177,67.110020114583,0.199999898241796,baseline_common,comuna,avg_pm10,santiago_2017
2,786177,67.2841507409827,0.199999898241796,baseline_common,comuna,avg_pm10,santiago_2017
3,786178,66.6900956907857,0.200000152637306,baseline_common,comuna,avg_pm10,santiago_2017
4,786177,66.7498274086022,0.199999898241796,baseline_common,comuna,avg_pm10,santiago_2017
5,786178,65.4470733592993,0.200000152637306,baseline_common,comuna,avg_pm10,santiago_2017
1,786177,67.1082987313363,0.199999898241796,A_common,comuna,avg_pm10,santiago_2017
2,786177,67.2919546339004,0.199999898241796,A_common,comuna,avg_pm10,santiago_2017
3,786178,66.650144039831,0.200000152637306,A_common,comuna,avg_pm10,santiago_2017
4,786177,66.7525656017905,0.199999898241796,A_common,comuna,avg_pm10,santiago_2017
5,786178,65.4814572455018,0.200000152637306,A_common,comuna,avg_pm10,santiago_2017
1,770428,67.9749278617536,0.195993423367296,C,comuna,avg_pm10,santiago_2017
2,742250,66.86848097687,0.188825066708862,C,comuna,avg_pm10,santiago_2017
3,583142,67.2929610469253,0.148348706029962,C,comuna,avg_pm10,santiago_2017
4,914218,67.1916809721048,0.232572953636164,C,comuna,avg_pm10,santiago_2017
5,920849,64.447055488194,0.234259850257715,C,comuna,avg_pm10,santiago_2017
1,786177,162.871250853414,0.199999898241796,A,comuna,hrs_d_pm25_it1,santiago_2017
2,786177,163.880680666112,0.199999898241796,A,comuna,hrs_d_pm25_it1,santiago_2017
3,786178,152.729002420985,0.200000152637306,A,comuna,hrs_d_pm25_it1,santiago_2017
4,786177,138.876873700861,0.199999898241796,A,comuna,hrs_d_pm25_it1,santiago_2017
5,786178,114.932669193173,0.200000152637306,A,comuna,hrs_d_pm25_it1,santiago_2017
1,786177,161.029051981933,0.199999898241796,B_native,comuna,hrs_d_pm25_it1,santiago_2017
2,786177,164.081748766499,0.199999898241796,B_native,comuna,hrs_d_pm25_it1,santiago_2017
3,786178,146.947060334937,0.200000152637306,B_native,comuna,hrs_d_pm25_it1,santiago_2017
4,786177,136.971503872538,0.199999898241796,B_native,comuna,hrs_d_pm25_it1,santiago_2017
5,786178,109.348390568039,0.200000152637306,B_native,comuna,hrs_d_pm25_it1,santiago_2017
1,786177,161.029051981933,0.199999898241796,B_common,comuna,hrs_d_pm25_it1,santiago_2017
2,786177,164.081748766499,0.199999898241796,B_common,comuna,hrs_d_pm25_it1,santiago_2017
3,786178,146.947060334937,0.200000152637306,B_common,comuna,hrs_d_pm25_it1,santiago_2017
4,786177,136.971503872538,0.199999898241796,B_common,comuna,hrs_d_pm25_it1,santiago_2017
5,786178,109.348390568039,0.200000152637306,B_common,comuna,hrs_d_pm25_it1,santiago_2017
1,786177,163.569735568453,0.199999898241796,baseline_common,comuna,hrs_d_pm25_it1,santiago_2017
2,786177,164.555813767129,0.199999898241796,baseline_common,comuna,hrs_d_pm25_it1,santiago_2017
3,786178,152.983980727011,0.200000152637306,baseline_common,comuna,hrs_d_pm25_it1,santiago_2017
4,786177,138.149718193231,0.199999898241796,baseline_common,comuna,hrs_d_pm25_it1,santiago_2017
5,786178,113.931998860309,0.200000152637306,baseline_common,comuna,hrs_d_pm25_it1,santiago_2017
1,786177,162.871250853414,0.199999898241796,A_common,comuna,hrs_d_pm25_it1,santiago_2017
2,786177,163.880680666112,0.199999898241796,A_common,comuna,hrs_d_pm25_it1,santiago_2017
3,786178,152.729002420985,0.200000152637306,A_common,comuna,hrs_d_pm25_it1,santiago_2017
4,786177,138.876873700861,0.199999898241796,A_common,comuna,hrs_d_pm25_it1,santiago_2017
5,786178,114.932669193173,0.200000152637306,A_common,comuna,hrs_d_pm25_it1,santiago_2017
1,770428,196.975169645963,0.195993423367296,C,comuna,hrs_d_pm25_it1,santiago_2017
2,742250,193.776687100034,0.188825066708862,C,comuna,hrs_d_pm25_it1,santiago_2017
3,583142,91.7341625195922,0.148348706029962,C,comuna,hrs_d_pm25_it1,santiago_2017
4,914218,153.839481392841,0.232572953636164,C,comuna,hrs_d_pm25_it1,santiago_2017
5,920849,94.1474269940023,0.234259850257715,C,comuna,hrs_d_pm25_it1,santiago_2017
1,786177,850.09738725666,0.199999898241796,A,comuna,hrs_d_pm25_it2,santiago_2017
2,786177,858.45034587406,0.199999898241796,A,comuna,hrs_d_pm25_it2,santiago_2017
3,786178,823.578434887957,0.200000152637306,A,comuna,hrs_d_pm25_it2,santiago_2017
4,786177,799.532140771065,0.199999898241796,A,comuna,hrs_d_pm25_it2,santiago_2017
5,786178,738.041960020889,0.200000152637306,A,comuna,hrs_d_pm25_it2,santiago_2017
1,786177,842.405696172745,0.199999898241796,B_native,comuna,hrs_d_pm25_it2,santiago_2017
2,786177,856.128801783822,0.199999898241796,B_native,comuna,hrs_d_pm25_it2,santiago_2017
3,786178,806.440778042632,0.200000152637306,B_native,comuna,hrs_d_pm25_it2,santiago_2017
4,786177,789.174093111348,0.199999898241796,B_native,comuna,hrs_d_pm25_it2,santiago_2017
5,786178,706.106122277652,0.200000152637306,B_native,comuna,hrs_d_pm25_it2,santiago_2017
1,786177,842.405696172745,0.199999898241796,B_common,comuna,hrs_d_pm25_it2,santiago_2017
2,786177,856.128801783822,0.199999898241796,B_common,comuna,hrs_d_pm25_it2,santiago_2017
3,786178,806.440778042632,0.200000152637306,B_common,comuna,hrs_d_pm25_it2,santiago_2017
4,786177,789.174093111348,0.199999898241796,B_common,comuna,hrs_d_pm25_it2,santiago_2017
5,786178,706.106122277652,0.200000152637306,B_common,comuna,hrs_d_pm25_it2,santiago_2017
1,786177,850.111846314507,0.199999898241796,baseline_common,comuna,hrs_d_pm25_it2,santiago_2017
2,786177,860.11513183418,0.199999898241796,baseline_common,comuna,hrs_d_pm25_it2,santiago_2017
3,786178,824.504477357545,0.200000152637306,baseline_common,comuna,hrs_d_pm25_it2,santiago_2017
4,786177,798.113546949351,0.199999898241796,baseline_common,comuna,hrs_d_pm25_it2,santiago_2017
5,786178,736.672047551572,0.200000152637306,baseline_common,comuna,hrs_d_pm25_it2,santiago_2017
1,786177,850.09738725666,0.199999898241796,A_common,comuna,hrs_d_pm25_it2,santiago_2017
2,786177,858.45034587406,0.199999898241796,A_common,comuna,hrs_d_pm25_it2,santiago_2017
3,786178,823.578434887957,0.200000152637306,A_common,comuna,hrs_d_pm25_it2,santiago_2017
4,786177,799.532140771065,0.199999898241796,A_common,comuna,hrs_d_pm25_it2,santiago_2017
5,786178,738.041960020889,0.200000152637306,A_common,comuna,hrs_d_pm25_it2,santiago_2017
1,770428,923.486469858313,0.195993423367296,C,comuna,hrs_d_pm25_it2,santiago_2017
2,742250,911.428515998653,0.188825066708862,C,comuna,hrs_d_pm25_it2,santiago_2017
3,583142,683.55956353684,0.148348706029962,C,comuna,hrs_d_pm25_it2,santiago_2017
4,914218,859.967029745641,0.232572953636164,C,comuna,hrs_d_pm25_it2,santiago_2017
5,920849,680.420989760536,0.234259850257715,C,comuna,hrs_d_pm25_it2,santiago_2017
1,786177,23.7675898766,0.199999898241796,A,comuna,avg_pm25,santiago_2017
2,786177,23.7916408212283,0.199999898241796,A,comuna,avg_pm25,santiago_2017
3,786178,23.6088592222443,0.200000152637306,A,comuna,avg_pm25,santiago_2017
4,786177,23.4883769791924,0.199999898241796,A,comuna,avg_pm25,santiago_2017
5,786178,23.1655806021003,0.200000152637306,A,comuna,avg_pm25,santiago_2017
1,786177,23.7448203093447,0.199999898241796,B_native,comuna,avg_pm25,santiago_2017
2,786177,23.7914232339912,0.199999898241796,B_native,comuna,avg_pm25,santiago_2017
3,786178,23.5382089761818,0.200000152637306,B_native,comuna,avg_pm25,santiago_2017
4,786177,23.4416022054504,0.199999898241796,B_native,comuna,avg_pm25,santiago_2017
5,786178,22.9893765814111,0.200000152637306,B_native,comuna,avg_pm25,santiago_2017
1,786177,23.7448203093447,0.199999898241796,B_common,comuna,avg_pm25,santiago_2017
2,786177,23.7914232339912,0.199999898241796,B_common,comuna,avg_pm25,santiago_2017
3,786178,23.5382089761818,0.200000152637306,B_common,comuna,avg_pm25,santiago_2017
4,786177,23.4416022054504,0.199999898241796,B_common,comuna,avg_pm25,santiago_2017
5,786178,22.9893765814111,0.200000152637306,B_common,comuna,avg_pm25,santiago_2017
1,786177,23.7655675430106,0.199999898241796,baseline_common,comuna,avg_pm25,santiago_2017
2,786177,23.8026959589533,0.199999898241796,baseline_common,comuna,avg_pm25,santiago_2017
3,786178,23.6182727247438,0.200000152637306,baseline_common,comuna,avg_pm25,santiago_2017
4,786177,23.4753386786849,0.199999898241796,baseline_common,comuna,avg_pm25,santiago_2017
5,786178,23.1589063685594,0.200000152637306,baseline_common,comuna,avg_pm25,santiago_2017
1,786177,23.7675898766,0.199999898241796,A_common,comuna,avg_pm25,santiago_2017
2,786177,23.7916408212283,0.199999898241796,A_common,comuna,avg_pm25,santiago_2017
3,786178,23.6088592222443,0.200000152637306,A_common,comuna,avg_pm25,santiago_2017
4,786177,23.4883769791924,0.199999898241796,A_common,comuna,avg_pm25,santiago_2017
5,786178,23.1655806021003,0.200000152637306,A_common,comuna,avg_pm25,santiago_2017
1,770428,24.2230178475112,0.195993423367296,C,comuna,avg_pm25,santiago_2017
2,742250,23.9925375993285,0.188825066708862,C,comuna,avg_pm25,santiago_2017
3,583142,22.7986330004801,0.148348706029962,C,comuna,avg_pm25,santiago_2017
4,914218,23.8963760686314,0.232572953636164,C,comuna,avg_pm25,santiago_2017
5,920849,22.8225749580972,0.234259850257715,C,comuna,avg_pm25,santiago_2017
1,1958521.74778041,3.25258786867318,0.198540276534311,A,fine,hrs_d_pm10_it1,sao_paulo_2010
2,1950730.43930982,3.28578011270811,0.197750451994416,A,fine,hrs_d_pm10_it1,sao_paulo_2010
3,1952718.5521605,3.13305812041522,0.197951991995493,A,fine,hrs_d_pm10_it1,sao_paulo_2010
4,2019207.58464287,2.39275389490127,0.204692152481588,A,fine,hrs_d_pm10_it1,sao_paulo_2010
5,1983428.40461544,1.84476243449005,0.201065126994193,A,fine,hrs_d_pm10_it1,sao_paulo_2010
1,1958521.74778041,3.25258786867318,0.198540276534311,B_native,fine,hrs_d_pm10_it1,sao_paulo_2010
2,1950730.43930982,3.28578011270811,0.197750451994416,B_native,fine,hrs_d_pm10_it1,sao_paulo_2010
3,1952718.5521605,3.13305812041522,0.197951991995493,B_native,fine,hrs_d_pm10_it1,sao_paulo_2010
4,2019207.58464287,2.39275389490127,0.204692152481588,B_native,fine,hrs_d_pm10_it1,sao_paulo_2010
5,1983428.40461544,1.84476243449005,0.201065126994193,B_native,fine,hrs_d_pm10_it1,sao_paulo_2010
1,1958521.74778041,3.25258786867318,0.198540276534311,B_common,fine,hrs_d_pm10_it1,sao_paulo_2010
2,1950730.43930982,3.28578011270811,0.197750451994416,B_common,fine,hrs_d_pm10_it1,sao_paulo_2010
3,1952718.5521605,3.13305812041522,0.197951991995493,B_common,fine,hrs_d_pm10_it1,sao_paulo_2010
4,2019207.58464287,2.39275389490127,0.204692152481588,B_common,fine,hrs_d_pm10_it1,sao_paulo_2010
5,1983428.40461544,1.84476243449005,0.201065126994193,B_common,fine,hrs_d_pm10_it1,sao_paulo_2010
1,1958521.74778041,3.25258786867318,0.198540276534311,baseline_common,fine,hrs_d_pm10_it1,sao_paulo_2010
2,1950730.43930982,3.28578011270811,0.197750451994416,baseline_common,fine,hrs_d_pm10_it1,sao_paulo_2010
3,1952718.5521605,3.13305812041522,0.197951991995493,baseline_common,fine,hrs_d_pm10_it1,sao_paulo_2010
4,2019207.58464287,2.39275389490127,0.204692152481588,baseline_common,fine,hrs_d_pm10_it1,sao_paulo_2010
5,1983428.40461544,1.84476243449005,0.201065126994193,baseline_common,fine,hrs_d_pm10_it1,sao_paulo_2010
1,1958521.74778041,3.25258786867318,0.198540276534311,A_common,fine,hrs_d_pm10_it1,sao_paulo_2010
2,1950730.43930982,3.28578011270811,0.197750451994416,A_common,fine,hrs_d_pm10_it1,sao_paulo_2010
3,1952718.5521605,3.13305812041522,0.197951991995493,A_common,fine,hrs_d_pm10_it1,sao_paulo_2010
4,2019207.58464287,2.39275389490127,0.204692152481588,A_common,fine,hrs_d_pm10_it1,sao_paulo_2010
5,1983428.40461544,1.84476243449005,0.201065126994193,A_common,fine,hrs_d_pm10_it1,sao_paulo_2010
1,1893041.88136372,4.57888631596176,0.191902417751006,C,fine,hrs_d_pm10_it1,sao_paulo_2010
2,1948549.92966217,3.48821956166058,0.197529408246027,C,fine,hrs_d_pm10_it1,sao_paulo_2010
3,1978532.74626799,3.45433727708689,0.200568841791732,C,fine,hrs_d_pm10_it1,sao_paulo_2010
4,2018465.48813258,1.69236445459887,0.204616924291482,C,fine,hrs_d_pm10_it1,sao_paulo_2010
5,2026016.68308258,0.825681695489486,0.205382407919753,C,fine,hrs_d_pm10_it1,sao_paulo_2010
1,1958521.74778041,51.0062124676492,0.198540276534311,A,fine,hrs_d_pm10_it2,sao_paulo_2010
2,1950730.43930982,52.3066022419776,0.197750451994416,A,fine,hrs_d_pm10_it2,sao_paulo_2010
3,1952718.5521605,49.1037279197569,0.197951991995493,A,fine,hrs_d_pm10_it2,sao_paulo_2010
4,2019207.58464287,40.6398255415626,0.204692152481588,A,fine,hrs_d_pm10_it2,sao_paulo_2010
5,1983428.40461544,34.2680122811591,0.201065126994193,A,fine,hrs_d_pm10_it2,sao_paulo_2010
1,1958521.74778041,51.0062124676492,0.198540276534311,B_native,fine,hrs_d_pm10_it2,sao_paulo_2010
2,1950730.43930982,52.3066022419776,0.197750451994416,B_native,fine,hrs_d_pm10_it2,sao_paulo_2010
3,1952718.5521605,49.1037279197569,0.197951991995493,B_native,fine,hrs_d_pm10_it2,sao_paulo_2010
4,2019207.58464287,40.6398255415626,0.204692152481588,B_native,fine,hrs_d_pm10_it2,sao_paulo_2010
5,1983428.40461544,34.2680122811591,0.201065126994193,B_native,fine,hrs_d_pm10_it2,sao_paulo_2010
1,1958521.74778041,51.0062124676492,0.198540276534311,B_common,fine,hrs_d_pm10_it2,sao_paulo_2010
2,1950730.43930982,52.3066022419776,0.197750451994416,B_common,fine,hrs_d_pm10_it2,sao_paulo_2010
3,1952718.5521605,49.1037279197569,0.197951991995493,B_common,fine,hrs_d_pm10_it2,sao_paulo_2010
4,2019207.58464287,40.6398255415626,0.204692152481588,B_common,fine,hrs_d_pm10_it2,sao_paulo_2010
5,1983428.40461544,34.2680122811591,0.201065126994193,B_common,fine,hrs_d_pm10_it2,sao_paulo_2010
1,1958521.74778041,51.0062124676492,0.198540276534311,baseline_common,fine,hrs_d_pm10_it2,sao_paulo_2010
2,1950730.43930982,52.3066022419776,0.197750451994416,baseline_common,fine,hrs_d_pm10_it2,sao_paulo_2010
3,1952718.5521605,49.1037279197569,0.197951991995493,baseline_common,fine,hrs_d_pm10_it2,sao_paulo_2010
4,2019207.58464287,40.6398255415626,0.204692152481588,baseline_common,fine,hrs_d_pm10_it2,sao_paulo_2010
5,1983428.40461544,34.2680122811591,0.201065126994193,baseline_common,fine,hrs_d_pm10_it2,sao_paulo_2010
1,1958521.74778041,51.0062124676492,0.198540276534311,A_common,fine,hrs_d_pm10_it2,sao_paulo_2010
2,1950730.43930982,52.3066022419776,0.197750451994416,A_common,fine,hrs_d_pm10_it2,sao_paulo_2010
3,1952718.5521605,49.1037279197569,0.197951991995493,A_common,fine,hrs_d_pm10_it2,sao_paulo_2010
4,2019207.58464287,40.6398255415626,0.204692152481588,A_common,fine,hrs_d_pm10_it2,sao_paulo_2010
5,1983428.40461544,34.2680122811591,0.201065126994193,A_common,fine,hrs_d_pm10_it2,sao_paulo_2010
1,1893041.88136372,65.0567586639726,0.191902417751006,C,fine,hrs_d_pm10_it2,sao_paulo_2010
2,1948549.92966217,54.2711851685691,0.197529408246027,C,fine,hrs_d_pm10_it2,sao_paulo_2010
3,1978532.74626799,53.4900143780478,0.200568841791732,C,fine,hrs_d_pm10_it2,sao_paulo_2010
4,2018465.48813258,33.442646148971,0.204616924291482,C,fine,hrs_d_pm10_it2,sao_paulo_2010
5,2026016.68308258,22.5107504503332,0.205382407919753,C,fine,hrs_d_pm10_it2,sao_paulo_2010
1,1958521.74778041,27.128304489329,0.198540276534311,A,fine,avg_pm10,sao_paulo_2010
2,1950730.43930982,27.1194113673278,0.197750451994416,A,fine,avg_pm10,sao_paulo_2010
3,1952718.5521605,26.9955219778918,0.197951991995493,A,fine,avg_pm10,sao_paulo_2010
4,2019207.58464287,26.9444622865222,0.204692152481588,A,fine,avg_pm10,sao_paulo_2010
5,1983428.40461544,26.619420534506,0.201065126994193,A,fine,avg_pm10,sao_paulo_2010
1,1958521.74778041,27.128304489329,0.198540276534311,B_native,fine,avg_pm10,sao_paulo_2010
2,1950730.43930982,27.1194113673278,0.197750451994416,B_native,fine,avg_pm10,sao_paulo_2010
3,1952718.5521605,26.9955219778918,0.197951991995493,B_native,fine,avg_pm10,sao_paulo_2010
4,2019207.58464287,26.9444622865222,0.204692152481588,B_native,fine,avg_pm10,sao_paulo_2010
5,1983428.40461544,26.619420534506,0.201065126994193,B_native,fine,avg_pm10,sao_paulo_2010
1,1958521.74778041,27.128304489329,0.198540276534311,B_common,fine,avg_pm10,sao_paulo_2010
2,1950730.43930982,27.1194113673278,0.197750451994416,B_common,fine,avg_pm10,sao_paulo_2010
3,1952718.5521605,26.9955219778918,0.197951991995493,B_common,fine,avg_pm10,sao_paulo_2010
4,2019207.58464287,26.9444622865222,0.204692152481588,B_common,fine,avg_pm10,sao_paulo_2010
5,1983428.40461544,26.619420534506,0.201065126994193,B_common,fine,avg_pm10,sao_paulo_2010
1,1958521.74778041,27.128304489329,0.198540276534311,baseline_common,fine,avg_pm10,sao_paulo_2010
2,1950730.43930982,27.1194113673278,0.197750451994416,baseline_common,fine,avg_pm10,sao_paulo_2010
3,1952718.5521605,26.9955219778918,0.197951991995493,baseline_common,fine,avg_pm10,sao_paulo_2010
4,2019207.58464287,26.9444622865222,0.204692152481588,baseline_common,fine,avg_pm10,sao_paulo_2010
5,1983428.40461544,26.619420534506,0.201065126994193,baseline_common,fine,avg_pm10,sao_paulo_2010
1,1958521.74778041,27.128304489329,0.198540276534311,A_common,fine,avg_pm10,sao_paulo_2010
2,1950730.43930982,27.1194113673278,0.197750451994416,A_common,fine,avg_pm10,sao_paulo_2010
3,1952718.5521605,26.9955219778918,0.197951991995493,A_common,fine,avg_pm10,sao_paulo_2010
4,2019207.58464287,26.9444622865222,0.204692152481588,A_common,fine,avg_pm10,sao_paulo_2010
5,1983428.40461544,26.619420534506,0.201065126994193,A_common,fine,avg_pm10,sao_paulo_2010
1,1893041.88136372,27.4141853096411,0.191902417751006,C,fine,avg_pm10,sao_paulo_2010
2,1948549.92966217,27.2274461879145,0.197529408246027,C,fine,avg_pm10,sao_paulo_2010
3,1978532.74626799,27.3373449029049,0.200568841791732,C,fine,avg_pm10,sao_paulo_2010
4,2018465.48813258,26.6644347840022,0.204616924291482,C,fine,avg_pm10,sao_paulo_2010
5,2026016.68308258,26.2058833355898,0.205382407919753,C,fine,avg_pm10,sao_paulo_2010
1,1954654.50888128,12.1726851570578,0.198399889565388,A,fine,hrs_d_pm25_it1,sao_paulo_2010
2,1947095.66976371,12.5346159286247,0.197632657893829,A,fine,hrs_d_pm25_it1,sao_paulo_2010
3,1949150.02146741,12.0610850389668,0.197841177173984,A,fine,hrs_d_pm25_it1,sao_paulo_2010
4,2019207.58464287,10.5325917129503,0.20495210789554,A,fine,hrs_d_pm25_it1,sao_paulo_2010
5,1981986.95765169,10.1607493748725,0.201174167471259,A,fine,hrs_d_pm25_it1,sao_paulo_2010
1,1954654.50888128,12.1726851570578,0.198399889565388,B_native,fine,hrs_d_pm25_it1,sao_paulo_2010
2,1947095.66976371,12.5346159286247,0.197632657893829,B_native,fine,hrs_d_pm25_it1,sao_paulo_2010
3,1949150.02146741,12.0610850389668,0.197841177173984,B_native,fine,hrs_d_pm25_it1,sao_paulo_2010
4,2019207.58464287,10.5325917129503,0.20495210789554,B_native,fine,hrs_d_pm25_it1,sao_paulo_2010
5,1981986.95765169,10.1607493748725,0.201174167471259,B_native,fine,hrs_d_pm25_it1,sao_paulo_2010
1,1954654.50888128,12.1726851570578,0.198399889565388,B_common,fine,hrs_d_pm25_it1,sao_paulo_2010
2,1947095.66976371,12.5346159286247,0.197632657893829,B_common,fine,hrs_d_pm25_it1,sao_paulo_2010
3,1949150.02146741,12.0610850389668,0.197841177173984,B_common,fine,hrs_d_pm25_it1,sao_paulo_2010
4,2019207.58464287,10.5325917129503,0.20495210789554,B_common,fine,hrs_d_pm25_it1,sao_paulo_2010
5,1981986.95765169,10.1607493748725,0.201174167471259,B_common,fine,hrs_d_pm25_it1,sao_paulo_2010
1,1954654.50888128,12.1726851570578,0.198399889565388,baseline_common,fine,hrs_d_pm25_it1,sao_paulo_2010
2,1947095.66976371,12.5346159286247,0.197632657893829,baseline_common,fine,hrs_d_pm25_it1,sao_paulo_2010
3,1949150.02146741,12.0610850389668,0.197841177173984,baseline_common,fine,hrs_d_pm25_it1,sao_paulo_2010
4,2019207.58464287,10.5325917129503,0.20495210789554,baseline_common,fine,hrs_d_pm25_it1,sao_paulo_2010
5,1981986.95765169,10.1607493748725,0.201174167471259,baseline_common,fine,hrs_d_pm25_it1,sao_paulo_2010
1,1954654.50888128,12.1726851570578,0.198399889565388,A_common,fine,hrs_d_pm25_it1,sao_paulo_2010
2,1947095.66976371,12.5346159286247,0.197632657893829,A_common,fine,hrs_d_pm25_it1,sao_paulo_2010
3,1949150.02146741,12.0610850389668,0.197841177173984,A_common,fine,hrs_d_pm25_it1,sao_paulo_2010
4,2019207.58464287,10.5325917129503,0.20495210789554,A_common,fine,hrs_d_pm25_it1,sao_paulo_2010
5,1981986.95765169,10.1607493748725,0.201174167471259,A_common,fine,hrs_d_pm25_it1,sao_paulo_2010
1,1893041.88136372,14.4792011755695,0.192146130428019,C,fine,hrs_d_pm25_it1,sao_paulo_2010
2,1936037.94356009,12.3051325762339,0.196510284785091,C,fine,hrs_d_pm25_it1,sao_paulo_2010
3,1978532.74626799,12.4781770751238,0.200823560674023,C,fine,hrs_d_pm25_it1,sao_paulo_2010
4,2018465.48813258,9.6090551586892,0.204876784166963,C,fine,hrs_d_pm25_it1,sao_paulo_2010
5,2026016.68308258,8.78440462940646,0.205643239945905,C,fine,hrs_d_pm25_it1,sao_paulo_2010
1,1954654.50888128,122.466956760683,0.198399889565388,A,fine,hrs_d_pm25_it2,sao_paulo_2010
2,1947095.66976371,127.402149336873,0.197632657893829,A,fine,hrs_d_pm25_it2,sao_paulo_2010
3,1949150.02146741,120.702110618233,0.197841177173984,A,fine,hrs_d_pm25_it2,sao_paulo_2010
4,2019207.58464287,104.621282765928,0.20495210789554,A,fine,hrs_d_pm25_it2,sao_paulo_2010
5,1981986.95765169,107.43606386744,0.201174167471259,A,fine,hrs_d_pm25_it2,sao_paulo_2010
1,1954654.50888128,122.466956760683,0.198399889565388,B_native,fine,hrs_d_pm25_it2,sao_paulo_2010
2,1947095.66976371,127.402149336873,0.197632657893829,B_native,fine,hrs_d_pm25_it2,sao_paulo_2010
3,1949150.02146741,120.702110618233,0.197841177173984,B_native,fine,hrs_d_pm25_it2,sao_paulo_2010
4,2019207.58464287,104.621282765928,0.20495210789554,B_native,fine,hrs_d_pm25_it2,sao_paulo_2010
5,1981986.95765169,107.43606386744,0.201174167471259,B_native,fine,hrs_d_pm25_it2,sao_paulo_2010
1,1954654.50888128,122.466956760683,0.198399889565388,B_common,fine,hrs_d_pm25_it2,sao_paulo_2010
2,1947095.66976371,127.402149336873,0.197632657893829,B_common,fine,hrs_d_pm25_it2,sao_paulo_2010
3,1949150.02146741,120.702110618233,0.197841177173984,B_common,fine,hrs_d_pm25_it2,sao_paulo_2010
4,2019207.58464287,104.621282765928,0.20495210789554,B_common,fine,hrs_d_pm25_it2,sao_paulo_2010
5,1981986.95765169,107.43606386744,0.201174167471259,B_common,fine,hrs_d_pm25_it2,sao_paulo_2010
1,1954654.50888128,122.466956760683,0.198399889565388,baseline_common,fine,hrs_d_pm25_it2,sao_paulo_2010
2,1947095.66976371,127.402149336873,0.197632657893829,baseline_common,fine,hrs_d_pm25_it2,sao_paulo_2010
3,1949150.02146741,120.702110618233,0.197841177173984,baseline_common,fine,hrs_d_pm25_it2,sao_paulo_2010
4,2019207.58464287,104.621282765928,0.20495210789554,baseline_common,fine,hrs_d_pm25_it2,sao_paulo_2010
5,1981986.95765169,107.43606386744,0.201174167471259,baseline_common,fine,hrs_d_pm25_it2,sao_paulo_2010
1,1954654.50888128,122.466956760683,0.198399889565388,A_common,fine,hrs_d_pm25_it2,sao_paulo_2010
2,1947095.66976371,127.402149336873,0.197632657893829,A_common,fine,hrs_d_pm25_it2,sao_paulo_2010
3,1949150.02146741,120.702110618233,0.197841177173984,A_common,fine,hrs_d_pm25_it2,sao_paulo_2010
4,2019207.58464287,104.621282765928,0.20495210789554,A_common,fine,hrs_d_pm25_it2,sao_paulo_2010
5,1981986.95765169,107.43606386744,0.201174167471259,A_common,fine,hrs_d_pm25_it2,sao_paulo_2010
1,1893041.88136372,141.589623553777,0.192146130428019,C,fine,hrs_d_pm25_it2,sao_paulo_2010
2,1936037.94356009,124.948308724504,0.196510284785091,C,fine,hrs_d_pm25_it2,sao_paulo_2010
3,1978532.74626799,124.466665011111,0.200823560674023,C,fine,hrs_d_pm25_it2,sao_paulo_2010
4,2018465.48813258,98.5459890697805,0.204876784166963,C,fine,hrs_d_pm25_it2,sao_paulo_2010
5,2026016.68308258,94.6623224566198,0.205643239945905,C,fine,hrs_d_pm25_it2,sao_paulo_2010
1,1954654.50888128,15.0461997773069,0.198399889565388,A,fine,avg_pm25,sao_paulo_2010
2,1947095.66976371,15.0794398163894,0.197632657893829,A,fine,avg_pm25,sao_paulo_2010
3,1949150.02146741,15.0314000392568,0.197841177173984,A,fine,avg_pm25,sao_paulo_2010
4,2019207.58464287,15.0377600775101,0.20495210789554,A,fine,avg_pm25,sao_paulo_2010
5,1981986.95765169,15.1096177937071,0.201174167471259,A,fine,avg_pm25,sao_paulo_2010
1,1954654.50888128,15.0461997773069,0.198399889565388,B_native,fine,avg_pm25,sao_paulo_2010
2,1947095.66976371,15.0794398163894,0.197632657893829,B_native,fine,avg_pm25,sao_paulo_2010
3,1949150.02146741,15.0314000392569,0.197841177173984,B_native,fine,avg_pm25,sao_paulo_2010
4,2019207.58464287,15.0377600775101,0.20495210789554,B_native,fine,avg_pm25,sao_paulo_2010
5,1981986.95765169,15.1096177937071,0.201174167471259,B_native,fine,avg_pm25,sao_paulo_2010
1,1954654.50888128,15.0461997773069,0.198399889565388,B_common,fine,avg_pm25,sao_paulo_2010
2,1947095.66976371,15.0794398163894,0.197632657893829,B_common,fine,avg_pm25,sao_paulo_2010
3,1949150.02146741,15.0314000392569,0.197841177173984,B_common,fine,avg_pm25,sao_paulo_2010
4,2019207.58464287,15.0377600775101,0.20495210789554,B_common,fine,avg_pm25,sao_paulo_2010
5,1981986.95765169,15.1096177937071,0.201174167471259,B_common,fine,avg_pm25,sao_paulo_2010
1,1954654.50888128,15.0461997773069,0.198399889565388,baseline_common,fine,avg_pm25,sao_paulo_2010
2,1947095.66976371,15.0794398163894,0.197632657893829,baseline_common,fine,avg_pm25,sao_paulo_2010
3,1949150.02146741,15.0314000392568,0.197841177173984,baseline_common,fine,avg_pm25,sao_paulo_2010
4,2019207.58464287,15.0377600775101,0.20495210789554,baseline_common,fine,avg_pm25,sao_paulo_2010
5,1981986.95765169,15.1096177937071,0.201174167471259,baseline_common,fine,avg_pm25,sao_paulo_2010
1,1954654.50888128,15.0461997773069,0.198399889565388,A_common,fine,avg_pm25,sao_paulo_2010
2,1947095.66976371,15.0794398163894,0.197632657893829,A_common,fine,avg_pm25,sao_paulo_2010
3,1949150.02146741,15.0314000392568,0.197841177173984,A_common,fine,avg_pm25,sao_paulo_2010
4,2019207.58464287,15.0377600775101,0.20495210789554,A_common,fine,avg_pm25,sao_paulo_2010
5,1981986.95765169,15.1096177937071,0.201174167471259,A_common,fine,avg_pm25,sao_paulo_2010
1,1893041.88136372,14.9432457079938,0.192146130428019,C,fine,avg_pm25,sao_paulo_2010
2,1936037.94356009,15.0767952085901,0.196510284785091,C,fine,avg_pm25,sao_paulo_2010
3,1978532.74626799,15.0155050076501,0.200823560674023,C,fine,avg_pm25,sao_paulo_2010
4,2018465.48813258,15.1172171759538,0.204876784166963,C,fine,avg_pm25,sao_paulo_2010
5,2026016.68308258,15.1437180709603,0.205643239945905,C,fine,avg_pm25,sao_paulo_2010
1,1958521.74778041,2.97638384852603,0.198540276534311,A,municipio,hrs_d_pm10_it1,sao_paulo_2010
2,1950730.43930982,3.0031144238876,0.197750451994416,A,municipio,hrs_d_pm10_it1,sao_paulo_2010
3,1952718.5521605,3.00166581445975,0.197951991995493,A,municipio,hrs_d_pm10_it1,sao_paulo_2010
4,2019207.58464287,2.38483870592176,0.204692152481588,A,municipio,hrs_d_pm10_it1,sao_paulo_2010
5,1983428.40461544,2.61809572497314,0.201065126994193,A,municipio,hrs_d_pm10_it1,sao_paulo_2010
1,1930223.21835329,2.86068539941344,0.198018845124874,B_native,municipio,hrs_d_pm10_it1,sao_paulo_2010
2,1918244.46116024,2.90012068675914,0.196789961520716,B_native,municipio,hrs_d_pm10_it1,sao_paulo_2010
3,1918762.73997509,2.91779987080373,0.196843131004635,B_native,municipio,hrs_d_pm10_it1,sao_paulo_2010
4,2015421.81439178,2.23515357863473,0.20675924749564,B_native,municipio,hrs_d_pm10_it1,sao_paulo_2010
5,1965022.12072995,2.27361845102504,0.201588814854135,B_native,municipio,hrs_d_pm10_it1,sao_paulo_2010
1,1928046.28755436,2.85714084206248,0.19795744614079,B_common,municipio,hrs_d_pm10_it1,sao_paulo_2010
2,1915160.08867197,2.89512831952715,0.196634387126239,B_common,municipio,hrs_d_pm10_it1,sao_paulo_2010
3,1916540.75424148,2.9142264509847,0.196776143593331,B_common,municipio,hrs_d_pm10_it1,sao_paulo_2010
4,2015421.81439178,2.23515357863473,0.206928515071858,B_common,municipio,hrs_d_pm10_it1,sao_paulo_2010
5,1964531.80973144,2.27268841474411,0.201703508067782,B_common,municipio,hrs_d_pm10_it1,sao_paulo_2010
1,1928046.28755436,3.16684540749066,0.19795744614079,baseline_common,municipio,hrs_d_pm10_it1,sao_paulo_2010
2,1915160.08867197,3.20038072761218,0.196634387126239,baseline_common,municipio,hrs_d_pm10_it1,sao_paulo_2010
3,1916540.75424148,3.05080503734635,0.196776143593331,baseline_common,municipio,hrs_d_pm10_it1,sao_paulo_2010
4,2015421.81439178,2.35780202613796,0.206928515071858,baseline_common,municipio,hrs_d_pm10_it1,sao_paulo_2010
5,1964531.80973144,1.80523521217462,0.201703508067782,baseline_common,municipio,hrs_d_pm10_it1,sao_paulo_2010
1,1928046.28755436,2.88760632367415,0.19795744614079,A_common,municipio,hrs_d_pm10_it1,sao_paulo_2010
2,1915160.08867197,2.91407974687182,0.196634387126239,A_common,municipio,hrs_d_pm10_it1,sao_paulo_2010
3,1916540.75424148,2.91804122554272,0.196776143593331,A_common,municipio,hrs_d_pm10_it1,sao_paulo_2010
4,2015421.81439178,2.34987196925994,0.206928515071858,A_common,municipio,hrs_d_pm10_it1,sao_paulo_2010
5,1964531.80973144,2.58307723207601,0.201703508067782,A_common,municipio,hrs_d_pm10_it1,sao_paulo_2010
1,1555769.50921219,5.11519258256157,0.157712268925629,C,municipio,hrs_d_pm10_it1,sao_paulo_2010
2,1476089.60093489,3.07415373985995,0.149634916176531,C,municipio,hrs_d_pm10_it1,sao_paulo_2010
3,0,,0,C,municipio,hrs_d_pm10_it1,sao_paulo_2010
4,0,,0,C,municipio,hrs_d_pm10_it1,sao_paulo_2010
5,6832747.61836196,2.1795843945905,0.69265281489784,C,municipio,hrs_d_pm10_it1,sao_paulo_2010
1,1958521.74778041,48.0615864849273,0.198540276534311,A,municipio,hrs_d_pm10_it2,sao_paulo_2010
2,1950730.43930982,49.1261987548107,0.197750451994416,A,municipio,hrs_d_pm10_it2,sao_paulo_2010
3,1952718.5521605,47.6851229637679,0.197951991995493,A,municipio,hrs_d_pm10_it2,sao_paulo_2010
4,2019207.58464287,40.7302089608615,0.204692152481588,A,municipio,hrs_d_pm10_it2,sao_paulo_2010
5,1983428.40461544,42.4413190873864,0.201065126994193,A,municipio,hrs_d_pm10_it2,sao_paulo_2010
1,1930223.21835329,48.3635235372827,0.198018845124874,B_native,municipio,hrs_d_pm10_it2,sao_paulo_2010
2,1918244.46116024,50.3032867830212,0.196789961520716,B_native,municipio,hrs_d_pm10_it2,sao_paulo_2010
3,1918762.73997509,46.5882952299942,0.196843131004635,B_native,municipio,hrs_d_pm10_it2,sao_paulo_2010
4,2015421.81439178,37.3710362898486,0.20675924749564,B_native,municipio,hrs_d_pm10_it2,sao_paulo_2010
5,1965022.12072995,36.9020386024048,0.201588814854135,B_native,municipio,hrs_d_pm10_it2,sao_paulo_2010
1,1928046.28755436,48.3469976910905,0.19795744614079,B_common,municipio,hrs_d_pm10_it2,sao_paulo_2010
2,1915160.08867197,50.2828386788812,0.196634387126239,B_common,municipio,hrs_d_pm10_it2,sao_paulo_2010
3,1916540.75424148,46.5692679414889,0.196776143593331,B_common,municipio,hrs_d_pm10_it2,sao_paulo_2010
4,2015421.81439178,37.3710362898486,0.206928515071858,B_common,municipio,hrs_d_pm10_it2,sao_paulo_2010
5,1964531.80973144,36.8955250313603,0.201703508067782,B_common,municipio,hrs_d_pm10_it2,sao_paulo_2010
1,1928046.28755436,50.5572090039695,0.19795744614079,baseline_common,municipio,hrs_d_pm10_it2,sao_paulo_2010
2,1915160.08867197,51.8601494837473,0.196634387126239,baseline_common,municipio,hrs_d_pm10_it2,sao_paulo_2010
3,1916540.75424148,48.6392442143179,0.196776143593331,baseline_common,municipio,hrs_d_pm10_it2,sao_paulo_2010
4,2015421.81439178,40.4719713049551,0.206928515071858,baseline_common,municipio,hrs_d_pm10_it2,sao_paulo_2010
5,1964531.80973144,34.0032573990872,0.201703508067782,baseline_common,municipio,hrs_d_pm10_it2,sao_paulo_2010
1,1928046.28755436,47.5754634688471,0.19795744614079,A_common,municipio,hrs_d_pm10_it2,sao_paulo_2010
2,1915160.08867197,48.635766300307,0.196634387126239,A_common,municipio,hrs_d_pm10_it2,sao_paulo_2010
3,1916540.75424148,47.207967063065,0.196776143593331,A_common,municipio,hrs_d_pm10_it2,sao_paulo_2010
4,2015421.81439178,40.5625245005547,0.206928515071858,A_common,municipio,hrs_d_pm10_it2,sao_paulo_2010
5,1964531.80973144,42.2238423564266,0.201703508067782,A_common,municipio,hrs_d_pm10_it2,sao_paulo_2010
1,1555769.50921219,69.1449277407703,0.157712268925629,C,municipio,hrs_d_pm10_it2,sao_paulo_2010
2,1476089.60093489,57.460277278545,0.149634916176531,C,municipio,hrs_d_pm10_it2,sao_paulo_2010
3,0,,0,C,municipio,hrs_d_pm10_it2,sao_paulo_2010
4,0,,0,C,municipio,hrs_d_pm10_it2,sao_paulo_2010
5,6832747.61836196,37.3871445521458,0.69265281489784,C,municipio,hrs_d_pm10_it2,sao_paulo_2010
1,1958521.74778041,27.0227649665481,0.198540276534311,A,municipio,avg_pm10,sao_paulo_2010
2,1950730.43930982,27.0187014360995,0.197750451994416,A,municipio,avg_pm10,sao_paulo_2010
3,1952718.5521605,26.9404818239501,0.197951991995493,A,municipio,avg_pm10,sao_paulo_2010
4,2019207.58464287,26.9919368344741,0.204692152481588,A,municipio,avg_pm10,sao_paulo_2010
5,1983428.40461544,26.8537098949959,0.201065126994193,A,municipio,avg_pm10,sao_paulo_2010
1,1930223.21835329,27.575926578958,0.198018845124874,B_native,municipio,avg_pm10,sao_paulo_2010
2,1918244.46116024,27.408617572858,0.196789961520716,B_native,municipio,avg_pm10,sao_paulo_2010
3,1918762.73997509,27.3993840936417,0.196843131004635,B_native,municipio,avg_pm10,sao_paulo_2010
4,2015421.81439178,27.8630492594267,0.20675924749564,B_native,municipio,avg_pm10,sao_paulo_2010
5,1965022.12072995,27.3731323236838,0.201588814854135,B_native,municipio,avg_pm10,sao_paulo_2010
1,1928046.28755436,27.5778507487982,0.19795744614079,B_common,municipio,avg_pm10,sao_paulo_2010
2,1915160.08867197,27.4110927142176,0.196634387126239,B_common,municipio,avg_pm10,sao_paulo_2010
3,1916540.75424148,27.401155198942,0.196776143593331,B_common,municipio,avg_pm10,sao_paulo_2010
4,2015421.81439178,27.8630492594267,0.206928515071858,B_common,municipio,avg_pm10,sao_paulo_2010
5,1964531.80973144,27.3735070427002,0.201703508067782,B_common,municipio,avg_pm10,sao_paulo_2010
1,1928046.28755436,27.1265414925807,0.19795744614079,baseline_common,municipio,avg_pm10,sao_paulo_2010
2,1915160.08867197,27.1168752680426,0.196634387126239,baseline_common,municipio,avg_pm10,sao_paulo_2010
3,1916540.75424148,26.9900677562957,0.196776143593331,baseline_common,municipio,avg_pm10,sao_paulo_2010
4,2015421.81439178,26.9437110247538,0.206928515071858,baseline_common,municipio,avg_pm10,sao_paulo_2010
5,1964531.80973144,26.6135168121575,0.201703508067782,baseline_common,municipio,avg_pm10,sao_paulo_2010
1,1928046.28755436,27.0192165709612,0.19795744614079,A_common,municipio,avg_pm10,sao_paulo_2010
2,1915160.08867197,27.0145721429883,0.196634387126239,A_common,municipio,avg_pm10,sao_paulo_2010
3,1916540.75424148,26.9346345906626,0.196776143593331,A_common,municipio,avg_pm10,sao_paulo_2010
4,2015421.81439178,26.9912747489416,0.206928515071858,A_common,municipio,avg_pm10,sao_paulo_2010
5,1964531.80973144,26.8496482527724,0.201703508067782,A_common,municipio,avg_pm10,sao_paulo_2010
1,1555769.50921219,27.6934327480792,0.157712268925629,C,municipio,avg_pm10,sao_paulo_2010
2,1476089.60093489,27.2272370477734,0.149634916176531,C,municipio,avg_pm10,sao_paulo_2010
3,0,,0,C,municipio,avg_pm10,sao_paulo_2010
4,0,,0,C,municipio,avg_pm10,sao_paulo_2010
5,6832747.61836196,26.7357203924905,0.69265281489784,C,municipio,avg_pm10,sao_paulo_2010
1,1954654.50888128,11.8682209469277,0.198399889565388,A,municipio,hrs_d_pm25_it1,sao_paulo_2010
2,1947095.66976371,12.149145313866,0.197632657893829,A,municipio,hrs_d_pm25_it1,sao_paulo_2010
3,1949150.02146741,11.9262676466977,0.197841177173984,A,municipio,hrs_d_pm25_it1,sao_paulo_2010
4,2019207.58464287,10.48158434722,0.20495210789554,A,municipio,hrs_d_pm25_it1,sao_paulo_2010
5,1981986.95765169,11.1915163729059,0.201174167471259,A,municipio,hrs_d_pm25_it1,sao_paulo_2010
1,1926355.97945417,12.1908478006223,0.197876101757237,B_native,municipio,hrs_d_pm25_it1,sao_paulo_2010
2,1914609.69161413,12.5660364096408,0.196669518097365,B_native,municipio,hrs_d_pm25_it1,sao_paulo_2010
3,1915194.209282,12.1582246950542,0.196729559999672,B_native,municipio,hrs_d_pm25_it1,sao_paulo_2010
4,2015421.81439178,10.5350901005558,0.207024982029201,B_native,municipio,hrs_d_pm25_it1,sao_paulo_2010
5,1963580.6737662,11.0346143758128,0.201699838116524,B_native,municipio,hrs_d_pm25_it1,sao_paulo_2010
1,1924179.04865524,12.1865382948378,0.197814506786234,B_common,municipio,hrs_d_pm25_it1,sao_paulo_2010
2,1911525.31912586,12.5604954823416,0.196513644858853,B_common,municipio,hrs_d_pm25_it1,sao_paulo_2010
3,1912972.22354839,12.1537623354788,0.196662393326366,B_common,municipio,hrs_d_pm25_it1,sao_paulo_2010
4,2015421.81439178,10.5350901005558,0.207194685161318,B_common,municipio,hrs_d_pm25_it1,sao_paulo_2010
5,1963090.36276769,11.0333741969451,0.201814769867229,B_common,municipio,hrs_d_pm25_it1,sao_paulo_2010
1,1924179.04865524,11.8573555840423,0.197814506786234,baseline_common,municipio,hrs_d_pm25_it1,sao_paulo_2010
2,1911525.31912586,12.1759780218441,0.196513644858853,baseline_common,municipio,hrs_d_pm25_it1,sao_paulo_2010
3,1912972.22354839,11.7139359421865,0.196662393326366,baseline_common,municipio,hrs_d_pm25_it1,sao_paulo_2010
4,2015421.81439178,10.4960241147271,0.207194685161318,baseline_common,municipio,hrs_d_pm25_it1,sao_paulo_2010
5,1963090.36276769,10.0518730883692,0.201814769867229,baseline_common,municipio,hrs_d_pm25_it1,sao_paulo_2010
1,1924179.04865524,11.5678425483443,0.197814506786234,A_common,municipio,hrs_d_pm25_it1,sao_paulo_2010
2,1911525.31912586,11.8004699378738,0.196513644858853,A_common,municipio,hrs_d_pm25_it1,sao_paulo_2010
3,1912972.22354839,11.5851327994055,0.196662393326366,A_common,municipio,hrs_d_pm25_it1,sao_paulo_2010
4,2015421.81439178,10.4449209367126,0.207194685161318,A_common,municipio,hrs_d_pm25_it1,sao_paulo_2010
5,1963090.36276769,11.0364037567597,0.201814769867229,A_common,municipio,hrs_d_pm25_it1,sao_paulo_2010
1,1543257.5231101,15.4497559306568,0.156642578401867,C,municipio,hrs_d_pm25_it1,sao_paulo_2010
2,1476089.60093489,13.0199861013845,0.149824949873987,C,municipio,hrs_d_pm25_it1,sao_paulo_2010
3,0,,0,C,municipio,hrs_d_pm25_it1,sao_paulo_2010
4,0,,0,C,municipio,hrs_d_pm25_it1,sao_paulo_2010
5,6832747.61836196,10.252493148365,0.693532471724146,C,municipio,hrs_d_pm25_it1,sao_paulo_2010
1,1954654.50888128,120.39661147546,0.198399889565388,A,municipio,hrs_d_pm25_it2,sao_paulo_2010
2,1947095.66976371,124.194071595111,0.197632657893829,A,municipio,hrs_d_pm25_it2,sao_paulo_2010
3,1949150.02146741,119.830627773407,0.197841177173984,A,municipio,hrs_d_pm25_it2,sao_paulo_2010
4,2019207.58464287,106.632902390479,0.20495210789554,A,municipio,hrs_d_pm25_it2,sao_paulo_2010
5,1981986.95765169,112.928683057794,0.201174167471259,A,municipio,hrs_d_pm25_it2,sao_paulo_2010
1,1926355.97945417,131.850054188888,0.197876101757237,B_native,municipio,hrs_d_pm25_it2,sao_paulo_2010
2,1914609.69161413,136.705797905145,0.196669518097365,B_native,municipio,hrs_d_pm25_it2,sao_paulo_2010
3,1915194.209282,126.564794152867,0.196729559999672,B_native,municipio,hrs_d_pm25_it2,sao_paulo_2010
4,2015421.81439178,118.236242189103,0.207024982029201,B_native,municipio,hrs_d_pm25_it2,sao_paulo_2010
5,1963580.6737662,120.851813133142,0.201699838116524,B_native,municipio,hrs_d_pm25_it2,sao_paulo_2010
1,1924179.04865524,131.827257434259,0.197814506786234,B_common,municipio,hrs_d_pm25_it2,sao_paulo_2010
2,1911525.31912586,136.681119698846,0.196513644858853,B_common,municipio,hrs_d_pm25_it2,sao_paulo_2010
3,1912972.22354839,126.535250250542,0.196662393326366,B_common,municipio,hrs_d_pm25_it2,sao_paulo_2010
4,2015421.81439178,118.236242189103,0.207194685161318,B_common,municipio,hrs_d_pm25_it2,sao_paulo_2010
5,1963090.36276769,120.844033410469,0.201814769867229,B_common,municipio,hrs_d_pm25_it2,sao_paulo_2010
1,1924179.04865524,120.393956283536,0.197814506786234,baseline_common,municipio,hrs_d_pm25_it2,sao_paulo_2010
2,1911525.31912586,124.957706185724,0.196513644858853,baseline_common,municipio,hrs_d_pm25_it2,sao_paulo_2010
3,1912972.22354839,118.08188987607,0.196662393326366,baseline_common,municipio,hrs_d_pm25_it2,sao_paulo_2010
4,2015421.81439178,104.472177708054,0.207194685161318,baseline_common,municipio,hrs_d_pm25_it2,sao_paulo_2010
5,1963090.36276769,106.377224972171,0.201814769867229,baseline_common,municipio,hrs_d_pm25_it2,sao_paulo_2010
1,1924179.04865524,118.377873880912,0.197814506786234,A_common,municipio,hrs_d_pm25_it2,sao_paulo_2010
2,1911525.31912586,121.816681636143,0.196513644858853,A_common,municipio,hrs_d_pm25_it2,sao_paulo_2010
3,1912972.22354839,117.328344408872,0.196662393326366,A_common,municipio,hrs_d_pm25_it2,sao_paulo_2010
4,2015421.81439178,106.48757596082,0.207194685161318,A_common,municipio,hrs_d_pm25_it2,sao_paulo_2010
5,1963090.36276769,111.577498513897,0.201814769867229,A_common,municipio,hrs_d_pm25_it2,sao_paulo_2010
1,1543257.5231101,148.052340794998,0.156642578401867,C,municipio,hrs_d_pm25_it2,sao_paulo_2010
2,1476089.60093489,144.500881050417,0.149824949873987,C,municipio,hrs_d_pm25_it2,sao_paulo_2010
3,0,,0,C,municipio,hrs_d_pm25_it2,sao_paulo_2010
4,0,,0,C,municipio,hrs_d_pm25_it2,sao_paulo_2010
5,6832747.61836196,103.197300976517,0.693532471724146,C,municipio,hrs_d_pm25_it2,sao_paulo_2010
1,1954654.50888128,15.0631728090868,0.198399889565388,A,municipio,avg_pm25,sao_paulo_2010
2,1947095.66976371,15.0990645201504,0.197632657893829,A,municipio,avg_pm25,sao_paulo_2010
3,1949150.02146741,15.0416074466141,0.197841177173984,A,municipio,avg_pm25,sao_paulo_2010
4,2019207.58464287,15.0403017734546,0.20495210789554,A,municipio,avg_pm25,sao_paulo_2010
5,1981986.95765169,15.0587536899976,0.201174167471259,A,municipio,avg_pm25,sao_paulo_2010
1,1926355.97945417,15.3199924540846,0.197876101757237,B_native,municipio,avg_pm25,sao_paulo_2010
2,1914609.69161413,15.3487419918927,0.196669518097365,B_native,municipio,avg_pm25,sao_paulo_2010
3,1915194.209282,15.2431963802707,0.196729559999672,B_native,municipio,avg_pm25,sao_paulo_2010
4,2015421.81439178,15.3840657363736,0.207024982029201,B_native,municipio,avg_pm25,sao_paulo_2010
5,1963580.6737662,15.3458590838145,0.201699838116524,B_native,municipio,avg_pm25,sao_paulo_2010
1,1924179.04865524,15.3203425056652,0.197814506786234,B_common,municipio,avg_pm25,sao_paulo_2010
2,1911525.31912586,15.3492876330042,0.196513644858853,B_common,municipio,avg_pm25,sao_paulo_2010
3,1912972.22354839,15.2434665684791,0.196662393326366,B_common,municipio,avg_pm25,sao_paulo_2010
4,2015421.81439178,15.3840657363736,0.207194685161318,B_common,municipio,avg_pm25,sao_paulo_2010
5,1963090.36276769,15.3459428238793,0.201814769867229,B_common,municipio,avg_pm25,sao_paulo_2010
1,1924179.04865524,15.03070310117,0.197814506786234,baseline_common,municipio,avg_pm25,sao_paulo_2010
2,1911525.31912586,15.0591714854198,0.196513644858853,baseline_common,municipio,avg_pm25,sao_paulo_2010
3,1912972.22354839,15.0078660314198,0.196662393326366,baseline_common,municipio,avg_pm25,sao_paulo_2010
4,2015421.81439178,15.0396571791948,0.207194685161318,baseline_common,municipio,avg_pm25,sao_paulo_2010
5,1963090.36276769,15.0994654072803,0.201814769867229,baseline_common,municipio,avg_pm25,sao_paulo_2010
1,1924179.04865524,15.0480450470225,0.197814506786234,A_common,municipio,avg_pm25,sao_paulo_2010
2,1911525.31912586,15.0795820379948,0.196513644858853,A_common,municipio,avg_pm25,sao_paulo_2010
3,1912972.22354839,15.0194799529076,0.196662393326366,A_common,municipio,avg_pm25,sao_paulo_2010
4,2015421.81439178,15.0422036494635,0.207194685161318,A_common,municipio,avg_pm25,sao_paulo_2010
5,1963090.36276769,15.0456490666043,0.201814769867229,A_common,municipio,avg_pm25,sao_paulo_2010
1,1543257.5231101,14.9572291902613,0.156642578401867,C,municipio,avg_pm25,sao_paulo_2010
2,1476089.60093489,15.4217394181234,0.149824949873987,C,municipio,avg_pm25,sao_paulo_2010
3,0,,0,C,municipio,avg_pm25,sao_paulo_2010
4,0,,0,C,municipio,avg_pm25,sao_paulo_2010
5,6832747.61836196,15.0063184815224,0.693532471724146,C,municipio,avg_pm25,sao_paulo_2010
