edu_quintile_split,population,mean,share,design,level,outcome,city_id
1,791354.511702192,29.2596594196835,0.185980597988121,A,fine,hrs_d_pm10_it1,bogota_2018
2,816435.700905918,28.5624301156228,0.191875066898558,A,fine,hrs_d_pm10_it1,bogota_2018
3,831688.68640976,26.3401937513498,0.195459755332325,A,fine,hrs_d_pm10_it1,bogota_2018
4,892646.059965683,17.2069309548991,0.209785684632116,A,fine,hrs_d_pm10_it1,bogota_2018
5,922913.041016514,8.14175470554831,0.21689889514888,A,fine,hrs_d_pm10_it1,bogota_2018
1,791354.511702192,29.2596594196835,0.185980597988121,B_native,fine,hrs_d_pm10_it1,bogota_2018
2,816435.700905918,28.5624301156228,0.191875066898558,B_native,fine,hrs_d_pm10_it1,bogota_2018
3,831688.68640976,26.3401937513498,0.195459755332325,B_native,fine,hrs_d_pm10_it1,bogota_2018
4,892646.059965683,17.2069309548991,0.209785684632116,B_native,fine,hrs_d_pm10_it1,bogota_2018
5,922913.041016514,8.14175470554831,0.21689889514888,B_native,fine,hrs_d_pm10_it1,bogota_2018
1,791354.511702192,29.2596594196835,0.185980597988121,B_common,fine,hrs_d_pm10_it1,bogota_2018
2,816435.700905918,28.5624301156228,0.191875066898558,B_common,fine,hrs_d_pm10_it1,bogota_2018
3,831688.68640976,26.3401937513498,0.195459755332325,B_common,fine,hrs_d_pm10_it1,bogota_2018
4,892646.059965683,17.2069309548991,0.209785684632116,B_common,fine,hrs_d_pm10_it1,bogota_2018
5,922913.041016514,8.14175470554831,0.21689889514888,B_common,fine,hrs_d_pm10_it1,bogota_2018
1,791354.511702192,29.2596594196835,0.185980597988121,baseline_common,fine,hrs_d_pm10_it1,bogota_2018
2,816435.700905918,28.5624301156228,0.191875066898558,baseline_common,fine,hrs_d_pm10_it1,bogota_2018
3,831688.68640976,26.3401937513498,0.195459755332325,baseline_common,fine,hrs_d_pm10_it1,bogota_2018
4,892646.059965683,17.2069309548991,0.209785684632116,baseline_common,fine,hrs_d_pm10_it1,bogota_2018
5,922913.041016514,8.14175470554831,0.21689889514888,baseline_common,fine,hrs_d_pm10_it1,bogota_2018
1,791354.511702192,29.2596594196835,0.185980597988121,A_common,fine,hrs_d_pm10_it1,bogota_2018
2,816435.700905918,28.5624301156228,0.191875066898558,A_common,fine,hrs_d_pm10_it1,bogota_2018
3,831688.68640976,26.3401937513498,0.195459755332325,A_common,fine,hrs_d_pm10_it1,bogota_2018
4,892646.059965683,17.2069309548991,0.209785684632116,A_common,fine,hrs_d_pm10_it1,bogota_2018
5,922913.041016514,8.14175470554831,0.21689889514888,A_common,fine,hrs_d_pm10_it1,bogota_2018
1,687531.999999999,44.9386515827626,0.161580695636558,C,fine,hrs_d_pm10_it1,bogota_2018
2,785229.000000014,28.3442256972166,0.184541007624374,C,fine,hrs_d_pm10_it1,bogota_2018
3,865260.000000011,28.6560710075581,0.203349535303797,C,fine,hrs_d_pm10_it1,bogota_2018
4,962695.000000019,12.6319218444053,0.226248273223413,C,fine,hrs_d_pm10_it1,bogota_2018
5,954322.000000022,1.20055285322981,0.224280488211858,C,fine,hrs_d_pm10_it1,bogota_2018
1,791354.511702192,148.079095422904,0.185980597988121,A,fine,hrs_d_pm10_it2,bogota_2018
2,816435.700905918,143.644754606756,0.191875066898558,A,fine,hrs_d_pm10_it2,bogota_2018
3,831688.68640976,135.939355739485,0.195459755332325,A,fine,hrs_d_pm10_it2,bogota_2018
4,892646.059965683,102.383771599817,0.209785684632116,A,fine,hrs_d_pm10_it2,bogota_2018
5,922913.041016514,61.975676762697,0.21689889514888,A,fine,hrs_d_pm10_it2,bogota_2018
1,791354.511702192,148.079095422904,0.185980597988121,B_native,fine,hrs_d_pm10_it2,bogota_2018
2,816435.700905918,143.644754606756,0.191875066898558,B_native,fine,hrs_d_pm10_it2,bogota_2018
3,831688.68640976,135.939355739485,0.195459755332325,B_native,fine,hrs_d_pm10_it2,bogota_2018
4,892646.059965683,102.383771599817,0.209785684632116,B_native,fine,hrs_d_pm10_it2,bogota_2018
5,922913.041016514,61.975676762697,0.21689889514888,B_native,fine,hrs_d_pm10_it2,bogota_2018
1,791354.511702192,148.079095422904,0.185980597988121,B_common,fine,hrs_d_pm10_it2,bogota_2018
2,816435.700905918,143.644754606756,0.191875066898558,B_common,fine,hrs_d_pm10_it2,bogota_2018
3,831688.68640976,135.939355739485,0.195459755332325,B_common,fine,hrs_d_pm10_it2,bogota_2018
4,892646.059965683,102.383771599817,0.209785684632116,B_common,fine,hrs_d_pm10_it2,bogota_2018
5,922913.041016514,61.975676762697,0.21689889514888,B_common,fine,hrs_d_pm10_it2,bogota_2018
1,791354.511702192,148.079095422904,0.185980597988121,baseline_common,fine,hrs_d_pm10_it2,bogota_2018
2,816435.700905918,143.644754606756,0.191875066898558,baseline_common,fine,hrs_d_pm10_it2,bogota_2018
3,831688.68640976,135.939355739485,0.195459755332325,baseline_common,fine,hrs_d_pm10_it2,bogota_2018
4,892646.059965683,102.383771599817,0.209785684632116,baseline_common,fine,hrs_d_pm10_it2,bogota_2018
5,922913.041016514,61.975676762697,0.21689889514888,baseline_common,fine,hrs_d_pm10_it2,bogota_2018
1,791354.511702192,148.079095422904,0.185980597988121,A_common,fine,hrs_d_pm10_it2,bogota_2018
2,816435.700905918,143.644754606756,0.191875066898558,A_common,fine,hrs_d_pm10_it2,bogota_2018
3,831688.68640976,135.939355739485,0.195459755332325,A_common,fine,hrs_d_pm10_it2,bogota_2018
4,892646.059965683,102.383771599817,0.209785684632116,A_common,fine,hrs_d_pm10_it2,bogota_2018
5,922913.041016514,61.975676762697,0.21689889514888,A_common,fine,hrs_d_pm10_it2,bogota_2018
1,687531.999999999,209.107994973324,0.161580695636558,C,fine,hrs_d_pm10_it2,bogota_2018
2,785229.000000014,141.490460744569,0.184541007624374,C,fine,hrs_d_pm10_it2,bogota_2018
3,865260.000000011,135.467799274205,0.203349535303797,C,fine,hrs_d_pm10_it2,bogota_2018
4,962695.000000019,104.633606697861,0.226248273223413,C,fine,hrs_d_pm10_it2,bogota_2018
5,954322.000000022,24.4085874579015,0.224280488211858,C,fine,hrs_d_pm10_it2,bogota_2018
1,791354.511702192,34.691074291798,0.185980597988121,A,fine,avg_pm10,bogota_2018
2,816435.700905918,34.5894102902406,0.191875066898558,A,fine,avg_pm10,bogota_2018
3,831688.68640976,34.268266747451,0.195459755332325,A,fine,avg_pm10,bogota_2018
4,892646.059965683,32.0896368226567,0.209785684632116,A,fine,avg_pm10,bogota_2018
5,922913.041016514,28.708914278638,0.21689889514888,A,fine,avg_pm10,bogota_2018
1,791354.511702192,34.691074291798,0.185980597988121,B_native,fine,avg_pm10,bogota_2018
2,816435.700905918,34.5894102902406,0.191875066898558,B_native,fine,avg_pm10,bogota_2018
3,831688.68640976,34.268266747451,0.195459755332325,B_native,fine,avg_pm10,bogota_2018
4,892646.059965683,32.0896368226567,0.209785684632116,B_native,fine,avg_pm10,bogota_2018
5,922913.041016514,28.708914278638,0.21689889514888,B_native,fine,avg_pm10,bogota_2018
1,791354.511702192,34.691074291798,0.185980597988121,B_common,fine,avg_pm10,bogota_2018
2,816435.700905918,34.5894102902406,0.191875066898558,B_common,fine,avg_pm10,bogota_2018
3,831688.68640976,34.268266747451,0.195459755332325,B_common,fine,avg_pm10,bogota_2018
4,892646.059965683,32.0896368226567,0.209785684632116,B_common,fine,avg_pm10,bogota_2018
5,922913.041016514,28.708914278638,0.21689889514888,B_common,fine,avg_pm10,bogota_2018
1,791354.511702192,34.691074291798,0.185980597988121,baseline_common,fine,avg_pm10,bogota_2018
2,816435.700905918,34.5894102902406,0.191875066898558,baseline_common,fine,avg_pm10,bogota_2018
3,831688.68640976,34.268266747451,0.195459755332325,baseline_common,fine,avg_pm10,bogota_2018
4,892646.059965683,32.0896368226567,0.209785684632116,baseline_common,fine,avg_pm10,bogota_2018
5,922913.041016514,28.708914278638,0.21689889514888,baseline_common,fine,avg_pm10,bogota_2018
1,791354.511702192,34.691074291798,0.185980597988121,A_common,fine,avg_pm10,bogota_2018
2,816435.700905918,34.5894102902406,0.191875066898558,A_common,fine,avg_pm10,bogota_2018
3,831688.68640976,34.268266747451,0.195459755332325,A_common,fine,avg_pm10,bogota_2018
4,892646.059965683,32.0896368226567,0.209785684632116,A_common,fine,avg_pm10,bogota_2018
5,922913.041016514,28.708914278638,0.21689889514888,A_common,fine,avg_pm10,bogota_2018
1,687531.999999999,37.6945859176508,0.161580695636558,C,fine,avg_pm10,bogota_2018
2,785229.000000014,35.112867708708,0.184541007624374,C,fine,avg_pm10,bogota_2018
3,865260.000000011,34.0749930935434,0.203349535303797,C,fine,avg_pm10,bogota_2018
4,962695.000000019,33.1845416499351,0.226248273223413,C,fine,avg_pm10,bogota_2018
5,954322.000000022,25.5844669967217,0.224280488211858,C,fine,avg_pm10,bogota_2018
1,790105.198638118,14.8144711832505,0.185847372030097,A,fine,hrs_d_pm25_it1,bogota_2018
2,815410.799464125,13.5246460076433,0.191799717893993,A,fine,hrs_d_pm25_it1,bogota_2018
3,830842.346956141,12.3015767238002,0.19542950358923,A,fine,hrs_d_pm25_it1,bogota_2018
4,892241.616533347,7.96592223217266,0.209871748641103,A,fine,hrs_d_pm25_it1,bogota_2018
5,922766.038408334,4.05174933599682,0.217051657845577,A,fine,hrs_d_pm25_it1,bogota_2018
1,790105.198638118,14.8144711832505,0.185847372030097,B_native,fine,hrs_d_pm25_it1,bogota_2018
2,815410.799464125,13.5246460076433,0.191799717893993,B_native,fine,hrs_d_pm25_it1,bogota_2018
3,830842.346956141,12.3015767238002,0.19542950358923,B_native,fine,hrs_d_pm25_it1,bogota_2018
4,892241.616533347,7.96592223217266,0.209871748641103,B_native,fine,hrs_d_pm25_it1,bogota_2018
5,922766.038408334,4.05174933599682,0.217051657845577,B_native,fine,hrs_d_pm25_it1,bogota_2018
1,790105.198638118,14.8144711832505,0.185847372030097,B_common,fine,hrs_d_pm25_it1,bogota_2018
2,815410.799464125,13.5246460076433,0.191799717893993,B_common,fine,hrs_d_pm25_it1,bogota_2018
3,830842.346956141,12.3015767238002,0.19542950358923,B_common,fine,hrs_d_pm25_it1,bogota_2018
4,892241.616533347,7.96592223217266,0.209871748641103,B_common,fine,hrs_d_pm25_it1,bogota_2018
5,922766.038408334,4.05174933599682,0.217051657845577,B_common,fine,hrs_d_pm25_it1,bogota_2018
1,790105.198638118,14.8144711832505,0.185847372030097,baseline_common,fine,hrs_d_pm25_it1,bogota_2018
2,815410.799464125,13.5246460076433,0.191799717893993,baseline_common,fine,hrs_d_pm25_it1,bogota_2018
3,830842.346956141,12.3015767238002,0.19542950358923,baseline_common,fine,hrs_d_pm25_it1,bogota_2018
4,892241.616533347,7.96592223217266,0.209871748641103,baseline_common,fine,hrs_d_pm25_it1,bogota_2018
5,922766.038408334,4.05174933599682,0.217051657845577,baseline_common,fine,hrs_d_pm25_it1,bogota_2018
1,790105.198638118,14.8144711832505,0.185847372030097,A_common,fine,hrs_d_pm25_it1,bogota_2018
2,815410.799464125,13.5246460076433,0.191799717893993,A_common,fine,hrs_d_pm25_it1,bogota_2018
3,830842.346956141,12.3015767238002,0.19542950358923,A_common,fine,hrs_d_pm25_it1,bogota_2018
4,892241.616533347,7.96592223217266,0.209871748641103,A_common,fine,hrs_d_pm25_it1,bogota_2018
5,922766.038408334,4.05174933599682,0.217051657845577,A_common,fine,hrs_d_pm25_it1,bogota_2018
1,684846.999999998,25.1255229270189,0.161088694786567,C,fine,hrs_d_pm25_it1,bogota_2018
2,784480.000000014,13.1128097593308,0.184524221156212,C,fine,hrs_d_pm25_it1,bogota_2018
3,865039.000000011,11.0728510506462,0.203473189558367,C,fine,hrs_d_pm25_it1,bogota_2018
4,962695.000000019,6.15028955172706,0.226443688922573,C,fine,hrs_d_pm25_it1,bogota_2018
5,954305.000000022,0.845611203965171,0.22447020557628,C,fine,hrs_d_pm25_it1,bogota_2018
1,790105.198638118,136.377576383077,0.185847372030097,A,fine,hrs_d_pm25_it2,bogota_2018
2,815410.799464125,132.611297838705,0.191799717893993,A,fine,hrs_d_pm25_it2,bogota_2018
3,830842.346956141,126.354725242041,0.19542950358923,A,fine,hrs_d_pm25_it2,bogota_2018
4,892241.616533347,99.0642429911907,0.209871748641103,A,fine,hrs_d_pm25_it2,bogota_2018
5,922766.038408334,65.7815678413166,0.217051657845577,A,fine,hrs_d_pm25_it2,bogota_2018
1,790105.198638118,136.377576383077,0.185847372030097,B_native,fine,hrs_d_pm25_it2,bogota_2018
2,815410.799464125,132.611297838705,0.191799717893993,B_native,fine,hrs_d_pm25_it2,bogota_2018
3,830842.346956141,126.354725242041,0.19542950358923,B_native,fine,hrs_d_pm25_it2,bogota_2018
4,892241.616533347,99.0642429911907,0.209871748641103,B_native,fine,hrs_d_pm25_it2,bogota_2018
5,922766.038408334,65.7815678413166,0.217051657845577,B_native,fine,hrs_d_pm25_it2,bogota_2018
1,790105.198638118,136.377576383077,0.185847372030097,B_common,fine,hrs_d_pm25_it2,bogota_2018
2,815410.799464125,132.611297838705,0.191799717893993,B_common,fine,hrs_d_pm25_it2,bogota_2018
3,830842.346956141,126.354725242041,0.19542950358923,B_common,fine,hrs_d_pm25_it2,bogota_2018
4,892241.616533347,99.0642429911907,0.209871748641103,B_common,fine,hrs_d_pm25_it2,bogota_2018
5,922766.038408334,65.7815678413166,0.217051657845577,B_common,fine,hrs_d_pm25_it2,bogota_2018
1,790105.198638118,136.377576383077,0.185847372030097,baseline_common,fine,hrs_d_pm25_it2,bogota_2018
2,815410.799464125,132.611297838705,0.191799717893993,baseline_common,fine,hrs_d_pm25_it2,bogota_2018
3,830842.346956141,126.354725242041,0.19542950358923,baseline_common,fine,hrs_d_pm25_it2,bogota_2018
4,892241.616533347,99.0642429911907,0.209871748641103,baseline_common,fine,hrs_d_pm25_it2,bogota_2018
5,922766.038408334,65.7815678413166,0.217051657845577,baseline_common,fine,hrs_d_pm25_it2,bogota_2018
1,790105.198638118,136.377576383077,0.185847372030097,A_common,fine,hrs_d_pm25_it2,bogota_2018
2,815410.799464125,132.611297838705,0.191799717893993,A_common,fine,hrs_d_pm25_it2,bogota_2018
3,830842.346956141,126.354725242041,0.19542950358923,A_common,fine,hrs_d_pm25_it2,bogota_2018
4,892241.616533347,99.0642429911907,0.209871748641103,A_common,fine,hrs_d_pm25_it2,bogota_2018
5,922766.038408334,65.7815678413166,0.217051657845577,A_common,fine,hrs_d_pm25_it2,bogota_2018
1,684846.999999998,182.337212545284,0.161088694786567,C,fine,hrs_d_pm25_it2,bogota_2018
2,784480.000000014,138.581589078114,0.184524221156212,C,fine,hrs_d_pm25_it2,bogota_2018
3,865039.000000011,123.368482808287,0.203473189558367,C,fine,hrs_d_pm25_it2,bogota_2018
4,962695.000000019,103.172651774444,0.226443688922573,C,fine,hrs_d_pm25_it2,bogota_2018
5,954305.000000022,31.7786106119102,0.22447020557628,C,fine,hrs_d_pm25_it2,bogota_2018
1,790105.198638118,16.3585906012357,0.185847372030097,A,fine,avg_pm25,bogota_2018
2,815410.799464125,16.3871283362264,0.191799717893993,A,fine,avg_pm25,bogota_2018
3,830842.346956141,16.29074597695,0.19542950358923,A,fine,avg_pm25,bogota_2018
4,892241.616533347,15.5488750763046,0.209871748641103,A,fine,avg_pm25,bogota_2018
5,922766.038408334,14.2874298593882,0.217051657845577,A,fine,avg_pm25,bogota_2018
1,790105.198638118,16.3585906012357,0.185847372030097,B_native,fine,avg_pm25,bogota_2018
2,815410.799464125,16.3871283362264,0.191799717893993,B_native,fine,avg_pm25,bogota_2018
3,830842.346956141,16.29074597695,0.19542950358923,B_native,fine,avg_pm25,bogota_2018
4,892241.616533347,15.5488750763046,0.209871748641103,B_native,fine,avg_pm25,bogota_2018
5,922766.038408334,14.2874298593882,0.217051657845577,B_native,fine,avg_pm25,bogota_2018
1,790105.198638118,16.3585906012357,0.185847372030097,B_common,fine,avg_pm25,bogota_2018
2,815410.799464125,16.3871283362264,0.191799717893993,B_common,fine,avg_pm25,bogota_2018
3,830842.346956141,16.29074597695,0.19542950358923,B_common,fine,avg_pm25,bogota_2018
4,892241.616533347,15.5488750763046,0.209871748641103,B_common,fine,avg_pm25,bogota_2018
5,922766.038408334,14.2874298593882,0.217051657845577,B_common,fine,avg_pm25,bogota_2018
1,790105.198638118,16.3585906012357,0.185847372030097,baseline_common,fine,avg_pm25,bogota_2018
2,815410.799464125,16.3871283362264,0.191799717893993,baseline_common,fine,avg_pm25,bogota_2018
3,830842.346956141,16.29074597695,0.19542950358923,baseline_common,fine,avg_pm25,bogota_2018
4,892241.616533347,15.5488750763046,0.209871748641103,baseline_common,fine,avg_pm25,bogota_2018
5,922766.038408334,14.2874298593882,0.217051657845577,baseline_common,fine,avg_pm25,bogota_2018
1,790105.198638118,16.3585906012357,0.185847372030097,A_common,fine,avg_pm25,bogota_2018
2,815410.799464125,16.3871283362264,0.191799717893993,A_common,fine,avg_pm25,bogota_2018
3,830842.346956141,16.29074597695,0.19542950358923,A_common,fine,avg_pm25,bogota_2018
4,892241.616533347,15.5488750763046,0.209871748641103,A_common,fine,avg_pm25,bogota_2018
5,922766.038408334,14.2874298593882,0.217051657845577,A_common,fine,avg_pm25,bogota_2018
1,684846.999999998,17.0154855863363,0.161088694786567,C,fine,avg_pm25,bogota_2018
2,784480.000000014,16.6916560483247,0.184524221156212,C,fine,avg_pm25,bogota_2018
3,865039.000000011,16.4074718590009,0.203473189558367,C,fine,avg_pm25,bogota_2018
4,962695.000000019,16.135028484958,0.226443688922573,C,fine,avg_pm25,bogota_2018
5,954305.000000022,13.0001520561962,0.22447020557628,C,fine,avg_pm25,bogota_2018
1,791354.511702192,29.2486062433113,0.185980597988121,A,seccion,hrs_d_pm10_it1,bogota_2018
2,816435.700905918,28.5393008937882,0.191875066898558,A,seccion,hrs_d_pm10_it1,bogota_2018
3,831688.68640976,26.3430833319116,0.195459755332325,A,seccion,hrs_d_pm10_it1,bogota_2018
4,892646.059965683,17.2185886852566,0.209785684632116,A,seccion,hrs_d_pm10_it1,bogota_2018
5,922913.041016514,8.15313100095067,0.21689889514888,A,seccion,hrs_d_pm10_it1,bogota_2018
1,788643.502888873,28.9250662319385,0.186254334115812,B_native,seccion,hrs_d_pm10_it1,bogota_2018
2,812209.548043555,28.0493989434519,0.19181993889408,B_native,seccion,hrs_d_pm10_it1,bogota_2018
3,826522.872057201,25.7740559646676,0.195200323850502,B_native,seccion,hrs_d_pm10_it1,bogota_2018
4,888331.397722347,16.7828563876422,0.2097976745524,B_native,seccion,hrs_d_pm10_it1,bogota_2018
5,918521.679288088,7.97345880761956,0.216927728587206,B_native,seccion,hrs_d_pm10_it1,bogota_2018
1,772497.652495174,28.7345339807212,0.185943462543812,B_common,seccion,hrs_d_pm10_it1,bogota_2018
2,796322.333050504,27.9137364423573,0.191678164237919,B_common,seccion,hrs_d_pm10_it1,bogota_2018
3,810399.021299064,25.6477534843926,0.195066482824562,B_common,seccion,hrs_d_pm10_it1,bogota_2018
4,872346.432958824,16.7093720151492,0.209977487644366,B_common,seccion,hrs_d_pm10_it1,bogota_2018
5,902910.560196485,7.92538059161584,0.217334402749342,B_common,seccion,hrs_d_pm10_it1,bogota_2018
1,772497.652495174,29.005329528262,0.185943462543812,baseline_common,seccion,hrs_d_pm10_it1,bogota_2018
2,796322.333050504,28.1991024080557,0.191678164237919,baseline_common,seccion,hrs_d_pm10_it1,bogota_2018
3,810399.021299064,25.9085225028035,0.195066482824562,baseline_common,seccion,hrs_d_pm10_it1,bogota_2018
4,872346.432958824,16.9335251038903,0.209977487644366,baseline_common,seccion,hrs_d_pm10_it1,bogota_2018
5,902910.560196485,8.07040678214648,0.217334402749342,baseline_common,seccion,hrs_d_pm10_it1,bogota_2018
1,772497.652495174,28.9939837505588,0.185943462543812,A_common,seccion,hrs_d_pm10_it1,bogota_2018
2,796322.333050504,28.1753588135564,0.191678164237919,A_common,seccion,hrs_d_pm10_it1,bogota_2018
3,810399.021299064,25.9114854080938,0.195066482824562,A_common,seccion,hrs_d_pm10_it1,bogota_2018
4,872346.432958824,16.9456173758409,0.209977487644366,A_common,seccion,hrs_d_pm10_it1,bogota_2018
5,902910.560196485,8.08173709728328,0.217334402749342,A_common,seccion,hrs_d_pm10_it1,bogota_2018
1,678011.000000001,44.6884711309992,0.159343112799461,C,seccion,hrs_d_pm10_it1,bogota_2018
2,729887.000000007,29.1919077884656,0.171534778302802,C,seccion,hrs_d_pm10_it1,bogota_2018
3,902643.000000009,34.112777698381,0.212135120767428,C,seccion,hrs_d_pm10_it1,bogota_2018
4,975682.000000018,8.06070625470169,0.229300419878742,C,seccion,hrs_d_pm10_it1,bogota_2018
5,968815.000000025,1.02435243054657,0.227686568251567,C,seccion,hrs_d_pm10_it1,bogota_2018
1,791354.511702192,148.004783512704,0.185980597988121,A,seccion,hrs_d_pm10_it2,bogota_2018
2,816435.700905918,143.570433310998,0.191875066898558,A,seccion,hrs_d_pm10_it2,bogota_2018
3,831688.68640976,135.925797087304,0.195459755332325,A,seccion,hrs_d_pm10_it2,bogota_2018
4,892646.059965683,102.439142006615,0.209785684632116,A,seccion,hrs_d_pm10_it2,bogota_2018
5,922913.041016514,62.0382610697138,0.21689889514888,A,seccion,hrs_d_pm10_it2,bogota_2018
1,788643.502888873,147.36036319055,0.186254334115812,B_native,seccion,hrs_d_pm10_it2,bogota_2018
2,812209.548043555,142.642876586591,0.19181993889408,B_native,seccion,hrs_d_pm10_it2,bogota_2018
3,826522.872057201,134.789167391145,0.195200323850502,B_native,seccion,hrs_d_pm10_it2,bogota_2018
4,888331.397722347,101.511659239286,0.2097976745524,B_native,seccion,hrs_d_pm10_it2,bogota_2018
5,918521.679288088,61.6089854458136,0.216927728587206,B_native,seccion,hrs_d_pm10_it2,bogota_2018
1,772497.652495174,147.567207809185,0.185943462543812,B_common,seccion,hrs_d_pm10_it2,bogota_2018
2,796322.333050504,142.911277680215,0.191678164237919,B_common,seccion,hrs_d_pm10_it2,bogota_2018
3,810399.021299064,135.06703071757,0.195066482824562,B_common,seccion,hrs_d_pm10_it2,bogota_2018
4,872346.432958824,101.777396618223,0.209977487644366,B_common,seccion,hrs_d_pm10_it2,bogota_2018
5,902910.560196485,61.8307785761433,0.217334402749342,B_common,seccion,hrs_d_pm10_it2,bogota_2018
1,772497.652495174,148.534277579915,0.185943462543812,baseline_common,seccion,hrs_d_pm10_it2,bogota_2018
2,796322.333050504,143.841243923108,0.191678164237919,baseline_common,seccion,hrs_d_pm10_it2,bogota_2018
3,810399.021299064,135.98072022411,0.195066482824562,baseline_common,seccion,hrs_d_pm10_it2,bogota_2018
4,872346.432958824,102.616975142596,0.209977487644366,baseline_common,seccion,hrs_d_pm10_it2,bogota_2018
5,902910.560196485,62.3917816185756,0.217334402749342,baseline_common,seccion,hrs_d_pm10_it2,bogota_2018
1,772497.652495174,148.457988890152,0.185943462543812,A_common,seccion,hrs_d_pm10_it2,bogota_2018
2,796322.333050504,143.765435193732,0.191678164237919,A_common,seccion,hrs_d_pm10_it2,bogota_2018
3,810399.021299064,135.967140024099,0.195066482824562,A_common,seccion,hrs_d_pm10_it2,bogota_2018
4,872346.432958824,102.674600459503,0.209977487644366,A_common,seccion,hrs_d_pm10_it2,bogota_2018
5,902910.560196485,62.4524390654737,0.217334402749342,A_common,seccion,hrs_d_pm10_it2,bogota_2018
1,678011.000000001,216.142289726864,0.159343112799461,C,seccion,hrs_d_pm10_it2,bogota_2018
2,729887.000000007,141.599768183292,0.171534778302802,C,seccion,hrs_d_pm10_it2,bogota_2018
3,902643.000000009,146.917721624162,0.212135120767428,C,seccion,hrs_d_pm10_it2,bogota_2018
4,975682.000000018,91.8468527655502,0.229300419878742,C,seccion,hrs_d_pm10_it2,bogota_2018
5,968815.000000025,24.7553629949985,0.227686568251567,C,seccion,hrs_d_pm10_it2,bogota_2018
1,791354.511702192,34.6911781651295,0.185980597988121,A,seccion,avg_pm10,bogota_2018
2,816435.700905918,34.5875801859082,0.191875066898558,A,seccion,avg_pm10,bogota_2018
3,831688.68640976,34.2696598481756,0.195459755332325,A,seccion,avg_pm10,bogota_2018
4,892646.059965683,32.0899236446363,0.209785684632116,A,seccion,avg_pm10,bogota_2018
5,922913.041016514,28.7078268397175,0.21689889514888,A,seccion,avg_pm10,bogota_2018
1,788643.502888873,34.5977397220975,0.186254334115812,B_native,seccion,avg_pm10,bogota_2018
2,812209.548043555,34.4790442364659,0.19181993889408,B_native,seccion,avg_pm10,bogota_2018
3,826522.872057201,34.1547407179363,0.195200323850502,B_native,seccion,avg_pm10,bogota_2018
4,888331.397722347,32.030951860279,0.2097976745524,B_native,seccion,avg_pm10,bogota_2018
5,918521.679288088,28.6959130433533,0.216927728587206,B_native,seccion,avg_pm10,bogota_2018
1,772497.652495174,34.6336375523117,0.185943462543812,B_common,seccion,avg_pm10,bogota_2018
2,796322.333050504,34.5193777024112,0.191678164237919,B_common,seccion,avg_pm10,bogota_2018
3,810399.021299064,34.1982324807721,0.195066482824562,B_common,seccion,avg_pm10,bogota_2018
4,872346.432958824,32.0723459225069,0.209977487644366,B_common,seccion,avg_pm10,bogota_2018
5,902910.560196485,28.7390394198476,0.217334402749342,B_common,seccion,avg_pm10,bogota_2018
1,772497.652495174,34.6865962834103,0.185943462543812,baseline_common,seccion,avg_pm10,bogota_2018
2,796322.333050504,34.5730416017623,0.191678164237919,baseline_common,seccion,avg_pm10,bogota_2018
3,810399.021299064,34.2461130204484,0.195066482824562,baseline_common,seccion,avg_pm10,bogota_2018
4,872346.432958824,32.0966404644609,0.209977487644366,baseline_common,seccion,avg_pm10,bogota_2018
5,902910.560196485,28.7347260355659,0.217334402749342,baseline_common,seccion,avg_pm10,bogota_2018
1,772497.652495174,34.6866169089481,0.185943462543812,A_common,seccion,avg_pm10,bogota_2018
2,796322.333050504,34.5711515461758,0.191678164237919,A_common,seccion,avg_pm10,bogota_2018
3,810399.021299064,34.247559542519,0.195066482824562,A_common,seccion,avg_pm10,bogota_2018
4,872346.432958824,32.0971666505512,0.209977487644366,A_common,seccion,avg_pm10,bogota_2018
5,902910.560196485,28.7332939066595,0.217334402749342,A_common,seccion,avg_pm10,bogota_2018
1,678011.000000001,38.3371493492984,0.159343112799461,C,seccion,avg_pm10,bogota_2018
2,729887.000000007,35.1296200269083,0.171534778302802,C,seccion,avg_pm10,bogota_2018
3,902643.000000009,34.6906073346105,0.212135120767428,C,seccion,avg_pm10,bogota_2018
4,975682.000000018,32.1310238137716,0.229300419878742,C,seccion,avg_pm10,bogota_2018
5,968815.000000025,25.8433851779485,0.227686568251567,C,seccion,avg_pm10,bogota_2018
1,790105.198638118,14.7959549216654,0.185847372030097,A,seccion,hrs_d_pm25_it1,bogota_2018
2,815410.799464125,13.5078496764717,0.191799717893993,A,seccion,hrs_d_pm25_it1,bogota_2018
3,830842.346956141,12.3033099813102,0.19542950358923,A,seccion,hrs_d_pm25_it1,bogota_2018
4,892241.616533347,7.97399386658333,0.209871748641103,A,seccion,hrs_d_pm25_it1,bogota_2018
5,922766.038408334,4.07019078694861,0.217051657845577,A,seccion,hrs_d_pm25_it1,bogota_2018
1,787130.643893725,14.6052405648318,0.186151061912202,B_native,seccion,hrs_d_pm25_it1,bogota_2018
2,810710.058493335,13.2843965145793,0.191727433637832,B_native,seccion,hrs_d_pm25_it1,bogota_2018
3,825077.1126836,12.0529831166054,0.195125144570337,B_native,seccion,hrs_d_pm25_it1,bogota_2018
4,887440.297292096,7.81935862976016,0.209873615016961,B_native,seccion,hrs_d_pm25_it1,bogota_2018
5,918092.887637308,4.04204989328157,0.217122744862668,B_native,seccion,hrs_d_pm25_it1,bogota_2018
1,771248.3394311,14.5239125636958,0.185806976053577,B_common,seccion,hrs_d_pm25_it1,bogota_2018
2,795297.43160871,13.2296471815475,0.191600815554938,B_common,seccion,hrs_d_pm25_it1,bogota_2018
3,809552.681845445,12.017969471952,0.195035150261356,B_common,seccion,hrs_d_pm25_it1,bogota_2018
4,871941.989526487,7.82633218992211,0.210065806414005,B_common,seccion,hrs_d_pm25_it1,bogota_2018
5,902763.557588306,4.04928180936678,0.217491251716124,B_common,seccion,hrs_d_pm25_it1,bogota_2018
1,771248.3394311,14.7636283141063,0.185806976053577,baseline_common,seccion,hrs_d_pm25_it1,bogota_2018
2,795297.43160871,13.4180525072381,0.191600815554938,baseline_common,seccion,hrs_d_pm25_it1,bogota_2018
3,809552.681845445,12.1632799247933,0.195035150261356,baseline_common,seccion,hrs_d_pm25_it1,bogota_2018
4,871941.989526487,7.87771855997188,0.210065806414005,baseline_common,seccion,hrs_d_pm25_it1,bogota_2018
5,902763.557588306,4.02948255357473,0.217491251716124,baseline_common,seccion,hrs_d_pm25_it1,bogota_2018
1,771248.3394311,14.7446003785354,0.185806976053577,A_common,seccion,hrs_d_pm25_it1,bogota_2018
2,795297.43160871,13.4007464559493,0.191600815554938,A_common,seccion,hrs_d_pm25_it1,bogota_2018
3,809552.681845445,12.1650328409398,0.195035150261356,A_common,seccion,hrs_d_pm25_it1,bogota_2018
4,871941.989526487,7.88600348254124,0.210065806414005,A_common,seccion,hrs_d_pm25_it1,bogota_2018
5,902763.557588306,4.04836963601644,0.217491251716124,A_common,seccion,hrs_d_pm25_it1,bogota_2018
1,674755,26.1049877362894,0.158714869526639,C,seccion,hrs_d_pm25_it1,bogota_2018
2,729796.000000007,13.1181097183321,0.171661531846469,C,seccion,hrs_d_pm25_it1,bogota_2018
3,902318.000000009,12.7079665927089,0.212241900603241,C,seccion,hrs_d_pm25_it1,bogota_2018
4,975682.000000018,4.33703399263276,0.229498471785305,C,seccion,hrs_d_pm25_it1,bogota_2018
5,968815.000000025,0.943358639162252,0.227883226238346,C,seccion,hrs_d_pm25_it1,bogota_2018
1,790105.198638118,136.25545709738,0.185847372030097,A,seccion,hrs_d_pm25_it2,bogota_2018
2,815410.799464125,132.521326685477,0.191799717893993,A,seccion,hrs_d_pm25_it2,bogota_2018
3,830842.346956141,126.33254685514,0.19542950358923,A,seccion,hrs_d_pm25_it2,bogota_2018
4,892241.616533347,99.1186622217718,0.209871748641103,A,seccion,hrs_d_pm25_it2,bogota_2018
5,922766.038408334,65.9141851966949,0.217051657845577,A,seccion,hrs_d_pm25_it2,bogota_2018
1,787130.643893725,134.472338957948,0.186151061912202,B_native,seccion,hrs_d_pm25_it2,bogota_2018
2,810710.058493335,130.579869221887,0.191727433637832,B_native,seccion,hrs_d_pm25_it2,bogota_2018
3,825077.1126836,124.311297678681,0.195125144570337,B_native,seccion,hrs_d_pm25_it2,bogota_2018
4,887440.297292096,97.8305237250867,0.209873615016961,B_native,seccion,hrs_d_pm25_it2,bogota_2018
5,918092.887637308,65.25720002894,0.217122744862668,B_native,seccion,hrs_d_pm25_it2,bogota_2018
1,771248.3394311,134.932533033986,0.185806976053577,B_common,seccion,hrs_d_pm25_it2,bogota_2018
2,795297.43160871,131.091457423462,0.191600815554938,B_common,seccion,hrs_d_pm25_it2,bogota_2018
3,809552.681845445,124.866502654548,0.195035150261356,B_common,seccion,hrs_d_pm25_it2,bogota_2018
4,871941.989526487,98.3819059739898,0.210065806414005,B_common,seccion,hrs_d_pm25_it2,bogota_2018
5,902763.557588306,65.6900061417931,0.217491251716124,B_common,seccion,hrs_d_pm25_it2,bogota_2018
1,771248.3394311,136.134644740269,0.185806976053577,baseline_common,seccion,hrs_d_pm25_it2,bogota_2018
2,795297.43160871,132.171341359078,0.191600815554938,baseline_common,seccion,hrs_d_pm25_it2,bogota_2018
3,809552.681845445,125.780042246625,0.195035150261356,baseline_common,seccion,hrs_d_pm25_it2,bogota_2018
4,871941.989526487,98.9742792704958,0.210065806414005,baseline_common,seccion,hrs_d_pm25_it2,bogota_2018
5,902763.557588306,65.9960207593866,0.217491251716124,baseline_common,seccion,hrs_d_pm25_it2,bogota_2018
1,771248.3394311,136.010245715929,0.185806976053577,A_common,seccion,hrs_d_pm25_it2,bogota_2018
2,795297.43160871,132.079242027307,0.191600815554938,A_common,seccion,hrs_d_pm25_it2,bogota_2018
3,809552.681845445,125.757431038877,0.195035150261356,A_common,seccion,hrs_d_pm25_it2,bogota_2018
4,871941.989526487,99.0299028316934,0.210065806414005,A_common,seccion,hrs_d_pm25_it2,bogota_2018
5,902763.557588306,66.1293212849764,0.217491251716124,A_common,seccion,hrs_d_pm25_it2,bogota_2018
1,674755,188.259101451638,0.158714869526639,C,seccion,hrs_d_pm25_it2,bogota_2018
2,729796.000000007,142.814678348469,0.171661531846469,C,seccion,hrs_d_pm25_it2,bogota_2018
3,902318.000000009,131.070480695274,0.212241900603241,C,seccion,hrs_d_pm25_it2,bogota_2018
4,975682.000000018,90.0624978220353,0.229498471785305,C,seccion,hrs_d_pm25_it2,bogota_2018
5,968815.000000025,33.6105933537351,0.227883226238346,C,seccion,hrs_d_pm25_it2,bogota_2018
1,790105.198638118,16.3583272075922,0.185847372030097,A,seccion,avg_pm25,bogota_2018
2,815410.799464125,16.3867333931902,0.191799717893993,A,seccion,avg_pm25,bogota_2018
3,830842.346956141,16.29114625289,0.19542950358923,A,seccion,avg_pm25,bogota_2018
4,892241.616533347,15.5485681004509,0.209871748641103,A,seccion,avg_pm25,bogota_2018
5,922766.038408334,14.2876710578557,0.217051657845577,A,seccion,avg_pm25,bogota_2018
1,787130.643893725,16.3048627942774,0.186151061912202,B_native,seccion,avg_pm25,bogota_2018
2,810710.058493335,16.3325357460904,0.191727433637832,B_native,seccion,avg_pm25,bogota_2018
3,825077.1126836,16.2374014164585,0.195125144570337,B_native,seccion,avg_pm25,bogota_2018
4,887440.297292096,15.5218197672544,0.209873615016961,B_native,seccion,avg_pm25,bogota_2018
5,918092.887637308,14.2714982168764,0.217122744862668,B_native,seccion,avg_pm25,bogota_2018
1,771248.3394311,16.3272894473328,0.185806976053577,B_common,seccion,avg_pm25,bogota_2018
2,795297.43160871,16.3541740342199,0.191600815554938,B_common,seccion,avg_pm25,bogota_2018
3,809552.681845445,16.258602424518,0.195035150261356,B_common,seccion,avg_pm25,bogota_2018
4,871941.989526487,15.5403378892908,0.210065806414005,B_common,seccion,avg_pm25,bogota_2018
5,902763.557588306,14.2914806062266,0.217491251716124,B_common,seccion,avg_pm25,bogota_2018
1,771248.3394311,16.3506131851044,0.185806976053577,baseline_common,seccion,avg_pm25,bogota_2018
2,795297.43160871,16.3746313790711,0.191600815554938,baseline_common,seccion,avg_pm25,bogota_2018
3,809552.681845445,16.2748993844452,0.195035150261356,baseline_common,seccion,avg_pm25,bogota_2018
4,871941.989526487,15.5447795444883,0.210065806414005,baseline_common,seccion,avg_pm25,bogota_2018
5,902763.557588306,14.2875991918316,0.217491251716124,baseline_common,seccion,avg_pm25,bogota_2018
1,771248.3394311,16.3504129682723,0.185806976053577,A_common,seccion,avg_pm25,bogota_2018
2,795297.43160871,16.3742897274766,0.191600815554938,A_common,seccion,avg_pm25,bogota_2018
3,809552.681845445,16.2753387864071,0.195035150261356,A_common,seccion,avg_pm25,bogota_2018
4,871941.989526487,15.5445169773275,0.210065806414005,A_common,seccion,avg_pm25,bogota_2018
5,902763.557588306,14.2875993151594,0.217491251716124,A_common,seccion,avg_pm25,bogota_2018
1,674755,17.2493642023633,0.158714869526639,C,seccion,avg_pm25,bogota_2018
2,729796.000000007,16.7282949186131,0.171661531846469,C,seccion,avg_pm25,bogota_2018
3,902318.000000009,16.6328944142912,0.212241900603241,C,seccion,avg_pm25,bogota_2018
4,975682.000000018,15.6833543288739,0.229498471785305,C,seccion,avg_pm25,bogota_2018
5,968815.000000025,13.1316453581748,0.227883226238346,C,seccion,avg_pm25,bogota_2018
1,791354.511702192,29.2628764814845,0.185980597988121,A,sector,hrs_d_pm10_it1,bogota_2018
2,816435.700905918,28.5504091795062,0.191875066898558,A,sector,hrs_d_pm10_it1,bogota_2018
3,831688.68640976,26.3191871829097,0.195459755332325,A,sector,hrs_d_pm10_it1,bogota_2018
4,892646.059965683,17.2149746299075,0.209785684632116,A,sector,hrs_d_pm10_it1,bogota_2018
5,922913.041016514,8.15927935772127,0.21689889514888,A,sector,hrs_d_pm10_it1,bogota_2018
1,756952.274886132,24.5392683367384,0.184599003464955,B_native,sector,hrs_d_pm10_it1,bogota_2018
2,780954.745975291,23.7855464313865,0.190452519453689,B_native,sector,hrs_d_pm10_it1,bogota_2018
3,795132.707745133,21.762499519514,0.193910118698332,B_native,sector,hrs_d_pm10_it1,bogota_2018
4,862546.188752958,13.8630815226324,0.210350338018659,B_native,sector,hrs_d_pm10_it1,bogota_2018
5,904936.082640535,6.586157243167,0.220688020364364,B_native,sector,hrs_d_pm10_it1,bogota_2018
1,732739.54701242,25.2014260049016,0.184387647376943,B_common,sector,hrs_d_pm10_it1,bogota_2018
2,757227.795089204,24.3934664580874,0.190549905807884,B_common,sector,hrs_d_pm10_it1,bogota_2018
3,771228.499089336,22.3065101278119,0.194073063364659,B_common,sector,hrs_d_pm10_it1,bogota_2018
4,836556.145491262,14.1925481277378,0.210512207502351,B_common,sector,hrs_d_pm10_it1,bogota_2018
5,876156.013317824,6.74259256620012,0.220477175948163,B_common,sector,hrs_d_pm10_it1,bogota_2018
1,732739.54701242,26.4675535797997,0.184387647376943,baseline_common,sector,hrs_d_pm10_it1,bogota_2018
2,757227.795089204,25.8784022537991,0.190549905807884,baseline_common,sector,hrs_d_pm10_it1,bogota_2018
3,771228.499089336,23.8335567165827,0.194073063364659,baseline_common,sector,hrs_d_pm10_it1,bogota_2018
4,836556.145491262,15.383899013895,0.210512207502351,baseline_common,sector,hrs_d_pm10_it1,bogota_2018
5,876156.013317824,7.35058912597685,0.220477175948163,baseline_common,sector,hrs_d_pm10_it1,bogota_2018
1,732739.54701242,26.4737644877171,0.184387647376943,A_common,sector,hrs_d_pm10_it1,bogota_2018
2,757227.795089204,25.866746845494,0.190549905807884,A_common,sector,hrs_d_pm10_it1,bogota_2018
3,771228.499089336,23.8105267807875,0.194073063364659,A_common,sector,hrs_d_pm10_it1,bogota_2018
4,836556.145491262,15.3914335159938,0.210512207502351,A_common,sector,hrs_d_pm10_it1,bogota_2018
5,876156.013317824,7.36715257057051,0.220477175948163,A_common,sector,hrs_d_pm10_it1,bogota_2018
1,635869,46.4023344431005,0.149439088440571,C,sector,hrs_d_pm10_it1,bogota_2018
2,745082.000000011,39.7715405821098,0.175105839242799,C,sector,hrs_d_pm10_it1,bogota_2018
3,934440.000000005,29.5921600102734,0.219607909494578,C,sector,hrs_d_pm10_it1,bogota_2018
4,974078.000000024,3.34176010545349,0.228923454972672,C,sector,hrs_d_pm10_it1,bogota_2018
5,965569.000000022,1.25182664315028,0.22692370784938,C,sector,hrs_d_pm10_it1,bogota_2018
1,791354.511702192,147.48830462521,0.185980597988121,A,sector,hrs_d_pm10_it2,bogota_2018
2,816435.700905918,143.280054697908,0.191875066898558,A,sector,hrs_d_pm10_it2,bogota_2018
3,831688.68640976,135.722020479877,0.195459755332325,A,sector,hrs_d_pm10_it2,bogota_2018
4,892646.059965683,102.810859234289,0.209785684632116,A,sector,hrs_d_pm10_it2,bogota_2018
5,922913.041016514,62.5724818432706,0.21689889514888,A,sector,hrs_d_pm10_it2,bogota_2018
1,756952.274886132,138.92901245338,0.184599003464955,B_native,sector,hrs_d_pm10_it2,bogota_2018
2,780954.745975291,135.316339311649,0.190452519453689,B_native,sector,hrs_d_pm10_it2,bogota_2018
3,795132.707745133,128.261897363311,0.193910118698332,B_native,sector,hrs_d_pm10_it2,bogota_2018
4,862546.188752958,97.5826663358028,0.210350338018659,B_native,sector,hrs_d_pm10_it2,bogota_2018
5,904936.082640535,60.2184330366965,0.220688020364364,B_native,sector,hrs_d_pm10_it2,bogota_2018
1,732739.54701242,141.472904958132,0.184387647376943,B_common,sector,hrs_d_pm10_it2,bogota_2018
2,757227.795089204,137.563531883297,0.190549905807884,B_common,sector,hrs_d_pm10_it2,bogota_2018
3,771228.499089336,130.324411055196,0.194073063364659,B_common,sector,hrs_d_pm10_it2,bogota_2018
4,836556.145491262,98.9997254524578,0.210512207502351,B_common,sector,hrs_d_pm10_it2,bogota_2018
5,876156.013317824,61.1276910706399,0.220477175948163,B_common,sector,hrs_d_pm10_it2,bogota_2018
1,732739.54701242,144.508268710071,0.184387647376943,baseline_common,sector,hrs_d_pm10_it2,bogota_2018
2,757227.795089204,140.388377045257,0.190549905807884,baseline_common,sector,hrs_d_pm10_it2,bogota_2018
3,771228.499089336,133.012620915693,0.194073063364659,baseline_common,sector,hrs_d_pm10_it2,bogota_2018
4,836556.145491262,100.527390362943,0.210512207502351,baseline_common,sector,hrs_d_pm10_it2,bogota_2018
5,876156.013317824,61.4010923110777,0.220477175948163,baseline_common,sector,hrs_d_pm10_it2,bogota_2018
1,732739.54701242,143.888609507324,0.184387647376943,A_common,sector,hrs_d_pm10_it2,bogota_2018
2,757227.795089204,140.003046204081,0.190549905807884,A_common,sector,hrs_d_pm10_it2,bogota_2018
3,771228.499089336,132.780919452752,0.194073063364659,A_common,sector,hrs_d_pm10_it2,bogota_2018
4,836556.145491262,100.975541081494,0.210512207502351,A_common,sector,hrs_d_pm10_it2,bogota_2018
5,876156.013317824,62.0120219327252,0.220477175948163,A_common,sector,hrs_d_pm10_it2,bogota_2018
1,635869,217.2980629658,0.149439088440571,C,sector,hrs_d_pm10_it2,bogota_2018
2,745082.000000011,179.766257942077,0.175105839242799,C,sector,hrs_d_pm10_it2,bogota_2018
3,934440.000000005,134.897883224176,0.219607909494578,C,sector,hrs_d_pm10_it2,bogota_2018
4,974078.000000024,72.7830030038633,0.228923454972672,C,sector,hrs_d_pm10_it2,bogota_2018
5,965569.000000022,28.0100293194991,0.22692370784938,C,sector,hrs_d_pm10_it2,bogota_2018
1,791354.511702192,34.6778288142546,0.185980597988121,A,sector,avg_pm10,bogota_2018
2,816435.700905918,34.5776622183393,0.191875066898558,A,sector,avg_pm10,bogota_2018
3,831688.68640976,34.2599595687391,0.195459755332325,A,sector,avg_pm10,bogota_2018
4,892646.059965683,32.0968086308833,0.209785684632116,A,sector,avg_pm10,bogota_2018
5,922913.041016514,28.7312601688573,0.21689889514888,A,sector,avg_pm10,bogota_2018
1,756952.274886132,34.0155186274498,0.184599003464955,B_native,sector,avg_pm10,bogota_2018
2,780954.745975291,33.9301778245281,0.190452519453689,B_native,sector,avg_pm10,bogota_2018
3,795132.707745133,33.6303640180129,0.193910118698332,B_native,sector,avg_pm10,bogota_2018
4,862546.188752958,31.6445040273443,0.210350338018659,B_native,sector,avg_pm10,bogota_2018
5,904936.082640535,28.4783419801538,0.220688020364364,B_native,sector,avg_pm10,bogota_2018
1,732739.54701242,34.1858979026556,0.184387647376943,B_common,sector,avg_pm10,bogota_2018
2,757227.795089204,34.0829695021103,0.190549905807884,B_common,sector,avg_pm10,bogota_2018
3,771228.499089336,33.7748500710284,0.194073063364659,B_common,sector,avg_pm10,bogota_2018
4,836556.145491262,31.761732693916,0.210512207502351,B_common,sector,avg_pm10,bogota_2018
5,876156.013317824,28.5731645183694,0.220477175948163,B_common,sector,avg_pm10,bogota_2018
1,732739.54701242,34.4326962365891,0.184387647376943,baseline_common,sector,avg_pm10,bogota_2018
2,757227.795089204,34.352158195167,0.190549905807884,baseline_common,sector,avg_pm10,bogota_2018
3,771228.499089336,34.0499029150018,0.194073063364659,baseline_common,sector,avg_pm10,bogota_2018
4,836556.145491262,31.9514136731805,0.210512207502351,baseline_common,sector,avg_pm10,bogota_2018
5,876156.013317824,28.6351709338651,0.220477175948163,baseline_common,sector,avg_pm10,bogota_2018
1,732739.54701242,34.4197946294955,0.184387647376943,A_common,sector,avg_pm10,bogota_2018
2,757227.795089204,34.3402864258282,0.190549905807884,A_common,sector,avg_pm10,bogota_2018
3,771228.499089336,34.0407530203312,0.194073063364659,A_common,sector,avg_pm10,bogota_2018
4,836556.145491262,31.9582815886407,0.210512207502351,A_common,sector,avg_pm10,bogota_2018
5,876156.013317824,28.6575279389465,0.220477175948163,A_common,sector,avg_pm10,bogota_2018
1,635869,38.8815431802807,0.149439088440571,C,sector,avg_pm10,bogota_2018
2,745082.000000011,36.2614871042582,0.175105839242799,C,sector,avg_pm10,bogota_2018
3,934440.000000005,34.9073705792001,0.219607909494578,C,sector,avg_pm10,bogota_2018
4,974078.000000024,30.8144920382367,0.228923454972672,C,sector,avg_pm10,bogota_2018
5,965569.000000022,25.848080405914,0.22692370784938,C,sector,avg_pm10,bogota_2018
1,790105.198638118,14.809503926816,0.185847372030097,A,sector,hrs_d_pm25_it1,bogota_2018
2,815410.799464125,13.5135742013645,0.191799717893993,A,sector,hrs_d_pm25_it1,bogota_2018
3,830842.346956141,12.3023872984594,0.19542950358923,A,sector,hrs_d_pm25_it1,bogota_2018
4,892241.616533347,7.95826592220338,0.209871748641103,A,sector,hrs_d_pm25_it1,bogota_2018
5,922766.038408334,4.07268898672721,0.217051657845577,A,sector,hrs_d_pm25_it1,bogota_2018
1,755998.037635559,13.0019651096104,0.184549242829975,B_native,sector,hrs_d_pm25_it1,bogota_2018
2,779907.045000847,11.7602349962587,0.190385751638754,B_native,sector,hrs_d_pm25_it1,bogota_2018
3,794115.240690838,10.6231182024582,0.19385416243618,B_native,sector,hrs_d_pm25_it1,bogota_2018
4,861860.199770264,6.73993570034026,0.210391613965496,B_native,sector,hrs_d_pm25_it1,bogota_2018
5,904576.476902542,3.46465163525596,0.220819229129594,B_native,sector,hrs_d_pm25_it1,bogota_2018
1,732048.855692921,13.3079381545566,0.184304696684905,B_common,sector,hrs_d_pm25_it1,bogota_2018
2,756654.682223186,12.018447427154,0.190499596601864,B_common,sector,hrs_d_pm25_it1,bogota_2018
3,770810.451955023,10.8508325420789,0.194063532022948,B_common,sector,hrs_d_pm25_it1,bogota_2018
4,836356.813506482,6.88076318065011,0.210565849034434,B_common,sector,hrs_d_pm25_it1,bogota_2018
5,876078.196622432,3.5398578475781,0.220566325655848,B_common,sector,hrs_d_pm25_it1,bogota_2018
1,732048.855692921,13.7403142028977,0.184304696684905,baseline_common,sector,hrs_d_pm25_it1,bogota_2018
2,756654.682223186,12.5439660587881,0.190499596601864,baseline_common,sector,hrs_d_pm25_it1,bogota_2018
3,770810.451955023,11.3885779998553,0.194063532022948,baseline_common,sector,hrs_d_pm25_it1,bogota_2018
4,836356.813506482,7.34628030149049,0.210565849034434,baseline_common,sector,hrs_d_pm25_it1,bogota_2018
5,876078.196622432,3.77415455874903,0.220566325655848,baseline_common,sector,hrs_d_pm25_it1,bogota_2018
1,732048.855692921,13.740360681241,0.184304696684905,A_common,sector,hrs_d_pm25_it1,bogota_2018
2,756654.682223186,12.5351644946639,0.190499596601864,A_common,sector,hrs_d_pm25_it1,bogota_2018
3,770810.451955023,11.3869466581168,0.194063532022948,A_common,sector,hrs_d_pm25_it1,bogota_2018
4,836356.813506482,7.33655513567948,0.210565849034434,A_common,sector,hrs_d_pm25_it1,bogota_2018
5,876078.196622432,3.79423665600366,0.220566325655848,A_common,sector,hrs_d_pm25_it1,bogota_2018
1,634326,28.4627462850332,0.149205220157472,C,sector,hrs_d_pm25_it1,bogota_2018
2,742953.000000011,14.9437016877243,0.174756301856862,C,sector,hrs_d_pm25_it1,bogota_2018
3,934440.000000005,11.6221512349642,0.219797589762912,C,sector,hrs_d_pm25_it1,bogota_2018
4,974078.000000024,3.07916306497008,0.229121181286205,C,sector,hrs_d_pm25_it1,bogota_2018
5,965569.000000022,0.811409645504339,0.227119706936549,C,sector,hrs_d_pm25_it1,bogota_2018
1,790105.198638118,135.90785314451,0.185847372030097,A,sector,hrs_d_pm25_it2,bogota_2018
2,815410.799464125,132.298942554239,0.191799717893993,A,sector,hrs_d_pm25_it2,bogota_2018
3,830842.346956141,126.174176976417,0.19542950358923,A,sector,hrs_d_pm25_it2,bogota_2018
4,892241.616533347,99.3468517336715,0.209871748641103,A,sector,hrs_d_pm25_it2,bogota_2018
5,922766.038408334,66.3381727044234,0.217051657845577,A,sector,hrs_d_pm25_it2,bogota_2018
1,755998.037635559,126.649528324391,0.184549242829975,B_native,sector,hrs_d_pm25_it2,bogota_2018
2,779907.045000847,123.526890775328,0.190385751638754,B_native,sector,hrs_d_pm25_it2,bogota_2018
3,794115.240690838,117.719253833987,0.19385416243618,B_native,sector,hrs_d_pm25_it2,bogota_2018
4,861860.199770264,93.0686357846142,0.210391613965496,B_native,sector,hrs_d_pm25_it2,bogota_2018
5,904576.476902542,62.4887310005274,0.220819229129594,B_native,sector,hrs_d_pm25_it2,bogota_2018
1,732048.855692921,128.80213847024,0.184304696684905,B_common,sector,hrs_d_pm25_it2,bogota_2018
2,756654.682223186,125.480311961525,0.190499596601864,B_common,sector,hrs_d_pm25_it2,bogota_2018
3,770810.451955023,119.531145536228,0.194063532022948,B_common,sector,hrs_d_pm25_it2,bogota_2018
4,836356.813506482,94.4524939219497,0.210565849034434,B_common,sector,hrs_d_pm25_it2,bogota_2018
5,876078.196622432,63.4560058749195,0.220566325655848,B_common,sector,hrs_d_pm25_it2,bogota_2018
1,732048.855692921,132.409652672557,0.184304696684905,baseline_common,sector,hrs_d_pm25_it2,bogota_2018
2,756654.682223186,128.942458999036,0.190499596601864,baseline_common,sector,hrs_d_pm25_it2,bogota_2018
3,770810.451955023,122.837097016691,0.194063532022948,baseline_common,sector,hrs_d_pm25_it2,bogota_2018
4,836356.813506482,96.9857919328223,0.210565849034434,baseline_common,sector,hrs_d_pm25_it2,bogota_2018
5,876078.196622432,64.9591463343703,0.220566325655848,baseline_common,sector,hrs_d_pm25_it2,bogota_2018
1,732048.855692921,131.931438273634,0.184304696684905,A_common,sector,hrs_d_pm25_it2,bogota_2018
2,756654.682223186,128.615170391114,0.190499596601864,A_common,sector,hrs_d_pm25_it2,bogota_2018
3,770810.451955023,122.633849363665,0.194063532022948,A_common,sector,hrs_d_pm25_it2,bogota_2018
4,836356.813506482,97.2789042191635,0.210565849034434,A_common,sector,hrs_d_pm25_it2,bogota_2018
5,876078.196622432,65.5326737752272,0.220566325655848,A_common,sector,hrs_d_pm25_it2,bogota_2018
1,634326,195.719628392972,0.149205220157472,C,sector,hrs_d_pm25_it2,bogota_2018
2,742953.000000011,160.921817396253,0.174756301856862,C,sector,hrs_d_pm25_it2,bogota_2018
3,934440.000000005,124.601628783014,0.219797589762912,C,sector,hrs_d_pm25_it2,bogota_2018
4,974078.000000024,76.9895070004642,0.229121181286205,C,sector,hrs_d_pm25_it2,bogota_2018
5,965569.000000022,36.0642098078948,0.227119706936549,C,sector,hrs_d_pm25_it2,bogota_2018
1,790105.198638118,16.3511664509556,0.185847372030097,A,sector,avg_pm25,bogota_2018
2,815410.799464125,16.3810061236354,0.191799717893993,A,sector,avg_pm25,bogota_2018
3,830842.346956141,16.2855488861758,0.19542950358923,A,sector,avg_pm25,bogota_2018
4,892241.616533347,15.5530972278971,0.209871748641103,A,sector,avg_pm25,bogota_2018
5,922766.038408334,14.3001768088783,0.217051657845577,A,sector,avg_pm25,bogota_2018
1,755998.037635559,16.1368832465902,0.184549242829975,B_native,sector,avg_pm25,bogota_2018
2,779907.045000847,16.1791570943034,0.190385751638754,B_native,sector,avg_pm25,bogota_2018
3,794115.240690838,16.0918904741303,0.19385416243618,B_native,sector,avg_pm25,bogota_2018
4,861860.199770264,15.4047278194169,0.210391613965496,B_native,sector,avg_pm25,bogota_2018
5,904576.476902542,14.1863496022192,0.220819229129594,B_native,sector,avg_pm25,bogota_2018
1,732048.855692921,16.2064553223119,0.184304696684905,B_common,sector,avg_pm25,bogota_2018
2,756654.682223186,16.2406072304467,0.190499596601864,B_common,sector,avg_pm25,bogota_2018
3,770810.451955023,16.1490457172575,0.194063532022948,B_common,sector,avg_pm25,bogota_2018
4,836356.813506482,15.4493094406779,0.210565849034434,B_common,sector,avg_pm25,bogota_2018
5,876078.196622432,14.2241169622392,0.220566325655848,B_common,sector,avg_pm25,bogota_2018
1,732048.855692921,16.2726691408934,0.184304696684905,baseline_common,sector,avg_pm25,bogota_2018
2,756654.682223186,16.3051922337896,0.190499596601864,baseline_common,sector,avg_pm25,bogota_2018
3,770810.451955023,16.2099724069387,0.194063532022948,baseline_common,sector,avg_pm25,bogota_2018
4,836356.813506482,15.4945074577641,0.210565849034434,baseline_common,sector,avg_pm25,bogota_2018
5,876078.196622432,14.2502371110686,0.220566325655848,baseline_common,sector,avg_pm25,bogota_2018
1,732048.855692921,16.2652339078798,0.184304696684905,A_common,sector,avg_pm25,bogota_2018
2,756654.682223186,16.2987732334224,0.190499596601864,A_common,sector,avg_pm25,bogota_2018
3,770810.451955023,16.2042548671516,0.194063532022948,A_common,sector,avg_pm25,bogota_2018
4,836356.813506482,15.498713841883,0.210565849034434,A_common,sector,avg_pm25,bogota_2018
5,876078.196622432,14.263338401994,0.220566325655848,A_common,sector,avg_pm25,bogota_2018
1,634326,17.3282005640589,0.149205220157472,C,sector,avg_pm25,bogota_2018
2,742953.000000011,17.1748260609851,0.174756301856862,C,sector,avg_pm25,bogota_2018
3,934440.000000005,16.6527716627585,0.219797589762912,C,sector,avg_pm25,bogota_2018
4,974078.000000024,15.1927595618865,0.229121181286205,C,sector,avg_pm25,bogota_2018
5,965569.000000022,13.2231187003032,0.227119706936549,C,sector,avg_pm25,bogota_2018
1,791354.511702192,30.3590653003131,0.185980597988121,A,localidad,hrs_d_pm10_it1,bogota_2018
2,816435.700905918,28.6700247759995,0.191875066898558,A,localidad,hrs_d_pm10_it1,bogota_2018
3,831688.68640976,26.0143473121189,0.195459755332325,A,localidad,hrs_d_pm10_it1,bogota_2018
4,892646.059965683,16.578984993165,0.209785684632116,A,localidad,hrs_d_pm10_it1,bogota_2018
5,922913.041016514,7.98382403481746,0.21689889514888,A,localidad,hrs_d_pm10_it1,bogota_2018
1,548279.548022638,4.42016234261917,0.161171421010751,B_native,localidad,hrs_d_pm10_it1,bogota_2018
2,593797.168796674,4.50069988824778,0.174551711498765,B_native,localidad,hrs_d_pm10_it1,bogota_2018
3,632271.785697586,4.33497462895612,0.185861651293398,B_native,localidad,hrs_d_pm10_it1,bogota_2018
4,766419.53593238,3.7419161944822,0.225295519670783,B_native,localidad,hrs_d_pm10_it1,bogota_2018
5,861072.961550737,2.83761867296343,0.253119696526302,B_native,localidad,hrs_d_pm10_it1,bogota_2018
1,464124.965224985,5.07785739624018,0.157234610224132,B_common,localidad,hrs_d_pm10_it1,bogota_2018
2,509579.153389167,5.11139293000537,0.172633418938473,B_common,localidad,hrs_d_pm10_it1,bogota_2018
3,545435.294737607,4.89916017729508,0.184780635381205,B_common,localidad,hrs_d_pm10_it1,bogota_2018
4,671272.350934004,4.17745322202289,0.22741126714048,B_common,localidad,hrs_d_pm10_it1,bogota_2018
5,761387.235714246,3.12694841524869,0.25794006831571,B_common,localidad,hrs_d_pm10_it1,bogota_2018
1,464124.965224985,2.77326852195666,0.157234610224132,baseline_common,localidad,hrs_d_pm10_it1,bogota_2018
2,509579.153389167,2.93480396826749,0.172633418938473,baseline_common,localidad,hrs_d_pm10_it1,bogota_2018
3,545435.294737607,2.92208250922499,0.184780635381205,baseline_common,localidad,hrs_d_pm10_it1,bogota_2018
4,671272.350934004,2.61227191803541,0.22741126714048,baseline_common,localidad,hrs_d_pm10_it1,bogota_2018
5,761387.235714246,1.80993456570943,0.25794006831571,baseline_common,localidad,hrs_d_pm10_it1,bogota_2018
1,464124.965224985,2.92111689706712,0.157234610224132,A_common,localidad,hrs_d_pm10_it1,bogota_2018
2,509579.153389167,2.95286928873489,0.172633418938473,A_common,localidad,hrs_d_pm10_it1,bogota_2018
3,545435.294737607,2.8407225937541,0.184780635381205,A_common,localidad,hrs_d_pm10_it1,bogota_2018
4,671272.350934004,2.46238881734151,0.22741126714048,A_common,localidad,hrs_d_pm10_it1,bogota_2018
5,761387.235714246,1.89054102768403,0.25794006831571,A_common,localidad,hrs_d_pm10_it1,bogota_2018
1,530271.000000001,26.5867660120956,0.124621918770172,C,localidad,hrs_d_pm10_it1,bogota_2018
2,853380.000000007,83.5987074925583,0.200557550837384,C,localidad,hrs_d_pm10_it1,bogota_2018
3,1067304.00000001,3.35783338205419,0.250833012537139,C,localidad,hrs_d_pm10_it1,bogota_2018
4,430280.999999999,0.156358286793979,0.101122716177857,C,localidad,hrs_d_pm10_it1,bogota_2018
5,1373802.00000002,1.57523427684628,0.322864801677449,C,localidad,hrs_d_pm10_it1,bogota_2018
1,791354.511702192,149.537797930351,0.185980597988121,A,localidad,hrs_d_pm10_it2,bogota_2018
2,816435.700905918,143.370258660282,0.191875066898558,A,localidad,hrs_d_pm10_it2,bogota_2018
3,831688.68640976,134.675641052381,0.195459755332325,A,localidad,hrs_d_pm10_it2,bogota_2018
4,892646.059965683,100.474402881532,0.209785684632116,A,localidad,hrs_d_pm10_it2,bogota_2018
5,922913.041016514,63.8210191155179,0.21689889514888,A,localidad,hrs_d_pm10_it2,bogota_2018
1,548279.548022638,75.7236324884694,0.161171421010751,B_native,localidad,hrs_d_pm10_it2,bogota_2018
2,593797.168796674,76.5708277699484,0.174551711498765,B_native,localidad,hrs_d_pm10_it2,bogota_2018
3,632271.785697586,73.4530876881623,0.185861651293398,B_native,localidad,hrs_d_pm10_it2,bogota_2018
4,766419.53593238,61.7620426754142,0.225295519670783,B_native,localidad,hrs_d_pm10_it2,bogota_2018
5,861072.961550737,44.7332444278433,0.253119696526302,B_native,localidad,hrs_d_pm10_it2,bogota_2018
1,464124.965224985,86.5471929581439,0.157234610224132,B_common,localidad,hrs_d_pm10_it2,bogota_2018
2,509579.153389167,86.5233420307745,0.172633418938473,B_common,localidad,hrs_d_pm10_it2,bogota_2018
3,545435.294737607,82.5798032678451,0.184780635381205,B_common,localidad,hrs_d_pm10_it2,bogota_2018
4,671272.350934004,68.5396002196553,0.22741126714048,B_common,localidad,hrs_d_pm10_it2,bogota_2018
5,761387.235714246,48.9394700139533,0.25794006831571,B_common,localidad,hrs_d_pm10_it2,bogota_2018
1,464124.965224985,75.4433504856227,0.157234610224132,baseline_common,localidad,hrs_d_pm10_it2,bogota_2018
2,509579.153389167,78.153895184601,0.172633418938473,baseline_common,localidad,hrs_d_pm10_it2,bogota_2018
3,545435.294737607,76.1653825518474,0.184780635381205,baseline_common,localidad,hrs_d_pm10_it2,bogota_2018
4,671272.350934004,65.1225864418627,0.22741126714048,baseline_common,localidad,hrs_d_pm10_it2,bogota_2018
5,761387.235714246,44.5416243741666,0.25794006831571,baseline_common,localidad,hrs_d_pm10_it2,bogota_2018
1,464124.965224985,76.3840861304641,0.157234610224132,A_common,localidad,hrs_d_pm10_it2,bogota_2018
2,509579.153389167,77.0036562564653,0.172633418938473,A_common,localidad,hrs_d_pm10_it2,bogota_2018
3,545435.294737607,74.1380482739986,0.184780635381205,A_common,localidad,hrs_d_pm10_it2,bogota_2018
4,671272.350934004,63.4533747442297,0.22741126714048,A_common,localidad,hrs_d_pm10_it2,bogota_2018
5,761387.235714246,47.5621479644301,0.25794006831571,A_common,localidad,hrs_d_pm10_it2,bogota_2018
1,530271.000000001,245.244490081488,0.124621918770172,C,localidad,hrs_d_pm10_it2,bogota_2018
2,853380.000000007,244.349448077058,0.200557550837384,C,localidad,hrs_d_pm10_it2,bogota_2018
3,1067304.00000001,109.427416181329,0.250833012537139,C,localidad,hrs_d_pm10_it2,bogota_2018
4,430280.999999999,5.16078097801203,0.101122716177857,C,localidad,hrs_d_pm10_it2,bogota_2018
5,1373802.00000002,28.0446112321858,0.322864801677449,C,localidad,hrs_d_pm10_it2,bogota_2018
1,791354.511702192,34.4269759232241,0.185980597988121,A,localidad,avg_pm10,bogota_2018
2,816435.700905918,34.2622110002297,0.191875066898558,A,localidad,avg_pm10,bogota_2018
3,831688.68640976,33.9259680299751,0.195459755332325,A,localidad,avg_pm10,bogota_2018
4,892646.059965683,32.1200304599234,0.209785684632116,A,localidad,avg_pm10,bogota_2018
5,922913.041016514,29.490948289808,0.21689889514888,A,localidad,avg_pm10,bogota_2018
1,548279.548022638,32.6315590445781,0.161171421010751,B_native,localidad,avg_pm10,bogota_2018
2,593797.168796674,32.8665320836026,0.174551711498765,B_native,localidad,avg_pm10,bogota_2018
3,632271.785697586,32.723596850045,0.185861651293398,B_native,localidad,avg_pm10,bogota_2018
4,766419.53593238,31.779143043553,0.225295519670783,B_native,localidad,avg_pm10,bogota_2018
5,861072.961550737,29.9206136965692,0.253119696526302,B_native,localidad,avg_pm10,bogota_2018
1,464124.965224985,33.5345382964611,0.157234610224132,B_common,localidad,avg_pm10,bogota_2018
2,509579.153389167,33.629164821237,0.172633418938473,B_common,localidad,avg_pm10,bogota_2018
3,545435.294737607,33.3954773275104,0.184780635381205,B_common,localidad,avg_pm10,bogota_2018
4,671272.350934004,32.2768526355746,0.22741126714048,B_common,localidad,avg_pm10,bogota_2018
5,761387.235714246,30.26410241808,0.25794006831571,B_common,localidad,avg_pm10,bogota_2018
1,464124.965224985,32.6955356208965,0.157234610224132,baseline_common,localidad,avg_pm10,bogota_2018
2,509579.153389167,32.913419232541,0.172633418938473,baseline_common,localidad,avg_pm10,bogota_2018
3,545435.294737607,32.661483185821,0.184780635381205,baseline_common,localidad,avg_pm10,bogota_2018
4,671272.350934004,31.0414294204629,0.22741126714048,baseline_common,localidad,avg_pm10,bogota_2018
5,761387.235714246,28.2445344517977,0.25794006831571,baseline_common,localidad,avg_pm10,bogota_2018
1,464124.965224985,32.2500563529867,0.157234610224132,A_common,localidad,avg_pm10,bogota_2018
2,509579.153389167,32.3799114437318,0.172633418938473,A_common,localidad,avg_pm10,bogota_2018
3,545435.294737607,32.1375624581082,0.184780635381205,A_common,localidad,avg_pm10,bogota_2018
4,671272.350934004,31.0829642113262,0.22741126714048,A_common,localidad,avg_pm10,bogota_2018
5,761387.235714246,29.194386203415,0.25794006831571,A_common,localidad,avg_pm10,bogota_2018
1,530271.000000001,41.7117329499835,0.124621918770172,C,localidad,avg_pm10,bogota_2018
2,853380.000000007,35.5704589337062,0.200557550837384,C,localidad,avg_pm10,bogota_2018
3,1067304.00000001,36.3506313375537,0.250833012537139,C,localidad,avg_pm10,bogota_2018
4,430280.999999999,25.8086473794152,0.101122716177857,C,localidad,avg_pm10,bogota_2018
5,1373802.00000002,26.9021527003883,0.322864801677449,C,localidad,avg_pm10,bogota_2018
1,790105.198638118,13.946077694335,0.185847372030097,A,localidad,hrs_d_pm25_it1,bogota_2018
2,815410.799464125,13.1184020703918,0.191799717893993,A,localidad,hrs_d_pm25_it1,bogota_2018
3,830842.346956141,12.1410131760636,0.19542950358923,A,localidad,hrs_d_pm25_it1,bogota_2018
4,892241.616533347,8.47026842082249,0.209871748641103,A,localidad,hrs_d_pm25_it1,bogota_2018
5,922766.038408334,4.82715742211146,0.217051657845577,A,localidad,hrs_d_pm25_it1,bogota_2018
1,548279.548022638,1.77298489378085,0.161171421010751,B_native,localidad,hrs_d_pm25_it1,bogota_2018
2,593797.168796674,1.78433297530964,0.174551711498765,B_native,localidad,hrs_d_pm25_it1,bogota_2018
3,632271.785697586,1.7141495156222,0.185861651293398,B_native,localidad,hrs_d_pm25_it1,bogota_2018
4,766419.53593238,1.48088296094265,0.225295519670783,B_native,localidad,hrs_d_pm25_it1,bogota_2018
5,861072.961550737,1.14807433528765,0.253119696526302,B_native,localidad,hrs_d_pm25_it1,bogota_2018
1,464124.965224985,1.93322544092597,0.157234610224132,B_common,localidad,hrs_d_pm25_it1,bogota_2018
2,509579.153389167,1.92632267946455,0.172633418938473,B_common,localidad,hrs_d_pm25_it1,bogota_2018
3,545435.294737607,1.83983856311108,0.184780635381205,B_common,localidad,hrs_d_pm25_it1,bogota_2018
4,671272.350934004,1.56197569756891,0.22741126714048,B_common,localidad,hrs_d_pm25_it1,bogota_2018
5,761387.235714246,1.18186896173691,0.25794006831571,B_common,localidad,hrs_d_pm25_it1,bogota_2018
1,464124.965224985,4.63401605766647,0.157234610224132,baseline_common,localidad,hrs_d_pm25_it1,bogota_2018
2,509579.153389167,4.54469079146727,0.172633418938473,baseline_common,localidad,hrs_d_pm25_it1,bogota_2018
3,545435.294737607,4.24110199257268,0.184780635381205,baseline_common,localidad,hrs_d_pm25_it1,bogota_2018
4,671272.350934004,3.11012577361642,0.22741126714048,baseline_common,localidad,hrs_d_pm25_it1,bogota_2018
5,761387.235714246,1.85670385718887,0.25794006831571,baseline_common,localidad,hrs_d_pm25_it1,bogota_2018
1,464124.965224985,4.13429128377383,0.157234610224132,A_common,localidad,hrs_d_pm25_it1,bogota_2018
2,509579.153389167,4.16759347869191,0.172633418938473,A_common,localidad,hrs_d_pm25_it1,bogota_2018
3,545435.294737607,4.00012789609985,0.184780635381205,A_common,localidad,hrs_d_pm25_it1,bogota_2018
4,671272.350934004,3.34855916261444,0.22741126714048,A_common,localidad,hrs_d_pm25_it1,bogota_2018
5,761387.235714246,2.37290524043841,0.25794006831571,A_common,localidad,hrs_d_pm25_it1,bogota_2018
1,527082.000000001,25.0573098682937,0.123979445665228,C,localidad,hrs_d_pm25_it1,bogota_2018
2,852897.000000007,24.3743711139794,0.200617166341359,C,localidad,hrs_d_pm25_it1,bogota_2018
3,1067304.00000001,8.37815186675954,0.251049662626083,C,localidad,hrs_d_pm25_it1,bogota_2018
4,430280.999999999,0.558063219152138,0.101210058131903,C,localidad,hrs_d_pm25_it1,bogota_2018
5,1373802.00000002,0.452688233093266,0.323143667235427,C,localidad,hrs_d_pm25_it1,bogota_2018
1,790105.198638118,131.442512028959,0.185847372030097,A,localidad,hrs_d_pm25_it2,bogota_2018
2,815410.799464125,129.098696665033,0.191799717893993,A,localidad,hrs_d_pm25_it2,bogota_2018
3,830842.346956141,124.10343827509,0.19542950358923,A,localidad,hrs_d_pm25_it2,bogota_2018
4,892241.616533347,101.629313036764,0.209871748641103,A,localidad,hrs_d_pm25_it2,bogota_2018
5,922766.038408334,72.619192154316,0.217051657845577,A,localidad,hrs_d_pm25_it2,bogota_2018
1,548279.548022638,69.7518524596585,0.161171421010751,B_native,localidad,hrs_d_pm25_it2,bogota_2018
2,593797.168796674,70.3951387534551,0.174551711498765,B_native,localidad,hrs_d_pm25_it2,bogota_2018
3,632271.785697586,67.7696836015733,0.185861651293398,B_native,localidad,hrs_d_pm25_it2,bogota_2018
4,766419.53593238,58.2290846205223,0.225295519670783,B_native,localidad,hrs_d_pm25_it2,bogota_2018
5,861072.961550737,44.4773574382101,0.253119696526302,B_native,localidad,hrs_d_pm25_it2,bogota_2018
1,464124.965224985,78.0689765155092,0.157234610224132,B_common,localidad,hrs_d_pm25_it2,bogota_2018
2,509579.153389167,77.7841685663673,0.172633418938473,B_common,localidad,hrs_d_pm25_it2,bogota_2018
3,545435.294737607,74.3804052062937,0.184780635381205,B_common,localidad,hrs_d_pm25_it2,bogota_2018
4,671272.350934004,62.8365423379836,0.22741126714048,B_common,localidad,hrs_d_pm25_it2,bogota_2018
5,761387.235714246,47.2253457920759,0.25794006831571,B_common,localidad,hrs_d_pm25_it2,bogota_2018
1,464124.965224985,102.397084091063,0.157234610224132,baseline_common,localidad,hrs_d_pm25_it2,bogota_2018
2,509579.153389167,103.595846021608,0.172633418938473,baseline_common,localidad,hrs_d_pm25_it2,bogota_2018
3,545435.294737607,99.0888240220303,0.184780635381205,baseline_common,localidad,hrs_d_pm25_it2,bogota_2018
4,671272.350934004,81.1578179989045,0.22741126714048,baseline_common,localidad,hrs_d_pm25_it2,bogota_2018
5,761387.235714246,56.2880793977452,0.25794006831571,baseline_common,localidad,hrs_d_pm25_it2,bogota_2018
1,464124.965224985,97.7908926021342,0.157234610224132,A_common,localidad,hrs_d_pm25_it2,bogota_2018
2,509579.153389167,98.8838631960889,0.172633418938473,A_common,localidad,hrs_d_pm25_it2,bogota_2018
3,545435.294737607,95.5268184047109,0.184780635381205,A_common,localidad,hrs_d_pm25_it2,bogota_2018
4,671272.350934004,82.9161717600737,0.22741126714048,A_common,localidad,hrs_d_pm25_it2,bogota_2018
5,761387.235714246,63.1520466305796,0.25794006831571,A_common,localidad,hrs_d_pm25_it2,bogota_2018
1,527082.000000001,202.632823735207,0.123979445665228,C,localidad,hrs_d_pm25_it2,bogota_2018
2,852897.000000007,161.968735966944,0.200617166341359,C,localidad,hrs_d_pm25_it2,bogota_2018
3,1067304.00000001,166.43024948843,0.251049662626083,C,localidad,hrs_d_pm25_it2,bogota_2018
4,430280.999999999,19.2688289745536,0.101210058131903,C,localidad,hrs_d_pm25_it2,bogota_2018
5,1373802.00000002,28.4516728029218,0.323143667235427,C,localidad,hrs_d_pm25_it2,bogota_2018
1,790105.198638118,16.2271668939324,0.185847372030097,A,localidad,avg_pm25,bogota_2018
2,815410.799464125,16.2313434320692,0.191799717893993,A,localidad,avg_pm25,bogota_2018
3,830842.346956141,16.1416758670584,0.19542950358923,A,localidad,avg_pm25,bogota_2018
4,892241.616533347,15.590277586395,0.209871748641103,A,localidad,avg_pm25,bogota_2018
5,922766.038408334,14.6306321486169,0.217051657845577,A,localidad,avg_pm25,bogota_2018
1,548279.548022638,15.3680043046481,0.161171421010751,B_native,localidad,avg_pm25,bogota_2018
2,593797.168796674,15.4911751588125,0.174551711498765,B_native,localidad,avg_pm25,bogota_2018
3,632271.785697586,15.4108077909648,0.185861651293398,B_native,localidad,avg_pm25,bogota_2018
4,766419.53593238,15.0236158952016,0.225295519670783,B_native,localidad,avg_pm25,bogota_2018
5,861072.961550737,14.2170132092247,0.253119696526302,B_native,localidad,avg_pm25,bogota_2018
1,464124.965224985,15.750124609807,0.157234610224132,B_common,localidad,avg_pm25,bogota_2018
2,509579.153389167,15.7957002373211,0.172633418938473,B_common,localidad,avg_pm25,bogota_2018
3,545435.294737607,15.6650321646719,0.184780635381205,B_common,localidad,avg_pm25,bogota_2018
4,671272.350934004,15.1894313334618,0.22741126714048,B_common,localidad,avg_pm25,bogota_2018
5,761387.235714246,14.3229169628017,0.25794006831571,B_common,localidad,avg_pm25,bogota_2018
1,464124.965224985,16.239713502659,0.157234610224132,baseline_common,localidad,avg_pm25,bogota_2018
2,509579.153389167,16.3368339719505,0.172633418938473,baseline_common,localidad,avg_pm25,bogota_2018
3,545435.294737607,16.1917576959531,0.184780635381205,baseline_common,localidad,avg_pm25,bogota_2018
4,671272.350934004,15.4414947238026,0.22741126714048,baseline_common,localidad,avg_pm25,bogota_2018
5,761387.235714246,14.1978359239188,0.25794006831571,baseline_common,localidad,avg_pm25,bogota_2018
1,464124.965224985,15.9920935119333,0.157234610224132,A_common,localidad,avg_pm25,bogota_2018
2,509579.153389167,16.0705236366833,0.172633418938473,A_common,localidad,avg_pm25,bogota_2018
3,545435.294737607,15.9570296202332,0.184780635381205,A_common,localidad,avg_pm25,bogota_2018
4,671272.350934004,15.5048185750436,0.22741126714048,A_common,localidad,avg_pm25,bogota_2018
5,761387.235714246,14.6355526293398,0.25794006831571,A_common,localidad,avg_pm25,bogota_2018
1,527082.000000001,18.6845618986389,0.123979445665228,C,localidad,avg_pm25,bogota_2018
2,852897.000000007,15.8938873794395,0.200617166341359,C,localidad,avg_pm25,bogota_2018
3,1067304.00000001,17.9368894377361,0.251049662626083,C,localidad,avg_pm25,bogota_2018
4,430280.999999999,13.7900843077072,0.101210058131903,C,localidad,avg_pm25,bogota_2018
5,1373802.00000002,13.3918343178354,0.323143667235427,C,localidad,avg_pm25,bogota_2018
1,791354.511702192,28.5244386842985,0.185980597988121,A,municipio,hrs_d_pm10_it1,bogota_2018
2,816435.700905918,27.3988471179447,0.191875066898558,A,municipio,hrs_d_pm10_it1,bogota_2018
3,831688.68640976,25.1357014207499,0.195459755332325,A,municipio,hrs_d_pm10_it1,bogota_2018
4,892646.059965683,17.4399502295372,0.209785684632116,A,municipio,hrs_d_pm10_it1,bogota_2018
5,922913.041016514,10.5730869797151,0.21689889514888,A,municipio,hrs_d_pm10_it1,bogota_2018
1,51506.8168650937,0,0.229408591061347,B_native,municipio,hrs_d_pm10_it1,bogota_2018
2,47609.0047612995,0,0.212047945667644,B_native,municipio,hrs_d_pm10_it1,bogota_2018
3,47895.9555375112,0,0.213326008985886,B_native,municipio,hrs_d_pm10_it1,bogota_2018
4,42432.4718026322,0,0.188991946386211,B_native,municipio,hrs_d_pm10_it1,bogota_2018
5,35075.7510334637,0,0.156225507898912,B_native,municipio,hrs_d_pm10_it1,bogota_2018
1,25196.483387801,0,0.199184836027455,B_common,municipio,hrs_d_pm10_it1,bogota_2018
2,25590.8102382978,0,0.202302093616482,B_common,municipio,hrs_d_pm10_it1,bogota_2018
3,27762.0734088921,0,0.219466500726431,B_common,municipio,hrs_d_pm10_it1,bogota_2018
4,26614.2707637023,0,0.210392818571853,B_common,municipio,hrs_d_pm10_it1,bogota_2018
5,21334.3622013069,0,0.168653751057779,B_common,municipio,hrs_d_pm10_it1,bogota_2018
1,25196.483387801,0.616845113464495,0.199184836027455,baseline_common,municipio,hrs_d_pm10_it1,bogota_2018
2,25590.8102382978,0.457463867694069,0.202302093616482,baseline_common,municipio,hrs_d_pm10_it1,bogota_2018
3,27762.0734088921,0.43320847214728,0.219466500726431,baseline_common,municipio,hrs_d_pm10_it1,bogota_2018
4,26614.2707637023,0.28753268084103,0.210392818571853,baseline_common,municipio,hrs_d_pm10_it1,bogota_2018
5,21334.3622013069,0.211234966752827,0.168653751057779,baseline_common,municipio,hrs_d_pm10_it1,bogota_2018
1,25196.483387801,0.465243237429613,0.199184836027455,A_common,municipio,hrs_d_pm10_it1,bogota_2018
2,25590.8102382978,0.434821134987201,0.202302093616482,A_common,municipio,hrs_d_pm10_it1,bogota_2018
3,27762.0734088921,0.447744029392879,0.219466500726431,A_common,municipio,hrs_d_pm10_it1,bogota_2018
4,26614.2707637023,0.369671063857603,0.210392818571853,A_common,municipio,hrs_d_pm10_it1,bogota_2018
5,21334.3622013069,0.298209726141096,0.168653751057779,A_common,municipio,hrs_d_pm10_it1,bogota_2018
1,504283.999999999,138.306105289877,0.118514570257658,C,municipio,hrs_d_pm10_it1,bogota_2018
2,0,,0,C,municipio,hrs_d_pm10_it1,bogota_2018
3,0,,0,C,municipio,hrs_d_pm10_it1,bogota_2018
4,0,,0,C,municipio,hrs_d_pm10_it1,bogota_2018
5,3750753.99999995,5.73465148607467,0.881485429742342,C,municipio,hrs_d_pm10_it1,bogota_2018
1,791354.511702192,130.373490782816,0.185980597988121,A,municipio,hrs_d_pm10_it2,bogota_2018
2,816435.700905918,128.544707729867,0.191875066898558,A,municipio,hrs_d_pm10_it2,bogota_2018
3,831688.68640976,123.951416009528,0.195459755332325,A,municipio,hrs_d_pm10_it2,bogota_2018
4,892646.059965683,108.291996233112,0.209785684632116,A,municipio,hrs_d_pm10_it2,bogota_2018
5,922913.041016514,94.6168372630688,0.21689889514888,A,municipio,hrs_d_pm10_it2,bogota_2018
1,51506.8168650937,9.69365250718746,0.229408591061347,B_native,municipio,hrs_d_pm10_it2,bogota_2018
2,47609.0047612995,10.3284470222872,0.212047945667644,B_native,municipio,hrs_d_pm10_it2,bogota_2018
3,47895.9555375112,10.6782226413328,0.213326008985886,B_native,municipio,hrs_d_pm10_it2,bogota_2018
4,42432.4718026322,11.3219021497247,0.188991946386211,B_native,municipio,hrs_d_pm10_it2,bogota_2018
5,35075.7510334637,11.1289922532478,0.156225507898912,B_native,municipio,hrs_d_pm10_it2,bogota_2018
1,25196.483387801,12.7683478491685,0.199184836027455,B_common,municipio,hrs_d_pm10_it2,bogota_2018
2,25590.8102382978,13.3692781537514,0.202302093616482,B_common,municipio,hrs_d_pm10_it2,bogota_2018
3,27762.0734088921,13.4309717268099,0.219466500726431,B_common,municipio,hrs_d_pm10_it2,bogota_2018
4,26614.2707637023,14.0047742844155,0.210392818571853,B_common,municipio,hrs_d_pm10_it2,bogota_2018
5,21334.3622013069,13.4992738350072,0.168653751057779,B_common,municipio,hrs_d_pm10_it2,bogota_2018
1,25196.483387801,28.8655689366218,0.199184836027455,baseline_common,municipio,hrs_d_pm10_it2,bogota_2018
2,25590.8102382978,29.1591004848682,0.202302093616482,baseline_common,municipio,hrs_d_pm10_it2,bogota_2018
3,27762.0734088921,29.4479550047537,0.219466500726431,baseline_common,municipio,hrs_d_pm10_it2,bogota_2018
4,26614.2707637023,27.2191176281373,0.210392818571853,baseline_common,municipio,hrs_d_pm10_it2,bogota_2018
5,21334.3622013069,23.5289859971763,0.168653751057779,baseline_common,municipio,hrs_d_pm10_it2,bogota_2018
1,25196.483387801,27.0176164585724,0.199184836027455,A_common,municipio,hrs_d_pm10_it2,bogota_2018
2,25590.8102382978,28.1045298730614,0.202302093616482,A_common,municipio,hrs_d_pm10_it2,bogota_2018
3,27762.0734088921,28.4417176778552,0.219466500726431,A_common,municipio,hrs_d_pm10_it2,bogota_2018
4,26614.2707637023,28.7452995556531,0.210392818571853,A_common,municipio,hrs_d_pm10_it2,bogota_2018
5,21334.3622013069,26.4360048586701,0.168653751057779,A_common,municipio,hrs_d_pm10_it2,bogota_2018
1,504283.999999999,336.8754551007,0.118514570257658,C,municipio,hrs_d_pm10_it2,bogota_2018
2,0,,0,C,municipio,hrs_d_pm10_it2,bogota_2018
3,0,,0,C,municipio,hrs_d_pm10_it2,bogota_2018
4,0,,0,C,municipio,hrs_d_pm10_it2,bogota_2018
5,3750753.99999995,86.9768369239879,0.881485429742342,C,municipio,hrs_d_pm10_it2,bogota_2018
1,791354.511702192,33.1761028975314,0.185980597988121,A,municipio,avg_pm10,bogota_2018
2,816435.700905918,33.1388751829146,0.191875066898558,A,municipio,avg_pm10,bogota_2018
3,831688.68640976,32.9987609328662,0.195459755332325,A,municipio,avg_pm10,bogota_2018
4,892646.059965683,32.463035153292,0.209785684632116,A,municipio,avg_pm10,bogota_2018
5,922913.041016514,31.9591070592756,0.21689889514888,A,municipio,avg_pm10,bogota_2018
1,51506.8168650937,25.219081258107,0.229408591061347,B_native,municipio,avg_pm10,bogota_2018
2,47609.0047612995,25.4033911333556,0.212047945667644,B_native,municipio,avg_pm10,bogota_2018
3,47895.9555375112,25.556929015017,0.213326008985886,B_native,municipio,avg_pm10,bogota_2018
4,42432.4718026322,26.0159660201407,0.188991946386211,B_native,municipio,avg_pm10,bogota_2018
5,35075.7510334637,26.6127961068824,0.156225507898912,B_native,municipio,avg_pm10,bogota_2018
1,25196.483387801,26.1614785603898,0.199184836027455,B_common,municipio,avg_pm10,bogota_2018
2,25590.8102382978,26.1836180852279,0.202302093616482,B_common,municipio,avg_pm10,bogota_2018
3,27762.0734088921,26.148901925224,0.219466500726431,B_common,municipio,avg_pm10,bogota_2018
4,26614.2707637023,26.3293731765262,0.210392818571853,B_common,municipio,avg_pm10,bogota_2018
5,21334.3622013069,26.5658368890468,0.168653751057779,B_common,municipio,avg_pm10,bogota_2018
1,25196.483387801,29.2530107608788,0.199184836027455,baseline_common,municipio,avg_pm10,bogota_2018
2,25590.8102382978,29.3908453549394,0.202302093616482,baseline_common,municipio,avg_pm10,bogota_2018
3,27762.0734088921,29.3907157922013,0.219466500726431,baseline_common,municipio,avg_pm10,bogota_2018
4,26614.2707637023,29.4771371447348,0.210392818571853,baseline_common,municipio,avg_pm10,bogota_2018
5,21334.3622013069,29.2575371996405,0.168653751057779,baseline_common,municipio,avg_pm10,bogota_2018
1,25196.483387801,29.1017421188822,0.199184836027455,A_common,municipio,avg_pm10,bogota_2018
2,25590.8102382978,29.3138073461703,0.202302093616482,A_common,municipio,avg_pm10,bogota_2018
3,27762.0734088921,29.3283311069966,0.219466500726431,A_common,municipio,avg_pm10,bogota_2018
4,26614.2707637023,29.5871552694071,0.210392818571853,A_common,municipio,avg_pm10,bogota_2018
5,21334.3622013069,29.4757525894585,0.168653751057779,A_common,municipio,avg_pm10,bogota_2018
1,504283.999999999,40.3248833101461,0.118514570257658,C,municipio,avg_pm10,bogota_2018
2,0,,0,C,municipio,avg_pm10,bogota_2018
3,0,,0,C,municipio,avg_pm10,bogota_2018
4,0,,0,C,municipio,avg_pm10,bogota_2018
5,3750753.99999995,31.7266403365972,0.881485429742342,C,municipio,avg_pm10,bogota_2018
1,790105.198638118,11.983768948258,0.185847372030097,A,municipio,hrs_d_pm25_it1,bogota_2018
2,815410.799464125,11.7190245957015,0.191799717893993,A,municipio,hrs_d_pm25_it1,bogota_2018
3,830842.346956141,11.1849537704581,0.19542950358923,A,municipio,hrs_d_pm25_it1,bogota_2018
4,892241.616533347,9.3605475823966,0.209871748641103,A,municipio,hrs_d_pm25_it1,bogota_2018
5,922766.038408334,7.68113780722989,0.217051657845577,A,municipio,hrs_d_pm25_it1,bogota_2018
1,51506.8168650937,0.592991957148735,0.229408591061347,B_native,municipio,hrs_d_pm25_it1,bogota_2018
2,47609.0047612995,0.566474646641112,0.212047945667644,B_native,municipio,hrs_d_pm25_it1,bogota_2018
3,47895.9555375112,0.535794625174616,0.213326008985886,B_native,municipio,hrs_d_pm25_it1,bogota_2018
4,42432.4718026322,0.544049146102367,0.188991946386211,B_native,municipio,hrs_d_pm25_it1,bogota_2018
5,35075.7510334637,0.619055372328963,0.156225507898912,B_native,municipio,hrs_d_pm25_it1,bogota_2018
1,25196.483387801,0.30345244850696,0.199184836027455,B_common,municipio,hrs_d_pm25_it1,bogota_2018
2,25590.8102382978,0.290319602978064,0.202302093616482,B_common,municipio,hrs_d_pm25_it1,bogota_2018
3,27762.0734088921,0.275951148700508,0.219466500726431,B_common,municipio,hrs_d_pm25_it1,bogota_2018
4,26614.2707637023,0.305053302151101,0.210392818571853,B_common,municipio,hrs_d_pm25_it1,bogota_2018
5,21334.3622013069,0.396112348983984,0.168653751057779,B_common,municipio,hrs_d_pm25_it1,bogota_2018
1,25196.483387801,2.14721468825945,0.199184836027455,baseline_common,municipio,hrs_d_pm25_it1,bogota_2018
2,25590.8102382978,2.1310260593116,0.202302093616482,baseline_common,municipio,hrs_d_pm25_it1,bogota_2018
3,27762.0734088921,2.12401645490491,0.219466500726431,baseline_common,municipio,hrs_d_pm25_it1,bogota_2018
4,26614.2707637023,2.1150895136524,0.210392818571853,baseline_common,municipio,hrs_d_pm25_it1,bogota_2018
5,21334.3622013069,1.98395392056052,0.168653751057779,baseline_common,municipio,hrs_d_pm25_it1,bogota_2018
1,25196.483387801,2.0561406322831,0.199184836027455,A_common,municipio,hrs_d_pm25_it1,bogota_2018
2,25590.8102382978,2.11979562690843,0.202302093616482,A_common,municipio,hrs_d_pm25_it1,bogota_2018
3,27762.0734088921,2.13787003741529,0.219466500726431,A_common,municipio,hrs_d_pm25_it1,bogota_2018
4,26614.2707637023,2.15918324383292,0.210392818571853,A_common,municipio,hrs_d_pm25_it1,bogota_2018
5,21334.3622013069,2.03299023199276,0.168653751057779,A_common,municipio,hrs_d_pm25_it1,bogota_2018
1,500611.999999999,39.5549387549638,0.117753211556005,C,municipio,hrs_d_pm25_it1,bogota_2018
2,0,,0,C,municipio,hrs_d_pm25_it1,bogota_2018
3,0,,0,C,municipio,hrs_d_pm25_it1,bogota_2018
4,0,,0,C,municipio,hrs_d_pm25_it1,bogota_2018
5,3750753.99999995,6.39830578065114,0.882246788443995,C,municipio,hrs_d_pm25_it1,bogota_2018
1,790105.198638118,116.055480316686,0.185847372030097,A,municipio,hrs_d_pm25_it2,bogota_2018
2,815410.799464125,115.532614354795,0.191799717893993,A,municipio,hrs_d_pm25_it2,bogota_2018
3,830842.346956141,113.672457565709,0.19542950358923,A,municipio,hrs_d_pm25_it2,bogota_2018
4,892241.616533347,107.025456802784,0.209871748641103,A,municipio,hrs_d_pm25_it2,bogota_2018
5,922766.038408334,101.236389125603,0.217051657845577,A,municipio,hrs_d_pm25_it2,bogota_2018
1,51506.8168650937,14.1087464343999,0.229408591061347,B_native,municipio,hrs_d_pm25_it2,bogota_2018
2,47609.0047612995,15.1861637932659,0.212047945667644,B_native,municipio,hrs_d_pm25_it2,bogota_2018
3,47895.9555375112,15.8454073057998,0.213326008985886,B_native,municipio,hrs_d_pm25_it2,bogota_2018
4,42432.4718026322,17.5700621030509,0.188991946386211,B_native,municipio,hrs_d_pm25_it2,bogota_2018
5,35075.7510334637,18.7170660349072,0.156225507898912,B_native,municipio,hrs_d_pm25_it2,bogota_2018
1,25196.483387801,19.037069761165,0.199184836027455,B_common,municipio,hrs_d_pm25_it2,bogota_2018
2,25590.8102382978,19.7797741229515,0.202302093616482,B_common,municipio,hrs_d_pm25_it2,bogota_2018
3,27762.0734088921,19.750140082425,0.219466500726431,B_common,municipio,hrs_d_pm25_it2,bogota_2018
4,26614.2707637023,20.8804345487283,0.210392818571853,B_common,municipio,hrs_d_pm25_it2,bogota_2018
5,21334.3622013069,20.9621904843424,0.168653751057779,B_common,municipio,hrs_d_pm25_it2,bogota_2018
1,25196.483387801,33.7242165757734,0.199184836027455,baseline_common,municipio,hrs_d_pm25_it2,bogota_2018
2,25590.8102382978,33.0211140258041,0.202302093616482,baseline_common,municipio,hrs_d_pm25_it2,bogota_2018
3,27762.0734088921,32.9059314981322,0.219466500726431,baseline_common,municipio,hrs_d_pm25_it2,bogota_2018
4,26614.2707637023,30.9204785461741,0.210392818571853,baseline_common,municipio,hrs_d_pm25_it2,bogota_2018
5,21334.3622013069,27.7307751128314,0.168653751057779,baseline_common,municipio,hrs_d_pm25_it2,bogota_2018
1,25196.483387801,31.2498732749614,0.199184836027455,A_common,municipio,hrs_d_pm25_it2,bogota_2018
2,25590.8102382978,31.9697028087348,0.202302093616482,A_common,municipio,hrs_d_pm25_it2,bogota_2018
3,27762.0734088921,32.2134757837572,0.219466500726431,A_common,municipio,hrs_d_pm25_it2,bogota_2018
4,26614.2707637023,32.4548137222881,0.210392818571853,A_common,municipio,hrs_d_pm25_it2,bogota_2018
5,21334.3622013069,30.8712779571067,0.168653751057779,A_common,municipio,hrs_d_pm25_it2,bogota_2018
1,500611.999999999,200.156760125606,0.117753211556005,C,municipio,hrs_d_pm25_it2,bogota_2018
2,0,,0,C,municipio,hrs_d_pm25_it2,bogota_2018
3,0,,0,C,municipio,hrs_d_pm25_it2,bogota_2018
4,0,,0,C,municipio,hrs_d_pm25_it2,bogota_2018
5,3750753.99999995,98.5816542487152,0.882246788443995,C,municipio,hrs_d_pm25_it2,bogota_2018
1,790105.198638118,15.7949525309634,0.185847372030097,A,municipio,avg_pm25,bogota_2018
2,815410.799464125,15.8063834466827,0.191799717893993,A,municipio,avg_pm25,bogota_2018
3,830842.346956141,15.7767186535129,0.19542950358923,A,municipio,avg_pm25,bogota_2018
4,892241.616533347,15.6738304961033,0.209871748641103,A,municipio,avg_pm25,bogota_2018
5,922766.038408334,15.5841797143456,0.217051657845577,A,municipio,avg_pm25,bogota_2018
1,51506.8168650937,11.4178364843007,0.229408591061347,B_native,municipio,avg_pm25,bogota_2018
2,47609.0047612995,11.5503040601944,0.212047945667644,B_native,municipio,avg_pm25,bogota_2018
3,47895.9555375112,11.6116774927888,0.213326008985886,B_native,municipio,avg_pm25,bogota_2018
4,42432.4718026322,11.9582621889305,0.188991946386211,B_native,municipio,avg_pm25,bogota_2018
5,35075.7510334637,12.3874569539708,0.156225507898912,B_native,municipio,avg_pm25,bogota_2018
1,25196.483387801,11.7146554902978,0.199184836027455,B_common,municipio,avg_pm25,bogota_2018
2,25590.8102382978,11.7936866256172,0.202302093616482,B_common,municipio,avg_pm25,bogota_2018
3,27762.0734088921,11.7540754087649,0.219466500726431,B_common,municipio,avg_pm25,bogota_2018
4,26614.2707637023,12.0020464242779,0.210392818571853,B_common,municipio,avg_pm25,bogota_2018
5,21334.3622013069,12.2422991213393,0.168653751057779,B_common,municipio,avg_pm25,bogota_2018
1,25196.483387801,12.8587195638969,0.199184836027455,baseline_common,municipio,avg_pm25,bogota_2018
2,25590.8102382978,12.854596829751,0.202302093616482,baseline_common,municipio,avg_pm25,bogota_2018
3,27762.0734088921,12.7953910773127,0.219466500726431,baseline_common,municipio,avg_pm25,bogota_2018
4,26614.2707637023,12.9480150291372,0.210392818571853,baseline_common,municipio,avg_pm25,bogota_2018
5,21334.3622013069,13.0317918981459,0.168653751057779,baseline_common,municipio,avg_pm25,bogota_2018
1,25196.483387801,12.709026344383,0.199184836027455,A_common,municipio,avg_pm25,bogota_2018
2,25590.8102382978,12.8210068907373,0.202302093616482,A_common,municipio,avg_pm25,bogota_2018
3,27762.0734088921,12.8007025983435,0.219466500726431,A_common,municipio,avg_pm25,bogota_2018
4,26614.2707637023,13.0283737285338,0.210392818571853,A_common,municipio,avg_pm25,bogota_2018
5,21334.3622013069,13.142488634169,0.168653751057779,A_common,municipio,avg_pm25,bogota_2018
1,500611.999999999,16.5802275575486,0.117753211556005,C,municipio,avg_pm25,bogota_2018
2,0,,0,C,municipio,avg_pm25,bogota_2018
3,0,,0,C,municipio,avg_pm25,bogota_2018
4,0,,0,C,municipio,avg_pm25,bogota_2018
5,3750753.99999995,15.6180165696951,0.882246788443995,C,municipio,avg_pm25,bogota_2018
1,323656.486476239,507.119496264799,0.226448648630133,A,fine,hrs_d_pm10_it1,santiago_2017
2,309957.586930072,494.597009694479,0.216864112495161,A,fine,hrs_d_pm10_it1,santiago_2017
3,303029.979171755,487.602950085663,0.212017160616674,A,fine,hrs_d_pm10_it1,santiago_2017
4,275493.16048154,464.596160740405,0.192750822259418,A,fine,hrs_d_pm10_it1,santiago_2017
5,217133.786940395,414.011005729726,0.151919255998614,A,fine,hrs_d_pm10_it1,santiago_2017
1,323656.486476239,507.119496264799,0.226448648630133,B_native,fine,hrs_d_pm10_it1,santiago_2017
2,309957.586930072,494.597009694479,0.216864112495161,B_native,fine,hrs_d_pm10_it1,santiago_2017
3,303029.979171755,487.602950085663,0.212017160616674,B_native,fine,hrs_d_pm10_it1,santiago_2017
4,275493.16048154,464.596160740405,0.192750822259418,B_native,fine,hrs_d_pm10_it1,santiago_2017
5,217133.786940395,414.011005729726,0.151919255998614,B_native,fine,hrs_d_pm10_it1,santiago_2017
1,323656.486476239,507.119496264799,0.226448648630133,B_common,fine,hrs_d_pm10_it1,santiago_2017
2,309957.586930072,494.597009694479,0.216864112495161,B_common,fine,hrs_d_pm10_it1,santiago_2017
3,303029.979171755,487.602950085663,0.212017160616674,B_common,fine,hrs_d_pm10_it1,santiago_2017
4,275493.16048154,464.596160740405,0.192750822259418,B_common,fine,hrs_d_pm10_it1,santiago_2017
5,217133.786940395,414.011005729726,0.151919255998614,B_common,fine,hrs_d_pm10_it1,santiago_2017
1,323656.486476239,507.119496264799,0.226448648630133,baseline_common,fine,hrs_d_pm10_it1,santiago_2017
2,309957.586930072,494.597009694479,0.216864112495161,baseline_common,fine,hrs_d_pm10_it1,santiago_2017
3,303029.979171755,487.602950085663,0.212017160616674,baseline_common,fine,hrs_d_pm10_it1,santiago_2017
4,275493.16048154,464.596160740405,0.192750822259418,baseline_common,fine,hrs_d_pm10_it1,santiago_2017
5,217133.786940395,414.011005729726,0.151919255998614,baseline_common,fine,hrs_d_pm10_it1,santiago_2017
1,323656.486476239,507.119496264799,0.226448648630133,A_common,fine,hrs_d_pm10_it1,santiago_2017
2,309957.586930072,494.597009694479,0.216864112495161,A_common,fine,hrs_d_pm10_it1,santiago_2017
3,303029.979171755,487.602950085663,0.212017160616674,A_common,fine,hrs_d_pm10_it1,santiago_2017
4,275493.16048154,464.596160740405,0.192750822259418,A_common,fine,hrs_d_pm10_it1,santiago_2017
5,217133.786940395,414.011005729726,0.151919255998614,A_common,fine,hrs_d_pm10_it1,santiago_2017
1,371298.000000001,528.149744948801,0.259781385055738,C,fine,hrs_d_pm10_it1,santiago_2017
2,302108,530.005123995393,0.211372091086995,C,fine,hrs_d_pm10_it1,santiago_2017
3,298139,467.750428491409,0.208595150954577,C,fine,hrs_d_pm10_it1,santiago_2017
4,296893,440.667924134284,0.207723377861861,C,fine,hrs_d_pm10_it1,santiago_2017
5,160833,351.782065869567,0.112527995040829,C,fine,hrs_d_pm10_it1,santiago_2017
1,323656.486476239,1575.13166675115,0.226448648630133,A,fine,hrs_d_pm10_it2,santiago_2017
2,309957.586930072,1560.33400160574,0.216864112495161,A,fine,hrs_d_pm10_it2,santiago_2017
3,303029.979171755,1551.5944555066,0.212017160616674,A,fine,hrs_d_pm10_it2,santiago_2017
4,275493.16048154,1525.27917805625,0.192750822259418,A,fine,hrs_d_pm10_it2,santiago_2017
5,217133.786940395,1437.85749119887,0.151919255998614,A,fine,hrs_d_pm10_it2,santiago_2017
1,323656.486476239,1575.13166675115,0.226448648630133,B_native,fine,hrs_d_pm10_it2,santiago_2017
2,309957.586930072,1560.33400160574,0.216864112495161,B_native,fine,hrs_d_pm10_it2,santiago_2017
3,303029.979171755,1551.5944555066,0.212017160616674,B_native,fine,hrs_d_pm10_it2,santiago_2017
4,275493.16048154,1525.27917805625,0.192750822259418,B_native,fine,hrs_d_pm10_it2,santiago_2017
5,217133.786940395,1437.85749119887,0.151919255998614,B_native,fine,hrs_d_pm10_it2,santiago_2017
1,323656.486476239,1575.13166675115,0.226448648630133,B_common,fine,hrs_d_pm10_it2,santiago_2017
2,309957.586930072,1560.33400160574,0.216864112495161,B_common,fine,hrs_d_pm10_it2,santiago_2017
3,303029.979171755,1551.5944555066,0.212017160616674,B_common,fine,hrs_d_pm10_it2,santiago_2017
4,275493.16048154,1525.27917805625,0.192750822259418,B_common,fine,hrs_d_pm10_it2,santiago_2017
5,217133.786940395,1437.85749119887,0.151919255998614,B_common,fine,hrs_d_pm10_it2,santiago_2017
1,323656.486476239,1575.13166675115,0.226448648630133,baseline_common,fine,hrs_d_pm10_it2,santiago_2017
2,309957.586930072,1560.33400160574,0.216864112495161,baseline_common,fine,hrs_d_pm10_it2,santiago_2017
3,303029.979171755,1551.5944555066,0.212017160616674,baseline_common,fine,hrs_d_pm10_it2,santiago_2017
4,275493.16048154,1525.27917805625,0.192750822259418,baseline_common,fine,hrs_d_pm10_it2,santiago_2017
5,217133.786940395,1437.85749119887,0.151919255998614,baseline_common,fine,hrs_d_pm10_it2,santiago_2017
1,323656.486476239,1575.13166675115,0.226448648630133,A_common,fine,hrs_d_pm10_it2,santiago_2017
2,309957.586930072,1560.33400160574,0.216864112495161,A_common,fine,hrs_d_pm10_it2,santiago_2017
3,303029.979171755,1551.5944555066,0.212017160616674,A_common,fine,hrs_d_pm10_it2,santiago_2017
4,275493.16048154,1525.27917805625,0.192750822259418,A_common,fine,hrs_d_pm10_it2,santiago_2017
5,217133.786940395,1437.85749119887,0.151919255998614,A_common,fine,hrs_d_pm10_it2,santiago_2017
1,371298.000000001,1603.84530754272,0.259781385055738,C,fine,hrs_d_pm10_it2,santiago_2017
2,302108,1584.57463556079,0.211372091086995,C,fine,hrs_d_pm10_it2,santiago_2017
3,298139,1535.77428984467,0.208595150954577,C,fine,hrs_d_pm10_it2,santiago_2017
4,296893,1515.81892466309,0.207723377861861,C,fine,hrs_d_pm10_it2,santiago_2017
5,160833,1329.96669837658,0.112527995040829,C,fine,hrs_d_pm10_it2,santiago_2017
1,323656.486476239,68.3776598055583,0.226448648630133,A,fine,avg_pm10,santiago_2017
2,309957.586930072,68.1939472775558,0.216864112495161,A,fine,avg_pm10,santiago_2017
3,303029.979171755,68.1026229086257,0.212017160616674,A,fine,avg_pm10,santiago_2017
4,275493.16048154,67.7513310915372,0.192750822259418,A,fine,avg_pm10,santiago_2017
5,217133.786940395,66.2464755225627,0.151919255998614,A,fine,avg_pm10,santiago_2017
1,323656.486476239,68.3776598055583,0.226448648630133,B_native,fine,avg_pm10,santiago_2017
2,309957.586930072,68.1939472775558,0.216864112495161,B_native,fine,avg_pm10,santiago_2017
3,303029.979171755,68.1026229086258,0.212017160616674,B_native,fine,avg_pm10,santiago_2017
4,275493.16048154,67.7513310915372,0.192750822259418,B_native,fine,avg_pm10,santiago_2017
5,217133.786940395,66.2464755225627,0.151919255998614,B_native,fine,avg_pm10,santiago_2017
1,323656.486476239,68.3776598055583,0.226448648630133,B_common,fine,avg_pm10,santiago_2017
2,309957.586930072,68.1939472775558,0.216864112495161,B_common,fine,avg_pm10,santiago_2017
3,303029.979171755,68.1026229086258,0.212017160616674,B_common,fine,avg_pm10,santiago_2017
4,275493.16048154,67.7513310915372,0.192750822259418,B_common,fine,avg_pm10,santiago_2017
5,217133.786940395,66.2464755225627,0.151919255998614,B_common,fine,avg_pm10,santiago_2017
1,323656.486476239,68.3776598055583,0.226448648630133,baseline_common,fine,avg_pm10,santiago_2017
2,309957.586930072,68.1939472775558,0.216864112495161,baseline_common,fine,avg_pm10,santiago_2017
3,303029.979171755,68.1026229086257,0.212017160616674,baseline_common,fine,avg_pm10,santiago_2017
4,275493.16048154,67.7513310915372,0.192750822259418,baseline_common,fine,avg_pm10,santiago_2017
5,217133.786940395,66.2464755225627,0.151919255998614,baseline_common,fine,avg_pm10,santiago_2017
1,323656.486476239,68.3776598055583,0.226448648630133,A_common,fine,avg_pm10,santiago_2017
2,309957.586930072,68.1939472775558,0.216864112495161,A_common,fine,avg_pm10,santiago_2017
3,303029.979171755,68.1026229086257,0.212017160616674,A_common,fine,avg_pm10,santiago_2017
4,275493.16048154,67.7513310915372,0.192750822259418,A_common,fine,avg_pm10,santiago_2017
5,217133.786940395,66.2464755225627,0.151919255998614,A_common,fine,avg_pm10,santiago_2017
1,371298.000000001,68.6418729512818,0.259781385055738,C,fine,avg_pm10,santiago_2017
2,302108,68.1972879767549,0.211372091086995,C,fine,avg_pm10,santiago_2017
3,298139,68.334341260846,0.208595150954577,C,fine,avg_pm10,santiago_2017
4,296893,67.9433348272636,0.207723377861861,C,fine,avg_pm10,santiago_2017
5,160833,64.1662358147107,0.112527995040829,C,fine,avg_pm10,santiago_2017
1,323656.486476239,267.597951457083,0.226448648630133,A,fine,hrs_d_pm25_it1,santiago_2017
2,309957.586930072,252.316844863063,0.216864112495161,A,fine,hrs_d_pm25_it1,santiago_2017
3,303029.979171755,244.19277830495,0.212017160616674,A,fine,hrs_d_pm25_it1,santiago_2017
4,275493.16048154,215.206834773967,0.192750822259418,A,fine,hrs_d_pm25_it1,santiago_2017
5,217133.786940395,172.904359122851,0.151919255998614,A,fine,hrs_d_pm25_it1,santiago_2017
1,323656.486476239,267.597951457083,0.226448648630133,B_native,fine,hrs_d_pm25_it1,santiago_2017
2,309957.586930072,252.316844863063,0.216864112495161,B_native,fine,hrs_d_pm25_it1,santiago_2017
3,303029.979171755,244.19277830495,0.212017160616674,B_native,fine,hrs_d_pm25_it1,santiago_2017
4,275493.16048154,215.206834773967,0.192750822259418,B_native,fine,hrs_d_pm25_it1,santiago_2017
5,217133.786940395,172.904359122851,0.151919255998614,B_native,fine,hrs_d_pm25_it1,santiago_2017
1,323656.486476239,267.597951457083,0.226448648630133,B_common,fine,hrs_d_pm25_it1,santiago_2017
2,309957.586930072,252.316844863063,0.216864112495161,B_common,fine,hrs_d_pm25_it1,santiago_2017
3,303029.979171755,244.19277830495,0.212017160616674,B_common,fine,hrs_d_pm25_it1,santiago_2017
4,275493.16048154,215.206834773967,0.192750822259418,B_common,fine,hrs_d_pm25_it1,santiago_2017
5,217133.786940395,172.904359122851,0.151919255998614,B_common,fine,hrs_d_pm25_it1,santiago_2017
1,323656.486476239,267.597951457083,0.226448648630133,baseline_common,fine,hrs_d_pm25_it1,santiago_2017
2,309957.586930072,252.316844863063,0.216864112495161,baseline_common,fine,hrs_d_pm25_it1,santiago_2017
3,303029.979171755,244.19277830495,0.212017160616674,baseline_common,fine,hrs_d_pm25_it1,santiago_2017
4,275493.16048154,215.206834773967,0.192750822259418,baseline_common,fine,hrs_d_pm25_it1,santiago_2017
5,217133.786940395,172.904359122851,0.151919255998614,baseline_common,fine,hrs_d_pm25_it1,santiago_2017
1,323656.486476239,267.597951457083,0.226448648630133,A_common,fine,hrs_d_pm25_it1,santiago_2017
2,309957.586930072,252.316844863063,0.216864112495161,A_common,fine,hrs_d_pm25_it1,santiago_2017
3,303029.979171755,244.19277830495,0.212017160616674,A_common,fine,hrs_d_pm25_it1,santiago_2017
4,275493.16048154,215.206834773967,0.192750822259418,A_common,fine,hrs_d_pm25_it1,santiago_2017
5,217133.786940395,172.904359122851,0.151919255998614,A_common,fine,hrs_d_pm25_it1,santiago_2017
1,371298.000000001,295.452210892598,0.259781385055738,C,fine,hrs_d_pm25_it1,santiago_2017
2,302108,301.132386431343,0.211372091086995,C,fine,hrs_d_pm25_it1,santiago_2017
3,298139,214.213115358943,0.208595150954577,C,fine,hrs_d_pm25_it1,santiago_2017
4,296893,172.346700663202,0.207723377861861,C,fine,hrs_d_pm25_it1,santiago_2017
5,160833,123.962893187343,0.112527995040829,C,fine,hrs_d_pm25_it1,santiago_2017
1,323656.486476239,936.046169183998,0.226448648630133,A,fine,hrs_d_pm25_it2,santiago_2017
2,309957.586930072,912.888405089295,0.216864112495161,A,fine,hrs_d_pm25_it2,santiago_2017
3,303029.979171755,900.402841080584,0.212017160616674,A,fine,hrs_d_pm25_it2,santiago_2017
4,275493.16048154,858.010619208836,0.192750822259418,A,fine,hrs_d_pm25_it2,santiago_2017
5,217133.786940395,776.952866295989,0.151919255998614,A,fine,hrs_d_pm25_it2,santiago_2017
1,323656.486476239,936.046169183998,0.226448648630133,B_native,fine,hrs_d_pm25_it2,santiago_2017
2,309957.586930072,912.888405089295,0.216864112495161,B_native,fine,hrs_d_pm25_it2,santiago_2017
3,303029.979171755,900.402841080584,0.212017160616674,B_native,fine,hrs_d_pm25_it2,santiago_2017
4,275493.16048154,858.010619208836,0.192750822259418,B_native,fine,hrs_d_pm25_it2,santiago_2017
5,217133.786940395,776.952866295989,0.151919255998614,B_native,fine,hrs_d_pm25_it2,santiago_2017
1,323656.486476239,936.046169183998,0.226448648630133,B_common,fine,hrs_d_pm25_it2,santiago_2017
2,309957.586930072,912.888405089295,0.216864112495161,B_common,fine,hrs_d_pm25_it2,santiago_2017
3,303029.979171755,900.402841080584,0.212017160616674,B_common,fine,hrs_d_pm25_it2,santiago_2017
4,275493.16048154,858.010619208836,0.192750822259418,B_common,fine,hrs_d_pm25_it2,santiago_2017
5,217133.786940395,776.952866295989,0.151919255998614,B_common,fine,hrs_d_pm25_it2,santiago_2017
1,323656.486476239,936.046169183998,0.226448648630133,baseline_common,fine,hrs_d_pm25_it2,santiago_2017
2,309957.586930072,912.888405089295,0.216864112495161,baseline_common,fine,hrs_d_pm25_it2,santiago_2017
3,303029.979171755,900.402841080584,0.212017160616674,baseline_common,fine,hrs_d_pm25_it2,santiago_2017
4,275493.16048154,858.010619208836,0.192750822259418,baseline_common,fine,hrs_d_pm25_it2,santiago_2017
5,217133.786940395,776.952866295989,0.151919255998614,baseline_common,fine,hrs_d_pm25_it2,santiago_2017
1,323656.486476239,936.046169183998,0.226448648630133,A_common,fine,hrs_d_pm25_it2,santiago_2017
2,309957.586930072,912.888405089295,0.216864112495161,A_common,fine,hrs_d_pm25_it2,santiago_2017
3,303029.979171755,900.402841080584,0.212017160616674,A_common,fine,hrs_d_pm25_it2,santiago_2017
4,275493.16048154,858.010619208836,0.192750822259418,A_common,fine,hrs_d_pm25_it2,santiago_2017
5,217133.786940395,776.952866295989,0.151919255998614,A_common,fine,hrs_d_pm25_it2,santiago_2017
1,371298.000000001,975.576337604834,0.259781385055738,C,fine,hrs_d_pm25_it2,santiago_2017
2,302108,985.85246666755,0.211372091086995,C,fine,hrs_d_pm25_it2,santiago_2017
3,298139,850.923944871354,0.208595150954577,C,fine,hrs_d_pm25_it2,santiago_2017
4,296893,815.876841151526,0.207723377861861,C,fine,hrs_d_pm25_it2,santiago_2017
5,160833,670.613207488512,0.112527995040829,C,fine,hrs_d_pm25_it2,santiago_2017
1,323656.486476239,24.4702811102839,0.226448648630133,A,fine,avg_pm25,santiago_2017
2,309957.586930072,24.252025619059,0.216864112495161,A,fine,avg_pm25,santiago_2017
3,303029.979171755,24.1477728567015,0.212017160616674,A,fine,avg_pm25,santiago_2017
4,275493.16048154,23.7759335749296,0.192750822259418,A,fine,avg_pm25,santiago_2017
5,217133.786940395,23.0229673564412,0.151919255998614,A,fine,avg_pm25,santiago_2017
1,323656.486476239,24.4702811102839,0.226448648630133,B_native,fine,avg_pm25,santiago_2017
2,309957.586930072,24.252025619059,0.216864112495161,B_native,fine,avg_pm25,santiago_2017
3,303029.979171755,24.1477728567015,0.212017160616674,B_native,fine,avg_pm25,santiago_2017
4,275493.16048154,23.7759335749296,0.192750822259418,B_native,fine,avg_pm25,santiago_2017
5,217133.786940395,23.0229673564412,0.151919255998614,B_native,fine,avg_pm25,santiago_2017
1,323656.486476239,24.4702811102839,0.226448648630133,B_common,fine,avg_pm25,santiago_2017
2,309957.586930072,24.252025619059,0.216864112495161,B_common,fine,avg_pm25,santiago_2017
3,303029.979171755,24.1477728567015,0.212017160616674,B_common,fine,avg_pm25,santiago_2017
4,275493.16048154,23.7759335749296,0.192750822259418,B_common,fine,avg_pm25,santiago_2017
5,217133.786940395,23.0229673564412,0.151919255998614,B_common,fine,avg_pm25,santiago_2017
1,323656.486476239,24.4702811102839,0.226448648630133,baseline_common,fine,avg_pm25,santiago_2017
2,309957.586930072,24.252025619059,0.216864112495161,baseline_common,fine,avg_pm25,santiago_2017
3,303029.979171755,24.1477728567015,0.212017160616674,baseline_common,fine,avg_pm25,santiago_2017
4,275493.16048154,23.7759335749296,0.192750822259418,baseline_common,fine,avg_pm25,santiago_2017
5,217133.786940395,23.0229673564412,0.151919255998614,baseline_common,fine,avg_pm25,santiago_2017
1,323656.486476239,24.4702811102839,0.226448648630133,A_common,fine,avg_pm25,santiago_2017
2,309957.586930072,24.252025619059,0.216864112495161,A_common,fine,avg_pm25,santiago_2017
3,303029.979171755,24.1477728567015,0.212017160616674,A_common,fine,avg_pm25,santiago_2017
4,275493.16048154,23.7759335749296,0.192750822259418,A_common,fine,avg_pm25,santiago_2017
5,217133.786940395,23.0229673564412,0.151919255998614,A_common,fine,avg_pm25,santiago_2017
1,371298.000000001,24.7869396253718,0.259781385055738,C,fine,avg_pm25,santiago_2017
2,302108,24.7942609294491,0.211372091086995,C,fine,avg_pm25,santiago_2017
3,298139,23.8278263332936,0.208595150954577,C,fine,avg_pm25,santiago_2017
4,296893,23.5167131856362,0.207723377861861,C,fine,avg_pm25,santiago_2017
5,160833,21.9102876391421,0.112527995040829,C,fine,avg_pm25,santiago_2017
1,323656.486476239,507.20282317266,0.226448648630133,A,distrito,hrs_d_pm10_it1,santiago_2017
2,309957.586930072,494.642885450941,0.216864112495161,A,distrito,hrs_d_pm10_it1,santiago_2017
3,303029.979171755,487.615306868902,0.212017160616674,A,distrito,hrs_d_pm10_it1,santiago_2017
4,275493.16048154,464.501718039564,0.192750822259418,A,distrito,hrs_d_pm10_it1,santiago_2017
5,217133.786940395,413.900181768118,0.151919255998614,A,distrito,hrs_d_pm10_it1,santiago_2017
1,310523.641675419,518.946740490327,0.221111155027649,B_native,distrito,hrs_d_pm10_it1,santiago_2017
2,300018.725371369,503.737687033319,0.213631034786481,B_native,distrito,hrs_d_pm10_it1,santiago_2017
3,293913.332095404,495.614609312384,0.20928363453102,B_native,distrito,hrs_d_pm10_it1,santiago_2017
4,274726.612900115,466.557820545912,0.195621558369695,B_native,distrito,hrs_d_pm10_it1,santiago_2017
5,225195.687957692,409.659742333193,0.160352617285156,B_native,distrito,hrs_d_pm10_it1,santiago_2017
1,282899.932260791,522.208168752404,0.226112465010739,B_common,distrito,hrs_d_pm10_it1,santiago_2017
2,269552.84801375,508.513581847945,0.215444586458466,B_common,distrito,hrs_d_pm10_it1,santiago_2017
3,262569.96386481,501.140221531676,0.209863400435608,B_common,distrito,hrs_d_pm10_it1,santiago_2017
4,242430.371039319,474.41156095081,0.193766496694088,B_common,distrito,hrs_d_pm10_it1,santiago_2017
5,193693.88482133,426.27102896855,0.154813051401099,B_common,distrito,hrs_d_pm10_it1,santiago_2017
1,282899.932260791,521.801280624308,0.226112465010739,baseline_common,distrito,hrs_d_pm10_it1,santiago_2017
2,269552.84801375,508.331394323769,0.215444586458466,baseline_common,distrito,hrs_d_pm10_it1,santiago_2017
3,262569.96386481,500.999729350441,0.209863400435608,baseline_common,distrito,hrs_d_pm10_it1,santiago_2017
4,242430.371039319,474.504050741347,0.193766496694088,baseline_common,distrito,hrs_d_pm10_it1,santiago_2017
5,193693.88482133,426.358902071094,0.154813051401099,baseline_common,distrito,hrs_d_pm10_it1,santiago_2017
1,282899.932260791,521.899789405986,0.226112465010739,A_common,distrito,hrs_d_pm10_it1,santiago_2017
2,269552.84801375,508.375973335308,0.215444586458466,A_common,distrito,hrs_d_pm10_it1,santiago_2017
3,262569.96386481,501.019880939124,0.209863400435608,A_common,distrito,hrs_d_pm10_it1,santiago_2017
4,242430.371039319,474.402246416971,0.193766496694088,A_common,distrito,hrs_d_pm10_it1,santiago_2017
5,193693.88482133,426.230916553565,0.154813051401099,A_common,distrito,hrs_d_pm10_it1,santiago_2017
1,382266.000000001,550.227707931125,0.267455227175253,C,distrito,hrs_d_pm10_it1,santiago_2017
2,296911,525.25617777718,0.207735971694661,C,distrito,hrs_d_pm10_it1,santiago_2017
3,286350,493.674192421861,0.200346890127904,C,distrito,hrs_d_pm10_it1,santiago_2017
4,291053,387.60663521764,0.203637378775614,C,distrito,hrs_d_pm10_it1,santiago_2017
5,172691,362.603743101841,0.120824532226569,C,distrito,hrs_d_pm10_it1,santiago_2017
1,323656.486476239,1575.52959141318,0.226448648630133,A,distrito,hrs_d_pm10_it2,santiago_2017
2,309957.586930072,1560.55211170354,0.216864112495161,A,distrito,hrs_d_pm10_it2,santiago_2017
3,303029.979171755,1551.68265770538,0.212017160616674,A,distrito,hrs_d_pm10_it2,santiago_2017
4,275493.16048154,1524.87379031094,0.192750822259418,A,distrito,hrs_d_pm10_it2,santiago_2017
5,217133.786940395,1437.31656222375,0.151919255998614,A,distrito,hrs_d_pm10_it2,santiago_2017
1,310523.641675419,1597.29176320216,0.221111155027649,B_native,distrito,hrs_d_pm10_it2,santiago_2017
2,300018.725371369,1578.08461814626,0.213631034786481,B_native,distrito,hrs_d_pm10_it2,santiago_2017
3,293913.332095404,1567.89075253988,0.20928363453102,B_native,distrito,hrs_d_pm10_it2,santiago_2017
4,274726.612900115,1528.16643799883,0.195621558369695,B_native,distrito,hrs_d_pm10_it2,santiago_2017
5,225195.687957692,1425.06291403137,0.160352617285156,B_native,distrito,hrs_d_pm10_it2,santiago_2017
1,282899.932260791,1600.19626443244,0.226112465010739,B_common,distrito,hrs_d_pm10_it2,santiago_2017
2,269552.84801375,1584.22631752103,0.215444586458466,B_common,distrito,hrs_d_pm10_it2,santiago_2017
3,262569.96386481,1575.63846481556,0.209863400435608,B_common,distrito,hrs_d_pm10_it2,santiago_2017
4,242430.371039319,1544.45121768936,0.193766496694088,B_common,distrito,hrs_d_pm10_it2,santiago_2017
5,193693.88482133,1466.30043657167,0.154813051401099,B_common,distrito,hrs_d_pm10_it2,santiago_2017
1,282899.932260791,1603.92429610847,0.226112465010739,baseline_common,distrito,hrs_d_pm10_it2,santiago_2017
2,269552.84801375,1588.47721726126,0.215444586458466,baseline_common,distrito,hrs_d_pm10_it2,santiago_2017
3,262569.96386481,1580.16535184443,0.209863400435608,baseline_common,distrito,hrs_d_pm10_it2,santiago_2017
4,242430.371039319,1549.65307422774,0.193766496694088,baseline_common,distrito,hrs_d_pm10_it2,santiago_2017
5,193693.88482133,1471.20600902368,0.154813051401099,baseline_common,distrito,hrs_d_pm10_it2,santiago_2017
1,282899.932260791,1604.31751966585,0.226112465010739,A_common,distrito,hrs_d_pm10_it2,santiago_2017
2,269552.84801375,1588.6858617198,0.215444586458466,A_common,distrito,hrs_d_pm10_it2,santiago_2017
3,262569.96386481,1580.21987093432,0.209863400435608,A_common,distrito,hrs_d_pm10_it2,santiago_2017
4,242430.371039319,1549.23381394239,0.193766496694088,A_common,distrito,hrs_d_pm10_it2,santiago_2017
5,193693.88482133,1470.75030934221,0.154813051401099,A_common,distrito,hrs_d_pm10_it2,santiago_2017
1,382266.000000001,1641.99593215195,0.267455227175253,C,distrito,hrs_d_pm10_it2,santiago_2017
2,296911,1591.88260791955,0.207735971694661,C,distrito,hrs_d_pm10_it2,santiago_2017
3,286350,1598.82095687096,0.200346890127904,C,distrito,hrs_d_pm10_it2,santiago_2017
4,291053,1379.76876032887,0.203637378775614,C,distrito,hrs_d_pm10_it2,santiago_2017
5,172691,1368.3116665026,0.120824532226569,C,distrito,hrs_d_pm10_it2,santiago_2017
1,323656.486476239,68.3810646411167,0.226448648630133,A,distrito,avg_pm10,santiago_2017
2,309957.586930072,68.195692663923,0.216864112495161,A,distrito,avg_pm10,santiago_2017
3,303029.979171755,68.1036334240404,0.212017160616674,A,distrito,avg_pm10,santiago_2017
4,275493.16048154,67.7475227722777,0.192750822259418,A,distrito,avg_pm10,santiago_2017
5,217133.786940395,66.2417718263352,0.151919255998614,A,distrito,avg_pm10,santiago_2017
1,310523.641675419,68.891520566953,0.221111155027649,B_native,distrito,avg_pm10,santiago_2017
2,300018.725371369,68.6589908886217,0.213631034786481,B_native,distrito,avg_pm10,santiago_2017
3,293913.332095404,68.5598781918785,0.20928363453102,B_native,distrito,avg_pm10,santiago_2017
4,274726.612900115,67.9431092041178,0.195621558369695,B_native,distrito,avg_pm10,santiago_2017
5,225195.687957692,66.1103105166024,0.160352617285156,B_native,distrito,avg_pm10,santiago_2017
1,282899.932260791,68.8458555816886,0.226112465010739,B_common,distrito,avg_pm10,santiago_2017
2,269552.84801375,68.6631240758889,0.215444586458466,B_common,distrito,avg_pm10,santiago_2017
3,262569.96386481,68.5891985141621,0.209863400435608,B_common,distrito,avg_pm10,santiago_2017
4,242430.371039319,68.1542488951411,0.193766496694088,B_common,distrito,avg_pm10,santiago_2017
5,193693.88482133,66.779007264862,0.154813051401099,B_common,distrito,avg_pm10,santiago_2017
1,282899.932260791,68.8317650403678,0.226112465010739,baseline_common,distrito,avg_pm10,santiago_2017
2,269552.84801375,68.6557136716038,0.215444586458466,baseline_common,distrito,avg_pm10,santiago_2017
3,262569.96386481,68.5826905703678,0.209863400435608,baseline_common,distrito,avg_pm10,santiago_2017
4,242430.371039319,68.1587593819012,0.193766496694088,baseline_common,distrito,avg_pm10,santiago_2017
5,193693.88482133,66.7834245071551,0.154813051401099,baseline_common,distrito,avg_pm10,santiago_2017
1,282899.932260791,68.8355663808579,0.226112465010739,A_common,distrito,avg_pm10,santiago_2017
2,269552.84801375,68.6579625468185,0.215444586458466,A_common,distrito,avg_pm10,santiago_2017
3,262569.96386481,68.583682481129,0.209863400435608,A_common,distrito,avg_pm10,santiago_2017
4,242430.371039319,68.1542683785611,0.193766496694088,A_common,distrito,avg_pm10,santiago_2017
5,193693.88482133,66.778262566813,0.154813051401099,A_common,distrito,avg_pm10,santiago_2017
1,382266.000000001,68.9964920500735,0.267455227175253,C,distrito,avg_pm10,santiago_2017
2,296911,68.7177315525404,0.207735971694661,C,distrito,avg_pm10,santiago_2017
3,286350,69.5136122421627,0.200346890127904,C,distrito,avg_pm10,santiago_2017
4,291053,65.6274101649737,0.203637378775614,C,distrito,avg_pm10,santiago_2017
5,172691,64.6836048240669,0.120824532226569,C,distrito,avg_pm10,santiago_2017
1,323656.486476239,267.58714917654,0.226448648630133,A,distrito,hrs_d_pm25_it1,santiago_2017
2,309957.586930072,252.356892307175,0.216864112495161,A,distrito,hrs_d_pm25_it1,santiago_2017
3,303029.979171755,244.202482704759,0.212017160616674,A,distrito,hrs_d_pm25_it1,santiago_2017
4,275493.16048154,215.173913157093,0.192750822259418,A,distrito,hrs_d_pm25_it1,santiago_2017
5,217133.786940395,172.886469386239,0.151919255998614,A,distrito,hrs_d_pm25_it1,santiago_2017
1,310523.641675419,274.322893089736,0.221111155027649,B_native,distrito,hrs_d_pm25_it1,santiago_2017
2,300018.725371369,257.021934966899,0.213631034786481,B_native,distrito,hrs_d_pm25_it1,santiago_2017
3,293913.332095404,247.752580181519,0.20928363453102,B_native,distrito,hrs_d_pm25_it1,santiago_2017
4,274726.612900115,215.451729301852,0.195621558369695,B_native,distrito,hrs_d_pm25_it1,santiago_2017
5,225195.687957692,170.706833062693,0.160352617285156,B_native,distrito,hrs_d_pm25_it1,santiago_2017
1,282899.932260791,279.582154535154,0.226112465010739,B_common,distrito,hrs_d_pm25_it1,santiago_2017
2,269552.84801375,262.873535819732,0.215444586458466,B_common,distrito,hrs_d_pm25_it1,santiago_2017
3,262569.96386481,253.919837610265,0.209863400435608,B_common,distrito,hrs_d_pm25_it1,santiago_2017
4,242430.371039319,220.439942455393,0.193766496694088,B_common,distrito,hrs_d_pm25_it1,santiago_2017
5,193693.88482133,176.736212283472,0.154813051401099,B_common,distrito,hrs_d_pm25_it1,santiago_2017
1,282899.932260791,279.626332689473,0.226112465010739,baseline_common,distrito,hrs_d_pm25_it1,santiago_2017
2,269552.84801375,262.929353607918,0.215444586458466,baseline_common,distrito,hrs_d_pm25_it1,santiago_2017
3,262569.96386481,253.973295910185,0.209863400435608,baseline_common,distrito,hrs_d_pm25_it1,santiago_2017
4,242430.371039319,220.53691705737,0.193766496694088,baseline_common,distrito,hrs_d_pm25_it1,santiago_2017
5,193693.88482133,176.75941914283,0.154813051401099,baseline_common,distrito,hrs_d_pm25_it1,santiago_2017
1,282899.932260791,279.620813242737,0.226112465010739,A_common,distrito,hrs_d_pm25_it1,santiago_2017
2,269552.84801375,262.957810582525,0.215444586458466,A_common,distrito,hrs_d_pm25_it1,santiago_2017
3,262569.96386481,253.997175707955,0.209863400435608,A_common,distrito,hrs_d_pm25_it1,santiago_2017
4,242430.371039319,220.511384430395,0.193766496694088,A_common,distrito,hrs_d_pm25_it1,santiago_2017
5,193693.88482133,176.731292069556,0.154813051401099,A_common,distrito,hrs_d_pm25_it1,santiago_2017
1,382266.000000001,315.893260190548,0.267455227175253,C,distrito,hrs_d_pm25_it1,santiago_2017
2,296911,284.573212174693,0.207735971694661,C,distrito,hrs_d_pm25_it1,santiago_2017
3,286350,232.786876200454,0.200346890127904,C,distrito,hrs_d_pm25_it1,santiago_2017
4,291053,144.806846175782,0.203637378775614,C,distrito,hrs_d_pm25_it1,santiago_2017
5,172691,125.040077363615,0.120824532226569,C,distrito,hrs_d_pm25_it1,santiago_2017
1,323656.486476239,936.359264838756,0.226448648630133,A,distrito,hrs_d_pm25_it2,santiago_2017
2,309957.586930072,913.089928632344,0.216864112495161,A,distrito,hrs_d_pm25_it2,santiago_2017
3,303029.979171755,900.472279236237,0.212017160616674,A,distrito,hrs_d_pm25_it2,santiago_2017
4,275493.16048154,857.702713450056,0.192750822259418,A,distrito,hrs_d_pm25_it2,santiago_2017
5,217133.786940395,776.482169556928,0.151919255998614,A,distrito,hrs_d_pm25_it2,santiago_2017
1,310523.641675419,941.319994750701,0.221111155027649,B_native,distrito,hrs_d_pm25_it2,santiago_2017
2,300018.725371369,911.968860647821,0.213631034786481,B_native,distrito,hrs_d_pm25_it2,santiago_2017
3,293913.332095404,896.271318679842,0.20928363453102,B_native,distrito,hrs_d_pm25_it2,santiago_2017
4,274726.612900115,846.683235312309,0.195621558369695,B_native,distrito,hrs_d_pm25_it2,santiago_2017
5,225195.687957692,761.288604065101,0.160352617285156,B_native,distrito,hrs_d_pm25_it2,santiago_2017
1,282899.932260791,949.570916838672,0.226112465010739,B_common,distrito,hrs_d_pm25_it2,santiago_2017
2,269552.84801375,923.149129960715,0.215444586458466,B_common,distrito,hrs_d_pm25_it2,santiago_2017
3,262569.96386481,908.861552726543,0.209863400435608,B_common,distrito,hrs_d_pm25_it2,santiago_2017
4,242430.371039319,860.718292978597,0.193766496694088,B_common,distrito,hrs_d_pm25_it2,santiago_2017
5,193693.88482133,783.285341106624,0.154813051401099,B_common,distrito,hrs_d_pm25_it2,santiago_2017
1,282899.932260791,953.294575989647,0.226112465010739,baseline_common,distrito,hrs_d_pm25_it2,santiago_2017
2,269552.84801375,927.21950590259,0.215444586458466,baseline_common,distrito,hrs_d_pm25_it2,santiago_2017
3,262569.96386481,913.179180032076,0.209863400435608,baseline_common,distrito,hrs_d_pm25_it2,santiago_2017
4,242430.371039319,865.562385233977,0.193766496694088,baseline_common,distrito,hrs_d_pm25_it2,santiago_2017
5,193693.88482133,788.096940209255,0.154813051401099,baseline_common,distrito,hrs_d_pm25_it2,santiago_2017
1,282899.932260791,953.588188997401,0.226112465010739,A_common,distrito,hrs_d_pm25_it2,santiago_2017
2,269552.84801375,927.353083322961,0.215444586458466,A_common,distrito,hrs_d_pm25_it2,santiago_2017
3,262569.96386481,913.212087347372,0.209863400435608,A_common,distrito,hrs_d_pm25_it2,santiago_2017
4,242430.371039319,865.296429830265,0.193766496694088,A_common,distrito,hrs_d_pm25_it2,santiago_2017
5,193693.88482133,787.76921544937,0.154813051401099,A_common,distrito,hrs_d_pm25_it2,santiago_2017
1,382266.000000001,1017.46725840122,0.267455227175253,C,distrito,hrs_d_pm25_it2,santiago_2017
2,296911,963.243695922349,0.207735971694661,C,distrito,hrs_d_pm25_it2,santiago_2017
3,286350,862.226998428498,0.200346890127904,C,distrito,hrs_d_pm25_it2,santiago_2017
4,291053,780.343408245234,0.203637378775614,C,distrito,hrs_d_pm25_it2,santiago_2017
5,172691,665.241106948249,0.120824532226569,C,distrito,hrs_d_pm25_it2,santiago_2017
1,323656.486476239,24.4701226408955,0.226448648630133,A,distrito,avg_pm25,santiago_2017
2,309957.586930072,24.2522793905553,0.216864112495161,A,distrito,avg_pm25,santiago_2017
3,303029.979171755,24.1477673784601,0.212017160616674,A,distrito,avg_pm25,santiago_2017
4,275493.16048154,23.7757548326699,0.192750822259418,A,distrito,avg_pm25,santiago_2017
5,217133.786940395,23.0230153361449,0.151919255998614,A,distrito,avg_pm25,santiago_2017
1,310523.641675419,24.5866244954124,0.221111155027649,B_native,distrito,avg_pm25,santiago_2017
2,300018.725371369,24.3201111151959,0.213631034786481,B_native,distrito,avg_pm25,santiago_2017
3,293913.332095404,24.1905891715094,0.20928363453102,B_native,distrito,avg_pm25,santiago_2017
4,274726.612900115,23.7307898535428,0.195621558369695,B_native,distrito,avg_pm25,santiago_2017
5,225195.687957692,22.9129141383436,0.160352617285156,B_native,distrito,avg_pm25,santiago_2017
1,282899.932260791,24.6268071581018,0.226112465010739,B_common,distrito,avg_pm25,santiago_2017
2,269552.84801375,24.3897236934923,0.215444586458466,B_common,distrito,avg_pm25,santiago_2017
3,262569.96386481,24.2752899261232,0.209863400435608,B_common,distrito,avg_pm25,santiago_2017
4,242430.371039319,23.8396659349658,0.193766496694088,B_common,distrito,avg_pm25,santiago_2017
5,193693.88482133,23.0958215481091,0.154813051401099,B_common,distrito,avg_pm25,santiago_2017
1,282899.932260791,24.6150249394524,0.226112465010739,baseline_common,distrito,avg_pm25,santiago_2017
2,269552.84801375,24.378704728046,0.215444586458466,baseline_common,distrito,avg_pm25,santiago_2017
3,262569.96386481,24.2640384740598,0.209863400435608,baseline_common,distrito,avg_pm25,santiago_2017
4,242430.371039319,23.8330209484976,0.193766496694088,baseline_common,distrito,avg_pm25,santiago_2017
5,193693.88482133,23.0921767935106,0.154813051401099,baseline_common,distrito,avg_pm25,santiago_2017
1,282899.932260791,24.6149497285791,0.226112465010739,A_common,distrito,avg_pm25,santiago_2017
2,269552.84801375,24.3787236278194,0.215444586458466,A_common,distrito,avg_pm25,santiago_2017
3,262569.96386481,24.2642288457285,0.209863400435608,A_common,distrito,avg_pm25,santiago_2017
4,242430.371039319,23.8330020955493,0.193766496694088,A_common,distrito,avg_pm25,santiago_2017
5,193693.88482133,23.0921053593417,0.154813051401099,A_common,distrito,avg_pm25,santiago_2017
1,382266.000000001,25.0779731027351,0.267455227175253,C,distrito,avg_pm25,santiago_2017
2,296911,24.7067894506906,0.207735971694661,C,distrito,avg_pm25,santiago_2017
3,286350,24.0005539274947,0.200346890127904,C,distrito,avg_pm25,santiago_2017
4,291053,23.195486658669,0.203637378775614,C,distrito,avg_pm25,santiago_2017
5,172691,21.7607530240633,0.120824532226569,C,distrito,avg_pm25,santiago_2017
1,323656.486476239,507.521347419817,0.226448648630133,A,comuna,hrs_d_pm10_it1,santiago_2017
2,309957.586930072,494.680755923458,0.216864112495161,A,comuna,hrs_d_pm10_it1,santiago_2017
3,303029.979171755,487.440181386358,0.212017160616674,A,comuna,hrs_d_pm10_it1,santiago_2017
4,275493.16048154,464.391309766826,0.192750822259418,A,comuna,hrs_d_pm10_it1,santiago_2017
5,217133.786940395,413.882461092787,0.151919255998614,A,comuna,hrs_d_pm10_it1,santiago_2017
1,278691.605138977,509.701825353366,0.192281600048419,B_native,comuna,hrs_d_pm10_it1,santiago_2017
2,280011.780886193,488.555593976867,0.193192447380519,B_native,comuna,hrs_d_pm10_it1,santiago_2017
3,279805.065768155,479.875489437556,0.193049825525689,B_native,comuna,hrs_d_pm10_it1,santiago_2017
4,295129.287161465,426.728893236452,0.203622680088468,B_native,comuna,hrs_d_pm10_it1,santiago_2017
5,315755.261045209,319.525286546243,0.217853446956905,B_native,comuna,hrs_d_pm10_it1,santiago_2017
1,212549.134489561,535.700365202462,0.218714251819859,B_common,comuna,hrs_d_pm10_it1,santiago_2017
2,205962.084143322,521.753247169091,0.211936140059314,B_common,comuna,hrs_d_pm10_it1,santiago_2017
3,203495.670019945,515.083198065071,0.209398186089434,B_common,comuna,hrs_d_pm10_it1,santiago_2017
4,191622.892521656,491.941007129232,0.197181031435768,B_common,comuna,hrs_d_pm10_it1,santiago_2017
5,158182.218825517,447.108354641358,0.162770390595627,B_common,comuna,hrs_d_pm10_it1,santiago_2017
1,212549.134489561,537.995660609933,0.218714251819859,baseline_common,comuna,hrs_d_pm10_it1,santiago_2017
2,205962.084143322,522.680186091807,0.211936140059314,baseline_common,comuna,hrs_d_pm10_it1,santiago_2017
3,203495.670019945,515.454646868998,0.209398186089434,baseline_common,comuna,hrs_d_pm10_it1,santiago_2017
4,191622.892521656,491.865237058161,0.197181031435768,baseline_common,comuna,hrs_d_pm10_it1,santiago_2017
5,158182.218825517,446.839580641249,0.162770390595627,baseline_common,comuna,hrs_d_pm10_it1,santiago_2017
1,212549.134489561,537.729425552123,0.218714251819859,A_common,comuna,hrs_d_pm10_it1,santiago_2017
2,205962.084143322,522.800249014624,0.211936140059314,A_common,comuna,hrs_d_pm10_it1,santiago_2017
3,203495.670019945,515.72910513602,0.209398186089434,A_common,comuna,hrs_d_pm10_it1,santiago_2017
4,191622.892521656,491.928479815431,0.197181031435768,A_common,comuna,hrs_d_pm10_it1,santiago_2017
5,158182.218825517,446.713969618965,0.162770390595627,A_common,comuna,hrs_d_pm10_it1,santiago_2017
1,394717,598.50624118039,0.276166661186017,C,comuna,hrs_d_pm10_it1,santiago_2017
2,305791,496.57396718674,0.213948929209366,C,comuna,hrs_d_pm10_it1,santiago_2017
3,223928,385.25826158408,0.15667287729199,C,comuna,hrs_d_pm10_it1,santiago_2017
4,230965,451.068044941874,0.161596366259443,C,comuna,hrs_d_pm10_it1,santiago_2017
5,273870,381.72959068171,0.191615166053184,C,comuna,hrs_d_pm10_it1,santiago_2017
1,323656.486476239,1576.23151821949,0.226448648630133,A,comuna,hrs_d_pm10_it2,santiago_2017
2,309957.586930072,1560.42919621656,0.216864112495161,A,comuna,hrs_d_pm10_it2,santiago_2017
3,303029.979171755,1551.16822571564,0.212017160616674,A,comuna,hrs_d_pm10_it2,santiago_2017
4,275493.16048154,1524.60069237828,0.192750822259418,A,comuna,hrs_d_pm10_it2,santiago_2017
5,217133.786940395,1437.74347246688,0.151919255998614,A,comuna,hrs_d_pm10_it2,santiago_2017
1,278691.605138977,1571.35350193869,0.192281600048419,B_native,comuna,hrs_d_pm10_it2,santiago_2017
2,280011.780886193,1537.32727900786,0.193192447380519,B_native,comuna,hrs_d_pm10_it2,santiago_2017
3,279805.065768155,1524.20130140417,0.193049825525689,B_native,comuna,hrs_d_pm10_it2,santiago_2017
4,295129.287161465,1430.1496490938,0.203622680088468,B_native,comuna,hrs_d_pm10_it2,santiago_2017
5,315755.261045209,1207.30506274884,0.217853446956905,B_native,comuna,hrs_d_pm10_it2,santiago_2017
1,212549.134489561,1617.96454585636,0.218714251819859,B_common,comuna,hrs_d_pm10_it2,santiago_2017
2,205962.084143322,1601.63840331632,0.211936140059314,B_common,comuna,hrs_d_pm10_it2,santiago_2017
3,203495.670019945,1593.93124923204,0.209398186089434,B_common,comuna,hrs_d_pm10_it2,santiago_2017
4,191622.892521656,1575.12649001861,0.197181031435768,B_common,comuna,hrs_d_pm10_it2,santiago_2017
5,158182.218825517,1514.46076997833,0.162770390595627,B_common,comuna,hrs_d_pm10_it2,santiago_2017
1,212549.134489561,1616.97056636001,0.218714251819859,baseline_common,comuna,hrs_d_pm10_it2,santiago_2017
2,205962.084143322,1599.04657247862,0.211936140059314,baseline_common,comuna,hrs_d_pm10_it2,santiago_2017
3,203495.670019945,1590.71183009875,0.209398186089434,baseline_common,comuna,hrs_d_pm10_it2,santiago_2017
4,191622.892521656,1572.13318657589,0.197181031435768,baseline_common,comuna,hrs_d_pm10_it2,santiago_2017
5,158182.218825517,1511.74502655933,0.162770390595627,baseline_common,comuna,hrs_d_pm10_it2,santiago_2017
1,212549.134489561,1616.29998724618,0.218714251819859,A_common,comuna,hrs_d_pm10_it2,santiago_2017
2,205962.084143322,1599.04532016442,0.211936140059314,A_common,comuna,hrs_d_pm10_it2,santiago_2017
3,203495.670019945,1590.89955495323,0.209398186089434,A_common,comuna,hrs_d_pm10_it2,santiago_2017
4,191622.892521656,1572.28584315112,0.197181031435768,A_common,comuna,hrs_d_pm10_it2,santiago_2017
5,158182.218825517,1512.39978365903,0.162770390595627,A_common,comuna,hrs_d_pm10_it2,santiago_2017
1,394717,1731.96312041285,0.276166661186017,C,comuna,hrs_d_pm10_it2,santiago_2017
2,305791,1483.95883135867,0.213948929209366,C,comuna,hrs_d_pm10_it2,santiago_2017
3,223928,1460.31801739845,0.15667287729199,C,comuna,hrs_d_pm10_it2,santiago_2017
4,230965,1484.1406143788,0.161596366259443,C,comuna,hrs_d_pm10_it2,santiago_2017
5,273870,1419.73502026509,0.191615166053184,C,comuna,hrs_d_pm10_it2,santiago_2017
1,323656.486476239,68.390268551286,0.226448648630133,A,comuna,avg_pm10,santiago_2017
2,309957.586930072,68.1917806847394,0.216864112495161,A,comuna,avg_pm10,santiago_2017
3,303029.979171755,68.0947467682107,0.212017160616674,A,comuna,avg_pm10,santiago_2017
4,275493.16048154,67.7441230084764,0.192750822259418,A,comuna,avg_pm10,santiago_2017
5,217133.786940395,66.2540309939087,0.151919255998614,A,comuna,avg_pm10,santiago_2017
1,278691.605138977,67.7571056437516,0.192281600048419,B_native,comuna,avg_pm10,santiago_2017
2,280011.780886193,67.2385637080225,0.193192447380519,B_native,comuna,avg_pm10,santiago_2017
3,279805.065768155,67.0518285146994,0.193049825525689,B_native,comuna,avg_pm10,santiago_2017
4,295129.287161465,65.6515903872634,0.203622680088468,B_native,comuna,avg_pm10,santiago_2017
5,315755.261045209,62.0770217439574,0.217853446956905,B_native,comuna,avg_pm10,santiago_2017
1,212549.134489561,68.2465706856206,0.218714251819859,B_common,comuna,avg_pm10,santiago_2017
2,205962.084143322,68.0413412131778,0.211936140059314,B_common,comuna,avg_pm10,santiago_2017
3,203495.670019945,67.9612822120267,0.209398186089434,B_common,comuna,avg_pm10,santiago_2017
4,191622.892521656,67.866575543001,0.197181031435768,B_common,comuna,avg_pm10,santiago_2017
5,158182.218825517,67.0748340905576,0.162770390595627,B_common,comuna,avg_pm10,santiago_2017
1,212549.134489561,68.4507695825047,0.218714251819859,baseline_common,comuna,avg_pm10,santiago_2017
2,205962.084143322,68.1977084908456,0.211936140059314,baseline_common,comuna,avg_pm10,santiago_2017
3,203495.670019945,68.091287730524,0.209398186089434,baseline_common,comuna,avg_pm10,santiago_2017
4,191622.892521656,67.9609904857441,0.197181031435768,baseline_common,comuna,avg_pm10,santiago_2017
5,158182.218825517,67.1255964570236,0.162770390595627,baseline_common,comuna,avg_pm10,santiago_2017
1,212549.134489561,68.4362954464228,0.218714251819859,A_common,comuna,avg_pm10,santiago_2017
2,205962.084143322,68.1922451023644,0.211936140059314,A_common,comuna,avg_pm10,santiago_2017
3,203495.670019945,68.0905647107244,0.209398186089434,A_common,comuna,avg_pm10,santiago_2017
4,191622.892521656,67.9670143939098,0.197181031435768,A_common,comuna,avg_pm10,santiago_2017
5,158182.218825517,67.1487535985729,0.162770390595627,A_common,comuna,avg_pm10,santiago_2017
1,394717,70.7456677249094,0.276166661186017,C,comuna,avg_pm10,santiago_2017
2,305791,65.3752839451255,0.213948929209366,C,comuna,avg_pm10,santiago_2017
3,223928,68.9624384826987,0.15667287729199,C,comuna,avg_pm10,santiago_2017
4,230965,67.7827224684164,0.161596366259443,C,comuna,avg_pm10,santiago_2017
5,273870,65.5087037655223,0.191615166053184,C,comuna,avg_pm10,santiago_2017
1,323656.486476239,267.5756600276,0.226448648630133,A,comuna,hrs_d_pm25_it1,santiago_2017
2,309957.586930072,252.372577665608,0.216864112495161,A,comuna,hrs_d_pm25_it1,santiago_2017
3,303029.979171755,244.094697584133,0.212017160616674,A,comuna,hrs_d_pm25_it1,santiago_2017
4,275493.16048154,215.293338916418,0.192750822259418,A,comuna,hrs_d_pm25_it1,santiago_2017
5,217133.786940395,172.949396357909,0.151919255998614,A,comuna,hrs_d_pm25_it1,santiago_2017
1,278691.605138977,284.435401356318,0.192281600048419,B_native,comuna,hrs_d_pm25_it1,santiago_2017
2,280011.780886193,263.145882309506,0.193192447380519,B_native,comuna,hrs_d_pm25_it1,santiago_2017
3,279805.065768155,253.776696540485,0.193049825525689,B_native,comuna,hrs_d_pm25_it1,santiago_2017
4,295129.287161465,207.409782117179,0.203622680088468,B_native,comuna,hrs_d_pm25_it1,santiago_2017
5,315755.261045209,140.674976371817,0.217853446956905,B_native,comuna,hrs_d_pm25_it1,santiago_2017
1,212549.134489561,311.040289884236,0.218714251819859,B_common,comuna,hrs_d_pm25_it1,santiago_2017
2,205962.084143322,292.030370648059,0.211936140059314,B_common,comuna,hrs_d_pm25_it1,santiago_2017
3,203495.670019945,282.674011032717,0.209398186089434,B_common,comuna,hrs_d_pm25_it1,santiago_2017
4,191622.892521656,245.226293399356,0.197181031435768,B_common,comuna,hrs_d_pm25_it1,santiago_2017
5,158182.218825517,193.610654303741,0.162770390595627,B_common,comuna,hrs_d_pm25_it1,santiago_2017
1,212549.134489561,307.459660551348,0.218714251819859,baseline_common,comuna,hrs_d_pm25_it1,santiago_2017
2,205962.084143322,288.042149140678,0.211936140059314,baseline_common,comuna,hrs_d_pm25_it1,santiago_2017
3,203495.670019945,278.727994386637,0.209398186089434,baseline_common,comuna,hrs_d_pm25_it1,santiago_2017
4,191622.892521656,242.023076892131,0.197181031435768,baseline_common,comuna,hrs_d_pm25_it1,santiago_2017
5,158182.218825517,191.680999952221,0.162770390595627,baseline_common,comuna,hrs_d_pm25_it1,santiago_2017
1,212549.134489561,307.081221853267,0.218714251819859,A_common,comuna,hrs_d_pm25_it1,santiago_2017
2,205962.084143322,288.15628667637,0.211936140059314,A_common,comuna,hrs_d_pm25_it1,santiago_2017
3,203495.670019945,279.023781978427,0.209398186089434,A_common,comuna,hrs_d_pm25_it1,santiago_2017
4,191622.892521656,242.225547001326,0.197181031435768,A_common,comuna,hrs_d_pm25_it1,santiago_2017
5,158182.218825517,191.504030117843,0.162770390595627,A_common,comuna,hrs_d_pm25_it1,santiago_2017
1,394717,345.395222399846,0.276166661186017,C,comuna,hrs_d_pm25_it1,santiago_2017
2,305791,313.169789169727,0.213948929209366,C,comuna,hrs_d_pm25_it1,santiago_2017
3,223928,104.894314243864,0.15667287729199,C,comuna,hrs_d_pm25_it1,santiago_2017
4,230965,192.218816703829,0.161596366259443,C,comuna,hrs_d_pm25_it1,santiago_2017
5,273870,130.222342717348,0.191615166053184,C,comuna,hrs_d_pm25_it1,santiago_2017
1,323656.486476239,937.141773989499,0.226448648630133,A,comuna,hrs_d_pm25_it2,santiago_2017
2,309957.586930072,913.531632531682,0.216864112495161,A,comuna,hrs_d_pm25_it2,santiago_2017
3,303029.979171755,900.313953194306,0.212017160616674,A,comuna,hrs_d_pm25_it2,santiago_2017
4,275493.16048154,857.329265404802,0.192750822259418,A,comuna,hrs_d_pm25_it2,santiago_2017
5,217133.786940395,775.50658607617,0.151919255998614,A,comuna,hrs_d_pm25_it2,santiago_2017
1,278691.605138977,987.661072941943,0.192281600048419,B_native,comuna,hrs_d_pm25_it2,santiago_2017
2,280011.780886193,952.249423561243,0.193192447380519,B_native,comuna,hrs_d_pm25_it2,santiago_2017
3,279805.065768155,937.017964269001,0.193049825525689,B_native,comuna,hrs_d_pm25_it2,santiago_2017
4,295129.287161465,844.561938435811,0.203622680088468,B_native,comuna,hrs_d_pm25_it2,santiago_2017
5,315755.261045209,674.572618779893,0.217853446956905,B_native,comuna,hrs_d_pm25_it2,santiago_2017
1,212549.134489561,1025.36798091807,0.218714251819859,B_common,comuna,hrs_d_pm25_it2,santiago_2017
2,205962.084143322,1000.14295536869,0.211936140059314,B_common,comuna,hrs_d_pm25_it2,santiago_2017
3,203495.670019945,988.1265302559,0.209398186089434,B_common,comuna,hrs_d_pm25_it2,santiago_2017
4,191622.892521656,934.650134536143,0.197181031435768,B_common,comuna,hrs_d_pm25_it2,santiago_2017
5,158182.218825517,839.94033568107,0.162770390595627,B_common,comuna,hrs_d_pm25_it2,santiago_2017
1,212549.134489561,1014.08830569744,0.218714251819859,baseline_common,comuna,hrs_d_pm25_it2,santiago_2017
2,205962.084143322,988.186117085165,0.211936140059314,baseline_common,comuna,hrs_d_pm25_it2,santiago_2017
3,203495.670019945,976.514492566174,0.209398186089434,baseline_common,comuna,hrs_d_pm25_it2,santiago_2017
4,191622.892521656,924.810185136294,0.197181031435768,baseline_common,comuna,hrs_d_pm25_it2,santiago_2017
5,158182.218825517,833.239964972345,0.162770390595627,baseline_common,comuna,hrs_d_pm25_it2,santiago_2017
1,212549.134489561,1014.36892163775,0.218714251819859,A_common,comuna,hrs_d_pm25_it2,santiago_2017
2,205962.084143322,989.047617224381,0.211936140059314,A_common,comuna,hrs_d_pm25_it2,santiago_2017
3,203495.670019945,977.352904999831,0.209398186089434,A_common,comuna,hrs_d_pm25_it2,santiago_2017
4,191622.892521656,924.39118783071,0.197181031435768,A_common,comuna,hrs_d_pm25_it2,santiago_2017
5,158182.218825517,831.319619533292,0.162770390595627,A_common,comuna,hrs_d_pm25_it2,santiago_2017
1,394717,1071.4907440014,0.276166661186017,C,comuna,hrs_d_pm25_it2,santiago_2017
2,305791,998.5323963099,0.213948929209366,C,comuna,hrs_d_pm25_it2,santiago_2017
3,223928,618.473545068057,0.15667287729199,C,comuna,hrs_d_pm25_it2,santiago_2017
4,230965,907.439529798888,0.161596366259443,C,comuna,hrs_d_pm25_it2,santiago_2017
5,273870,684.572183882863,0.191615166053184,C,comuna,hrs_d_pm25_it2,santiago_2017
1,323656.486476239,24.4818197870936,0.226448648630133,A,comuna,avg_pm25,santiago_2017
2,309957.586930072,24.2572666671378,0.216864112495161,A,comuna,avg_pm25,santiago_2017
3,303029.979171755,24.1452450517469,0.212017160616674,A,comuna,avg_pm25,santiago_2017
4,275493.16048154,23.7695484597003,0.192750822259418,A,comuna,avg_pm25,santiago_2017
5,217133.786940395,23.0108326237183,0.151919255998614,A,comuna,avg_pm25,santiago_2017
1,278691.605138977,24.878080560834,0.192281600048419,B_native,comuna,avg_pm25,santiago_2017
2,280011.780886193,24.5365560903919,0.193192447380519,B_native,comuna,avg_pm25,santiago_2017
3,279805.065768155,24.396036621034,0.193049825525689,B_native,comuna,avg_pm25,santiago_2017
4,295129.287161465,23.583784842015,0.203622680088468,B_native,comuna,avg_pm25,santiago_2017
5,315755.261045209,22.0793420732969,0.217853446956905,B_native,comuna,avg_pm25,santiago_2017
1,212549.134489561,25.072374180683,0.218714251819859,B_common,comuna,avg_pm25,santiago_2017
2,205962.084143322,24.8315027962606,0.211936140059314,B_common,comuna,avg_pm25,santiago_2017
3,203495.670019945,24.7272307928763,0.209398186089434,B_common,comuna,avg_pm25,santiago_2017
4,191622.892521656,24.2822224644612,0.197181031435768,B_common,comuna,avg_pm25,santiago_2017
5,158182.218825517,23.4508203687854,0.162770390595627,B_common,comuna,avg_pm25,santiago_2017
1,212549.134489561,25.0540598701697,0.218714251819859,baseline_common,comuna,avg_pm25,santiago_2017
2,205962.084143322,24.8014238404581,0.211936140059314,baseline_common,comuna,avg_pm25,santiago_2017
3,203495.670019945,24.6959530765558,0.209398186089434,baseline_common,comuna,avg_pm25,santiago_2017
4,191622.892521656,24.2515247636348,0.197181031435768,baseline_common,comuna,avg_pm25,santiago_2017
5,158182.218825517,23.4293066738362,0.162770390595627,baseline_common,comuna,avg_pm25,santiago_2017
1,212549.134489561,25.0574857870611,0.218714251819859,A_common,comuna,avg_pm25,santiago_2017
2,205962.084143322,24.8085778177041,0.211936140059314,A_common,comuna,avg_pm25,santiago_2017
3,203495.670019945,24.7027176922896,0.209398186089434,A_common,comuna,avg_pm25,santiago_2017
4,191622.892521656,24.2477482770639,0.197181031435768,A_common,comuna,avg_pm25,santiago_2017
5,158182.218825517,23.4123031537342,0.162770390595627,A_common,comuna,avg_pm25,santiago_2017
1,394717,25.7650431084272,0.276166661186017,C,comuna,avg_pm25,santiago_2017
2,305791,24.3718884707899,0.213948929209366,C,comuna,avg_pm25,santiago_2017
3,223928,22.0586305455036,0.15667287729199,C,comuna,avg_pm25,santiago_2017
4,230965,24.8722864718239,0.161596366259443,C,comuna,avg_pm25,santiago_2017
5,273870,21.8970953043694,0.191615166053184,C,comuna,avg_pm25,santiago_2017
1,570467.560211566,5.73249931513329,0.177639117623211,A,fine,hrs_d_pm10_it1,sao_paulo_2010
2,591710.524314357,5.4677394857453,0.184254009796084,A,fine,hrs_d_pm10_it1,sao_paulo_2010
3,620000.583753088,5.22136655944257,0.193063312106527,A,fine,hrs_d_pm10_it1,sao_paulo_2010
4,631391.165308063,5.00543007855269,0.196610249737635,A,fine,hrs_d_pm10_it1,sao_paulo_2010
5,797814.955103333,2.48801583095589,0.248433310736543,A,fine,hrs_d_pm10_it1,sao_paulo_2010
1,570467.560211566,5.73249931513329,0.177639117623211,B_native,fine,hrs_d_pm10_it1,sao_paulo_2010
2,591710.524314357,5.4677394857453,0.184254009796084,B_native,fine,hrs_d_pm10_it1,sao_paulo_2010
3,620000.583753088,5.22136655944257,0.193063312106527,B_native,fine,hrs_d_pm10_it1,sao_paulo_2010
4,631391.165308063,5.00543007855269,0.196610249737635,B_native,fine,hrs_d_pm10_it1,sao_paulo_2010
5,797814.955103333,2.48801583095589,0.248433310736543,B_native,fine,hrs_d_pm10_it1,sao_paulo_2010
1,570467.560211566,5.73249931513329,0.177639117623211,B_common,fine,hrs_d_pm10_it1,sao_paulo_2010
2,591710.524314357,5.4677394857453,0.184254009796084,B_common,fine,hrs_d_pm10_it1,sao_paulo_2010
3,620000.583753088,5.22136655944257,0.193063312106527,B_common,fine,hrs_d_pm10_it1,sao_paulo_2010
4,631391.165308063,5.00543007855269,0.196610249737635,B_common,fine,hrs_d_pm10_it1,sao_paulo_2010
5,797814.955103333,2.48801583095589,0.248433310736543,B_common,fine,hrs_d_pm10_it1,sao_paulo_2010
1,570467.560211566,5.73249931513329,0.177639117623211,baseline_common,fine,hrs_d_pm10_it1,sao_paulo_2010
2,591710.524314357,5.4677394857453,0.184254009796084,baseline_common,fine,hrs_d_pm10_it1,sao_paulo_2010
3,620000.583753088,5.22136655944257,0.193063312106527,baseline_common,fine,hrs_d_pm10_it1,sao_paulo_2010
4,631391.165308063,5.00543007855269,0.196610249737635,baseline_common,fine,hrs_d_pm10_it1,sao_paulo_2010
5,797814.955103333,2.48801583095589,0.248433310736543,baseline_common,fine,hrs_d_pm10_it1,sao_paulo_2010
1,570467.560211566,5.73249931513329,0.177639117623211,A_common,fine,hrs_d_pm10_it1,sao_paulo_2010
2,591710.524314357,5.4677394857453,0.184254009796084,A_common,fine,hrs_d_pm10_it1,sao_paulo_2010
3,620000.583753088,5.22136655944257,0.193063312106527,A_common,fine,hrs_d_pm10_it1,sao_paulo_2010
4,631391.165308063,5.00543007855269,0.196610249737635,A_common,fine,hrs_d_pm10_it1,sao_paulo_2010
5,797814.955103333,2.48801583095589,0.248433310736543,A_common,fine,hrs_d_pm10_it1,sao_paulo_2010
1,468184.673064926,7.69067143598671,0.145789029926822,C,fine,hrs_d_pm10_it1,sao_paulo_2010
2,520621.100909321,6.71969711166372,0.162117321705827,C,fine,hrs_d_pm10_it1,sao_paulo_2010
3,577602.825810422,6.83931708921282,0.179860983288137,C,fine,hrs_d_pm10_it1,sao_paulo_2010
4,780563.718287397,3.66812284355013,0.24306141108855,C,fine,hrs_d_pm10_it1,sao_paulo_2010
5,864412.470618342,1.12845629786733,0.269171253990664,C,fine,hrs_d_pm10_it1,sao_paulo_2010
1,570467.560211566,71.9463625467293,0.177639117623211,A,fine,hrs_d_pm10_it2,sao_paulo_2010
2,591710.524314357,70.0934080983469,0.184254009796084,A,fine,hrs_d_pm10_it2,sao_paulo_2010
3,620000.583753088,68.300362605691,0.193063312106527,A,fine,hrs_d_pm10_it2,sao_paulo_2010
4,631391.165308063,66.3633482589324,0.196610249737635,A,fine,hrs_d_pm10_it2,sao_paulo_2010
5,797814.955103333,50.7066629134424,0.248433310736543,A,fine,hrs_d_pm10_it2,sao_paulo_2010
1,570467.560211566,71.9463625467293,0.177639117623211,B_native,fine,hrs_d_pm10_it2,sao_paulo_2010
2,591710.524314357,70.0934080983469,0.184254009796084,B_native,fine,hrs_d_pm10_it2,sao_paulo_2010
3,620000.583753088,68.300362605691,0.193063312106527,B_native,fine,hrs_d_pm10_it2,sao_paulo_2010
4,631391.165308063,66.3633482589324,0.196610249737635,B_native,fine,hrs_d_pm10_it2,sao_paulo_2010
5,797814.955103333,50.7066629134424,0.248433310736543,B_native,fine,hrs_d_pm10_it2,sao_paulo_2010
1,570467.560211566,71.9463625467293,0.177639117623211,B_common,fine,hrs_d_pm10_it2,sao_paulo_2010
2,591710.524314357,70.0934080983469,0.184254009796084,B_common,fine,hrs_d_pm10_it2,sao_paulo_2010
3,620000.583753088,68.300362605691,0.193063312106527,B_common,fine,hrs_d_pm10_it2,sao_paulo_2010
4,631391.165308063,66.3633482589324,0.196610249737635,B_common,fine,hrs_d_pm10_it2,sao_paulo_2010
5,797814.955103333,50.7066629134424,0.248433310736543,B_common,fine,hrs_d_pm10_it2,sao_paulo_2010
1,570467.560211566,71.9463625467293,0.177639117623211,baseline_common,fine,hrs_d_pm10_it2,sao_paulo_2010
2,591710.524314357,70.0934080983469,0.184254009796084,baseline_common,fine,hrs_d_pm10_it2,sao_paulo_2010
3,620000.583753088,68.300362605691,0.193063312106527,baseline_common,fine,hrs_d_pm10_it2,sao_paulo_2010
4,631391.165308063,66.3633482589324,0.196610249737635,baseline_common,fine,hrs_d_pm10_it2,sao_paulo_2010
5,797814.955103333,50.7066629134424,0.248433310736543,baseline_common,fine,hrs_d_pm10_it2,sao_paulo_2010
1,570467.560211566,71.9463625467293,0.177639117623211,A_common,fine,hrs_d_pm10_it2,sao_paulo_2010
2,591710.524314357,70.0934080983469,0.184254009796084,A_common,fine,hrs_d_pm10_it2,sao_paulo_2010
3,620000.583753088,68.300362605691,0.193063312106527,A_common,fine,hrs_d_pm10_it2,sao_paulo_2010
4,631391.165308063,66.3633482589324,0.196610249737635,A_common,fine,hrs_d_pm10_it2,sao_paulo_2010
5,797814.955103333,50.7066629134424,0.248433310736543,A_common,fine,hrs_d_pm10_it2,sao_paulo_2010
1,468184.673064926,86.4964668675997,0.145789029926822,C,fine,hrs_d_pm10_it2,sao_paulo_2010
2,520621.100909321,67.0091975901553,0.162117321705827,C,fine,hrs_d_pm10_it2,sao_paulo_2010
3,577602.825810422,75.8365219920861,0.179860983288137,C,fine,hrs_d_pm10_it2,sao_paulo_2010
4,780563.718287397,66.7115194609503,0.24306141108855,C,fine,hrs_d_pm10_it2,sao_paulo_2010
5,864412.470618342,41.6021303401539,0.269171253990664,C,fine,hrs_d_pm10_it2,sao_paulo_2010
1,570467.560211566,26.485328708545,0.177639117623211,A,fine,avg_pm10,sao_paulo_2010
2,591710.524314357,26.4265098928464,0.184254009796084,A,fine,avg_pm10,sao_paulo_2010
3,620000.583753088,26.3480141788255,0.193063312106527,A,fine,avg_pm10,sao_paulo_2010
4,631391.165308063,26.2581242118262,0.196610249737635,A,fine,avg_pm10,sao_paulo_2010
5,797814.955103333,25.6769860452189,0.248433310736543,A,fine,avg_pm10,sao_paulo_2010
1,570467.560211566,26.485328708545,0.177639117623211,B_native,fine,avg_pm10,sao_paulo_2010
2,591710.524314357,26.4265098928464,0.184254009796084,B_native,fine,avg_pm10,sao_paulo_2010
3,620000.583753088,26.3480141788255,0.193063312106527,B_native,fine,avg_pm10,sao_paulo_2010
4,631391.165308063,26.2581242118262,0.196610249737635,B_native,fine,avg_pm10,sao_paulo_2010
5,797814.955103333,25.6769860452189,0.248433310736543,B_native,fine,avg_pm10,sao_paulo_2010
1,570467.560211566,26.485328708545,0.177639117623211,B_common,fine,avg_pm10,sao_paulo_2010
2,591710.524314357,26.4265098928464,0.184254009796084,B_common,fine,avg_pm10,sao_paulo_2010
3,620000.583753088,26.3480141788255,0.193063312106527,B_common,fine,avg_pm10,sao_paulo_2010
4,631391.165308063,26.2581242118262,0.196610249737635,B_common,fine,avg_pm10,sao_paulo_2010
5,797814.955103333,25.6769860452189,0.248433310736543,B_common,fine,avg_pm10,sao_paulo_2010
1,570467.560211566,26.485328708545,0.177639117623211,baseline_common,fine,avg_pm10,sao_paulo_2010
2,591710.524314357,26.4265098928464,0.184254009796084,baseline_common,fine,avg_pm10,sao_paulo_2010
3,620000.583753088,26.3480141788255,0.193063312106527,baseline_common,fine,avg_pm10,sao_paulo_2010
4,631391.165308063,26.2581242118262,0.196610249737635,baseline_common,fine,avg_pm10,sao_paulo_2010
5,797814.955103333,25.6769860452189,0.248433310736543,baseline_common,fine,avg_pm10,sao_paulo_2010
1,570467.560211566,26.485328708545,0.177639117623211,A_common,fine,avg_pm10,sao_paulo_2010
2,591710.524314357,26.4265098928464,0.184254009796084,A_common,fine,avg_pm10,sao_paulo_2010
3,620000.583753088,26.3480141788255,0.193063312106527,A_common,fine,avg_pm10,sao_paulo_2010
4,631391.165308063,26.2581242118262,0.196610249737635,A_common,fine,avg_pm10,sao_paulo_2010
5,797814.955103333,25.6769860452189,0.248433310736543,A_common,fine,avg_pm10,sao_paulo_2010
1,468184.673064926,27.1029420498146,0.145789029926822,C,fine,avg_pm10,sao_paulo_2010
2,520621.100909321,26.2723546029845,0.162117321705827,C,fine,avg_pm10,sao_paulo_2010
3,577602.825810422,26.3938955500638,0.179860983288137,C,fine,avg_pm10,sao_paulo_2010
4,780563.718287397,26.4491493407718,0.24306141108855,C,fine,avg_pm10,sao_paulo_2010
5,864412.470618342,25.3220790481691,0.269171253990664,C,fine,avg_pm10,sao_paulo_2010
1,486893.667724022,17.493511636892,0.17044401578573,A,fine,hrs_d_pm25_it1,sao_paulo_2010
2,501282.725584421,17.4512721374341,0.175481109031497,A,fine,hrs_d_pm25_it1,sao_paulo_2010
3,533253.987172886,17.4720949013588,0.186673101402946,A,fine,hrs_d_pm25_it1,sao_paulo_2010
4,549880.741840581,17.1551355271149,0.192493532069653,A,fine,hrs_d_pm25_it1,sao_paulo_2010
5,785308.193290262,14.6100520899637,0.274908241710174,A,fine,hrs_d_pm25_it1,sao_paulo_2010
1,486893.667724022,17.493511636892,0.17044401578573,B_native,fine,hrs_d_pm25_it1,sao_paulo_2010
2,501282.725584421,17.4512721374341,0.175481109031497,B_native,fine,hrs_d_pm25_it1,sao_paulo_2010
3,533253.987172886,17.4720949013588,0.186673101402946,B_native,fine,hrs_d_pm25_it1,sao_paulo_2010
4,549880.741840581,17.1551355271149,0.192493532069653,B_native,fine,hrs_d_pm25_it1,sao_paulo_2010
5,785308.193290262,14.6100520899637,0.274908241710174,B_native,fine,hrs_d_pm25_it1,sao_paulo_2010
1,486893.667724022,17.493511636892,0.17044401578573,B_common,fine,hrs_d_pm25_it1,sao_paulo_2010
2,501282.725584421,17.4512721374341,0.175481109031497,B_common,fine,hrs_d_pm25_it1,sao_paulo_2010
3,533253.987172886,17.4720949013588,0.186673101402946,B_common,fine,hrs_d_pm25_it1,sao_paulo_2010
4,549880.741840581,17.1551355271149,0.192493532069653,B_common,fine,hrs_d_pm25_it1,sao_paulo_2010
5,785308.193290262,14.6100520899637,0.274908241710174,B_common,fine,hrs_d_pm25_it1,sao_paulo_2010
1,486893.667724022,17.493511636892,0.17044401578573,baseline_common,fine,hrs_d_pm25_it1,sao_paulo_2010
2,501282.725584421,17.4512721374341,0.175481109031497,baseline_common,fine,hrs_d_pm25_it1,sao_paulo_2010
3,533253.987172886,17.4720949013588,0.186673101402946,baseline_common,fine,hrs_d_pm25_it1,sao_paulo_2010
4,549880.741840581,17.1551355271149,0.192493532069653,baseline_common,fine,hrs_d_pm25_it1,sao_paulo_2010
5,785308.193290262,14.6100520899637,0.274908241710174,baseline_common,fine,hrs_d_pm25_it1,sao_paulo_2010
1,486893.667724022,17.493511636892,0.17044401578573,A_common,fine,hrs_d_pm25_it1,sao_paulo_2010
2,501282.725584421,17.4512721374341,0.175481109031497,A_common,fine,hrs_d_pm25_it1,sao_paulo_2010
3,533253.987172886,17.4720949013588,0.186673101402946,A_common,fine,hrs_d_pm25_it1,sao_paulo_2010
4,549880.741840581,17.1551355271149,0.192493532069653,A_common,fine,hrs_d_pm25_it1,sao_paulo_2010
5,785308.193290262,14.6100520899637,0.274908241710174,A_common,fine,hrs_d_pm25_it1,sao_paulo_2010
1,441960.439642302,18.3309960004994,0.154714503688634,C,fine,hrs_d_pm25_it1,sao_paulo_2010
2,353928.289545478,14.8121248241162,0.123897604280405,C,fine,hrs_d_pm25_it1,sao_paulo_2010
3,436976.542216996,19.0158699859296,0.152969819894728,C,fine,hrs_d_pm25_it1,sao_paulo_2010
4,561060.705298593,19.9400764545189,0.196407236425326,C,fine,hrs_d_pm25_it1,sao_paulo_2010
5,1062693.3389088,13.7839861896357,0.372010835710907,C,fine,hrs_d_pm25_it1,sao_paulo_2010
1,486893.667724022,134.31901121082,0.17044401578573,A,fine,hrs_d_pm25_it2,sao_paulo_2010
2,501282.725584421,136.280467084186,0.175481109031497,A,fine,hrs_d_pm25_it2,sao_paulo_2010
3,533253.987172886,137.74557049168,0.186673101402946,A,fine,hrs_d_pm25_it2,sao_paulo_2010
4,549880.741840581,136.661671001733,0.192493532069653,A,fine,hrs_d_pm25_it2,sao_paulo_2010
5,785308.193290262,127.897873313357,0.274908241710174,A,fine,hrs_d_pm25_it2,sao_paulo_2010
1,486893.667724022,134.31901121082,0.17044401578573,B_native,fine,hrs_d_pm25_it2,sao_paulo_2010
2,501282.725584421,136.280467084186,0.175481109031497,B_native,fine,hrs_d_pm25_it2,sao_paulo_2010
3,533253.987172886,137.74557049168,0.186673101402946,B_native,fine,hrs_d_pm25_it2,sao_paulo_2010
4,549880.741840581,136.661671001733,0.192493532069653,B_native,fine,hrs_d_pm25_it2,sao_paulo_2010
5,785308.193290262,127.897873313357,0.274908241710174,B_native,fine,hrs_d_pm25_it2,sao_paulo_2010
1,486893.667724022,134.31901121082,0.17044401578573,B_common,fine,hrs_d_pm25_it2,sao_paulo_2010
2,501282.725584421,136.280467084186,0.175481109031497,B_common,fine,hrs_d_pm25_it2,sao_paulo_2010
3,533253.987172886,137.74557049168,0.186673101402946,B_common,fine,hrs_d_pm25_it2,sao_paulo_2010
4,549880.741840581,136.661671001733,0.192493532069653,B_common,fine,hrs_d_pm25_it2,sao_paulo_2010
5,785308.193290262,127.897873313357,0.274908241710174,B_common,fine,hrs_d_pm25_it2,sao_paulo_2010
1,486893.667724022,134.31901121082,0.17044401578573,baseline_common,fine,hrs_d_pm25_it2,sao_paulo_2010
2,501282.725584421,136.280467084186,0.175481109031497,baseline_common,fine,hrs_d_pm25_it2,sao_paulo_2010
3,533253.987172886,137.74557049168,0.186673101402946,baseline_common,fine,hrs_d_pm25_it2,sao_paulo_2010
4,549880.741840581,136.661671001733,0.192493532069653,baseline_common,fine,hrs_d_pm25_it2,sao_paulo_2010
5,785308.193290262,127.897873313357,0.274908241710174,baseline_common,fine,hrs_d_pm25_it2,sao_paulo_2010
1,486893.667724022,134.31901121082,0.17044401578573,A_common,fine,hrs_d_pm25_it2,sao_paulo_2010
2,501282.725584421,136.280467084186,0.175481109031497,A_common,fine,hrs_d_pm25_it2,sao_paulo_2010
3,533253.987172886,137.74557049168,0.186673101402946,A_common,fine,hrs_d_pm25_it2,sao_paulo_2010
4,549880.741840581,136.661671001733,0.192493532069653,A_common,fine,hrs_d_pm25_it2,sao_paulo_2010
5,785308.193290262,127.897873313357,0.274908241710174,A_common,fine,hrs_d_pm25_it2,sao_paulo_2010
1,441960.439642302,132.702755688931,0.154714503688634,C,fine,hrs_d_pm25_it2,sao_paulo_2010
2,353928.289545478,102.582505720921,0.123897604280405,C,fine,hrs_d_pm25_it2,sao_paulo_2010
3,436976.542216996,131.905573099491,0.152969819894728,C,fine,hrs_d_pm25_it2,sao_paulo_2010
4,561060.705298593,183.312290358627,0.196407236425326,C,fine,hrs_d_pm25_it2,sao_paulo_2010
5,1062693.3389088,119.798605751478,0.372010835710907,C,fine,hrs_d_pm25_it2,sao_paulo_2010
1,486893.667724022,14.0791255964361,0.17044401578573,A,fine,avg_pm25,sao_paulo_2010
2,501282.725584421,14.1233362247003,0.175481109031497,A,fine,avg_pm25,sao_paulo_2010
3,533253.987172886,14.1421258833314,0.186673101402946,A,fine,avg_pm25,sao_paulo_2010
4,549880.741840581,14.1255586224495,0.192493532069653,A,fine,avg_pm25,sao_paulo_2010
5,785308.193290262,14.1751208401307,0.274908241710174,A,fine,avg_pm25,sao_paulo_2010
1,486893.667724022,14.0791255964361,0.17044401578573,B_native,fine,avg_pm25,sao_paulo_2010
2,501282.725584421,14.1233362247003,0.175481109031497,B_native,fine,avg_pm25,sao_paulo_2010
3,533253.987172886,14.1421258833314,0.186673101402946,B_native,fine,avg_pm25,sao_paulo_2010
4,549880.741840581,14.1255586224495,0.192493532069653,B_native,fine,avg_pm25,sao_paulo_2010
5,785308.193290262,14.1751208401307,0.274908241710174,B_native,fine,avg_pm25,sao_paulo_2010
1,486893.667724022,14.0791255964361,0.17044401578573,B_common,fine,avg_pm25,sao_paulo_2010
2,501282.725584421,14.1233362247003,0.175481109031497,B_common,fine,avg_pm25,sao_paulo_2010
3,533253.987172886,14.1421258833314,0.186673101402946,B_common,fine,avg_pm25,sao_paulo_2010
4,549880.741840581,14.1255586224495,0.192493532069653,B_common,fine,avg_pm25,sao_paulo_2010
5,785308.193290262,14.1751208401307,0.274908241710174,B_common,fine,avg_pm25,sao_paulo_2010
1,486893.667724022,14.0791255964361,0.17044401578573,baseline_common,fine,avg_pm25,sao_paulo_2010
2,501282.725584421,14.1233362247003,0.175481109031497,baseline_common,fine,avg_pm25,sao_paulo_2010
3,533253.987172886,14.1421258833314,0.186673101402946,baseline_common,fine,avg_pm25,sao_paulo_2010
4,549880.741840581,14.1255586224495,0.192493532069653,baseline_common,fine,avg_pm25,sao_paulo_2010
5,785308.193290262,14.1751208401307,0.274908241710174,baseline_common,fine,avg_pm25,sao_paulo_2010
1,486893.667724022,14.0791255964361,0.17044401578573,A_common,fine,avg_pm25,sao_paulo_2010
2,501282.725584421,14.1233362247003,0.175481109031497,A_common,fine,avg_pm25,sao_paulo_2010
3,533253.987172886,14.1421258833314,0.186673101402946,A_common,fine,avg_pm25,sao_paulo_2010
4,549880.741840581,14.1255586224495,0.192493532069653,A_common,fine,avg_pm25,sao_paulo_2010
5,785308.193290262,14.1751208401307,0.274908241710174,A_common,fine,avg_pm25,sao_paulo_2010
1,441960.439642302,13.9996380401126,0.154714503688634,C,fine,avg_pm25,sao_paulo_2010
2,353928.289545478,13.342892761997,0.123897604280405,C,fine,avg_pm25,sao_paulo_2010
3,436976.542216996,13.6753809091754,0.152969819894728,C,fine,avg_pm25,sao_paulo_2010
4,561060.705298593,15.2510217437525,0.196407236425326,C,fine,avg_pm25,sao_paulo_2010
5,1062693.3389088,14.0521203628601,0.372010835710907,C,fine,avg_pm25,sao_paulo_2010
1,570467.560211566,4.73440582974074,0.177639117623211,A,municipio,hrs_d_pm10_it1,sao_paulo_2010
2,591710.524314357,4.77877513555508,0.184254009796084,A,municipio,hrs_d_pm10_it1,sao_paulo_2010
3,620000.583753088,4.82187949787882,0.193063312106527,A,municipio,hrs_d_pm10_it1,sao_paulo_2010
4,631391.165308063,4.84314255423395,0.196610249737635,A,municipio,hrs_d_pm10_it1,sao_paulo_2010
5,797814.955103333,4.2163991511488,0.248433310736543,A,municipio,hrs_d_pm10_it1,sao_paulo_2010
1,243701.957771791,7.00675208743796,0.214802808248514,B_native,municipio,hrs_d_pm10_it1,sao_paulo_2010
2,246321.53934503,7.13894581640382,0.217111749397418,B_native,municipio,hrs_d_pm10_it1,sao_paulo_2010
3,241410.721586014,7.28623087151964,0.212783275982276,B_native,municipio,hrs_d_pm10_it1,sao_paulo_2010
4,240978.69784737,7.34772587558659,0.212402483340562,B_native,municipio,hrs_d_pm10_it1,sao_paulo_2010
5,162125.126778549,6.15935112776182,0.142899683031229,B_native,municipio,hrs_d_pm10_it1,sao_paulo_2010
1,149287.664608189,6.12481451106874,0.20006862517351,B_common,municipio,hrs_d_pm10_it1,sao_paulo_2010
2,157726.983263232,6.40230018598355,0.211378621114212,B_common,municipio,hrs_d_pm10_it1,sao_paulo_2010
3,158457.100793376,6.64250815093966,0.212357091846233,B_common,municipio,hrs_d_pm10_it1,sao_paulo_2010
4,161165.61751659,6.68783371667708,0.215986924347768,B_common,municipio,hrs_d_pm10_it1,sao_paulo_2010
5,119544.922414436,6.04964437862733,0.160208737518278,B_common,municipio,hrs_d_pm10_it1,sao_paulo_2010
1,149287.664608189,5.6654403791066,0.20006862517351,baseline_common,municipio,hrs_d_pm10_it1,sao_paulo_2010
2,157726.983263232,5.88046647839741,0.211378621114212,baseline_common,municipio,hrs_d_pm10_it1,sao_paulo_2010
3,158457.100793376,6.07732207247548,0.212357091846233,baseline_common,municipio,hrs_d_pm10_it1,sao_paulo_2010
4,161165.61751659,6.0263877824507,0.215986924347768,baseline_common,municipio,hrs_d_pm10_it1,sao_paulo_2010
5,119544.922414436,5.36947092477354,0.160208737518278,baseline_common,municipio,hrs_d_pm10_it1,sao_paulo_2010
1,149287.664608189,5.55574347581636,0.20006862517351,A_common,municipio,hrs_d_pm10_it1,sao_paulo_2010
2,157726.983263232,5.83624198730062,0.211378621114212,A_common,municipio,hrs_d_pm10_it1,sao_paulo_2010
3,158457.100793376,6.06338042251485,0.212357091846233,A_common,municipio,hrs_d_pm10_it1,sao_paulo_2010
4,161165.61751659,6.12147240235288,0.215986924347768,A_common,municipio,hrs_d_pm10_it1,sao_paulo_2010
5,119544.922414436,5.54555067537499,0.160208737518278,A_common,municipio,hrs_d_pm10_it1,sao_paulo_2010
1,454860.612383842,7.15752618605789,0.141640022081979,C,municipio,hrs_d_pm10_it1,sao_paulo_2010
2,470855.836470928,6.84379792676739,0.146620809231317,C,municipio,hrs_d_pm10_it1,sao_paulo_2010
3,0,,0,C,municipio,hrs_d_pm10_it1,sao_paulo_2010
4,0,,0,C,municipio,hrs_d_pm10_it1,sao_paulo_2010
5,2285668.33983564,3.67945589106658,0.711739168686704,C,municipio,hrs_d_pm10_it1,sao_paulo_2010
1,570467.560211566,65.7179464971045,0.177639117623211,A,municipio,hrs_d_pm10_it2,sao_paulo_2010
2,591710.524314357,65.9217587325408,0.184254009796084,A,municipio,hrs_d_pm10_it2,sao_paulo_2010
3,620000.583753088,66.0847614941832,0.193063312106527,A,municipio,hrs_d_pm10_it2,sao_paulo_2010
4,631391.165308063,65.892658057669,0.196610249737635,A,municipio,hrs_d_pm10_it2,sao_paulo_2010
5,797814.955103333,60.9050171638007,0.248433310736543,A,municipio,hrs_d_pm10_it2,sao_paulo_2010
1,243701.957771791,109.021708817595,0.214802808248514,B_native,municipio,hrs_d_pm10_it2,sao_paulo_2010
2,246321.53934503,108.350287211224,0.217111749397418,B_native,municipio,hrs_d_pm10_it2,sao_paulo_2010
3,241410.721586014,109.406624438262,0.212783275982276,B_native,municipio,hrs_d_pm10_it2,sao_paulo_2010
4,240978.69784737,108.607935757284,0.212402483340562,B_native,municipio,hrs_d_pm10_it2,sao_paulo_2010
5,162125.126778549,104.664877228691,0.142899683031229,B_native,municipio,hrs_d_pm10_it2,sao_paulo_2010
1,149287.664608189,95.4736604503352,0.20006862517351,B_common,municipio,hrs_d_pm10_it2,sao_paulo_2010
2,157726.983263232,95.9109450427698,0.211378621114212,B_common,municipio,hrs_d_pm10_it2,sao_paulo_2010
3,158457.100793376,97.6982740713106,0.212357091846233,B_common,municipio,hrs_d_pm10_it2,sao_paulo_2010
4,161165.61751659,96.4194600308147,0.215986924347768,B_common,municipio,hrs_d_pm10_it2,sao_paulo_2010
5,119544.922414436,95.1291237420534,0.160208737518278,B_common,municipio,hrs_d_pm10_it2,sao_paulo_2010
1,149287.664608189,89.2322828890894,0.20006862517351,baseline_common,municipio,hrs_d_pm10_it2,sao_paulo_2010
2,157726.983263232,89.7911443323316,0.211378621114212,baseline_common,municipio,hrs_d_pm10_it2,sao_paulo_2010
3,158457.100793376,91.3157409457252,0.212357091846233,baseline_common,municipio,hrs_d_pm10_it2,sao_paulo_2010
4,161165.61751659,89.7253457269876,0.215986924347768,baseline_common,municipio,hrs_d_pm10_it2,sao_paulo_2010
5,119544.922414436,88.2945741347536,0.160208737518278,baseline_common,municipio,hrs_d_pm10_it2,sao_paulo_2010
1,149287.664608189,88.8448683285781,0.20006862517351,A_common,municipio,hrs_d_pm10_it2,sao_paulo_2010
2,157726.983263232,89.4758834196539,0.211378621114212,A_common,municipio,hrs_d_pm10_it2,sao_paulo_2010
3,158457.100793376,91.2484123901684,0.212357091846233,A_common,municipio,hrs_d_pm10_it2,sao_paulo_2010
4,161165.61751659,90.250117899175,0.215986924347768,A_common,municipio,hrs_d_pm10_it2,sao_paulo_2010
5,119544.922414436,88.7444828485897,0.160208737518278,A_common,municipio,hrs_d_pm10_it2,sao_paulo_2010
1,454860.612383842,78.9393230216582,0.141640022081979,C,municipio,hrs_d_pm10_it2,sao_paulo_2010
2,470855.836470928,100.058395799884,0.146620809231317,C,municipio,hrs_d_pm10_it2,sao_paulo_2010
3,0,,0,C,municipio,hrs_d_pm10_it2,sao_paulo_2010
4,0,,0,C,municipio,hrs_d_pm10_it2,sao_paulo_2010
5,2285668.33983564,54.3388701729048,0.711739168686704,C,municipio,hrs_d_pm10_it2,sao_paulo_2010
1,570467.560211566,26.2523599647638,0.177639117623211,A,municipio,avg_pm10,sao_paulo_2010
2,591710.524314357,26.2663404884734,0.184254009796084,A,municipio,avg_pm10,sao_paulo_2010
3,620000.583753088,26.2511967023662,0.193063312106527,A,municipio,avg_pm10,sao_paulo_2010
4,631391.165308063,26.2354224258792,0.196610249737635,A,municipio,avg_pm10,sao_paulo_2010
5,797814.955103333,26.0878700335303,0.248433310736543,A,municipio,avg_pm10,sao_paulo_2010
1,243701.957771791,28.0118025677109,0.214802808248514,B_native,municipio,avg_pm10,sao_paulo_2010
2,246321.53934503,27.9801967836837,0.217111749397418,B_native,municipio,avg_pm10,sao_paulo_2010
3,241410.721586014,27.9971333441953,0.212783275982276,B_native,municipio,avg_pm10,sao_paulo_2010
4,240978.69784737,27.9552005835488,0.212402483340562,B_native,municipio,avg_pm10,sao_paulo_2010
5,162125.126778549,27.9869634357234,0.142899683031229,B_native,municipio,avg_pm10,sao_paulo_2010
1,149287.664608189,27.5043985642889,0.20006862517351,B_common,municipio,avg_pm10,sao_paulo_2010
2,157726.983263232,27.5224324488849,0.211378621114212,B_common,municipio,avg_pm10,sao_paulo_2010
3,158457.100793376,27.5358758513162,0.212357091846233,B_common,municipio,avg_pm10,sao_paulo_2010
4,161165.61751659,27.4587097634251,0.215986924347768,B_common,municipio,avg_pm10,sao_paulo_2010
5,119544.922414436,27.5621597704315,0.160208737518278,B_common,municipio,avg_pm10,sao_paulo_2010
1,149287.664608189,27.3034835509381,0.20006862517351,baseline_common,municipio,avg_pm10,sao_paulo_2010
2,157726.983263232,27.336157380816,0.211378621114212,baseline_common,municipio,avg_pm10,sao_paulo_2010
3,158457.100793376,27.3428601621613,0.212357091846233,baseline_common,municipio,avg_pm10,sao_paulo_2010
4,161165.61751659,27.266679070963,0.215986924347768,baseline_common,municipio,avg_pm10,sao_paulo_2010
5,119544.922414436,27.3612373133269,0.160208737518278,baseline_common,municipio,avg_pm10,sao_paulo_2010
1,149287.664608189,27.3026618459182,0.20006862517351,A_common,municipio,avg_pm10,sao_paulo_2010
2,157726.983263232,27.328973325545,0.211378621114212,A_common,municipio,avg_pm10,sao_paulo_2010
3,158457.100793376,27.3435638031365,0.212357091846233,A_common,municipio,avg_pm10,sao_paulo_2010
4,161165.61751659,27.2776530496347,0.215986924347768,A_common,municipio,avg_pm10,sao_paulo_2010
5,119544.922414436,27.3581622514367,0.160208737518278,A_common,municipio,avg_pm10,sao_paulo_2010
1,454860.612383842,26.6857276882695,0.141640022081979,C,municipio,avg_pm10,sao_paulo_2010
2,470855.836470928,27.3507214571702,0.146620809231317,C,municipio,avg_pm10,sao_paulo_2010
3,0,,0,C,municipio,avg_pm10,sao_paulo_2010
4,0,,0,C,municipio,avg_pm10,sao_paulo_2010
5,2285668.33983564,25.8697842819525,0.711739168686704,C,municipio,avg_pm10,sao_paulo_2010
1,486893.667724022,16.861353401278,0.17044401578573,A,municipio,hrs_d_pm25_it1,sao_paulo_2010
2,501282.725584421,16.752587336068,0.175481109031497,A,municipio,hrs_d_pm25_it1,sao_paulo_2010
3,533253.987172886,16.7506266227321,0.186673101402946,A,municipio,hrs_d_pm25_it1,sao_paulo_2010
4,549880.741840581,16.6032951726673,0.192493532069653,A,municipio,hrs_d_pm25_it1,sao_paulo_2010
5,785308.193290262,16.024674475408,0.274908241710174,A,municipio,hrs_d_pm25_it1,sao_paulo_2010
1,188905.396379069,24.7919566295322,0.222738249661054,B_native,municipio,hrs_d_pm25_it1,sao_paulo_2010
2,186608.954166569,24.3311700289952,0.22003051590297,B_native,municipio,hrs_d_pm25_it1,sao_paulo_2010
3,182146.347858748,24.6377778396037,0.214768659243587,B_native,municipio,hrs_d_pm25_it1,sao_paulo_2010
4,178937.968993353,24.4211090865296,0.210985661476315,B_native,municipio,hrs_d_pm25_it1,sao_paulo_2010
5,111506.212058441,29.4169120635137,0.131476913716074,B_native,municipio,hrs_d_pm25_it1,sao_paulo_2010
1,104766.42917795,23.3506344779487,0.210346910314201,B_common,municipio,hrs_d_pm25_it1,sao_paulo_2010
2,107580.43413726,23.1097081059684,0.215996785502696,B_common,municipio,hrs_d_pm25_it1,sao_paulo_2010
3,107619.357291206,23.1275894924007,0.216074934249738,B_common,municipio,hrs_d_pm25_it1,sao_paulo_2010
4,106807.066234551,22.3896470034717,0.214444040504633,B_common,municipio,hrs_d_pm25_it1,sao_paulo_2010
5,71291.6907784203,27.5046335763753,0.143137329428732,B_common,municipio,hrs_d_pm25_it1,sao_paulo_2010
1,104766.42917795,20.1104870257893,0.210346910314201,baseline_common,municipio,hrs_d_pm25_it1,sao_paulo_2010
2,107580.43413726,20.3199168305394,0.215996785502696,baseline_common,municipio,hrs_d_pm25_it1,sao_paulo_2010
3,107619.357291206,20.6341107879999,0.216074934249738,baseline_common,municipio,hrs_d_pm25_it1,sao_paulo_2010
4,106807.066234551,20.1027128605213,0.214444040504633,baseline_common,municipio,hrs_d_pm25_it1,sao_paulo_2010
5,71291.6907784203,25.9113394304285,0.143137329428732,baseline_common,municipio,hrs_d_pm25_it1,sao_paulo_2010
1,104766.42917795,20.7240249840141,0.210346910314201,A_common,municipio,hrs_d_pm25_it1,sao_paulo_2010
2,107580.43413726,20.567881520133,0.215996785502696,A_common,municipio,hrs_d_pm25_it1,sao_paulo_2010
3,107619.357291206,20.6304415048774,0.216074934249738,A_common,municipio,hrs_d_pm25_it1,sao_paulo_2010
4,106807.066234551,20.0335128735871,0.214444040504633,A_common,municipio,hrs_d_pm25_it1,sao_paulo_2010
5,71291.6907784203,24.1792890397948,0.143137329428732,A_common,municipio,hrs_d_pm25_it1,sao_paulo_2010
1,301394.101417515,9.55960825662639,0.105507268599046,C,municipio,hrs_d_pm25_it1,sao_paulo_2010
2,470855.836470928,29.181934954408,0.164829746090975,C,municipio,hrs_d_pm25_it1,sao_paulo_2010
3,0,,0,C,municipio,hrs_d_pm25_it1,sao_paulo_2010
4,0,,0,C,municipio,hrs_d_pm25_it1,sao_paulo_2010
5,2084369.37772373,14.8090565098467,0.72966298530998,C,municipio,hrs_d_pm25_it1,sao_paulo_2010
1,486893.667724022,136.878746827753,0.17044401578573,A,municipio,hrs_d_pm25_it2,sao_paulo_2010
2,501282.725584421,135.839714434363,0.175481109031497,A,municipio,hrs_d_pm25_it2,sao_paulo_2010
3,533253.987172886,135.747352490101,0.186673101402946,A,municipio,hrs_d_pm25_it2,sao_paulo_2010
4,549880.741840581,134.427097082135,0.192493532069653,A,municipio,hrs_d_pm25_it2,sao_paulo_2010
5,785308.193290262,126.908355233094,0.274908241710174,A,municipio,hrs_d_pm25_it2,sao_paulo_2010
1,188905.396379069,193.132995289769,0.222738249661054,B_native,municipio,hrs_d_pm25_it2,sao_paulo_2010
2,186608.954166569,190.274549660274,0.22003051590297,B_native,municipio,hrs_d_pm25_it2,sao_paulo_2010
3,182146.347858748,192.957106417492,0.214768659243587,B_native,municipio,hrs_d_pm25_it2,sao_paulo_2010
4,178937.968993353,191.852864675813,0.210985661476315,B_native,municipio,hrs_d_pm25_it2,sao_paulo_2010
5,111506.212058441,223.359685643916,0.131476913716074,B_native,municipio,hrs_d_pm25_it2,sao_paulo_2010
1,104766.42917795,182.699665278992,0.210346910314201,B_common,municipio,hrs_d_pm25_it2,sao_paulo_2010
2,107580.43413726,181.738521754972,0.215996785502696,B_common,municipio,hrs_d_pm25_it2,sao_paulo_2010
3,107619.357291206,182.608038941208,0.216074934249738,B_common,municipio,hrs_d_pm25_it2,sao_paulo_2010
4,106807.066234551,177.805790237325,0.214444040504633,B_common,municipio,hrs_d_pm25_it2,sao_paulo_2010
5,71291.6907784203,211.220823057288,0.143137329428732,B_common,municipio,hrs_d_pm25_it2,sao_paulo_2010
1,104766.42917795,170.387275815164,0.210346910314201,baseline_common,municipio,hrs_d_pm25_it2,sao_paulo_2010
2,107580.43413726,172.645336395955,0.215996785502696,baseline_common,municipio,hrs_d_pm25_it2,sao_paulo_2010
3,107619.357291206,174.879124492148,0.216074934249738,baseline_common,municipio,hrs_d_pm25_it2,sao_paulo_2010
4,106807.066234551,171.61036578756,0.214444040504633,baseline_common,municipio,hrs_d_pm25_it2,sao_paulo_2010
5,71291.6907784203,213.129305702183,0.143137329428732,baseline_common,municipio,hrs_d_pm25_it2,sao_paulo_2010
1,104766.42917795,175.018212893774,0.210346910314201,A_common,municipio,hrs_d_pm25_it2,sao_paulo_2010
2,107580.43413726,174.27579045396,0.215996785502696,A_common,municipio,hrs_d_pm25_it2,sao_paulo_2010
3,107619.357291206,175.255115239619,0.216074934249738,A_common,municipio,hrs_d_pm25_it2,sao_paulo_2010
4,106807.066234551,170.829834862711,0.214444040504633,A_common,municipio,hrs_d_pm25_it2,sao_paulo_2010
5,71291.6907784203,201.656230562142,0.143137329428732,A_common,municipio,hrs_d_pm25_it2,sao_paulo_2010
1,301394.101417515,92.1199177589478,0.105507268599046,C,municipio,hrs_d_pm25_it2,sao_paulo_2010
2,470855.836470928,245.201519950266,0.164829746090975,C,municipio,hrs_d_pm25_it2,sao_paulo_2010
3,0,,0,C,municipio,hrs_d_pm25_it2,sao_paulo_2010
4,0,,0,C,municipio,hrs_d_pm25_it2,sao_paulo_2010
5,2084369.37772373,114.919840730104,0.72966298530998,C,municipio,hrs_d_pm25_it2,sao_paulo_2010
1,486893.667724022,14.1509838476223,0.17044401578573,A,municipio,avg_pm25,sao_paulo_2010
2,501282.725584421,14.1399368823145,0.175481109031497,A,municipio,avg_pm25,sao_paulo_2010
3,533253.987172886,14.1415740495294,0.186673101402946,A,municipio,avg_pm25,sao_paulo_2010
4,549880.741840581,14.1203918996016,0.192493532069653,A,municipio,avg_pm25,sao_paulo_2010
5,785308.193290262,14.0625433343522,0.274908241710174,A,municipio,avg_pm25,sao_paulo_2010
1,188905.396379069,15.2302548727118,0.222738249661054,B_native,municipio,avg_pm25,sao_paulo_2010
2,186608.954166569,15.1673558636405,0.22003051590297,B_native,municipio,avg_pm25,sao_paulo_2010
3,182146.347858748,15.2192569719599,0.214768659243587,B_native,municipio,avg_pm25,sao_paulo_2010
4,178937.968993353,15.1816075685829,0.210985661476315,B_native,municipio,avg_pm25,sao_paulo_2010
5,111506.212058441,15.9968908121627,0.131476913716074,B_native,municipio,avg_pm25,sao_paulo_2010
1,104766.42917795,14.9101161682461,0.210346910314201,B_common,municipio,avg_pm25,sao_paulo_2010
2,107580.43413726,14.8872503171594,0.215996785502696,B_common,municipio,avg_pm25,sao_paulo_2010
3,107619.357291206,14.9115417804405,0.216074934249738,B_common,municipio,avg_pm25,sao_paulo_2010
4,106807.066234551,14.8010215319261,0.214444040504633,B_common,municipio,avg_pm25,sao_paulo_2010
5,71291.6907784203,15.6694745829322,0.143137329428732,B_common,municipio,avg_pm25,sao_paulo_2010
1,104766.42917795,14.4869003007794,0.210346910314201,baseline_common,municipio,avg_pm25,sao_paulo_2010
2,107580.43413726,14.5384009260803,0.215996785502696,baseline_common,municipio,avg_pm25,sao_paulo_2010
3,107619.357291206,14.5973349966888,0.216074934249738,baseline_common,municipio,avg_pm25,sao_paulo_2010
4,106807.066234551,14.5253443212714,0.214444040504633,baseline_common,municipio,avg_pm25,sao_paulo_2010
5,71291.6907784203,15.5154647828922,0.143137329428732,baseline_common,municipio,avg_pm25,sao_paulo_2010
1,104766.42917795,14.5871739198379,0.210346910314201,A_common,municipio,avg_pm25,sao_paulo_2010
2,107580.43413726,14.5747321470283,0.215996785502696,A_common,municipio,avg_pm25,sao_paulo_2010
3,107619.357291206,14.6045168543672,0.216074934249738,A_common,municipio,avg_pm25,sao_paulo_2010
4,106807.066234551,14.5113342924589,0.214444040504633,A_common,municipio,avg_pm25,sao_paulo_2010
5,71291.6907784203,15.2606226984571,0.143137329428732,A_common,municipio,avg_pm25,sao_paulo_2010
1,301394.101417515,12.8012148030098,0.105507268599046,C,municipio,avg_pm25,sao_paulo_2010
2,470855.836470928,15.9995293360023,0.164829746090975,C,municipio,avg_pm25,sao_paulo_2010
3,0,,0,C,municipio,avg_pm25,sao_paulo_2010
4,0,,0,C,municipio,avg_pm25,sao_paulo_2010
5,2084369.37772373,13.9052586795856,0.72966298530998,C,municipio,avg_pm25,sao_paulo_2010
